unitid,institution name,year,EF2016A_RV.American Indian or Alaska Native men,EF2016A_RV.American Indian or Alaska Native women,EF2016A_RV.Asian men,EF2016A_RV.Asian women,EF2016A_RV.Black or African American men,EF2016A_RV.Black or African American women,EF2016A_RV.Hispanic men,EF2016A_RV.Hispanic women,EF2016A_RV.Native Hawaiian or Other Pacific Islander men,EF2016A_RV.Native Hawaiian or Other Pacific Islander women,EF2016A_RV.White men,EF2016A_RV.White women,EF2016A_RV.Two or more races men,EF2016A_RV.Two or more races women,EF2016A_RV.Race/ethnicity unknown men,EF2016A_RV.Race/ethnicity unknown women,EF2016A_RV.Nonresident alien men,EF2016A_RV.Nonresident alien women
100654,Alabama A & M University,2016,1,1,0,1,511,771,12,3,1,1,9,8,37,48,0,1,1,4
100663,University of Alabama at Birmingham,2016,4,7,60,92,155,340,15,36,1,0,439,648,32,70,2,4,22,21
100690,Amridge University,2016,0,0,0,0,0,0,0,0,0,0,0,0,0,0,1,2,0,0
100706,University of Alabama in Huntsville,2016,8,4,30,20,35,48,26,23,0,0,584,351,11,11,18,5,19,10
100724,Alabama State University,2016,0,2,3,2,401,680,3,5,0,0,7,9,7,8,2,8,1,5
100751,The University of Alabama,2016,8,16,46,43,205,397,169,232,4,3,2667,3405,92,170,14,11,41,18
100830,Auburn University at Montgomery,2016,4,3,9,6,55,146,7,9,0,0,123,163,5,16,0,0,9,3
100858,Auburn University,2016,2,5,63,43,126,127,63,99,2,2,1771,1979,53,77,1,4,48,22
100937,Birmingham-Southern College,2016,0,0,3,4,21,24,3,3,0,0,136,130,3,1,0,0,0,0
101116,South University-Montgomery,2016,0,0,0,0,5,9,0,0,0,1,2,3,0,0,0,0,0,0
101189,Faulkner University,2016,0,0,5,0,52,34,5,2,1,0,85,95,3,4,0,1,9,1
101365,Herzing University-Birmingham,2016,0,0,0,0,1,3,0,0,0,0,1,3,0,1,0,1,0,0
101435,Huntingdon College,2016,0,0,2,0,32,13,5,7,0,0,122,76,8,4,2,4,0,2
101453,Heritage Christian University,2016,0,0,0,0,0,0,0,0,0,0,1,0,0,0,0,0,0,0
101480,Jacksonville State University,2016,0,7,4,2,85,95,1,4,1,0,436,546,0,0,30,36,26,21
101587,University of West Alabama,2016,1,1,0,0,67,77,2,2,0,1,85,106,4,6,7,5,6,3
101675,Miles College,2016,0,0,1,0,226,181,2,3,0,0,4,0,4,5,1,1,0,0
101693,University of Mobile,2016,1,0,2,0,12,10,0,3,0,0,29,50,1,7,42,61,4,2
101709,University of Montevallo,2016,0,1,4,2,13,44,12,12,0,0,118,225,7,16,6,4,5,4
101879,University of North Alabama,2016,3,7,1,8,84,93,13,20,0,0,321,559,11,25,7,7,8,10
101912,Oakwood University,2016,0,0,0,1,146,195,2,8,0,0,0,3,0,0,2,10,10,13
102049,Samford University,2016,0,0,2,7,22,25,9,17,0,0,252,544,4,13,4,6,4,7
102094,University of South Alabama,2016,7,8,12,21,154,227,30,49,0,0,519,655,28,53,5,20,152,15
102234,Spring Hill College,2016,0,0,1,6,19,44,9,6,1,1,96,170,4,16,5,8,2,4
102270,Stillman College,2016,0,0,0,1,50,67,0,0,0,0,2,5,0,0,0,0,0,0
102298,Talladega College,2016,0,0,0,0,6,18,0,0,0,0,0,0,1,0,0,0,0,0
102368,Troy University,2016,4,2,8,3,213,329,26,41,1,1,397,536,34,33,23,24,92,63
102377,Tuskegee University,2016,0,0,6,0,187,373,2,3,0,0,2,0,0,0,26,55,0,0
102553,University of Alaska Anchorage,2016,51,55,65,76,14,22,48,63,6,6,321,345,74,95,27,21,11,22
102580,Alaska Bible College,2016,0,0,0,0,0,0,0,1,0,0,2,2,0,0,1,0,0,0
102614,University of Alaska Fairbanks,2016,43,54,5,2,6,5,25,19,2,1,182,164,8,13,70,62,9,0
102632,University of Alaska Southeast,2016,2,9,1,3,0,0,1,4,0,1,23,31,4,5,15,19,0,0
102669,Alaska Pacific University,2016,1,3,0,1,0,2,0,0,0,1,8,10,4,6,0,3,0,0
102845,Charter College,2016,23,115,0,1,17,34,63,230,13,36,94,223,11,27,13,39,0,0
104090,Brookline College-Phoenix,2016,4,22,5,12,20,63,23,143,0,3,37,145,5,5,0,3,0,0
104151,Arizona State University Campus Immersion,2016,32,32,378,303,149,143,884,854,9,12,2310,1893,179,180,5,3,594,225
104179,University of Arizona,2016,18,40,168,179,89,114,549,783,3,5,1429,1814,133,176,12,32,321,132
104586,Embry-Riddle Aeronautical University-Prescott,2016,2,1,34,3,13,5,22,10,0,2,277,94,40,33,33,11,17,2
104717,Grand Canyon University,2016,8,20,29,46,84,123,300,517,12,15,439,566,60,96,26,34,0,0
105297,Dine College,2016,54,63,0,0,0,0,0,0,0,0,0,1,0,0,0,0,0,0
105330,Northern Arizona University,2016,31,69,39,58,62,97,441,759,9,9,1059,1863,136,194,25,41,73,45
105534,Pima Medical Institute-Tucson,2016,0,10,12,14,10,28,63,173,5,1,47,158,4,20,5,9,0,0
105589,Prescott College,2016,1,1,0,0,1,1,1,2,0,0,11,14,4,0,4,6,0,1
105899,Arizona Christian University,2016,1,0,0,0,14,6,29,12,0,0,29,29,3,1,1,0,3,1
106245,University of Arkansas at Little Rock,2016,3,0,18,14,62,129,37,51,0,0,118,166,60,89,3,2,8,8
106306,Arkansas Baptist College,2016,0,0,1,0,185,38,4,1,0,0,15,1,0,0,0,0,0,0
106342,Lyon College,2016,4,2,3,2,12,0,8,9,0,0,85,58,0,0,9,7,1,0
106397,University of Arkansas,2016,14,25,61,61,84,111,178,238,4,1,1766,2123,79,109,11,21,19,33
106412,University of Arkansas at Pine Bluff,2016,1,0,2,0,274,428,5,10,0,0,6,14,2,8,1,0,7,5
106458,Arkansas State University,2016,2,5,6,8,88,95,29,26,0,0,521,665,10,26,5,4,73,46
106467,Arkansas Tech University,2016,8,8,12,9,84,71,57,75,1,0,656,715,45,45,0,0,20,13
106485,University of Arkansas at Monticello,2016,0,0,1,1,91,81,9,7,0,0,147,134,9,6,0,0,1,2
106704,University of Central Arkansas,2016,4,5,18,26,115,212,37,70,0,0,455,746,32,44,0,1,55,47
106713,Central Baptist College,2016,1,0,1,0,16,5,6,1,0,2,48,46,0,0,0,0,0,0
106810,Crowley's Ridge College,2016,0,0,0,0,6,0,0,1,0,0,46,31,0,0,0,0,0,0
107044,Harding University,2016,0,4,3,5,24,11,11,18,0,0,384,497,12,16,0,0,12,16
107071,Henderson State University,2016,5,2,0,3,98,108,12,14,0,0,200,274,7,10,1,0,5,1
107080,Hendrix College,2016,2,0,9,3,10,17,8,12,0,0,126,122,7,11,11,14,0,0
107141,John Brown University,2016,2,0,0,4,4,6,5,8,0,0,94,153,7,13,3,4,11,9
107512,Ouachita Baptist University,2016,1,3,1,2,25,11,13,9,0,0,137,185,1,0,0,0,4,3
107558,University of the Ozarks,2016,2,2,0,1,9,7,12,13,1,0,45,53,4,7,3,8,10,12
107600,Philander Smith University,2016,0,0,0,0,101,160,2,2,1,0,0,0,1,8,1,0,3,1
107877,Williams Baptist University,2016,0,0,0,0,10,3,1,1,0,1,41,46,1,1,0,0,8,0
107983,Southern Arkansas University Main Campus,2016,2,5,3,4,101,120,11,11,0,3,285,280,1,0,0,0,16,4
108092,University of Arkansas-Fort Smith,2016,12,13,23,27,18,19,60,70,1,3,278,325,35,45,0,0,5,7
108232,Academy of Art University,2016,0,3,16,8,15,14,20,24,1,5,22,33,2,7,111,96,91,150
109350,Antelope Valley Community College District,2016,0,0,26,26,68,60,302,343,0,0,109,96,25,24,2,3,1,0
109651,Art Center College of Design,2016,0,0,25,56,2,1,3,6,0,0,13,16,2,4,0,2,28,52
109785,Azusa Pacific University,2016,1,3,31,71,22,25,112,253,2,5,146,331,29,56,5,8,15,19
109819,Bakersfield College,2016,4,3,40,39,35,51,606,745,1,1,160,202,46,30,4,0,8,4
110060,Bethesda University,2016,0,0,14,11,8,4,3,14,0,0,5,0,0,0,0,0,1,0
110097,Biola University,2016,1,2,58,76,6,15,51,130,2,5,154,263,15,41,5,12,12,15
110219,Bryan University,2016,0,2,2,1,21,39,10,22,0,0,42,74,8,8,52,81,0,0
110361,California Baptist University,2016,4,5,27,26,28,63,110,260,7,8,159,280,26,38,20,22,19,15
110370,California College of the Arts,2016,1,0,19,25,6,13,14,26,0,1,12,26,0,0,0,3,32,78
110404,California Institute of Technology,2016,0,0,37,40,3,1,25,5,0,0,38,32,15,13,0,0,13,13
110413,California Lutheran University,2016,0,1,6,23,13,5,71,128,4,0,128,177,23,29,13,6,6,5
110422,California Polytechnic State University-San Luis Obispo,2016,4,3,304,280,17,10,326,325,3,4,1231,1223,169,181,91,97,32,33
110486,California State University-Bakersfield,2016,0,6,37,45,30,50,298,541,1,0,66,95,11,28,6,9,26,40
110495,California State University-Stanislaus,2016,2,1,51,81,12,15,231,525,3,3,81,152,15,40,16,39,16,47
110510,California State University-San Bernardino,2016,1,3,56,59,62,97,716,1232,0,1,86,115,25,39,28,39,82,95
110529,California State Polytechnic University-Pomona,2016,4,3,508,365,78,97,916,968,4,3,354,249,91,83,64,39,136,117
110538,California State University-Chico,2016,3,7,71,70,40,50,438,606,3,4,492,565,72,81,61,93,37,32
110547,California State University-Dominguez Hills,2016,0,0,48,37,38,106,330,565,1,2,15,9,9,16,6,12,25,38
110556,California State University-Fresno,2016,3,15,210,253,42,56,662,1098,3,3,204,289,43,61,35,63,79,89
110565,California State University-Fullerton,2016,3,2,392,462,36,60,771,1288,4,3,246,374,71,122,53,79,188,120
110574,California State University-East Bay,2016,0,2,123,176,53,121,244,498,2,10,50,73,32,53,17,26,60,44
110583,California State University-Long Beach,2016,3,4,434,569,69,116,645,1098,9,6,292,408,106,125,57,73,43,86
110592,California State University-Los Angeles,2016,1,0,214,216,63,83,1061,1556,2,5,47,58,24,33,31,32,122,127
110608,California State University-Northridge,2016,0,4,244,188,115,172,1035,1457,3,4,307,306,68,91,56,52,133,187
110617,California State University-Sacramento,2016,4,4,384,400,111,133,552,852,17,19,276,395,108,153,59,84,54,75
110635,University of California-Berkeley,2016,11,7,1289,1357,41,67,326,520,5,7,767,820,39,39,229,95,309,270
110644,University of California-Davis,2016,1,3,587,991,39,69,386,902,8,17,482,892,84,193,27,55,460,483
110653,University of California-Irvine,2016,1,0,1037,1167,43,76,700,1014,10,7,381,348,131,137,35,35,727,691
110662,University of California-Los Angeles,2016,7,15,782,1069,70,151,474,1054,11,9,695,938,142,230,88,72,330,398
110671,University of California-Riverside,2016,2,2,813,821,64,150,887,1637,19,12,265,274,97,117,47,5,61,72
110680,University of California-San Diego,2016,5,2,883,1074,31,55,482,689,4,9,439,448,112,145,59,38,658,581
110705,University of California-Santa Barbara,2016,3,1,431,504,31,56,462,809,3,4,653,933,171,258,57,61,307,238
110714,University of California-Santa Cruz,2016,5,1,562,451,35,46,454,623,1,4,654,659,183,180,69,11,178,88
111081,California Institute of the Arts,2016,1,1,10,15,6,7,12,13,0,0,52,33,8,8,3,8,9,19
111188,California State University Maritime Academy,2016,1,0,21,2,3,1,49,13,3,2,79,9,31,5,14,2,1,0
111948,Chapman University,2016,0,1,58,129,8,26,83,124,0,0,330,509,37,80,32,48,16,30
112075,Concordia University-Irvine,2016,0,3,5,21,9,12,36,77,1,0,60,128,10,13,3,6,14,8
112084,San Diego Christian College,2016,0,1,0,1,2,0,13,10,0,1,9,15,2,1,0,1,1,0
112260,Claremont McKenna College,2016,0,0,16,21,10,7,22,21,0,0,81,61,7,6,7,7,24,31
112394,University of Silicon Valley,2016,0,0,20,13,5,3,17,6,0,0,16,13,4,2,2,4,0,0
112570,California College of ASU,2016,1,0,2,2,3,2,12,7,0,0,21,15,4,2,4,1,1,1
113236,Cypress College,2016,1,3,168,154,19,19,248,319,2,3,79,100,29,18,20,27,33,24
113582,Design Institute of San Diego,2016,0,0,0,0,0,0,0,1,0,0,0,2,0,0,0,0,0,1
113698,Dominican University of California,2016,0,1,9,45,4,8,10,51,0,4,21,40,7,9,13,43,1,2
114354,FIDM-Fashion Institute of Design & Merchandising,2016,1,2,1,24,2,25,7,77,0,5,20,128,2,18,3,22,6,49
114433,Feather River Community College District,2016,1,5,1,1,15,3,12,14,3,3,42,57,0,0,3,1,10,1
114716,Foothill College,2016,0,0,109,99,4,15,112,140,4,6,96,89,26,21,1,1,150,132
114813,Fresno Pacific University,2016,0,1,3,10,10,5,35,81,0,1,31,29,0,0,0,2,1,2
115409,Harvey Mudd College,2016,0,0,16,19,5,2,32,15,3,0,37,36,9,13,6,10,8,3
115755,California State Polytechnic University-Humboldt,2016,3,8,15,16,26,25,210,335,1,3,223,238,43,57,21,40,7,11
115773,Humphreys University-Stockton and Modesto Campuses,2016,0,0,0,0,0,0,2,4,1,0,0,4,0,0,0,0,0,0
116226,Interior Designers Institute,2016,0,0,0,0,0,0,0,0,0,0,0,1,0,0,0,0,0,0
116846,American Jewish University,2016,0,0,0,0,0,1,0,0,0,0,0,1,0,0,0,0,1,1
117104,Life Pacific University,2016,0,0,0,1,4,2,8,23,0,0,16,24,1,2,4,5,0,1
117140,University of La Verne,2016,0,1,12,15,11,12,109,203,1,3,53,51,21,18,4,8,18,17
117168,Laguna College of Art and Design,2016,0,0,6,14,0,1,6,12,1,0,9,31,0,2,0,2,0,0
117557,Lincoln University,2016,0,0,1,0,0,2,0,1,0,0,0,1,0,0,0,0,7,4
117575,Southern California Seminary,2016,0,0,0,0,0,0,2,0,0,0,2,0,0,0,0,0,0,0
117627,La Sierra University,2016,0,1,26,27,5,13,59,101,3,3,16,21,4,10,1,2,22,13
117672,Southern California University of Health Sciences,2016,0,0,0,0,0,0,0,0,0,0,0,2,0,0,0,0,0,0
117751,The Master's University and Seminary,2016,0,0,6,2,4,1,5,7,0,1,57,65,7,7,2,2,3,3
117946,Loyola Marymount University,2016,0,1,61,71,34,57,148,136,1,2,257,332,41,64,0,0,56,67
118693,Menlo College,2016,0,0,9,5,3,8,15,25,4,5,23,13,9,10,3,5,15,5
118912,MiraCosta College,2016,2,2,39,30,15,19,228,291,6,6,241,252,48,38,18,12,32,33
118976,Modesto Junior College,2016,3,10,38,35,39,20,364,439,8,6,237,251,0,0,0,3,6,4
119173,Mount Saint Mary's University,2016,0,1,11,71,0,28,6,390,0,4,0,18,0,6,0,7,0,0
119270,Musicians Institute,2016,0,0,3,0,13,1,22,2,2,0,53,15,5,0,9,1,58,35
119605,National University,2016,0,0,1,1,0,1,4,5,0,0,1,2,1,0,0,3,3,1
119775,Newschool of Architecture and Design,2016,0,0,0,0,0,0,8,4,0,0,4,3,2,0,1,0,6,8
120184,Notre Dame de Namur University,2016,0,1,4,7,6,6,26,54,1,3,9,16,1,5,2,6,3,6
120254,Occidental College,2016,0,0,32,42,9,23,25,36,0,0,123,129,12,23,4,5,14,25
120403,Otis College of Art and Design,2016,1,2,14,29,7,3,3,7,0,0,16,37,1,5,7,11,16,44
120537,Hope International University,2016,2,1,2,0,0,3,10,17,0,0,28,21,5,8,4,2,1,0
120865,Pacific Union College,2016,1,1,17,18,5,11,14,20,0,2,15,24,8,12,32,67,2,2
120883,University of the Pacific,2016,0,0,124,169,12,10,57,77,0,3,74,80,24,29,16,22,12,14
121150,Pepperdine University,2016,2,3,30,34,11,16,24,46,1,1,143,244,19,25,28,43,37,36
121257,Pitzer College,2016,0,0,16,17,2,14,16,21,0,0,64,62,8,11,11,11,4,11
121309,Point Loma Nazarene University,2016,2,1,20,28,2,5,45,68,3,2,119,237,13,29,3,8,6,3
121345,Pomona College,2016,2,1,25,40,21,23,34,28,0,0,83,65,14,15,7,4,16,33
121619,Santa Ana College,2016,1,0,40,42,9,7,651,696,6,0,48,22,12,7,33,28,38,57
121691,University of Redlands,2016,2,5,14,25,11,7,67,83,1,6,122,168,15,16,12,14,11,6
121886,Rio Hondo College,2016,0,0,24,9,3,2,463,434,0,0,21,15,5,5,1,1,14,11
122375,San Diego Mesa College,2016,1,0,96,74,58,37,248,337,4,4,205,182,38,42,4,5,30,30
122409,San Diego State University,2016,8,9,289,364,69,124,518,732,5,8,846,989,153,216,85,100,196,101
122436,University of San Diego,2016,2,2,26,53,19,23,94,121,6,2,252,361,31,40,15,18,31,37
122506,San Francisco Conservatory of Music,2016,0,0,1,2,2,1,2,1,0,0,7,9,3,2,0,0,14,10
122597,San Francisco State University,2016,1,2,380,500,49,112,489,841,4,10,260,344,87,139,50,47,106,110
122612,University of San Francisco,2016,4,0,129,229,23,29,90,264,4,8,156,299,34,72,11,30,123,79
122685,San Joaquin Valley College-Visalia,2016,1,4,13,10,22,84,120,331,4,6,49,149,11,24,12,37,0,0
122728,William Jessup University,2016,1,2,5,4,5,14,10,30,1,3,40,71,3,1,0,3,5,1
122755,San Jose State University,2016,3,1,575,482,53,68,410,564,6,8,221,204,73,66,51,61,120,99
122931,Santa Clara University,2016,2,1,105,111,18,26,99,127,1,0,352,310,36,50,6,16,31,25
122977,Santa Monica College,2016,2,2,122,130,142,127,606,701,5,6,402,417,66,78,5,4,414,396
123165,Scripps College,2016,0,0,0,47,0,14,0,28,0,1,0,158,0,1,0,9,0,12
123280,Shasta Bible College and Graduate School,2016,0,0,2,0,0,0,0,0,0,0,0,4,0,0,0,0,0,0
123299,Shasta College,2016,4,2,9,14,18,3,52,58,1,0,176,179,24,11,10,8,0,0
123457,Simpson University,2016,1,1,2,6,2,3,7,23,0,0,23,40,0,2,3,3,0,1
123509,Skyline College,2016,0,1,108,95,4,4,58,58,2,1,32,30,12,14,0,1,47,38
123554,Saint Mary's College of California,2016,1,1,24,40,10,10,55,104,6,4,102,137,17,18,5,9,8,11
123563,Solano Community College,2016,1,1,64,65,32,49,112,152,7,6,99,85,33,46,1,3,3,4
123572,Sonoma State University,2016,2,3,34,58,16,27,204,441,0,4,267,475,44,72,28,59,18,22
123651,Vanguard University of Southern California,2016,0,1,5,7,14,20,54,123,0,1,40,100,3,8,18,14,0,0
123952,Southern California Institute of Architecture,2016,0,0,0,1,0,0,0,2,0,0,1,1,1,0,0,0,9,6
123961,University of Southern California,2016,1,2,264,343,67,95,187,221,6,3,560,682,68,115,12,18,223,199
124292,Thomas Aquinas College,2016,0,0,1,1,0,0,10,3,0,0,25,39,1,4,1,0,0,2
125471,West Los Angeles College,2016,0,0,12,7,59,59,136,115,0,0,14,19,4,6,3,1,51,23
125727,Westmont College,2016,2,3,15,20,1,6,24,43,0,2,81,122,4,11,3,5,1,0
125763,Whittier College,2016,0,1,14,15,10,6,93,114,0,2,71,62,8,16,3,3,4,2
125897,Woodbury University,2016,0,0,8,6,2,4,31,34,0,0,17,13,5,5,0,0,7,3
126076,Yeshiva Ohr Elchonon Chabad West Coast Talmudical Seminary,2016,0,0,0,0,0,0,0,0,0,0,49,0,0,0,0,0,1,0
126182,Adams State University,2016,2,7,0,1,28,6,101,110,6,0,78,78,7,10,6,5,3,0
126562,University of Colorado Denver/Anschutz Medical Campus,2016,2,1,67,103,29,42,154,263,0,4,277,284,44,61,3,3,15,16
126580,University of Colorado Colorado Springs,2016,2,3,41,29,31,49,193,217,4,2,598,612,73,88,4,1,10,4
126614,University of Colorado Boulder,2016,6,4,187,167,56,39,434,365,3,3,2281,1943,202,194,9,6,336,143
126669,Colorado Christian University,2016,2,1,1,2,4,8,12,19,0,0,131,206,4,12,3,2,0,0
126678,Colorado College,2016,2,3,7,15,5,10,23,26,0,0,156,184,16,29,2,1,27,27
126711,Colorado Mountain College,2016,0,0,1,2,1,2,34,39,0,0,158,81,12,4,10,5,0,0
126775,Colorado School of Mines,2016,4,0,24,15,6,2,53,18,0,1,534,225,35,16,1,1,29,10
126818,Colorado State University-Fort Collins,2016,8,12,49,92,70,72,297,424,5,4,1562,1925,72,134,19,27,44,35
126827,Colorado Technical University-Colorado Springs,2016,10,2,5,1,77,103,1,12,2,4,189,267,20,26,52,313,0,0
126942,Community College of Denver,2016,4,4,13,17,19,33,67,83,1,0,71,62,11,9,3,4,12,17
127060,University of Denver,2016,0,1,23,37,11,17,51,81,0,0,462,550,15,26,13,12,38,40
127185,Fort Lewis College,2016,74,106,5,2,4,5,42,55,0,0,208,176,40,36,7,4,2,1
127556,Colorado Mesa University,2016,3,8,15,16,48,26,223,239,8,3,556,605,46,44,14,19,16,17
127565,Metropolitan State University of Denver,2016,3,4,34,32,64,55,315,371,3,4,448,431,48,52,25,20,9,2
127653,Naropa University,2016,0,0,0,0,1,0,1,7,0,0,1,9,0,3,2,5,0,0
127714,Nazarene Bible College,2016,0,0,0,0,0,0,0,1,0,0,2,0,0,0,0,0,0,0
127741,University of Northern Colorado,2016,2,9,14,40,36,41,187,306,3,6,458,905,56,62,2,3,9,7
127820,Pikes Peak State College,2016,8,7,7,17,41,34,97,129,6,3,301,274,27,38,25,29,3,9
127884,Pueblo Community College,2016,5,6,0,1,4,3,43,66,0,1,68,56,7,3,0,1,0,2
127909,Red Rocks Community College,2016,3,0,8,5,9,5,62,57,2,0,209,104,10,6,19,10,8,4
127918,Regis University,2016,0,1,4,28,7,9,35,99,0,2,90,169,9,11,5,9,5,3
127945,Rocky Mountain College of Art and Design,2016,1,1,0,1,0,1,1,4,0,0,6,20,1,2,1,5,0,0
128106,Colorado State University Pueblo,2016,0,1,8,2,51,30,139,156,3,1,156,179,27,32,16,9,4,2
128328,United States Air Force Academy,2016,1,2,46,16,55,16,72,42,6,4,501,211,54,27,43,6,12,1
128391,Western Colorado University,2016,2,2,0,2,12,5,35,26,0,0,198,118,10,7,29,17,1,0
128498,Albertus Magnus College,2016,0,1,0,1,14,15,12,28,0,0,21,26,0,1,5,3,0,2
128744,University of Bridgeport,2016,2,6,10,8,66,116,38,75,0,2,22,48,17,31,0,0,26,15
128771,Central Connecticut State University,2016,1,3,25,19,65,57,63,75,1,0,467,363,23,19,29,22,13,13
128780,Charter Oak State College,2016,0,0,0,0,0,0,0,0,0,0,0,1,0,0,0,0,0,0
128902,Connecticut College,2016,0,0,8,16,9,7,13,35,0,0,115,204,3,8,4,12,22,16
129020,University of Connecticut,2016,2,0,192,208,112,141,196,273,0,1,1042,1062,54,68,47,39,200,171
129154,Goodwin University,2016,0,0,0,0,7,13,5,9,0,0,5,19,1,0,1,1,0,0
129215,Eastern Connecticut State University,2016,3,3,8,14,36,40,42,87,0,0,279,400,10,19,16,32,2,4
129242,Fairfield University,2016,0,1,9,20,11,14,31,42,0,0,305,513,9,7,23,32,20,19
129525,University of Hartford,2016,2,2,19,31,111,125,88,111,1,0,323,359,23,34,12,17,29,9
129534,Holy Apostles College and Seminary,2016,0,0,0,0,0,0,0,0,0,0,1,0,0,0,0,0,0,0
129774,Mitchell College,2016,0,0,0,4,12,12,8,9,1,1,31,18,2,1,13,7,0,0
129941,University of New Haven,2016,0,1,15,20,82,95,26,45,1,3,318,425,8,15,17,24,14,8
130110,Paier College,2016,0,0,0,0,1,1,0,2,0,0,1,2,0,0,0,0,0,0
130183,Post University,2016,0,2,2,0,24,88,6,17,1,2,45,102,1,18,46,51,10,7
130226,Quinnipiac University,2016,0,2,24,31,34,46,76,98,0,0,563,888,15,32,25,29,25,16
130253,Sacred Heart University,2016,0,1,10,14,30,28,52,100,0,0,334,654,12,19,22,33,6,7
130314,University of Saint Joseph,2016,0,1,0,7,0,15,0,23,0,0,0,60,0,3,0,11,0,5
130493,Southern Connecticut State University,2016,0,1,25,24,80,133,87,165,0,2,268,478,24,29,26,39,2,4
130590,Trinity College,2016,0,0,6,14,13,18,19,25,0,0,172,210,8,7,8,8,35,29
130624,United States Coast Guard Academy,2016,0,0,12,4,16,7,17,8,0,0,115,78,19,13,2,0,5,2
130697,Wesleyan University,2016,1,1,21,32,16,24,42,49,0,1,203,220,10,24,11,17,50,52
130776,Western Connecticut State University,2016,1,0,14,19,46,50,62,82,0,0,268,219,21,14,15,11,2,0
130794,Yale University,2016,6,6,106,145,55,44,75,105,1,2,322,260,29,47,5,4,77,78
130907,Delaware Technical Community College-Terry,2016,4,7,27,28,221,264,107,154,1,1,514,584,42,60,25,25,13,17
130934,Delaware State University,2016,0,3,2,1,250,443,30,51,0,1,25,45,17,40,0,1,9,23
130943,University of Delaware,2016,4,4,111,124,108,137,149,232,0,2,1276,1796,57,88,37,51,115,79
130989,Goldey-Beacom College,2016,0,0,2,2,27,29,7,6,0,0,31,35,1,8,0,0,3,7
131113,Wilmington University,2016,3,2,3,4,45,58,4,2,1,0,72,81,0,0,4,6,11,3
131159,American University,2016,1,0,26,55,26,102,69,179,0,1,400,609,24,54,24,44,27,38
131283,The Catholic University of America,2016,0,0,11,18,10,18,36,58,0,0,219,305,15,17,1,7,6,2
131399,University of the District of Columbia,2016,0,0,2,1,58,79,20,14,0,0,4,3,2,4,6,10,23,14
131450,Gallaudet University,2016,1,0,6,6,31,16,7,8,1,3,52,72,1,3,11,10,14,3
131469,George Washington University,2016,0,0,76,134,65,154,107,156,1,0,534,751,29,53,51,89,148,169
131496,Georgetown University,2016,0,0,43,104,35,64,55,87,0,0,414,484,32,42,11,26,80,96
131520,Howard University,2016,0,2,4,9,229,557,2,6,1,2,2,1,0,0,0,0,47,38
131803,Strayer University-District of Columbia,2016,0,0,0,0,3,4,0,0,0,0,0,0,0,0,0,1,0,1
131876,Trinity Washington University,2016,0,1,1,2,0,137,0,58,0,0,0,0,0,1,0,19,0,2
132408,Baptist University of Florida,2016,1,0,0,0,1,2,0,0,0,0,7,18,0,1,2,0,0,0
132471,Barry University,2016,1,1,1,1,39,72,45,73,0,0,17,26,0,14,51,100,19,19
132602,Bethune-Cookman University,2016,0,2,0,0,313,511,12,23,0,0,5,6,8,17,89,166,6,3
132657,Lynn University,2016,2,0,3,6,26,40,44,59,1,0,113,136,2,5,12,10,60,40
132693,Eastern Florida State College,2016,1,5,17,23,62,84,101,128,0,4,451,444,50,44,19,7,30,25
132709,Broward College,2016,6,4,51,66,487,674,641,736,5,5,289,264,51,71,63,81,81,101
132842,Albizu University-Miami,2016,0,0,0,0,0,0,3,3,0,0,0,1,0,0,0,0,0,0
132851,College of Central Florida,2016,0,1,9,8,38,70,76,76,2,0,238,279,13,27,7,5,9,19
132879,Johnson University Florida,2016,0,0,1,0,1,2,2,0,0,0,9,20,0,0,0,0,0,0
132903,University of Central Florida,2016,1,3,203,187,219,378,763,878,0,2,1483,1644,145,201,7,7,21,28
133021,Chipola College,2016,2,2,0,0,20,36,13,8,1,0,106,145,2,7,3,2,3,5
133386,Daytona State College,2016,0,0,5,4,17,25,29,48,2,0,101,121,9,12,2,2,4,2
133465,South University-West Palm Beach,2016,0,0,1,0,1,2,0,8,0,0,0,4,0,0,1,0,0,0
133492,Eckerd College,2016,1,1,5,4,7,10,16,29,0,1,163,297,7,14,0,3,7,8
133508,Florida SouthWestern State College,2016,2,8,15,15,89,98,254,285,2,1,377,356,19,32,36,44,12,16
133526,Edward Waters University,2016,0,0,0,0,127,87,3,3,0,0,3,1,3,1,4,2,0,0
133553,Embry-Riddle Aeronautical University-Daytona Beach,2016,0,0,38,14,58,16,58,21,1,1,578,153,80,36,72,19,85,25
133650,Florida Agricultural and Mechanical University,2016,0,0,5,1,396,745,18,34,0,0,21,12,18,30,0,0,0,13
133669,Florida Atlantic University,2016,7,2,69,98,178,328,321,468,0,1,564,798,38,71,5,12,42,34
133702,Florida State College at Jacksonville,2016,2,2,37,37,156,203,74,85,1,4,395,415,33,34,29,45,13,5
133711,Flagler College,2016,1,1,1,6,9,5,9,19,1,0,143,358,8,6,6,8,12,7
133809,Florida College,2016,0,0,0,0,9,2,8,5,0,0,66,77,5,3,2,1,0,1
133872,AdventHealth University,2016,0,1,1,2,3,18,7,33,0,0,0,9,0,1,0,1,0,2
133881,Florida Institute of Technology,2016,2,2,15,6,31,16,40,17,1,1,278,128,11,3,14,6,137,51
133951,Florida International University,2016,2,1,58,78,162,246,1271,1603,0,1,153,170,81,96,1,5,128,103
133960,The College of the Florida Keys,2016,0,0,1,0,7,4,12,21,1,0,45,33,2,4,2,2,0,0
133979,Florida Memorial University,2016,0,0,0,0,103,186,25,8,0,0,4,1,1,5,13,10,8,13
134079,Florida Southern College,2016,3,4,2,14,13,16,27,49,0,0,175,306,3,5,0,1,15,10
134097,Florida State University,2016,6,10,57,82,163,362,530,763,2,1,1575,2203,76,137,55,53,19,29
134130,University of Florida,2016,1,7,296,374,120,280,556,751,3,8,1618,2169,126,179,69,96,58,90
134237,Full Sail University,2016,16,8,45,18,706,202,440,140,10,3,1048,308,132,49,322,137,14,3
134343,Gulf Coast State College,2016,3,4,5,9,38,33,12,26,0,0,165,247,12,13,12,5,1,1
134510,Hobe Sound Bible College,2016,0,0,0,0,0,0,1,1,0,0,10,14,0,0,0,0,0,1
134608,Indian River State College,2016,3,4,11,12,102,135,198,192,1,2,363,358,22,34,21,22,13,16
134945,Jacksonville University,2016,1,1,2,9,44,56,28,37,0,1,99,135,11,9,31,34,25,21
135081,Keiser University-Ft Lauderdale,2016,9,38,28,51,240,622,551,1109,4,8,453,1025,52,158,42,70,60,46
135160,Florida Gateway College,2016,0,2,0,3,15,22,1,12,0,0,114,143,6,10,0,2,0,0
135188,Lake-Sumter State College,2016,0,2,17,8,12,13,9,13,0,1,165,233,13,9,14,26,2,5
135364,Luther Rice College & Seminary,2016,0,0,0,0,1,0,0,0,0,0,2,0,0,0,0,0,0,0
135391,State College of Florida-Manatee-Sarasota,2016,3,0,10,14,55,62,93,136,0,0,330,410,13,21,2,7,5,9
135717,Miami Dade College,2016,1,5,24,32,411,545,2476,3151,2,5,200,161,14,25,87,88,172,206
135726,University of Miami,2016,0,1,64,71,72,120,134,212,1,0,463,516,35,39,33,42,107,132
136145,North Florida College,2016,0,0,0,0,16,22,8,4,0,0,45,60,0,0,1,0,1,0
136172,University of North Florida,2016,3,0,40,45,48,85,95,147,0,1,576,723,25,55,0,0,8,7
136215,Nova Southeastern University,2016,2,1,34,59,25,52,27,65,0,0,79,207,7,17,4,31,16,21
136233,Northwest Florida State College,2016,1,0,4,9,22,20,25,30,5,4,171,164,21,23,6,11,5,1
136330,Palm Beach Atlantic University,2016,1,3,4,11,10,36,22,41,0,1,101,225,5,9,7,16,5,4
136358,Palm Beach State College,2016,4,3,39,35,193,356,330,333,2,4,365,311,44,24,26,29,42,32
136400,Pasco-Hernando State College,2016,2,0,11,24,42,44,137,188,3,1,371,547,26,35,15,20,0,0
136473,Pensacola State College,2016,2,1,15,14,68,81,38,41,1,4,305,328,29,33,9,7,1,4
136516,Polk State College,2016,1,2,13,4,54,75,80,106,1,0,179,254,11,18,9,10,5,3
136774,Ringling College of Art and Design,2016,0,1,7,25,7,9,21,32,0,0,63,104,1,10,6,15,15,39
136950,Rollins College,2016,1,0,3,14,5,19,24,58,0,0,130,198,5,16,3,13,20,29
137032,Saint Leo University,2016,0,2,2,4,35,63,44,61,0,0,88,166,1,11,18,27,43,45
137078,St Petersburg College,2016,3,4,45,38,75,113,128,146,0,4,566,556,28,43,9,14,10,8
137096,Santa Fe College,2016,3,1,30,28,119,107,240,226,0,4,492,518,57,53,2,4,16,19
137209,Seminole State College of Florida,2016,6,5,20,33,113,129,256,301,5,3,497,385,35,39,45,37,17,26
137272,St. John Vianney College Seminary,2016,0,0,0,0,0,0,4,0,0,0,4,0,0,0,0,0,1,1
137281,Saint Johns River State College,2016,2,3,7,4,32,29,39,49,3,1,204,226,5,25,7,8,0,0
137315,South Florida State College,2016,0,0,3,3,19,21,43,74,0,0,72,75,2,6,2,0,3,4
137351,University of South Florida,2016,2,0,156,181,133,213,310,470,4,2,892,1154,70,124,41,66,100,92
137476,St. Thomas University,2016,0,0,0,0,18,23,47,44,0,0,9,12,5,4,1,2,18,12
137546,Stetson University,2016,0,0,8,6,29,23,50,85,0,0,205,310,11,28,2,7,20,28
137564,Southeastern University,2016,4,3,4,7,80,81,84,118,2,2,249,328,0,0,6,9,15,13
137759,Tallahassee Community College,2016,2,1,9,8,291,323,150,127,1,2,477,447,40,39,20,13,22,21
137777,Talmudic College of Florida,2016,0,0,0,0,0,0,0,0,0,0,8,0,0,0,0,0,3,0
137847,The University of Tampa,2016,0,1,12,27,35,62,84,154,0,0,460,769,15,49,38,51,73,76
137953,Trinity Baptist College,2016,1,0,1,0,11,6,10,9,0,0,28,22,2,3,0,0,1,0
137962,Trinity College of Florida,2016,0,0,0,0,7,1,5,2,0,0,3,2,0,0,4,2,0,0
138187,Valencia College,2016,7,8,119,97,332,466,954,1189,9,8,614,654,68,94,156,201,137,137
138275,Warner University,2016,0,0,0,0,58,14,17,7,0,0,44,26,5,2,0,0,3,2
138293,Webber International University,2016,0,0,0,0,40,17,15,12,1,1,46,18,0,0,0,0,24,4
138309,Rasmussen University-Florida,2016,3,3,0,0,10,57,0,0,0,0,19,99,0,0,9,45,0,0
138354,University of West Florida,2016,2,10,20,24,60,76,58,67,0,1,388,460,45,36,4,8,12,11
138558,Abraham Baldwin Agricultural College,2016,1,2,3,4,26,41,28,36,1,0,373,380,2,4,0,0,7,11
138600,Agnes Scott College,2016,0,0,0,22,0,69,0,35,0,1,0,96,0,13,0,4,0,32
138716,Albany State University,2016,1,2,1,0,131,267,5,7,0,0,7,2,3,4,1,4,0,0
138868,Point University,2016,0,1,1,0,78,22,7,9,2,0,85,78,9,11,9,5,2,0
138901,Atlanta Metropolitan State College,2016,0,0,0,1,64,81,4,2,0,1,0,1,1,2,2,1,3,2
138947,Clark Atlanta University,2016,0,1,0,2,177,669,1,1,0,0,1,1,0,0,43,66,23,2
139144,Berry College,2016,0,0,0,6,8,16,12,19,0,0,185,250,3,16,8,8,2,1
139153,Beulah Heights University,2016,0,0,0,0,0,0,1,0,0,0,0,0,0,0,0,0,0,0
139199,Brenau University,2016,0,0,0,3,1,39,1,15,0,0,3,74,1,7,1,2,0,5
139205,Brewton-Parker College,2016,1,0,1,0,28,11,2,1,0,1,32,17,2,2,38,13,4,0
139250,College of Coastal Georgia,2016,0,1,5,6,77,110,22,25,0,1,147,278,20,20,8,7,1,5
139311,Clayton  State University,2016,0,1,20,20,95,202,19,31,0,0,31,36,6,12,2,4,4,7
139366,Columbus State University,2016,3,0,15,16,134,245,31,41,0,0,213,244,6,12,2,3,5,7
139393,Covenant College,2016,0,0,0,2,9,1,5,1,0,0,114,118,4,6,0,1,4,0
139463,Dalton State College,2016,1,2,9,8,21,32,102,138,0,0,213,304,1,2,11,4,5,13
139579,South University-Savannah,2016,0,0,0,0,1,6,0,0,0,0,0,6,0,0,0,0,0,0
139621,East Georgia State College,2016,2,2,5,1,195,292,18,23,2,0,179,230,5,15,8,7,2,1
139630,Emmanuel University,2016,0,0,0,0,19,16,6,14,1,0,77,77,3,6,0,0,11,8
139658,Emory University,2016,0,0,114,141,23,74,54,93,0,0,234,322,33,40,8,3,108,111
139700,Georgia Highlands College,2016,0,1,4,19,65,79,61,92,0,0,272,340,15,25,1,1,3,5
139719,Fort Valley State University,2016,2,1,0,0,181,283,2,3,0,0,2,4,8,7,0,0,0,1
139755,Georgia Institute of Technology-Main Campus,2016,0,1,339,238,98,86,105,77,0,0,811,604,54,45,112,55,168,80
139764,Georgia Southwestern State University,2016,0,0,2,2,40,76,13,10,0,0,118,193,6,8,0,1,3,3
139861,Georgia College & State University,2016,0,1,12,11,26,45,28,62,0,1,404,728,20,27,2,5,1,6
139931,Georgia Southern University,2016,10,10,52,30,365,424,88,110,0,1,1113,1175,46,57,13,6,36,24
139940,Georgia State University,2016,0,2,351,305,524,1001,152,299,0,1,389,447,75,182,5,12,45,46
139959,University of Georgia,2016,3,3,290,372,137,302,117,195,1,3,1478,2191,70,126,10,15,40,48
139968,Gordon State College,2016,1,0,2,1,127,199,11,15,0,0,151,216,12,18,3,4,2,1
140234,LaGrange College,2016,1,0,2,2,32,16,1,0,0,0,88,85,4,2,0,0,1,1
140252,Life University,2016,2,1,0,4,6,22,5,8,0,0,20,29,0,0,4,1,8,2
140340,Herzing University-Atlanta,2016,0,0,1,0,14,21,1,0,0,0,1,0,0,1,0,1,0,0
140447,Mercer University,2016,0,1,28,56,64,92,23,24,0,1,215,243,14,17,12,18,9,11
140553,Morehouse College,2016,3,0,2,0,572,0,4,0,0,0,4,0,2,0,17,0,4,0
140696,Oglethorpe University,2016,0,0,4,9,33,42,14,22,0,0,72,72,2,2,4,18,15,22
140720,Paine College,2016,0,1,0,0,45,46,2,2,0,0,1,0,1,1,2,0,0,0
140818,Piedmont University,2016,1,2,0,2,11,11,7,10,1,0,83,108,7,7,11,12,0,0
140872,Reinhardt University,2016,2,1,1,2,77,21,15,16,1,0,92,87,6,7,16,8,1,0
140951,Savannah College of Art and Design,2016,2,9,38,82,82,141,47,118,3,6,394,910,0,0,17,38,86,166
140960,Savannah State University,2016,2,4,0,0,396,708,19,32,1,0,19,7,20,29,2,1,6,8
140988,Shorter University,2016,0,1,0,0,70,25,10,4,0,0,86,95,8,3,2,1,7,5
141060,Spelman College,2016,0,14,0,0,0,513,0,0,0,0,0,0,0,0,0,0,0,4
141167,Thomas University,2016,0,0,0,0,8,5,6,3,0,0,36,20,0,0,12,10,0,0
141185,Toccoa Falls College,2016,2,1,5,7,12,9,7,2,0,1,71,85,1,3,0,0,0,1
141237,Truett McConnell University,2016,0,0,0,1,8,8,9,4,0,0,73,102,0,0,2,6,4,1
141264,Valdosta State University,2016,1,0,11,11,208,368,37,63,0,0,279,427,26,41,2,3,12,2
141325,Wesleyan College,2016,0,0,0,2,0,28,0,12,0,0,0,50,0,5,0,2,0,4
141334,University of West Georgia,2016,0,2,9,9,346,651,48,114,2,0,393,646,48,66,9,20,8,4
141361,Young Harris College,2016,0,2,1,1,11,11,5,4,0,0,114,150,1,7,5,6,13,7
141486,Chaminade University of Honolulu,2016,0,2,24,72,5,9,3,14,18,41,8,28,4,20,0,7,0,1
141565,University of Hawaii at Hilo,2016,0,0,27,40,1,0,21,38,14,11,24,36,55,85,0,0,4,3
141574,University of Hawaii at Manoa,2016,0,8,339,413,14,7,82,145,26,25,117,224,208,279,1,3,18,15
141644,Hawaii Pacific University,2016,2,7,19,40,8,11,12,49,2,10,40,125,18,36,5,19,15,31
141839,University of Hawaii Maui College,2016,1,0,43,68,0,1,12,28,12,13,21,22,53,89,0,0,1,6
141981,University of Hawaii-West Oahu,2016,0,0,39,67,3,3,12,25,1,5,3,10,23,75,0,0,0,0
142090,Boise Bible College,2016,0,1,1,0,1,0,0,1,0,0,11,13,2,0,2,0,0,0
142115,Boise State University,2016,4,5,20,22,27,15,132,206,5,1,826,1053,74,63,20,24,18,11
142276,Idaho State University,2016,9,9,6,7,6,3,84,106,3,3,412,528,27,23,16,13,67,34
142285,University of Idaho,2016,1,7,9,17,18,4,108,100,2,2,575,619,42,46,27,16,23,16
142294,The College of Idaho,2016,1,1,1,2,9,2,13,13,3,0,73,77,4,5,4,10,12,7
142328,Lewis-Clark State College,2016,4,3,2,3,4,2,14,10,1,1,165,254,8,12,5,8,9,4
142461,Northwest Nazarene University,2016,0,0,1,4,2,2,11,16,0,0,73,91,5,4,8,5,1,1
142522,Brigham Young University-Idaho,2016,3,11,16,29,7,16,34,75,5,15,1031,1929,105,205,0,7,99,151
142887,American Academy of Art College,2016,0,0,3,1,0,0,8,16,0,1,3,21,1,1,0,0,0,0
143048,School of the Art Institute of Chicago,2016,0,0,10,46,8,20,20,63,0,0,48,189,3,21,5,25,42,133
143084,Augustana College,2016,0,0,1,17,15,14,21,53,1,1,231,275,7,12,2,4,26,17
143118,Aurora University,2016,0,1,6,4,32,28,75,149,1,1,137,159,16,11,12,18,2,0
143288,Blackburn College,2016,0,0,1,1,14,13,3,4,0,0,48,72,4,4,2,2,0,1
143358,Bradley University,2016,1,1,12,24,26,46,43,52,0,0,233,204,10,9,175,241,10,6
144005,Chicago State University,2016,1,3,0,0,14,30,0,1,1,0,3,10,0,0,2,6,2,3
144050,University of Chicago,2016,0,1,120,144,33,57,109,98,0,0,337,317,43,49,29,38,120,96
144281,Columbia College Chicago,2016,3,2,14,26,89,142,106,153,0,0,327,490,25,51,24,33,27,21
144351,Concordia University-Chicago,2016,0,0,4,0,17,16,47,75,0,0,72,98,10,9,0,2,0,0
144740,DePaul University,2016,3,2,91,95,74,105,177,268,2,1,575,794,37,77,31,43,45,33
144883,East-West University,2016,0,0,1,2,59,68,16,18,0,0,3,1,0,0,0,1,9,3
144892,Eastern Illinois University,2016,0,2,2,6,101,110,24,58,0,0,146,267,11,14,3,5,14,7
144962,Elmhurst University,2016,0,1,8,12,29,9,39,65,0,0,131,148,7,11,5,12,0,0
144971,Eureka College,2016,2,0,0,0,11,4,3,2,0,0,61,66,2,0,0,1,1,0
145336,Governors State University,2016,0,0,1,0,49,91,4,17,0,0,23,17,5,3,3,4,0,1
145372,Greenville University,2016,1,1,2,1,25,6,11,2,1,0,75,51,3,2,1,3,10,3
145497,Hebrew Theological College,2016,0,0,0,0,0,0,0,0,0,0,15,73,0,0,0,0,0,0
145600,University of Illinois Chicago,2016,0,0,347,367,97,193,578,674,2,0,424,394,38,62,3,2,52,38
145619,Benedictine University,2016,2,1,38,58,27,20,37,68,2,1,110,114,0,0,36,38,0,0
145637,University of Illinois Urbana-Champaign,2016,3,0,828,658,226,320,461,472,1,1,1705,1620,115,109,13,8,602,439
145646,Illinois Wesleyan University,2016,0,0,9,16,12,16,21,20,0,0,156,143,0,0,1,3,13,15
145691,Illinois College,2016,1,0,0,1,6,26,9,18,0,0,100,109,5,5,0,0,6,7
145725,Illinois Institute of Technology,2016,0,0,46,26,16,9,69,28,0,0,126,57,13,5,10,8,56,34
145813,Illinois State University,2016,1,7,35,38,160,242,187,263,2,2,1128,1484,46,60,3,5,8,11
146339,Judson University,2016,0,0,2,2,6,6,16,22,0,0,30,36,1,3,21,18,10,5
146427,Knox College,2016,0,0,7,14,6,15,23,31,0,0,64,92,9,12,3,5,37,29
146481,Lake Forest College,2016,1,0,9,16,10,9,11,29,0,0,92,132,4,9,4,5,10,17
146612,Lewis University,2016,0,0,23,16,20,27,69,66,0,0,189,189,12,5,5,13,7,1
146667,Lincoln Christian University,2016,0,0,0,0,0,2,2,0,0,0,34,37,0,0,0,2,3,1
146719,Loyola University Chicago,2016,1,2,90,228,34,94,117,250,0,6,477,1079,36,79,10,19,53,46
147013,McKendree University,2016,0,0,2,2,30,17,11,15,0,0,135,162,10,7,23,18,18,8
147129,Methodist College,2016,0,0,0,0,0,0,0,0,0,0,2,17,0,0,0,0,0,0
147244,Millikin University,2016,0,1,5,1,54,24,22,14,0,0,116,168,10,11,6,6,3,4
147341,Monmouth College,2016,1,1,2,3,14,24,14,11,0,0,107,72,6,3,3,1,16,7
147369,Moody Bible Institute,2016,0,0,8,2,4,3,13,6,1,0,67,69,6,4,22,38,21,12
147536,National Louis University,2016,0,0,0,0,41,54,77,123,0,0,4,3,3,5,1,0,1,1
147660,North Central College,2016,0,0,8,13,14,12,49,51,0,0,205,177,10,17,12,12,4,5
147679,North Park University,2016,0,0,9,16,24,12,40,81,7,0,60,98,13,5,0,3,3,7
147703,Northern Illinois University,2016,1,1,43,37,188,244,165,160,1,1,425,410,38,49,1,1,11,8
147767,Northwestern University,2016,1,1,160,172,41,59,120,150,0,0,462,454,65,78,15,15,109,83
147776,Northeastern Illinois University,2016,1,0,40,37,60,103,152,177,0,0,57,72,4,13,9,10,17,15
147828,Olivet Nazarene University,2016,0,0,2,9,28,23,25,27,1,0,260,299,9,11,0,1,7,2
148016,Principia College,2016,0,0,2,1,0,0,2,2,0,0,47,45,0,0,0,0,5,8
148131,Quincy University,2016,0,0,4,0,33,15,5,3,0,0,102,101,0,0,8,15,0,1
148405,Rockford University,2016,1,0,2,1,20,7,14,10,0,0,45,48,3,3,1,2,1,2
148487,Roosevelt University,2016,1,2,4,8,20,36,25,44,0,0,52,114,5,11,0,3,5,6
148496,Dominican University,2016,1,1,3,12,16,28,83,191,0,0,58,87,4,3,1,7,0,0
148584,University of St Francis,2016,2,0,1,1,15,8,17,32,0,0,56,65,7,3,1,1,4,2
148627,Saint Xavier University,2016,0,0,9,9,29,50,113,175,0,0,83,122,5,10,7,4,0,0
148654,University of Illinois Springfield,2016,0,0,1,4,19,42,21,27,0,0,71,90,2,3,1,1,12,1
148876,St. Augustine College,2016,0,0,4,2,0,0,43,117,0,0,0,1,0,1,3,6,0,2
149222,Southern Illinois University-Carbondale,2016,1,0,10,6,172,210,103,90,2,0,515,463,38,39,1,0,14,5
149231,Southern Illinois University-Edwardsville,2016,4,5,25,20,133,158,44,50,1,1,656,700,41,56,12,8,7,0
149505,Trinity Christian College,2016,1,1,1,2,4,1,3,11,0,0,35,63,0,2,0,2,14,20
149514,Trinity International University-Illinois,2016,0,0,8,4,21,9,3,3,0,0,52,35,2,4,1,1,3,1
149639,VanderCook College of Music,2016,0,0,0,0,1,0,2,1,0,0,5,9,0,1,0,2,0,0
149772,Western Illinois University,2016,0,0,5,5,198,302,94,123,0,0,299,350,22,35,8,10,6,8
149781,Wheaton College,2016,0,2,25,30,6,10,15,13,0,0,194,247,12,11,0,1,12,10
150066,Anderson University,2016,0,6,2,4,40,16,9,5,0,1,141,189,1,1,2,0,1,5
150136,Ball State University,2016,0,0,22,22,135,201,81,116,2,2,1228,1852,53,87,28,22,4,11
150145,Bethel University,2016,0,0,1,5,9,9,13,12,0,0,65,105,6,9,4,1,2,0
150163,Butler University,2016,0,3,14,28,22,21,14,21,0,1,427,643,14,25,6,5,6,5
150172,Calumet College of Saint Joseph,2016,0,0,1,0,20,7,25,11,0,0,23,17,3,1,0,0,0,0
150400,DePauw University,2016,2,0,8,10,17,16,20,36,0,0,164,192,9,11,4,5,31,34
150455,Earlham College,2016,1,0,7,12,16,20,14,15,0,0,91,103,0,0,2,2,37,35
150534,University of Evansville,2016,1,0,4,10,9,20,12,13,0,0,136,242,6,6,1,5,54,18
150604,Franklin College,2016,0,1,2,2,6,3,6,3,0,0,112,94,3,5,0,0,1,0
150668,Goshen College,2016,1,0,0,4,3,5,16,38,0,0,47,58,1,3,0,0,3,6
150677,Grace College and Theological Seminary,2016,0,0,3,2,5,10,7,13,0,0,132,205,6,13,3,1,2,1
150756,Hanover College,2016,0,1,0,1,8,11,5,6,1,0,113,140,3,2,5,10,0,2
150774,Holy Cross College,2016,0,0,3,0,5,6,11,17,0,2,90,56,6,3,4,10,1,1
150941,Huntington University,2016,0,0,0,0,1,2,6,2,0,0,66,100,2,5,0,0,10,2
151102,Purdue University Fort Wayne,2016,1,3,17,22,24,54,52,63,0,0,529,640,29,54,1,1,16,11
151111,Indiana University-Indianapolis,2016,1,0,84,81,100,254,113,205,1,2,1138,1534,73,117,7,7,69,50
151263,University of Indianapolis,2016,2,3,6,12,30,59,15,35,1,0,205,459,8,20,46,58,23,18
151290,Indiana Institute of Technology,2016,1,1,6,1,106,149,17,24,1,2,152,138,18,14,19,37,41,5
151306,University of Southern Indiana,2016,1,0,7,9,21,53,24,38,0,0,523,916,24,31,2,0,8,4
151324,Indiana State University,2016,1,3,7,9,253,381,48,77,1,0,611,874,44,70,3,1,39,13
151333,Indiana University-Kokomo,2016,0,1,1,3,7,11,5,25,0,0,142,257,8,11,4,3,1,1
151342,Indiana University-South Bend,2016,1,2,5,6,21,47,45,59,1,0,258,355,20,16,2,3,9,10
151351,Indiana University-Bloomington,2016,4,2,267,171,146,201,230,264,1,0,2691,2660,158,175,6,7,351,320
151360,Indiana University-Northwest,2016,2,0,9,7,22,48,46,77,0,0,104,215,10,12,3,4,0,1
151379,Indiana University-Southeast,2016,0,1,2,3,29,38,11,34,1,0,276,439,8,26,1,1,1,2
151388,Indiana University-East,2016,0,2,1,2,5,12,2,5,0,0,112,194,5,3,2,1,0,0
151777,Manchester University,2016,1,1,4,3,21,15,10,8,0,0,120,160,12,9,1,4,10,10
151786,Marian University,2016,2,0,1,4,25,10,8,6,0,0,135,167,11,7,4,6,2,2
151801,Indiana Wesleyan University-Marion,2016,0,0,3,6,6,12,10,29,1,0,162,317,9,14,43,66,4,2
151810,Martin University,2016,0,0,0,1,6,7,0,0,0,0,0,0,0,0,0,0,0,0
151962,Mid-America College of Funeral Service,2016,0,0,0,0,1,4,0,0,0,0,10,19,0,0,0,0,0,0
152080,University of Notre Dame,2016,0,0,50,59,44,48,100,118,0,0,779,608,49,62,5,4,70,50
152099,Oakland City University,2016,0,0,1,0,2,2,1,4,0,0,26,36,0,0,5,6,2,1
152318,Rose-Hulman Institute of Technology,2016,1,1,20,11,9,6,15,13,1,1,257,103,16,8,1,0,57,23
152336,University of Saint Francis-Fort Wayne,2016,1,0,2,2,19,7,14,16,0,0,84,178,4,4,1,4,2,1
152381,Saint Mary-of-the-Woods College,2016,0,0,0,0,0,3,0,3,0,0,11,56,0,2,0,2,1,1
152390,Saint Mary's College,2016,0,1,0,11,0,5,0,54,0,1,0,328,0,11,0,12,0,9
152530,Taylor University,2016,1,2,5,6,12,13,8,10,0,1,161,225,0,2,0,0,13,13
152567,Trine University,2016,1,0,3,2,18,4,12,7,0,0,276,107,15,3,8,3,1,1
152600,Valparaiso University,2016,0,2,4,11,30,25,32,53,0,0,295,331,9,20,19,16,13,2
152637,Vincennes University,2016,4,2,4,1,146,101,142,97,0,0,732,488,29,21,63,34,7,5
152673,Wabash College,2016,0,0,4,0,15,0,17,0,0,0,155,0,5,0,8,0,11,0
152992,Briar Cliff University,2016,3,3,2,1,16,3,27,28,1,1,61,50,0,0,0,0,8,6
153001,Buena Vista University,2016,0,0,0,3,9,3,6,6,0,0,67,63,12,1,6,2,5,0
153108,Central College,2016,1,1,1,4,6,2,7,5,0,0,140,147,4,1,2,2,0,0
153126,Clarke University,2016,0,0,4,0,10,4,4,5,2,3,40,80,1,3,1,1,0,0
153144,Coe College,2016,2,1,2,5,9,19,19,26,0,0,129,128,4,7,3,8,3,9
153162,Cornell College,2016,4,2,4,7,14,9,7,14,0,0,95,98,4,4,4,1,10,10
153241,Divine Word College,2016,0,0,1,0,1,0,0,0,0,0,0,0,0,0,0,0,0,2
153250,Dordt University,2016,1,0,0,5,6,0,9,7,0,0,157,160,3,3,6,1,18,15
153269,Drake University,2016,0,2,8,21,14,20,14,30,0,0,264,355,4,20,1,1,9,2
153278,University of Dubuque,2016,0,0,3,1,81,33,39,11,0,0,121,89,13,5,13,5,21,0
153302,Emmaus Bible College,2016,1,0,0,0,1,0,3,2,0,0,21,36,0,0,0,1,0,0
153320,Faith Baptist Bible College and Theological Seminary,2016,0,0,0,2,0,0,0,0,0,0,29,37,1,1,0,3,0,1
153366,Graceland University-Lamoni,2016,0,0,2,1,28,9,31,8,2,0,60,86,6,4,8,8,3,1
153375,Grand View University,2016,2,1,0,4,24,7,5,9,2,0,95,119,12,15,10,16,9,6
153384,Grinnell College,2016,0,0,14,17,9,11,13,19,0,0,94,100,7,7,16,9,43,54
153427,Orion Technical College,2016,0,0,1,0,5,1,8,5,0,0,35,21,0,0,0,0,0,0
153603,Iowa State University,2016,5,4,150,73,80,69,187,175,3,1,2616,1961,75,84,188,146,225,103
153658,University of Iowa,2016,4,7,106,126,78,93,175,250,1,4,1714,2112,78,114,20,15,187,140
153825,Loras College,2016,0,0,0,2,9,2,16,11,0,0,149,117,6,3,3,6,1,3
153834,Luther College,2016,3,0,4,2,8,5,15,15,0,0,183,234,4,7,0,0,26,14
153861,Maharishi International University,2016,0,0,0,1,2,2,1,1,0,0,5,4,1,0,1,0,0,2
153977,Mercy College of Health Sciences,2016,0,0,0,0,0,0,0,2,0,0,6,18,0,1,0,0,0,0
154004,Morningside University,2016,2,0,1,2,3,4,11,9,0,1,112,152,9,7,6,3,15,3
154013,Mount Mercy University,2016,0,2,2,1,5,9,1,4,0,0,51,132,1,4,6,5,9,5
154022,Ashford University,2016,3,8,2,3,71,155,20,63,1,3,87,268,4,31,4,8,0,0
154095,University of Northern Iowa,2016,4,9,11,14,27,28,36,43,1,1,630,995,25,17,40,65,9,7
154101,Northwestern College,2016,0,1,0,2,6,1,8,4,0,0,105,123,3,3,7,9,5,4
154174,Palmer College of Chiropractic,2016,0,0,0,0,0,0,0,0,0,0,0,1,0,0,0,0,0,0
154235,Saint Ambrose University,2016,1,0,0,3,18,10,20,27,0,0,140,190,8,4,4,13,15,0
154262,St Luke's College,2016,0,0,0,0,0,0,0,0,0,0,0,3,0,0,0,0,0,0
154350,Simpson College,2016,0,0,2,1,7,6,12,21,0,1,129,152,4,5,1,7,0,0
154493,Upper Iowa University,2016,0,0,1,0,30,17,11,10,1,0,67,64,6,0,1,1,2,3
154518,Waldorf University,2016,2,1,1,0,19,5,12,3,0,0,29,28,5,2,18,6,1,0
154527,Wartburg College,2016,0,0,3,4,20,8,10,16,0,0,143,181,11,6,2,5,18,18
154590,William Penn University,2016,1,3,3,3,55,14,15,7,4,0,67,40,4,0,5,4,7,1
154688,Baker University,2016,2,3,0,1,16,10,15,18,1,1,77,78,8,3,3,2,0,0
154712,Benedictine College,2016,0,1,1,4,15,3,25,23,3,0,176,214,2,2,21,26,1,0
154721,Bethany College,2016,1,3,1,1,26,8,28,10,2,2,69,40,2,2,0,0,14,3
154749,Bethel College-North Newton,2016,1,0,0,1,12,1,4,2,1,0,28,47,4,0,0,0,0,0
154855,Central Christian College of Kansas,2016,0,0,0,1,10,3,17,15,0,0,26,24,1,1,0,1,0,0
155007,Donnelly College,2016,0,0,2,7,3,9,12,38,0,2,1,3,1,4,0,0,0,0
155025,Emporia State University,2016,1,0,1,4,23,25,12,29,1,0,162,312,15,41,4,5,15,13
155061,Fort Hays State University,2016,3,4,2,5,19,10,57,52,0,0,310,421,21,16,4,4,2,1
155070,Barclay College,2016,0,0,0,0,3,0,2,1,0,0,10,16,1,1,0,0,1,1
155089,Friends University,2016,2,1,0,1,9,5,9,3,0,0,43,66,4,4,9,6,1,0
155140,Haskell Indian Nations University,2016,72,104,0,0,0,0,0,0,0,0,0,0,0,0,0,0,0,0
155177,Hesston College,2016,0,0,0,1,5,4,9,5,0,0,43,48,4,3,1,0,12,4
155283,Concorde Career College-Kansas City,2016,0,1,0,3,1,55,1,7,0,0,12,52,0,2,0,0,0,0
155308,Kansas Christian College,2016,0,0,0,0,4,1,1,1,0,0,4,2,0,1,16,3,0,2
155317,University of Kansas,2016,4,10,80,107,88,94,174,192,1,0,1365,1668,99,112,10,6,64,56
155335,Newman University,2016,1,2,4,8,4,6,9,24,0,0,35,66,4,3,0,0,8,6
155399,Kansas State University,2016,10,7,21,32,55,55,135,119,4,3,1417,1405,75,78,8,14,63,30
155414,Kansas Wesleyan University,2016,2,0,1,0,22,4,10,16,0,0,47,56,0,1,2,0,3,1
155496,Manhattan Christian College,2016,0,0,0,0,1,0,2,1,0,0,12,11,1,0,17,14,0,1
155511,McPherson College,2016,0,4,3,0,17,9,14,6,0,0,85,49,0,0,8,0,0,0
155520,MidAmerica Nazarene University,2016,4,0,0,1,29,5,0,0,1,0,38,65,8,3,12,13,0,0
155627,Ottawa University-Ottawa,2016,2,1,0,0,8,8,10,5,1,0,87,54,6,3,3,2,0,0
155681,Pittsburg State University,2016,5,2,3,2,28,16,33,27,0,0,397,417,36,34,0,1,4,2
155812,University of Saint Mary,2016,0,0,2,1,3,2,18,7,1,0,41,33,8,5,0,1,0,0
155900,Southwestern College,2016,4,3,2,0,31,6,14,6,0,0,38,45,11,1,7,3,10,1
155937,Sterling College,2016,6,2,1,1,20,2,3,4,0,0,40,49,0,0,0,0,0,0
155973,Tabor College,2016,3,0,0,0,11,0,8,8,0,0,46,47,4,2,1,0,6,0
156082,Washburn University,2016,1,6,3,6,33,15,41,60,0,2,216,368,11,29,14,19,20,5
156125,Wichita State University,2016,1,5,65,50,38,53,68,103,0,2,404,468,36,45,9,5,50,44
156189,Alice Lloyd College,2016,0,0,0,0,0,1,4,0,0,0,59,87,0,0,2,2,1,0
156213,Asbury University,2016,0,0,0,4,7,0,3,4,0,0,102,156,1,3,6,6,8,6
156286,Bellarmine University,2016,2,2,6,5,12,18,8,21,0,1,181,288,6,16,21,41,2,4
156295,Berea College,2016,0,0,5,7,17,47,18,32,0,0,114,110,12,24,2,1,13,16
156356,Brescia University,2016,0,0,0,0,5,6,0,5,1,0,42,49,0,0,4,6,5,0
156365,Campbellsville University,2016,2,1,1,3,59,26,7,11,0,0,153,235,8,9,4,2,40,21
156408,Centre College,2016,3,1,5,14,9,13,8,16,0,0,151,144,5,6,0,0,12,13
156417,Clear Creek Baptist Bible College,2016,0,0,0,0,0,0,0,0,0,0,3,1,0,0,0,0,0,0
156471,Galen College of Nursing-Louisville,2016,0,0,1,1,0,3,0,1,1,0,3,13,0,2,0,0,0,0
156541,University of the Cumberlands,2016,1,1,1,1,30,2,3,6,0,1,153,180,7,3,4,1,10,5
156620,Eastern Kentucky University,2016,1,4,2,6,69,90,35,37,3,0,930,1248,38,57,12,13,16,1
156745,Georgetown College,2016,1,1,1,1,17,11,0,1,0,0,91,150,4,4,10,5,0,0
157030,Kentucky Mountain Bible College,2016,0,0,0,0,1,0,0,0,0,0,8,9,0,0,0,0,0,0
157058,Kentucky State University,2016,0,1,0,1,68,64,3,3,0,0,22,20,1,6,2,2,1,0
157076,Kentucky Wesleyan College,2016,0,0,2,2,25,8,2,3,0,0,69,68,0,0,4,11,0,0
157085,University of Kentucky,2016,4,4,59,68,200,276,100,144,1,0,1562,2198,86,121,75,84,49,20
157100,Kentucky Christian University,2016,1,0,0,0,25,0,5,1,0,0,51,51,2,2,3,5,1,1
157216,Lindsey Wilson College,2016,1,2,3,0,48,17,3,2,0,0,123,164,5,4,46,74,0,0
157289,University of Louisville,2016,3,0,50,54,97,196,52,64,1,0,994,1033,76,97,1,0,16,12
157377,Midway University,2016,0,0,0,2,9,9,2,4,0,0,21,68,3,5,0,2,2,2
157386,Morehead State University,2016,2,1,1,3,30,21,7,16,0,2,432,760,13,18,3,3,23,1
157401,Murray State University,2016,1,3,6,7,45,43,15,15,0,0,478,769,14,33,13,21,18,16
157447,Northern Kentucky University,2016,1,2,10,17,55,109,34,55,0,1,731,954,26,39,4,7,30,31
157535,University of Pikeville,2016,0,0,0,2,35,8,3,1,0,0,136,139,0,0,0,0,4,0
157748,The Southern Baptist Theological Seminary,2016,1,0,2,1,5,3,8,1,0,0,72,45,0,0,1,2,0,0
157757,Spalding University,2016,0,1,1,1,16,12,2,3,0,0,27,77,4,6,0,1,0,0
157793,Sullivan University,2016,0,0,1,1,18,28,0,0,1,0,50,74,5,15,17,33,0,0
157809,Thomas More University,2016,1,0,4,2,22,10,8,5,1,1,178,150,13,11,4,4,0,0
157818,Transylvania University,2016,0,0,0,4,5,6,4,2,0,0,75,131,7,0,2,3,2,1
157863,Union College,2016,0,0,0,0,43,13,7,2,0,0,94,85,8,5,1,0,5,1
157951,Western Kentucky University,2016,1,11,15,22,170,239,49,56,1,3,959,1408,54,72,2,6,46,17
158477,Centenary College of Louisiana,2016,1,0,0,4,7,14,8,6,0,0,35,49,2,3,0,0,0,1
158802,Dillard University,2016,0,0,0,0,67,233,0,2,0,1,1,8,0,1,16,29,0,0
159009,Grambling State University,2016,2,0,0,0,334,470,7,7,0,1,2,1,4,10,0,1,4,3
159382,Louisiana State University-Alexandria,2016,13,26,2,2,40,44,3,3,0,0,112,208,5,7,3,3,8,4
159391,Louisiana State University and Agricultural & Mechanical College,2016,6,12,129,87,277,459,155,193,3,4,1763,2211,24,47,19,23,35,23
159416,Louisiana State University-Shreveport,2016,0,1,3,4,14,28,6,8,0,0,68,70,8,7,13,18,1,3
159568,Louisiana Christian University,2016,0,1,2,0,52,32,3,1,0,0,76,76,2,2,0,0,1,0
159647,Louisiana Tech University,2016,6,5,18,10,148,125,33,37,0,0,810,621,36,21,74,49,10,10
159656,Loyola University New Orleans,2016,0,2,8,10,26,57,45,65,0,0,126,200,8,25,12,17,6,5
159717,McNeese State University,2016,2,2,10,6,73,150,19,29,0,0,339,492,17,35,0,0,44,19
159939,University of New Orleans,2016,1,4,34,35,90,110,58,74,0,0,171,204,16,25,3,4,13,8
159948,New Orleans Baptist Theological Seminary,2016,0,0,0,0,5,2,0,0,0,0,14,9,0,0,34,4,1,1
159966,Nicholls State University,2016,8,10,1,5,77,165,18,31,0,0,279,438,9,21,3,1,6,6
159993,University of Louisiana at Monroe,2016,1,4,8,15,108,206,14,16,1,0,286,545,11,15,14,31,40,28
160038,Northwestern State University of Louisiana,2016,5,21,1,5,127,261,40,76,1,0,218,473,23,29,4,6,1,15
160065,University of Holy Cross,2016,0,0,0,0,1,0,0,1,0,0,1,3,0,0,16,66,0,0
160074,Franciscan Missionaries of Our Lady University,2016,0,1,5,0,0,7,0,0,0,0,9,49,0,0,1,3,0,0
160409,Saint Joseph Seminary College,2016,0,0,1,0,0,0,7,0,0,0,20,0,0,0,0,0,0,0
160612,Southeastern Louisiana University,2016,3,4,8,8,152,279,67,73,1,0,479,774,38,51,24,17,21,12
160621,Southern University and A & M College,2016,0,0,2,1,382,608,3,3,0,0,11,11,24,13,3,2,1,2
160630,Southern University at New Orleans,2016,0,0,1,0,34,69,0,0,0,0,1,0,0,0,10,18,0,2
160658,University of Louisiana at Lafayette,2016,3,2,25,36,234,369,117,124,1,0,822,1010,32,39,86,103,8,4
160755,Tulane University of Louisiana,2016,0,1,37,66,37,42,45,63,2,1,583,827,26,33,6,8,35,44
160904,Xavier University of Louisiana,2016,0,0,19,26,146,473,10,17,0,1,7,17,6,24,3,3,2,6
160959,College of the Atlantic,2016,0,0,0,0,0,1,1,7,0,0,10,38,0,2,0,0,4,16
160977,Bates College,2016,0,0,11,9,10,11,25,30,0,0,165,178,10,14,0,0,15,20
161004,Bowdoin College,2016,2,0,12,11,17,23,25,29,1,0,156,161,15,21,3,3,10,14
161022,Maine College of Health Professions,2016,0,0,0,0,0,0,0,0,0,0,0,6,0,0,0,0,0,0
161086,Colby College,2016,1,1,11,20,13,13,17,23,0,1,150,171,9,15,4,5,30,26
161217,University of Maine at Augusta,2016,0,1,1,1,3,3,1,0,0,0,58,94,3,1,4,3,0,0
161226,University of Maine at Farmington,2016,1,0,1,3,5,5,5,1,0,0,129,259,6,6,6,6,2,0
161235,University of Maine at Fort Kent,2016,0,0,0,0,0,2,3,2,0,1,46,81,3,4,1,1,11,7
161253,University of Maine,2016,8,8,19,18,29,15,52,50,0,0,1004,858,30,29,21,17,19,22
161299,Maine Maritime Academy,2016,0,0,2,0,5,0,4,1,0,0,180,38,0,0,12,4,0,0
161341,University of Maine at Presque Isle,2016,2,4,0,0,4,0,0,1,0,0,45,96,5,2,2,1,2,3
161457,University of New England,2016,0,2,11,22,2,4,0,1,0,0,178,460,2,13,7,13,2,2
161509,Maine College of Art & Design,2016,0,3,1,4,1,3,1,7,0,0,17,69,0,3,2,9,0,0
161518,Saint Joseph's College of Maine,2016,2,2,2,2,4,3,7,2,0,1,82,138,0,0,6,15,0,0
161554,University of Southern Maine,2016,2,9,6,17,19,24,13,18,1,1,242,358,11,19,4,7,10,6
161563,Thomas College,2016,1,0,1,0,5,7,2,1,0,0,106,121,6,3,6,8,7,3
161572,Unity Environmental University,2016,3,2,1,1,1,0,3,2,0,0,106,78,0,6,6,6,0,0
161873,University of Baltimore,2016,2,0,4,4,36,45,0,3,0,1,10,11,1,7,9,5,0,0
162007,Bowie State University,2016,0,0,5,3,344,504,13,27,0,0,2,2,7,30,5,10,2,4
162061,Capitol Technology University,2016,0,0,3,1,21,5,7,0,0,0,32,1,4,0,17,2,0,1
162210,Washington Adventist University,2016,0,0,7,3,2,26,10,9,0,0,2,2,1,3,2,3,3,5
162283,Coppin State University,2016,0,2,0,3,59,225,1,4,0,0,6,3,6,5,1,4,23,41
162584,Frostburg State University,2016,0,2,11,8,144,152,27,31,0,0,215,186,23,20,1,2,5,2
162654,Goucher College,2016,0,0,4,14,26,43,12,36,0,1,76,163,4,16,10,22,6,7
162760,Hood College,2016,0,0,2,4,15,36,13,13,0,0,49,64,4,11,1,4,1,2
162928,Johns Hopkins University,2016,1,2,169,201,25,59,97,93,3,2,248,202,26,37,43,36,51,73
163046,Loyola University Maryland,2016,2,2,13,24,15,26,47,65,0,1,363,491,19,17,1,0,5,4
163204,University of Maryland Global Campus,2016,0,1,11,8,31,43,17,23,1,5,37,46,19,19,9,11,1,4
163268,University of Maryland-Baltimore County,2016,2,0,188,175,121,90,68,40,0,0,466,219,39,37,10,10,26,27
163286,University of Maryland-College Park,2016,3,2,512,435,241,392,224,266,0,1,1654,1439,125,127,43,42,111,86
163295,Maryland Institute College of Art,2016,0,0,9,31,9,13,9,28,0,0,34,108,6,16,0,1,21,66
163338,University of Maryland Eastern Shore,2016,1,1,5,2,219,354,15,18,0,0,21,20,8,19,0,0,2,13
163453,Morgan State University,2016,0,1,8,3,329,444,19,26,0,0,3,3,9,18,29,32,169,30
163462,Mount St. Mary's University,2016,1,0,8,7,27,33,13,31,1,0,127,137,12,8,3,2,4,3
163532,Ner Israel Rabbinical College,2016,0,0,0,0,0,0,0,0,0,0,35,0,0,0,0,0,0,0
163578,Notre Dame of Maryland University,2016,0,1,0,14,0,23,0,13,0,0,0,39,0,0,0,0,0,3
163851,Salisbury University,2016,5,9,25,36,50,99,28,33,1,2,401,567,8,20,17,20,5,2
163912,St. Mary's College of Maryland,2016,1,1,7,12,13,14,15,17,0,0,88,132,7,13,5,8,1,0
163976,St. John's College,2016,0,0,1,3,0,3,2,2,0,0,47,30,2,2,0,0,15,20
164076,Towson University,2016,2,3,74,110,166,332,87,152,0,3,591,964,53,113,26,41,18,15
164155,United States Naval Academy,2016,4,0,53,30,55,21,89,40,3,2,555,193,69,33,11,4,13,4
164173,Stevenson University,2016,0,1,6,22,72,145,13,33,1,0,152,269,15,28,9,8,4,0
164216,Washington College,2016,0,0,6,8,23,25,15,13,1,0,118,164,0,1,2,8,17,9
164270,McDaniel College,2016,1,0,6,7,33,32,15,13,0,0,136,125,3,7,4,5,1,0
164368,Hult International Business School,2016,0,0,2,2,1,0,2,2,0,0,1,0,2,0,2,4,66,41
164447,American International College,2016,1,2,0,2,48,53,14,27,3,4,50,50,1,1,28,19,10,7
164465,Amherst College,2016,2,1,22,51,24,29,33,35,0,0,108,93,15,10,4,6,29,9
164492,Anna Maria College,2016,1,3,0,0,30,16,16,26,0,0,32,89,0,0,2,3,0,0
164562,Assumption University,2016,0,0,6,11,21,7,19,22,1,0,178,259,5,3,13,16,11,5
164580,Babson College,2016,0,0,31,32,21,17,43,26,0,0,113,92,9,5,16,15,78,90
164614,Boston Baptist College,2016,0,0,0,0,1,0,1,0,0,0,4,3,0,0,0,0,0,0
164632,Bay Path University,2016,0,1,0,7,0,14,0,26,0,0,0,88,0,2,0,13,0,2
164739,Bentley University,2016,0,0,46,43,17,16,41,28,1,1,388,251,14,12,31,22,67,63
164748,Berklee College of Music,2016,1,0,21,19,42,22,50,48,0,0,257,180,20,23,112,72,213,150
164872,Boston Architectural College,2016,0,0,1,0,2,2,0,0,0,0,2,0,1,0,0,1,3,10
164924,Boston College,2016,0,1,122,118,22,40,102,149,1,0,616,757,22,38,50,49,73,80
164988,Boston University,2016,1,0,220,338,30,96,137,234,1,3,520,845,50,84,54,103,394,441
165015,Brandeis University,2016,0,0,38,70,8,31,37,44,0,1,175,220,11,22,13,16,59,96
165024,Bridgewater State University,2016,1,3,19,12,62,85,59,64,0,2,394,599,29,35,5,8,4,0
165167,Cambridge College,2016,0,0,0,0,0,0,0,0,0,0,1,1,0,0,0,0,4,3
165264,Laboure College of Healthcare,2016,0,0,0,0,0,0,0,0,0,0,0,1,0,0,0,0,0,0
165334,Clark University,2016,0,0,14,32,9,15,9,30,0,0,138,188,4,11,15,12,30,36
165529,Curry College,2016,0,0,10,13,41,39,32,34,3,0,211,241,7,11,14,13,6,1
165574,Dean College,2016,2,0,1,4,61,24,28,18,0,0,92,129,22,12,6,0,19,18
165644,Eastern Nazarene College,2016,0,0,4,3,12,11,10,18,0,0,49,40,5,2,4,3,3,2
165662,Emerson College,2016,0,1,11,34,12,19,34,66,0,1,227,366,12,13,8,7,20,50
165671,Emmanuel College,2016,0,0,4,22,8,28,20,59,0,0,113,287,8,16,6,16,2,7
165699,Endicott College,2016,0,2,5,4,7,4,11,14,1,0,230,372,4,11,12,23,9,4
165802,Fisher College,2016,0,0,2,0,17,14,9,13,0,0,14,28,2,4,50,82,20,6
165820,Fitchburg State University,2016,1,0,8,7,34,37,39,47,0,0,266,273,14,23,5,2,2,1
165866,Framingham State University,2016,1,0,6,10,55,59,53,62,0,0,185,276,10,16,3,1,1,1
165884,Benjamin Franklin Cummings Institute of Technology,2016,1,0,13,1,54,11,51,5,3,0,43,2,10,2,2,0,0,0
165936,Gordon College,2016,1,0,8,17,9,15,13,20,0,0,105,178,4,14,0,0,15,23
166018,Hampshire College,2016,0,0,2,8,10,12,10,25,0,0,70,128,9,8,14,6,10,8
166027,Harvard University,2016,5,3,157,197,55,77,99,88,0,0,379,261,53,67,14,11,104,89
166054,Hellenic College-Holy Cross Greek Orthodox School of Theology,2016,1,0,0,0,0,0,0,1,0,0,7,4,0,0,0,0,0,0
166124,College of the Holy Cross,2016,0,0,10,21,19,24,28,53,1,0,272,256,11,14,13,22,8,12
166391,Lasell University,2016,0,0,3,8,11,15,17,32,0,0,84,230,2,4,4,7,14,6
166452,Lesley University,2016,0,0,3,11,3,10,10,42,0,0,62,178,3,20,2,7,0,6
166513,University of Massachusetts-Lowell,2016,0,0,98,85,36,31,82,78,0,0,713,417,40,27,17,17,24,13
166629,University of Massachusetts-Amherst,2016,2,2,300,283,80,97,123,157,1,1,1478,1374,64,68,132,132,234,144
166638,University of Massachusetts-Boston,2016,1,3,138,115,79,136,119,154,0,1,242,277,19,31,24,14,119,71
166656,MCPHS University,2016,0,0,61,125,12,50,17,50,0,0,74,235,5,15,6,24,54,67
166674,Massachusetts College of Art and Design,2016,0,2,5,28,4,13,14,32,0,0,59,179,1,4,5,9,6,13
166683,Massachusetts Institute of Technology,2016,1,0,117,195,49,21,110,48,0,0,201,156,47,43,11,10,63,38
166692,Massachusetts Maritime Academy,2016,0,0,4,1,5,0,15,1,0,0,305,42,5,0,19,1,4,0
166850,Merrimack College,2016,0,1,10,13,26,14,44,37,1,0,382,397,8,7,26,16,12,10
166911,Montserrat College of Art,2016,0,0,1,0,3,1,0,6,0,0,5,13,0,3,15,44,0,0
166939,Mount Holyoke College,2016,0,0,0,63,0,27,0,38,0,0,0,279,0,22,0,4,0,136
167057,The New England Conservatory of Music,2016,0,0,2,5,5,1,6,0,0,0,28,17,4,1,4,1,23,24
167260,Nichols College,2016,0,0,1,2,30,9,19,11,0,0,165,102,3,3,0,0,5,1
167288,Massachusetts College of Liberal Arts,2016,2,0,3,7,14,22,8,21,0,0,89,143,2,4,3,6,1,0
167358,Northeastern University,2016,1,1,173,232,42,86,85,98,0,0,641,600,60,79,102,55,216,205
167394,College of Our Lady of the Elms,2016,0,0,1,2,7,3,7,24,0,0,28,82,0,0,3,6,0,0
167598,Regis College,2016,0,0,1,6,10,43,11,24,0,0,22,106,1,6,4,12,0,2
167729,Salem State University,2016,0,1,13,27,38,67,51,151,0,0,260,457,10,24,6,6,11,8
167783,Simmons University,2016,0,0,0,43,0,31,0,38,0,0,0,297,0,26,0,6,0,13
167792,Bard College at Simon's Rock,2016,0,2,6,7,1,4,0,1,0,0,32,58,1,1,6,9,10,7
167835,Smith College,2016,0,0,0,61,0,49,0,72,0,2,0,308,0,34,0,37,0,91
167899,Springfield College,2016,2,1,3,3,32,11,21,24,0,0,209,211,9,4,4,1,5,1
167987,University of Massachusetts-Dartmouth,2016,1,0,27,32,102,154,87,84,0,0,441,327,30,36,13,8,10,6
167996,Stonehill College,2016,0,0,4,9,13,12,17,24,0,1,254,367,8,9,5,4,3,2
168005,Suffolk University,2016,0,0,38,51,33,45,71,88,1,0,256,362,11,20,15,30,88,70
168148,Tufts University,2016,0,0,86,93,32,32,55,34,0,0,360,373,30,41,22,26,80,72
168218,Wellesley College,2016,0,0,0,107,0,27,0,68,0,0,0,189,0,40,0,80,0,80
168227,Wentworth Institute of Technology,2016,0,0,57,17,20,10,38,6,0,1,523,116,52,16,41,8,45,12
168254,Western New England University,2016,0,1,8,7,29,15,37,27,0,1,345,209,13,7,10,6,4,3
168263,Westfield State University,2016,1,0,5,8,27,27,43,60,0,0,344,464,30,33,11,8,3,1
168281,Wheaton College (Massachusetts),2016,0,1,12,15,9,15,13,25,0,1,128,221,8,10,6,5,29,30
168342,Williams College,2016,0,0,36,38,23,20,30,42,0,0,163,134,13,13,0,0,23,18
168421,Worcester Polytechnic Institute,2016,6,1,13,14,24,12,51,52,0,0,487,228,13,3,68,47,72,29
168430,Worcester State University,2016,1,0,8,13,21,28,42,54,0,0,199,357,13,15,10,17,2,2
168528,Adrian College,2016,1,0,2,1,27,9,16,12,0,1,152,152,13,14,59,31,0,0
168546,Albion College,2016,2,0,2,11,39,22,16,30,0,0,116,121,4,6,14,10,2,7
168591,Alma College,2016,2,0,5,2,9,8,18,13,0,0,148,167,9,10,24,31,1,0
168607,Alpena Community College,2016,2,1,0,2,5,0,1,2,0,0,179,112,0,0,2,2,0,0
168740,Andrews University,2016,2,0,30,20,20,37,16,34,0,0,39,36,10,14,1,7,10,20
168786,Aquinas College,2016,0,1,0,1,9,9,9,11,0,0,73,121,3,8,16,27,4,4
168847,Baker College,2016,1,6,5,8,51,135,36,49,0,0,520,713,32,72,1,1,0,0
169080,Calvin University,2016,0,1,20,26,5,14,15,24,0,0,309,341,14,13,2,9,60,51
169248,Central Michigan University,2016,11,12,16,26,135,197,78,117,2,5,1122,1533,77,102,12,9,7,14
169327,Cleary University,2016,0,1,0,1,0,0,1,0,0,0,21,19,0,0,5,4,1,0
169363,Concordia University Ann Arbor,2016,0,1,0,1,18,5,0,0,0,1,80,73,8,4,4,2,1,1
169442,College for Creative Studies,2016,0,0,11,12,16,9,3,8,0,0,52,88,5,7,7,30,5,3
169479,Davenport University,2016,2,1,6,7,37,12,9,3,2,0,201,200,16,12,13,15,14,2
169716,University of Detroit Mercy,2016,0,0,21,16,13,39,16,22,0,1,119,201,6,9,15,22,8,13
169798,Eastern Michigan University,2016,3,3,22,34,247,413,68,98,2,0,654,934,31,63,50,126,17,19
169910,Ferris State University,2016,3,4,14,20,77,83,50,58,0,1,653,714,36,48,6,8,15,9
169983,Kettering University,2016,2,1,9,5,2,3,12,4,0,0,219,54,8,1,22,2,16,3
170000,Grace Christian University,2016,2,1,1,1,6,13,3,6,0,0,35,42,5,4,6,3,1,0
170037,Cornerstone University,2016,0,0,1,7,11,10,2,6,0,1,83,136,1,1,0,0,5,8
170082,Grand Valley State University,2016,4,9,48,68,88,130,100,163,1,1,1365,2126,55,89,5,2,20,11
170091,Great Lakes Christian College,2016,0,0,0,0,2,2,0,0,0,0,9,8,1,0,1,0,0,2
170240,Henry Ford College,2016,3,1,18,15,147,157,21,27,0,1,405,371,29,34,91,86,22,8
170286,Hillsdale College,2016,0,0,0,0,0,0,0,0,0,0,0,0,0,0,178,186,0,0
170301,Hope College,2016,0,0,7,8,11,9,29,44,0,0,218,359,3,14,2,0,9,9
170444,Jackson College,2016,1,2,9,7,94,92,17,29,0,0,187,199,13,16,12,23,1,0
170532,Kalamazoo College,2016,0,0,10,18,9,14,15,29,0,0,98,100,2,9,11,5,15,12
170639,Lake Superior State University,2016,8,14,2,1,2,5,2,4,0,0,158,173,0,0,2,3,6,4
170675,Lawrence Technological University,2016,0,0,5,2,15,10,11,5,0,0,204,74,0,0,10,4,17,9
170806,Madonna University,2016,0,0,0,4,36,10,6,5,0,0,56,66,5,2,3,12,3,4
170967,Rochester University,2016,0,0,0,1,13,14,0,0,0,0,41,44,1,6,2,6,29,19
170976,University of Michigan-Ann Arbor,2016,3,2,568,508,129,164,218,210,2,2,1946,2167,165,161,52,58,174,146
171100,Michigan State University,2016,9,6,222,225,229,382,142,199,1,6,2445,2759,108,157,20,25,642,428
171128,Michigan Technological University,2016,6,1,14,8,7,1,34,8,1,1,904,316,24,17,12,5,15,5
171137,University of Michigan-Dearborn,2016,1,3,78,33,35,45,23,32,0,2,394,319,28,16,9,17,5,1
171146,University of Michigan-Flint,2016,2,0,8,8,32,67,12,16,0,0,186,223,6,17,6,5,13,4
171456,Northern Michigan University,2016,12,5,4,3,18,18,24,28,0,0,549,582,32,34,3,4,14,5
171483,Northwestern Michigan College,2016,6,2,0,3,5,2,8,8,0,0,186,164,7,11,8,6,2,2
171492,Northwood University,2016,1,0,2,1,21,4,4,8,0,0,136,81,3,1,31,15,12,2
171571,Oakland University,2016,2,4,60,61,63,169,50,61,1,2,802,1083,26,54,36,33,13,20
171599,The University of Olivet,2016,1,0,1,0,45,29,5,7,0,0,134,94,18,7,4,3,1,1
171881,Kuyper College,2016,0,1,2,0,2,1,0,1,0,0,5,15,2,1,0,0,3,1
172033,Sacred Heart Major Seminary,2016,0,0,0,0,0,0,0,0,0,0,0,0,0,0,3,0,1,0
172051,Saginaw Valley State University,2016,3,1,2,3,53,49,16,40,0,0,378,634,15,42,26,31,37,16
172200,Schoolcraft Community College District,2016,3,2,6,16,49,62,27,19,0,0,326,275,16,16,19,33,14,15
172264,Siena Heights University,2016,0,1,0,0,40,19,11,17,0,0,81,105,5,5,1,3,3,2
172334,Spring Arbor University,2016,0,0,1,4,16,8,3,7,0,0,83,149,6,10,6,8,2,2
172644,Wayne State University,2016,2,1,160,166,110,162,65,90,0,1,606,784,43,70,31,49,23,35
172699,Western Michigan University,2016,5,6,21,27,188,354,74,103,1,0,976,932,54,88,5,5,33,19
172866,Academy College,2016,0,0,0,0,0,0,0,0,0,0,1,0,0,0,0,0,0,0
173045,Augsburg University,2016,1,2,20,23,37,41,23,21,0,0,92,93,8,14,40,41,9,9
173124,Bemidji State University,2016,7,9,4,2,9,2,9,13,1,0,319,352,20,16,6,6,8,12
173142,Bethany Lutheran College,2016,0,0,0,1,1,0,6,1,1,0,41,74,1,2,1,1,6,2
173160,Bethel University,2016,0,3,2,15,3,12,10,11,3,1,137,197,11,10,45,97,0,0
173258,Carleton College,2016,0,0,28,20,12,19,26,24,0,0,173,162,22,20,7,5,23,26
173300,Concordia College at Moorhead,2016,3,3,4,3,6,5,11,6,0,0,195,250,8,8,8,10,13,12
173328,Concordia University-Saint Paul,2016,0,0,21,21,27,11,3,5,0,0,57,77,5,8,1,1,3,4
173452,Martin Luther College,2016,0,1,1,2,1,0,2,3,0,0,91,89,1,0,1,0,3,1
173647,Gustavus Adolphus College,2016,0,1,10,18,8,15,17,18,0,0,180,219,13,12,2,3,18,7
173665,Hamline University,2016,0,1,22,30,12,25,27,29,0,0,119,236,12,24,3,4,0,3
173902,Macalester College,2016,0,2,20,22,7,10,14,23,1,0,128,178,5,18,0,2,37,39
173920,Minnesota State University-Mankato,2016,1,5,37,53,50,58,46,78,1,1,761,1076,42,63,7,9,96,40
174020,Metropolitan State University,2016,0,0,18,19,9,14,2,0,0,0,4,8,0,1,0,0,4,1
174066,University of Minnesota-Twin Cities,2016,4,12,272,355,76,120,97,126,3,2,1925,2241,109,128,24,24,194,148
174075,University of Minnesota-Crookston,2016,2,1,0,1,9,3,2,5,0,0,78,75,5,4,3,2,9,2
174127,Minneapolis College of Art and Design,2016,0,0,3,9,0,4,2,13,0,0,32,87,2,5,0,2,0,4
174154,Herzing University-Minneapolis,2016,0,2,2,1,3,5,0,0,0,0,0,14,0,0,1,3,0,0
174233,University of Minnesota-Duluth,2016,7,7,36,52,28,23,43,31,3,1,941,835,38,32,6,10,14,16
174251,University of Minnesota-Morris,2016,6,19,5,4,3,5,10,12,0,0,106,137,17,34,2,1,8,6
174358,Minnesota State University Moorhead,2016,3,0,4,2,12,4,17,21,0,0,243,422,14,27,7,3,42,35
174437,North Central University,2016,1,1,1,2,3,8,9,10,0,0,59,91,3,2,12,15,1,0
174491,University of Northwestern-St Paul,2016,1,1,6,11,9,5,8,10,0,2,130,205,5,8,2,4,0,0
174507,Northwestern Health Sciences University,2016,0,0,0,0,0,0,0,0,0,0,0,0,0,0,0,2,0,0
174525,Oak Hills Christian College,2016,0,0,0,0,3,0,1,0,0,0,6,7,1,1,0,0,0,0
174747,College of Saint Benedict,2016,0,4,0,30,0,16,0,44,0,1,0,394,0,0,0,0,0,14
174783,Saint Cloud State University,2016,2,5,68,75,56,56,42,42,1,0,468,669,22,34,6,7,122,62
174792,Saint Johns University,2016,1,0,13,0,28,0,45,0,1,0,360,0,0,0,0,0,13,0
174817,Saint Mary's University of Minnesota,2016,1,1,0,4,4,7,5,11,0,0,92,110,0,3,17,16,8,4
174844,St Olaf College,2016,0,0,13,30,10,8,30,37,0,0,277,316,11,12,0,5,32,43
174862,Crown College,2016,1,0,3,4,10,6,9,4,0,0,45,58,3,2,1,1,1,3
174899,The College of Saint Scholastica,2016,3,3,2,9,0,5,6,15,0,1,133,240,8,5,0,0,15,3
174914,University of St Thomas,2016,0,3,25,30,20,10,21,24,0,0,589,540,20,22,7,9,21,7
175005,St Catherine University,2016,0,0,0,51,0,60,1,50,0,1,1,224,0,20,0,10,0,2
175014,Rasmussen University-Minnesota,2016,1,2,0,5,7,13,0,0,0,0,19,80,0,0,8,31,0,0
175078,Southwest Minnesota State University,2016,2,0,4,6,22,16,7,12,1,0,129,181,10,10,6,7,44,24
175227,Dunwoody College of Technology,2016,1,0,10,2,12,3,10,6,1,0,133,20,11,1,10,0,0,0
175272,Winona State University,2016,1,4,8,31,22,16,22,42,0,0,411,930,15,29,3,5,13,11
175342,Alcorn State University,2016,1,0,0,1,168,325,1,2,0,1,2,4,2,4,0,0,7,7
175421,Belhaven University,2016,1,0,0,3,43,29,9,8,0,0,44,62,5,4,5,9,2,2
175430,Blue Mountain Christian University,2016,2,1,0,0,5,5,3,0,0,0,50,38,0,2,0,0,3,0
175616,Delta State University,2016,0,0,1,1,36,62,3,4,0,0,89,125,4,3,0,0,4,11
175856,Jackson State University,2016,1,2,0,2,478,722,9,6,0,0,8,19,4,14,0,0,12,4
175980,Millsaps College,2016,1,0,2,0,24,27,9,4,0,0,87,77,0,0,6,2,9,4
176017,University of Mississippi,2016,6,8,27,31,159,277,55,101,0,2,1360,1740,41,46,0,0,28,14
176035,Mississippi University for Women,2016,0,2,0,1,11,82,0,1,0,0,18,76,0,0,0,0,50,48
176044,Mississippi Valley State University,2016,0,1,1,1,162,160,3,1,1,0,8,3,3,1,18,27,0,0
176053,Mississippi College,2016,0,2,5,8,45,50,7,11,2,0,168,250,0,0,0,0,16,6
176080,Mississippi State University,2016,5,16,25,23,367,468,55,53,2,2,1183,1308,24,41,12,4,18,13
176318,Rust College,2016,0,0,0,0,124,175,0,0,1,0,0,2,0,0,10,6,0,2
176336,Southeastern Baptist College,2016,0,0,0,0,1,1,0,0,0,0,3,0,0,0,0,0,0,0
176372,University of Southern Mississippi,2016,0,2,6,10,145,313,13,41,0,0,275,563,22,35,0,2,73,53
176406,Tougaloo College,2016,0,0,0,0,71,128,0,0,0,0,0,0,0,0,0,0,1,1
176479,William Carey University,2016,0,0,0,1,14,16,2,4,0,0,50,75,0,0,1,3,9,4
176628,Avila University,2016,0,1,2,0,19,20,12,12,1,0,45,82,2,4,0,0,3,0
176664,Mission University,2016,1,0,0,1,0,1,3,3,0,0,27,41,0,3,1,0,0,0
176770,Cox College,2016,0,0,0,0,0,0,0,0,0,0,0,5,0,0,0,0,0,0
176789,Calvary University,2016,1,0,0,0,1,0,0,0,1,0,9,13,0,1,0,0,0,0
176910,Central Christian College of the Bible,2016,0,0,0,0,8,1,3,3,0,0,21,15,2,0,0,0,0,0
176947,Central Methodist University-College of Liberal Arts and Sciences,2016,1,0,0,1,9,3,5,3,0,0,110,103,8,6,0,5,5,4
176965,University of Central Missouri,2016,4,4,4,6,88,111,33,34,1,1,512,660,40,45,11,8,11,5
177038,Cleveland University-Kansas City,2016,0,0,0,0,0,0,0,0,0,0,1,0,0,0,1,0,0,0
177065,Columbia College,2016,1,4,4,3,33,44,14,15,0,1,113,150,9,12,8,12,14,10
177083,Conception Seminary College,2016,0,0,1,0,0,0,0,0,0,0,10,0,0,0,0,0,0,0
177117,Cottey College,2016,0,2,0,1,0,2,0,7,0,0,0,72,0,3,0,0,0,7
177144,Culver-Stockton College,2016,0,1,3,0,31,7,7,5,0,0,74,118,8,3,0,0,10,2
177214,Drury University,2016,2,0,3,2,9,6,2,8,0,0,162,189,8,6,0,0,16,13
177339,Evangel University,2016,0,0,2,3,12,4,7,13,0,0,143,185,3,4,3,5,2,1
177418,Fontbonne University,2016,0,0,0,0,5,8,1,3,0,0,47,62,4,1,0,1,6,2
177542,Hannibal-LaGrange University,2016,0,0,0,0,4,2,6,2,0,0,55,64,2,3,0,0,10,2
177551,Harris-Stowe State University,2016,0,1,1,1,90,197,1,6,0,0,9,4,3,3,6,18,0,0
177746,Kansas City Art Institute,2016,1,2,3,2,5,7,2,5,0,0,17,87,4,20,2,4,1,1
177940,Lincoln University,2016,2,3,2,1,132,160,2,10,0,0,36,58,5,17,8,13,2,1
177968,Lindenwood University,2016,1,3,2,3,32,44,15,21,4,7,246,285,16,16,74,74,79,67
178059,Maryville University of Saint Louis,2016,0,2,6,13,14,21,15,19,0,0,136,252,6,11,8,10,26,15
178208,Midwestern Baptist Theological Seminary,2016,0,0,0,0,0,0,0,0,0,0,7,15,1,0,0,0,0,0
178244,Missouri Baptist University,2016,4,3,0,0,28,15,0,0,0,1,93,105,5,5,16,2,3,0
178341,Missouri Southern State University,2016,17,20,7,5,46,55,31,31,1,1,294,427,9,16,13,12,9,4
178369,Missouri Valley College,2016,1,1,2,1,93,31,27,8,3,0,111,85,12,8,16,5,36,8
178387,Missouri Western State University,2016,1,3,4,5,45,44,6,6,2,0,231,358,12,17,10,30,5,6
178396,University of Missouri-Columbia,2016,5,8,50,61,117,176,96,97,1,1,1752,2041,77,101,23,13,29,24
178402,University of Missouri-Kansas City,2016,0,2,47,83,68,122,48,63,0,2,249,393,18,35,10,10,26,19
178411,Missouri University of Science and Technology,2016,2,2,41,15,25,15,45,16,0,0,947,284,36,14,8,2,12,2
178420,University of Missouri-St Louis,2016,0,2,11,7,27,48,9,11,0,0,107,142,13,11,5,1,14,7
178615,Truman State University,2016,4,5,12,27,26,39,9,21,1,1,383,607,16,16,8,7,38,38
178624,Northwest Missouri State University,2016,0,2,4,6,47,41,22,29,3,0,417,659,15,43,7,7,15,19
178679,Ozark Christian College,2016,2,1,0,1,1,2,2,9,0,0,52,39,1,3,1,1,0,0
178697,College of the Ozarks,2016,1,0,1,2,3,2,3,6,0,0,140,211,6,6,0,1,0,2
178721,Park University,2016,0,0,1,2,17,20,9,25,0,3,24,43,5,2,2,1,9,5
178767,Stevens-The Institute of Business & Arts,2016,0,0,0,0,1,2,0,0,0,0,2,0,0,0,0,0,0,0
178891,Ranken Technical College,2016,0,0,2,0,47,5,13,0,0,0,258,10,3,1,2,0,0,0
179043,Rockhurst University,2016,2,1,5,5,10,10,18,15,0,0,123,182,6,9,6,9,1,0
179159,Saint Louis University,2016,0,5,66,102,22,38,42,42,0,0,414,689,17,28,7,5,45,34
179265,University of Health Sciences and Pharmacy in St. Louis,2016,0,0,6,11,3,4,0,1,0,0,29,60,0,0,0,0,2,4
179326,Southwest Baptist University,2016,0,2,0,1,26,12,8,4,0,1,155,195,7,2,4,9,0,0
179548,Stephens College,2016,0,2,0,1,0,16,0,8,0,0,0,113,0,7,0,13,0,0
179557,Southeast Missouri State University,2016,2,2,9,11,81,121,16,25,0,0,543,842,18,25,4,2,31,16
179566,Missouri State University-Springfield,2016,4,6,15,24,79,81,47,77,0,1,1025,1634,46,89,1,5,11,13
179867,Washington University in St Louis,2016,0,1,143,153,87,98,73,94,0,0,424,455,29,54,17,13,62,63
179894,Webster University,2016,1,0,5,7,23,34,17,17,0,0,112,176,8,14,14,11,0,0
179946,Westminster College,2016,1,1,0,0,8,0,6,3,0,0,87,102,0,1,7,3,2,1
179955,William Jewell College,2016,0,0,3,0,7,6,6,8,0,1,81,114,3,5,1,3,1,2
179964,William Woods University,2016,1,1,0,1,2,4,4,4,0,0,35,134,1,3,0,2,5,1
180106,Carroll College,2016,1,1,2,3,1,0,8,12,0,0,106,165,9,3,6,17,2,2
180179,Montana State University Billings,2016,14,14,1,3,9,6,19,29,0,2,207,233,10,16,0,2,14,0
180258,University of Providence,2016,1,0,0,1,1,0,6,14,0,0,24,33,0,4,1,2,5,1
180416,Montana Technological University,2016,2,2,2,0,0,1,6,1,0,0,115,52,3,0,8,4,8,1
180461,Montana State University,2016,7,11,14,15,9,5,63,66,1,0,1422,1097,87,86,9,8,20,9
180489,The University of Montana,2016,15,29,3,8,14,5,47,41,2,1,569,618,26,32,30,36,10,5
180522,Montana State University-Northern,2016,16,8,0,0,6,0,4,2,1,1,129,51,1,0,5,2,0,0
180595,Rocky Mountain College,2016,2,4,0,1,0,0,2,7,3,1,74,100,4,7,2,4,1,4
180647,Salish Kootenai College,2016,40,54,0,0,1,0,2,2,1,0,15,14,0,0,0,0,0,0
180692,The University of Montana-Western,2016,6,5,0,2,3,0,8,13,0,1,134,142,9,3,1,0,0,0
180814,Bellevue University,2016,0,0,0,1,4,1,3,4,0,0,5,5,0,1,0,0,2,1
180832,Clarkson College,2016,0,0,0,0,0,0,0,1,0,1,4,21,0,0,0,2,0,0
180878,Bryan College of Health Sciences,2016,0,0,0,0,0,0,0,0,0,0,1,49,0,0,0,0,0,0
180948,Chadron State College,2016,3,1,1,0,13,5,15,15,1,1,142,152,12,10,3,1,5,2
180984,Concordia University-Nebraska,2016,1,0,0,2,16,2,18,9,1,0,122,127,0,0,9,12,3,1
181002,Creighton University,2016,2,0,37,53,7,12,37,41,0,3,322,411,26,26,8,16,18,14
181020,Doane University,2016,0,0,3,0,5,2,9,9,0,1,121,131,6,10,1,1,3,1
181127,Hastings College,2016,0,0,0,0,5,2,11,6,2,0,102,129,4,3,5,1,3,0
181215,University of Nebraska at Kearney,2016,1,0,4,1,13,5,50,63,0,0,310,473,13,13,1,1,26,22
181297,Nebraska Methodist College of Nursing & Allied Health,2016,0,0,0,1,0,0,1,2,0,0,3,34,0,0,0,2,0,0
181330,Midland University,2016,0,0,2,0,5,1,4,3,13,9,13,17,8,7,139,117,3,0
181394,University of Nebraska at Omaha,2016,2,2,37,55,43,84,132,190,4,2,588,661,36,66,13,17,43,22
181446,Nebraska Wesleyan University,2016,1,0,1,5,5,0,17,21,0,0,160,172,14,5,10,8,1,0
181464,University of Nebraska-Lincoln,2016,7,8,45,73,78,68,162,188,2,1,1788,1868,85,108,23,25,188,116
181534,Peru State College,2016,1,1,1,1,30,9,16,11,0,0,68,109,4,4,0,0,0,2
181604,College of Saint Mary,2016,0,2,0,2,0,7,0,20,0,0,0,72,0,0,0,0,0,0
181738,Union Adventist University,2016,0,0,5,2,1,10,20,21,0,1,29,42,7,6,0,0,6,5
181783,Wayne State College,2016,1,1,3,2,21,6,23,26,0,0,202,271,11,10,0,1,0,0
181853,York University,2016,0,0,1,1,14,6,9,12,0,0,26,26,0,0,0,0,2,0
182005,College of Southern Nevada,2016,4,3,77,93,91,100,355,444,17,16,235,287,70,82,62,64,26,32
182281,University of Nevada-Las Vegas,2016,9,3,278,380,130,197,443,719,16,16,443,599,190,234,2,3,37,57
182290,University of Nevada-Reno,2016,10,16,137,151,57,62,348,469,9,8,910,1016,100,154,22,23,12,12
182306,Great Basin College,2016,8,2,2,0,1,2,38,31,0,2,59,76,1,1,6,3,0,0
182500,Truckee Meadows Community College,2016,3,8,25,21,17,7,116,135,0,0,155,177,18,11,6,5,7,3
182564,Western Nevada College,2016,2,2,3,6,5,5,47,57,2,3,86,88,4,11,3,7,7,0
182634,Colby-Sawyer College,2016,1,2,2,4,4,13,4,3,0,0,48,148,0,0,2,17,2,2
182670,Dartmouth College,2016,6,19,75,89,39,41,61,57,2,2,279,271,22,38,5,10,53,47
182795,Franklin Pierce University,2016,2,2,4,5,32,22,21,29,0,0,217,239,9,14,14,12,8,5
182917,Magdalen College,2016,0,0,0,0,0,0,2,0,0,0,9,12,0,0,0,1,0,0
182980,New England College,2016,1,0,4,2,47,46,11,7,0,1,87,92,6,8,8,5,14,2
183026,Southern New Hampshire University,2016,1,4,19,11,119,275,77,131,2,3,518,841,8,20,35,57,10,10
183044,University of New Hampshire-Main Campus,2016,3,2,26,60,24,13,45,62,0,0,1033,1401,16,36,51,75,23,11
183062,Keene State College,2016,1,1,4,11,6,7,19,21,0,1,392,527,11,8,15,21,2,0
183071,University of New Hampshire at Manchester,2016,0,0,2,3,1,1,1,3,0,0,24,26,0,2,2,3,0,0
183080,Plymouth State University,2016,1,9,5,6,24,14,2,2,2,0,445,501,7,14,38,43,16,8
183211,Rivier University,2016,0,1,0,7,3,5,2,5,0,0,61,167,4,11,5,15,0,0
183239,Saint Anselm College,2016,1,0,3,5,4,4,11,18,0,0,165,281,4,2,7,11,1,0
183257,University of New Hampshire College of Professional Studies Online,2016,0,1,0,0,0,4,1,2,0,0,8,27,0,2,0,3,0,0
183275,Thomas More College of Liberal Arts,2016,1,0,0,0,0,0,0,1,0,0,7,12,0,0,0,1,0,0
183789,Berkeley College-Woodland Park,2016,0,1,3,3,39,80,95,164,0,1,28,39,0,0,41,73,3,1
183822,Bloomfield College,2016,0,0,2,6,105,145,73,88,2,1,16,24,0,4,12,16,5,4
183910,Caldwell University,2016,0,0,3,9,15,38,27,46,0,0,44,92,0,0,21,54,37,18
183974,Centenary University,2016,1,0,0,7,9,23,7,21,0,0,51,88,0,0,11,11,6,2
184348,Drew University,2016,0,0,9,7,18,23,15,39,0,0,82,109,5,10,3,4,8,18
184603,Fairleigh Dickinson University-Metropolitan Campus,2016,0,0,11,10,30,39,97,129,0,1,50,39,3,6,20,26,10,9
184612,Felician University,2016,1,2,5,9,27,57,38,68,1,0,22,49,1,0,18,14,2,2
184694,Fairleigh Dickinson University-Florham Campus,2016,1,0,14,21,24,37,49,69,0,0,138,159,8,13,28,22,2,1
184773,Georgian Court University,2016,1,1,4,5,19,22,10,16,0,0,43,86,3,2,4,3,2,0
184782,Rowan University,2016,2,1,72,40,123,108,131,129,1,1,1010,591,39,27,67,38,8,8
184959,Eastwick College-Ramsey,2016,0,0,1,2,0,9,1,5,1,1,3,8,0,0,0,0,0,0
185129,New Jersey City University,2016,3,2,41,38,104,171,166,208,4,1,82,63,10,12,18,14,8,10
185262,Kean University,2016,0,2,37,45,137,168,177,266,1,1,177,226,23,29,80,106,7,12
185572,Monmouth University,2016,0,1,15,29,38,38,55,99,0,0,324,409,12,13,22,30,1,3
185590,Montclair State University,2016,0,2,80,106,147,279,304,546,4,4,469,779,27,48,63,98,14,7
185828,New Jersey Institute of Technology,2016,1,0,195,82,52,25,135,51,0,0,340,76,20,6,21,8,27,13
186131,Princeton University,2016,1,0,121,145,35,67,67,56,1,0,315,257,32,34,7,15,91,61
186186,Rabbinical College of America,2016,0,0,0,0,0,0,0,0,0,0,30,0,0,0,0,0,10,0
186201,Ramapo College of New Jersey,2016,6,1,39,41,17,18,65,115,0,0,273,324,1,3,5,6,23,7
186283,Rider University,2016,1,2,15,27,38,74,58,100,0,0,202,279,11,29,2,9,8,15
186371,Rutgers University-Camden,2016,2,0,36,37,29,80,44,79,0,1,144,148,16,18,8,4,4,4
186380,Rutgers University-New Brunswick,2016,0,2,1013,989,166,219,389,394,10,10,1175,1113,95,108,50,55,364,307
186399,Rutgers University-Newark,2016,0,1,169,157,73,142,138,228,1,2,164,136,22,19,10,12,34,29
186432,Saint Peter's University,2016,0,1,15,27,54,81,105,205,2,1,39,48,2,11,7,19,4,5
186584,Seton Hall University,2016,0,1,56,65,46,60,109,116,1,0,351,307,24,36,16,13,19,20
186618,Saint Elizabeth University,2016,0,0,1,3,40,45,15,24,0,0,12,19,3,3,0,0,0,2
186867,Stevens Institute of Technology,2016,0,0,70,38,15,5,52,22,0,0,342,140,0,0,12,7,28,6
186876,Stockton University,2016,0,3,30,50,21,43,63,97,0,3,338,484,7,15,7,23,1,2
186900,Talmudical Academy-New Jersey,2016,0,0,0,0,0,0,0,0,0,0,10,0,0,0,0,0,0,0
187134,The College of New Jersey,2016,0,0,83,109,38,43,105,108,0,0,398,544,4,4,5,10,2,1
187444,William Paterson University of New Jersey,2016,0,1,61,52,108,149,189,239,1,0,277,249,7,23,11,3,1,1
187596,Navajo Technical University,2016,116,108,0,0,0,0,0,0,0,1,0,0,0,0,1,1,0,0
187648,Eastern New Mexico University-Main Campus,2016,5,8,0,2,32,19,119,138,2,1,113,135,12,13,6,10,2,6
187745,Institute of American Indian and Alaska Native Culture and Arts Development,2016,16,23,0,0,0,0,3,0,0,0,0,0,1,3,0,1,0,0
187897,New Mexico Highlands University,2016,15,16,1,1,18,9,91,110,0,0,15,14,4,6,2,0,6,4
187967,New Mexico Institute of Mining and Technology,2016,9,4,11,1,3,0,75,29,0,0,113,35,7,7,2,1,3,1
187985,University of New Mexico-Main Campus,2016,52,85,65,75,38,44,745,1011,7,2,454,549,67,73,14,16,47,21
188030,New Mexico State University-Main Campus,2016,10,27,6,10,24,27,481,671,0,0,198,267,11,22,12,18,21,21
188058,Northern New Mexico College,2016,4,9,0,0,0,0,44,55,0,0,6,2,5,3,2,0,4,0
188182,University of the Southwest,2016,0,0,1,0,5,4,28,19,0,0,11,2,0,0,16,10,0,0
188304,Western New Mexico University,2016,5,0,12,1,13,3,72,89,0,0,15,35,0,2,3,5,5,4
188340,Vaughn College of Aeronautics and Technology,2016,1,0,19,4,47,7,91,11,2,0,27,5,1,1,35,3,6,1
188429,Adelphi University,2016,0,1,49,105,36,88,52,169,0,0,168,400,10,15,23,71,15,13
188517,Bryant & Stratton College-Albany,2016,0,0,0,0,2,5,4,0,0,0,5,16,1,0,0,0,0,0
188526,Albany College of Pharmacy and Health Sciences,2016,0,0,9,18,0,2,6,2,0,0,45,61,1,2,2,2,0,3
188641,Alfred University,2016,0,2,3,2,34,19,17,15,0,0,168,111,7,4,17,16,1,1
188854,American Musical and Dramatic Academy,2016,1,3,5,4,41,63,43,103,2,3,51,161,16,39,2,15,12,34
189088,Bard College,2016,1,3,18,21,17,29,18,31,0,0,107,176,0,0,12,29,19,25
189097,Barnard College,2016,0,1,0,79,0,27,0,80,0,0,0,316,0,28,0,15,0,46
189228,Berkeley College-New York,2016,2,1,2,6,39,58,38,75,0,0,5,20,0,0,70,83,28,20
189282,Mount Sinai Phillips School of Nursing,2016,0,0,0,0,0,0,0,0,0,0,0,1,0,0,0,0,0,0
189413,Boricua College,2016,0,0,0,0,11,16,24,74,0,0,0,0,5,3,0,0,0,0
189565,Bryant & Stratton College-Syracuse North,2016,0,0,0,0,1,1,0,0,0,0,6,11,0,0,2,3,0,0
189583,Bryant & Stratton College-Buffalo,2016,1,0,2,1,10,16,2,7,0,0,6,10,1,3,0,0,0,0
189592,Bryant & Stratton College-Greece,2016,0,0,0,0,2,4,0,0,0,0,2,8,0,3,1,2,0,0
189705,Canisius University,2016,0,3,8,9,19,38,27,16,0,2,226,192,7,11,10,11,13,5
189857,Central Yeshiva Tomchei Tmimim Lubavitz,2016,0,0,0,0,0,0,0,0,0,0,27,0,0,0,0,0,1,0
190044,Clarkson University,2016,2,1,20,12,14,10,33,18,0,0,453,182,13,8,13,1,10,7
190099,Colgate University,2016,0,0,13,17,21,14,31,27,0,0,196,312,13,14,14,21,44,29
190114,Metropolitan College of New York,2016,0,0,0,0,13,27,7,14,0,0,0,1,0,0,4,7,0,1
190150,Columbia University in the City of New York,2016,2,6,130,180,48,68,108,91,0,1,313,240,46,53,6,11,127,123
190372,The Cooper Union for the Advancement of Science and Art,2016,0,0,37,9,3,4,14,10,0,0,42,21,7,8,15,10,31,13
190415,Cornell University,2016,12,9,258,346,97,126,228,234,2,1,592,613,75,84,121,150,157,209
190503,Culinary Institute of America,2016,1,3,18,9,20,21,32,49,0,1,133,134,5,9,7,23,27,20
190512,CUNY Bernard M Baruch College,2016,1,0,294,242,43,62,154,168,1,1,215,132,9,6,0,0,43,29
190549,CUNY Brooklyn College,2016,1,0,156,165,57,92,174,199,1,1,211,215,9,11,0,0,15,13
190558,College of Staten Island CUNY,2016,3,6,132,129,208,256,454,528,0,3,360,321,16,14,0,0,22,24
190567,CUNY City College,2016,5,1,310,274,97,128,299,319,2,3,150,121,16,13,0,0,27,40
190594,CUNY Hunter College,2016,0,3,319,409,55,116,214,369,4,8,216,340,18,31,0,0,35,56
190600,CUNY John Jay College of Criminal Justice,2016,2,3,100,99,71,131,269,472,4,5,134,145,9,18,0,0,21,24
190637,CUNY Lehman College,2016,1,3,33,39,46,81,157,247,0,1,17,24,2,4,0,0,4,13
190646,CUNY Medgar Evers College,2016,1,4,13,22,276,516,69,139,0,0,9,9,1,15,0,0,10,17
190655,CUNY New York City College of Technology,2016,9,4,392,232,467,304,789,494,9,4,153,85,25,18,0,0,74,49
190664,CUNY Queens College,2016,6,2,242,250,29,40,144,173,3,6,210,226,9,13,0,0,49,51
190691,CUNY York College,2016,3,5,107,131,93,170,121,199,6,4,30,27,4,3,0,0,19,14
190716,D'Youville  University,2016,0,1,3,6,4,12,3,5,0,0,43,142,1,4,7,4,2,2
190725,Daemen University,2016,0,1,5,9,20,35,16,23,0,0,70,198,1,5,0,3,3,3
190752,Yeshiva of Far Rockaway Derech Ayson Rabbinical Seminary,2016,0,0,0,0,0,0,0,0,0,0,10,0,0,0,0,0,0,0
190761,Dominican University New York,2016,0,0,1,5,17,32,32,52,0,1,29,54,4,4,9,9,4,0
190983,Elmira College,2016,0,1,5,6,4,8,3,13,0,0,46,92,2,2,5,11,7,2
191126,Fashion Institute of Technology,2016,0,1,19,108,16,85,55,209,2,2,72,521,10,34,0,2,19,93
191205,Five Towns College,2016,1,0,3,1,31,10,16,1,0,0,42,21,3,1,8,2,3,4
191241,Fordham University,2016,0,1,80,147,30,40,115,172,0,0,529,771,15,47,20,29,85,108
191515,Hamilton College,2016,0,0,12,25,8,9,16,24,0,0,150,150,9,8,13,16,13,19
191533,Hartwick College,2016,1,7,3,11,22,15,19,21,0,0,96,152,0,0,23,20,6,6
191621,Hilbert College,2016,1,0,0,1,4,10,2,3,0,0,41,66,5,7,4,3,0,0
191630,Hobart William Smith Colleges,2016,2,0,7,10,22,17,9,9,1,0,231,214,0,0,10,13,18,18
191649,Hofstra University,2016,5,1,92,94,56,82,88,124,1,4,392,538,18,28,14,17,39,53
191676,Houghton University,2016,0,1,4,3,4,8,0,2,0,1,76,110,12,6,6,5,10,23
191931,Iona University,2016,1,1,15,12,67,64,122,130,1,0,204,242,14,12,16,17,13,4
191968,Ithaca College,2016,1,3,19,49,51,41,56,80,0,0,528,673,10,32,22,33,16,18
192004,Jamestown Business College,2016,0,0,0,0,0,0,7,14,0,0,23,52,2,1,0,0,0,0
192040,Jewish Theological Seminary of America,2016,0,0,0,1,0,0,1,5,0,0,13,12,0,0,4,7,0,0
192110,The Juilliard School,2016,0,0,6,6,7,3,7,5,0,0,24,20,4,4,0,1,10,16
192165,Kehilath Yakov Rabbinical Seminary,2016,0,0,0,0,0,0,0,0,0,0,38,0,0,0,0,0,0,0
192192,Keuka College,2016,1,1,0,0,11,20,7,19,1,0,77,202,5,5,4,10,1,1
192271,LIM College,2016,0,0,2,13,5,22,8,52,0,0,3,116,1,15,0,2,4,12
192323,Le Moyne College,2016,0,1,2,12,12,23,20,17,0,0,191,304,6,11,11,12,7,1
192448,Long Island University,2016,0,1,4,12,36,31,40,41,0,0,120,155,5,6,21,29,19,12
192624,Machzikei Hadath Rabbinical College,2016,0,0,0,0,0,0,0,0,0,0,27,0,0,0,0,0,0,0
192703,Manhattan College,2016,0,0,28,20,12,16,84,82,0,0,255,263,8,1,8,10,20,7
192712,Manhattan School of Music,2016,0,0,21,19,5,4,4,2,0,0,10,17,7,6,2,2,18,14
192749,Manhattanville College,2016,1,0,5,2,9,30,34,67,0,0,90,125,6,9,22,36,23,25
192785,Maria College of Albany,2016,0,0,2,1,1,1,0,1,0,0,1,13,0,0,4,4,0,0
192819,Marist College,2016,1,0,15,22,29,24,57,70,0,1,385,546,13,23,3,2,16,18
192864,Marymount Manhattan College,2016,3,4,5,21,6,23,15,65,0,0,87,261,0,1,3,17,7,17
193016,Mercy University,2016,0,5,12,18,84,125,104,281,0,2,78,116,3,8,21,43,7,6
193052,Mesivta Torah Vodaath Rabbinical Seminary,2016,0,0,0,0,0,0,0,0,0,0,5,0,0,0,0,0,0,0
193070,Mesivtha Tifereth Jerusalem of America,2016,0,0,0,0,0,0,0,0,0,0,19,0,0,0,0,0,0,0
193247,Mirrer Yeshiva Cent Institute,2016,0,0,0,0,0,0,0,0,0,0,34,0,0,0,0,0,2,0
193292,Molloy College,2016,0,3,11,40,23,29,38,60,0,2,115,223,6,8,1,1,1,1
193308,Monroe College,2016,3,3,2,5,218,258,166,190,1,1,18,14,0,0,10,14,61,44
193353,Mount Saint Mary College,2016,1,0,3,4,13,17,21,43,0,1,73,190,0,5,3,7,0,3
193399,University of Mount Saint Vincent,2016,0,1,8,23,19,52,47,158,0,0,34,58,6,12,4,12,2,0
193584,Nazareth University,2016,0,0,1,13,7,19,13,25,0,0,108,300,0,12,5,9,1,4
193654,The New School,2016,1,0,23,133,29,66,43,161,1,2,136,409,16,53,11,40,95,353
193900,New York University,2016,2,6,559,691,117,217,327,514,6,6,743,1045,94,154,168,213,547,669
193973,Niagara University,2016,2,1,3,2,15,24,14,17,0,0,170,308,9,7,7,9,23,11
194091,New York Institute of Technology,2016,0,1,79,42,39,30,106,45,3,0,157,52,26,23,17,9,37,15
194116,New York School of Interior Design,2016,0,0,0,1,0,1,0,1,0,0,0,4,0,0,0,0,1,2
194310,Pace University,2016,0,2,61,90,67,158,72,161,0,0,374,674,25,69,14,21,100,85
194392,Paul Smiths College of Arts and Science,2016,0,0,1,0,10,0,9,8,0,0,112,54,3,0,21,11,1,0
194499,Plaza College,2016,0,0,5,23,15,61,16,63,0,0,5,23,6,22,0,0,0,0
194569,Davis College,2016,0,0,0,0,7,0,1,0,0,0,11,13,1,0,0,0,2,0
194578,Pratt Institute-Main,2016,0,0,24,74,14,27,25,60,1,1,108,241,9,28,2,8,64,159
194657,Rabbinical Academy Mesivta Rabbi Chaim Berlin,2016,0,0,0,0,0,0,0,0,0,0,38,0,0,0,0,0,0,0
194666,Rabbinical College Bobover Yeshiva Bnei Zion,2016,0,0,0,0,0,0,0,0,0,0,50,0,0,0,0,0,0,0
194736,Rabbinical College of Long Island,2016,0,0,0,0,0,0,0,0,0,0,41,0,0,0,0,0,0,0
194763,Rabbinical Seminary of America,2016,0,0,0,0,0,0,0,0,0,0,75,0,0,0,0,0,0,0
194824,Rensselaer Polytechnic Institute,2016,1,1,152,70,52,16,116,54,0,1,614,288,66,41,12,14,144,49
194958,Roberts Wesleyan University,2016,0,0,2,2,7,6,0,9,0,0,55,117,3,8,0,0,7,10
195003,Rochester Institute of Technology,2016,5,2,149,82,58,47,136,72,0,1,1173,608,66,38,7,3,103,45
195030,University of Rochester,2016,1,1,83,80,32,23,35,52,1,0,339,328,13,27,40,35,190,181
195128,Russell Sage College,2016,0,1,1,8,12,22,5,11,0,0,18,102,1,8,4,11,0,1
195164,St Bonaventure University,2016,0,1,12,7,17,16,19,21,0,0,141,150,3,6,13,11,11,4
195173,St. Francis College,2016,1,4,7,17,43,47,48,82,2,3,83,115,8,8,0,0,18,16
195216,St Lawrence University,2016,0,1,2,4,9,6,12,15,0,0,192,261,1,7,6,2,23,24
195234,The College of Saint Rose,2016,1,1,4,15,36,75,22,35,0,2,120,240,19,39,7,14,7,4
195243,St. Thomas Aquinas College,2016,0,0,1,2,18,15,39,29,0,0,57,68,0,0,7,6,6,6
195304,Sarah Lawrence College,2016,0,0,5,10,11,7,4,27,0,0,67,143,7,18,10,21,14,33
195438,Sh'or Yoshuv Rabbinical College,2016,0,0,0,0,0,0,0,0,0,0,2,0,0,0,0,0,0,0
195474,Siena College,2016,0,0,11,26,12,20,27,47,1,1,274,302,10,12,1,2,11,7
195526,Skidmore College,2016,0,0,11,22,13,18,32,39,0,0,181,273,16,17,8,7,34,43
195544,St. Joseph's University-New York,2016,0,0,7,15,12,28,45,80,0,1,123,220,5,6,28,46,0,0
195720,St. John Fisher University,2016,1,3,6,12,5,9,13,20,0,0,203,287,7,5,5,0,0,0
195809,St. John's University-New York,2016,9,15,217,326,192,317,69,124,2,6,647,732,71,116,93,130,87,83
196006,SUNY College of Technology at Alfred,2016,3,1,13,5,134,41,93,41,1,0,544,230,23,6,12,4,8,3
196015,SUNY College of Technology at Canton,2016,12,4,1,2,61,58,39,52,1,0,190,222,12,13,5,9,9,4
196024,SUNY College of Technology at Delhi,2016,0,2,7,2,103,84,84,75,0,2,246,203,16,11,15,8,2,9
196033,SUNY College of Agriculture and Technology at Cobleskill,2016,2,2,4,3,68,50,38,54,0,0,209,190,10,12,0,0,1,0
196042,Farmingdale State College,2016,0,2,69,59,45,57,136,130,1,3,402,302,12,15,3,0,9,3
196051,SUNY Morrisville,2016,1,1,5,2,142,84,58,31,0,0,259,279,11,10,8,5,5,8
196060,University at Albany,2016,5,1,124,115,173,296,218,297,1,3,674,559,44,45,20,42,50,54
196079,Binghamton University,2016,3,1,161,176,55,73,151,147,0,0,821,767,21,30,22,16,99,98
196088,University at Buffalo,2016,5,4,388,252,132,145,206,115,2,4,1200,807,40,40,117,80,278,267
196097,Stony Brook University,2016,1,1,433,407,72,101,151,173,2,1,475,342,44,34,115,97,287,195
196103,SUNY College of Environmental Science and Forestry,2016,0,0,4,4,1,3,8,13,0,1,135,127,7,6,6,2,5,4
196112,SUNY Polytechnic Institute,2016,0,0,14,8,6,6,33,8,0,1,173,57,6,2,0,0,0,0
196121,SUNY Brockport,2016,0,4,6,10,49,77,40,75,1,0,330,440,15,18,50,79,4,4
196130,SUNY Buffalo State University,2016,6,4,36,25,247,421,143,170,1,2,233,246,32,31,0,0,13,9
196149,State University of New York at Cortland,2016,4,2,6,16,32,47,71,114,0,0,387,472,14,12,29,27,4,1
196158,SUNY at Fredonia,2016,2,3,15,12,32,47,35,52,0,2,268,411,13,18,4,9,5,2
196167,SUNY College at Geneseo,2016,0,0,36,48,13,18,40,56,0,0,397,571,16,19,2,4,6,7
196176,State University of New York at New Paltz,2016,0,0,25,45,21,48,73,167,1,0,220,425,10,14,8,22,5,5
196185,SUNY Oneonta,2016,1,4,12,19,12,28,44,124,0,1,320,508,14,18,6,8,0,3
196194,State University of New York at Oswego,2016,2,5,25,20,73,82,83,132,0,1,475,455,21,28,3,3,19,13
196200,SUNY College at Potsdam,2016,3,7,5,13,57,65,48,96,1,0,176,254,10,16,15,15,1,2
196219,SUNY at Purchase College,2016,0,0,7,16,28,45,60,106,0,2,172,198,19,21,13,19,4,10
196237,SUNY Old Westbury,2016,1,0,28,36,48,95,56,101,1,0,47,58,4,10,3,8,3,3
196246,State University of New York at Plattsburgh,2016,0,1,8,18,32,64,57,93,0,0,240,360,9,6,23,33,43,32
196264,Empire State University,2016,0,1,2,2,8,32,4,20,0,0,30,54,2,6,1,3,0,0
196291,SUNY Maritime College,2016,0,0,12,1,9,3,37,12,0,0,191,25,8,1,7,2,0,1
196413,Syracuse University,2016,7,4,107,131,63,127,128,200,2,0,1012,1189,51,60,62,65,241,255
196431,Talmudical Seminary Oholei Torah,2016,0,0,0,0,0,0,0,0,0,0,31,0,0,0,0,0,0,0
196583,Torah Temimah Talmudical Seminary,2016,0,0,0,0,0,0,0,0,0,0,16,0,0,0,0,0,0,0
196592,Touro University,2016,0,0,6,3,7,16,6,21,0,0,67,203,2,4,19,55,3,2
196653,Trocaire College,2016,0,3,0,4,1,30,1,11,0,0,7,60,0,6,0,1,0,0
196866,Union College,2016,0,0,15,15,13,9,29,22,0,0,208,173,13,8,2,1,26,26
197018,United Talmudical Seminary,2016,0,0,0,0,0,0,4,0,0,0,431,0,0,0,0,0,29,0
197027,United States Merchant Marine Academy,2016,2,2,14,8,2,3,20,6,2,0,162,30,0,0,1,0,2,0
197036,United States Military Academy,2016,11,2,61,19,109,42,107,29,1,2,631,159,41,12,16,4,13,1
197045,Utica University,2016,1,0,6,8,55,45,37,40,0,0,233,236,7,8,2,3,2,2
197133,Vassar College,2016,0,0,38,40,3,25,34,38,0,0,161,215,16,27,3,2,22,34
197142,Villa Maria College,2016,0,2,1,0,31,33,4,5,0,0,16,41,5,5,0,0,2,0
197151,School of Visual Arts,2016,0,0,26,93,13,23,26,41,0,0,52,133,0,0,7,11,76,241
197197,Wagner College,2016,0,0,5,6,26,17,20,34,0,0,108,180,7,8,3,12,7,7
197221,Webb Institute,2016,0,0,4,0,0,0,0,0,0,0,17,5,1,1,0,0,0,0
197230,Wells College,2016,0,0,2,0,7,9,5,13,0,0,26,58,0,0,4,8,0,0
197285,The College of Westchester,2016,0,0,1,0,30,30,39,67,0,0,7,8,0,1,0,3,0,0
197601,Yeshiva Karlin Stolin,2016,0,0,0,0,0,0,0,0,0,0,20,0,0,0,0,0,0,0
197647,Yeshiva Derech Chaim,2016,0,0,0,0,0,0,0,0,0,0,8,0,0,0,0,0,3,0
197674,Yeshiva of Nitra Rabbinical College,2016,0,0,0,0,0,0,0,0,0,0,60,0,0,0,0,0,5,0
197692,Yeshivath Shaar Hatorah,2016,0,0,0,0,0,0,0,0,0,0,25,0,0,0,0,0,0,0
197708,Yeshiva University,2016,0,0,0,0,0,0,0,1,0,0,241,259,0,0,2,0,19,13
197735,Yeshivath Viznitz,2016,0,0,0,0,0,0,0,0,0,0,99,0,0,0,0,0,9,0
197744,Yeshivath Zichron Moshe,2016,0,0,0,0,0,0,0,0,0,0,6,0,0,0,0,0,2,0
197869,Appalachian State University,2016,5,8,22,38,72,64,59,93,1,1,1038,1541,55,88,10,18,4,7
197911,Barton College,2016,0,1,1,4,21,31,5,11,1,0,35,98,1,10,5,2,9,6
197984,Belmont Abbey College,2016,0,1,6,6,36,12,0,0,0,0,135,107,0,0,29,26,0,0
197993,Bennett College,2016,0,0,0,0,0,99,0,2,0,0,0,0,0,4,0,10,0,0
198066,Brevard College,2016,1,1,0,2,43,6,12,5,0,0,82,53,5,4,8,8,1,0
198109,Cabarrus College of Health Sciences,2016,0,0,0,0,1,0,0,1,0,0,2,15,0,0,0,0,0,0
198136,Campbell University,2016,1,2,4,11,47,74,25,38,0,0,201,244,18,25,75,104,7,8
198215,Catawba College,2016,0,3,0,4,40,16,19,18,0,0,97,134,11,3,0,0,2,2
198303,Chowan University,2016,2,1,0,1,205,197,5,9,0,3,38,34,3,8,5,5,1,5
198385,Davidson College,2016,2,1,9,17,12,25,16,18,0,0,178,169,15,11,5,2,21,13
198419,Duke University,2016,6,7,176,182,67,119,52,91,0,0,398,381,12,14,24,22,96,76
198464,East Carolina University,2016,13,15,39,70,244,383,116,171,3,4,1227,1645,87,119,47,63,11,13
198507,Elizabeth City State University,2016,1,0,0,0,83,70,2,8,0,0,10,14,2,6,4,1,1,0
198516,Elon University,2016,0,2,15,29,34,44,31,71,0,0,515,723,16,37,0,0,11,25
198543,Fayetteville State University,2016,10,21,4,6,166,331,16,22,0,1,15,22,1,3,10,11,0,1
198561,Gardner-Webb University,2016,2,1,2,3,37,27,5,5,1,2,97,156,1,0,42,63,0,0
198598,Greensboro College,2016,0,0,2,0,38,33,6,2,0,0,78,64,10,2,11,3,0,0
198613,Guilford College,2016,1,2,4,8,82,42,16,21,0,0,109,110,12,12,0,1,0,1
198677,Heritage Bible College,2016,0,0,0,0,0,0,0,0,0,0,1,0,0,0,0,0,0,0
198695,High Point University,2016,2,2,9,15,21,41,35,43,1,0,457,614,22,58,10,18,20,14
198756,Johnson C Smith University,2016,0,0,0,1,116,153,4,9,0,0,2,1,3,4,2,4,0,2
198808,Lees-McRae College,2016,1,2,0,0,12,7,6,7,1,0,53,73,3,3,3,7,5,4
198835,Lenoir-Rhyne University,2016,3,1,4,8,32,35,12,28,0,0,109,184,8,14,9,5,4,8
198862,Livingstone College,2016,0,0,0,0,138,126,0,0,0,1,3,0,3,4,40,65,0,0
198899,Mars Hill University,2016,4,1,2,4,51,36,11,18,0,0,110,124,5,8,9,11,0,0
198950,Meredith College,2016,0,2,0,8,0,21,0,23,0,0,0,318,0,23,0,23,0,4
198969,Methodist University,2016,5,2,4,1,75,30,13,16,0,0,114,78,13,10,38,16,27,32
198978,Miller-Motte College-Wilmington,2016,2,12,1,2,52,266,5,9,0,0,28,118,2,12,1,4,0,1
199032,Montreat College,2016,0,1,0,2,12,7,1,1,0,1,53,62,4,1,10,4,4,1
199069,University of Mount Olive,2016,1,2,1,0,30,25,6,5,0,0,59,84,9,14,11,10,12,6
199102,North Carolina A & T State University,2016,2,0,5,3,688,994,43,46,0,0,31,20,40,62,6,5,11,1
199111,University of North Carolina Asheville,2016,1,1,7,15,12,19,22,26,0,1,189,314,11,19,4,16,4,2
199120,University of North Carolina at Chapel Hill,2016,7,14,203,243,122,222,117,178,0,0,1045,1615,68,109,79,113,45,44
199139,University of North Carolina at Charlotte,2016,7,3,108,99,158,236,120,141,3,1,1270,980,81,88,44,34,47,19
199148,University of North Carolina at Greensboro,2016,2,10,83,83,225,560,89,197,2,1,484,915,49,110,2,5,16,19
199157,North Carolina Central University,2016,1,3,3,3,311,661,9,27,0,0,16,11,22,39,6,13,0,3
199184,University of North Carolina School of the Arts,2016,1,1,2,2,6,9,6,9,0,0,82,81,7,4,1,0,1,1
199193,North Carolina State University at Raleigh,2016,14,7,152,139,106,142,95,87,0,3,1689,1372,73,63,76,67,194,97
199209,North Carolina Wesleyan University,2016,3,2,2,0,73,32,7,4,0,0,49,29,9,2,46,35,16,9
199218,University of North Carolina Wilmington,2016,3,5,15,34,34,44,56,100,0,3,683,1086,34,52,23,36,5,5
199272,William Peace University,2016,4,4,3,2,21,42,12,9,0,1,32,49,0,1,6,10,0,0
199281,University of North Carolina at Pembroke,2016,53,127,18,16,194,193,31,37,1,1,147,206,15,10,6,13,1,0
199306,Pfeiffer University,2016,1,1,1,0,41,10,10,5,0,0,45,46,2,3,6,5,3,0
199412,Queens University of Charlotte,2016,0,0,2,1,10,18,3,29,0,1,51,126,4,8,0,4,10,12
199458,Mid-Atlantic Christian University,2016,0,0,1,0,7,4,0,3,0,0,13,16,1,1,0,0,0,0
199582,Saint Augustine's University,2016,0,1,0,0,164,152,1,2,0,0,1,0,0,0,14,11,3,4
199607,Salem College,2016,0,0,0,2,0,37,0,40,0,0,0,109,0,12,0,2,0,2
199643,Shaw University,2016,0,1,1,0,144,210,0,1,1,0,1,3,2,16,131,119,7,3
199698,St. Andrews University,2016,2,0,0,0,54,4,3,0,0,0,51,28,5,5,34,15,18,5
199759,Southeastern Baptist Theological Seminary,2016,0,0,2,0,0,1,0,0,0,0,10,14,0,0,0,0,0,0
199847,Wake Forest University,2016,0,2,23,21,35,47,39,52,1,0,438,476,16,21,0,0,58,75
199865,Warren Wilson College,2016,2,3,1,0,3,6,4,13,0,0,46,99,0,0,3,3,2,0
199962,Wingate University,2016,1,3,4,8,39,45,10,21,0,0,139,253,32,36,8,17,6,3
199971,Carolina Christian College,2016,0,0,0,0,1,0,0,0,0,0,0,0,0,0,0,0,0,0
199999,Winston-Salem State University,2016,0,2,3,1,241,580,9,22,0,0,9,7,10,46,1,7,0,2
200004,Western Carolina University,2016,9,6,11,13,57,64,61,73,3,0,682,829,31,46,8,11,6,2
200013,Rasmussen University-North Dakota,2016,0,0,0,0,0,1,0,0,0,0,5,16,0,0,3,1,0,0
200022,Bismarck State College,2016,15,7,0,1,9,5,12,7,1,0,418,300,19,10,4,4,1,2
200059,Dickinson State University,2016,0,2,0,0,4,2,5,8,0,1,76,66,2,3,0,2,7,3
200086,Nueta Hidatsa Sahnish College,2016,7,11,0,0,1,1,0,1,0,0,1,0,2,1,2,0,0,0
200156,University of Jamestown,2016,1,1,1,2,9,2,10,10,2,0,89,98,0,0,0,0,31,6
200217,University of Mary,2016,3,5,2,7,4,4,7,8,0,0,127,207,5,3,14,9,1,0
200226,Mayville State University,2016,0,0,0,0,20,0,4,3,1,0,36,58,3,3,1,0,3,1
200253,Minot State University,2016,0,2,3,3,15,4,11,3,1,0,76,138,9,6,1,2,16,22
200280,University of North Dakota,2016,4,6,16,11,12,11,43,23,0,0,830,809,49,29,6,7,32,15
200332,North Dakota State University-Main Campus,2016,2,5,20,15,47,23,37,45,2,0,1154,991,45,48,6,8,13,10
200466,Sitting Bull College,2016,24,29,0,0,0,0,1,0,0,0,2,1,0,0,0,0,0,0
200484,Trinity Bible College and Graduate School,2016,2,2,0,0,6,0,4,1,0,0,9,24,4,2,0,0,0,0
200527,Turtle Mountain Community College,2016,49,62,0,0,0,1,0,2,0,0,2,5,0,0,0,0,0,0
200554,United Tribes Technical College,2016,56,63,0,0,2,0,0,0,0,0,1,2,0,0,0,0,0,0
200572,Valley City State University,2016,1,0,0,0,9,0,7,1,1,0,63,59,6,3,1,0,4,3
200785,Herzing University-Akron,2016,4,0,0,0,0,17,0,0,0,0,2,12,0,1,2,13,0,0
200800,University of Akron Main Campus,2016,6,5,46,39,200,243,57,47,0,0,1241,910,78,65,7,8,32,10
200873,Allegheny Wesleyan College,2016,0,0,0,0,1,0,0,0,0,0,7,10,0,0,0,0,0,0
201061,Art Academy of Cincinnati,2016,0,0,0,0,5,9,0,2,0,0,6,28,2,3,0,0,0,0
201104,Ashland University,2016,2,0,2,2,26,13,10,16,1,0,200,306,8,10,6,5,9,4
201177,Aultman College of Nursing and Health Sciences,2016,0,0,0,0,0,0,0,0,0,0,0,15,0,0,0,1,0,0
201195,Baldwin Wallace University,2016,0,1,2,6,50,42,15,18,0,0,264,270,18,16,0,0,1,2
201371,Bluffton University,2016,0,0,2,1,15,4,6,5,0,0,91,67,7,8,1,0,1,0
201441,Bowling Green State University-Main Campus,2016,2,2,11,19,144,188,68,105,2,2,1145,1585,45,92,35,33,17,26
201469,Bryant & Stratton College-Parma,2016,0,0,0,0,0,2,1,1,0,1,2,9,0,1,0,0,0,0
201548,Capital University,2016,1,2,1,3,19,42,6,18,1,1,183,274,12,21,9,13,4,3
201645,Case Western Reserve University,2016,1,1,105,142,21,33,47,32,1,0,349,260,31,24,11,10,117,80
201654,Cedarville University,2016,0,1,5,7,4,6,14,13,0,0,326,361,7,6,6,4,4,5
201690,Central State University,2016,0,0,0,0,261,332,1,3,0,0,0,1,6,3,5,15,3,0
201821,The Christ College of Nursing and Health Sciences,2016,0,0,0,2,0,3,0,0,0,0,7,60,0,0,0,1,0,0
201885,University of Cincinnati-Main Campus,2016,1,3,90,109,114,135,75,72,0,2,2119,1831,103,115,35,28,86,58
201946,University of Cincinnati-Clermont College,2016,0,0,1,5,6,5,13,7,0,0,205,233,11,9,12,12,1,1
201955,University of Cincinnati-Blue Ash College,2016,0,1,26,22,133,172,31,37,1,1,276,321,23,36,4,17,12,4
201964,Ohio Christian University,2016,1,2,1,1,28,74,6,5,0,0,81,135,4,13,25,35,0,0
202046,Cleveland Institute of Art,2016,0,2,1,1,11,3,5,8,0,0,42,75,0,3,0,0,2,8
202073,Cleveland Institute of Music,2016,0,0,3,4,1,0,0,0,0,0,18,13,0,0,3,1,9,8
202134,Cleveland State University,2016,0,2,34,26,96,193,63,67,0,1,594,655,32,46,13,23,31,16
202170,Columbus College of Art & Design,2016,0,0,0,6,10,11,11,6,0,0,41,122,4,6,1,1,9,12
202480,University of Dayton,2016,1,0,13,15,30,20,36,34,0,0,766,778,25,24,11,6,46,18
202514,Defiance College,2016,0,0,0,1,20,2,7,4,0,0,47,48,4,1,1,0,0,1
202523,Denison University,2016,0,0,10,18,19,17,22,31,0,0,192,241,8,14,8,1,31,25
202763,The University of Findlay,2016,0,2,3,3,20,2,4,12,0,0,126,347,7,12,1,5,0,0
202806,Franklin University,2016,0,0,0,0,1,2,0,1,0,0,2,1,0,0,0,0,5,0
202903,Gods Bible School and College,2016,0,0,0,0,1,1,0,1,0,0,19,23,0,0,0,0,2,4
202912,Good Samaritan College of Nursing and Health Science,2016,0,0,0,0,0,0,0,0,0,0,1,18,0,0,0,0,0,0
203085,Heidelberg University,2016,1,1,1,2,30,11,7,4,0,0,149,145,7,7,3,3,0,0
203128,Hiram College,2016,0,0,1,1,17,10,5,2,0,1,44,66,4,4,39,10,2,1
203368,John Carroll University,2016,2,0,9,13,20,13,17,18,0,0,309,274,7,4,9,7,10,3
203447,Kent State University at Ashtabula,2016,0,0,1,0,2,5,7,6,0,0,37,74,5,4,2,2,0,1
203465,Kent State University at Stark,2016,1,1,3,8,12,22,6,5,1,1,228,270,13,17,10,11,1,0
203474,Kent State University at Trumbull,2016,0,0,0,1,7,14,0,3,0,0,66,107,3,4,2,5,0,0
203483,Kent State University at Tuscarawas,2016,0,0,0,2,3,0,3,2,0,0,88,119,1,2,2,1,0,0
203492,Kent State University at Salem,2016,0,0,0,1,0,1,0,0,0,0,39,101,1,4,1,2,0,0
203517,Kent State University at Kent,2016,5,2,29,50,116,284,57,125,1,2,1109,2159,53,118,38,61,40,55
203526,Kent State University at Geauga,2016,0,1,2,3,18,23,5,4,0,0,100,91,7,4,5,4,0,0
203535,Kenyon College,2016,0,0,3,16,1,9,19,15,0,0,160,205,13,9,6,4,13,14
203544,Kettering College,2016,0,0,0,2,1,0,0,2,0,0,5,35,0,2,0,1,1,1
203580,Lake Erie College,2016,3,0,2,1,40,8,6,2,0,0,67,69,9,0,2,1,7,2
203757,Lourdes University,2016,0,0,0,1,20,6,21,11,0,0,62,74,7,4,2,2,2,0
203775,Malone University,2016,0,0,0,2,48,18,9,4,0,0,83,132,7,4,1,0,1,0
203845,Marietta College,2016,2,0,1,0,15,3,4,2,2,0,100,70,4,4,3,4,24,7
203960,Mercy College of Ohio,2016,0,0,0,0,0,2,1,1,0,0,6,32,1,3,0,0,0,0
204006,Miami University-Hamilton,2016,1,1,4,2,18,21,5,12,0,0,190,240,8,10,4,2,1,0
204015,Miami University-Middletown,2016,0,1,1,1,5,3,5,4,0,0,93,121,4,7,4,2,11,1
204024,Miami University-Oxford,2016,6,3,40,48,70,79,85,98,2,1,1384,1524,67,93,7,8,160,123
204176,Mount Carmel College of Nursing,2016,0,0,0,0,0,5,0,2,0,0,5,83,0,3,0,1,0,0
204185,University of Mount Union,2016,4,2,4,5,54,10,22,5,1,1,245,234,11,6,21,17,0,0
204194,Mount Vernon Nazarene University,2016,0,0,0,1,9,10,5,8,0,0,129,250,5,10,8,14,2,0
204200,Mount St. Joseph University,2016,1,0,1,0,20,7,1,2,0,0,85,110,5,5,3,2,0,0
204264,Muskingum University,2016,0,0,1,1,8,5,5,6,0,0,128,126,9,11,6,0,7,6
204468,Notre Dame College,2016,0,0,1,1,45,36,14,8,1,0,68,75,8,2,5,5,13,3
204486,University of Northwestern Ohio,2016,8,1,2,1,25,8,21,2,2,0,556,73,0,0,246,32,8,2
204501,Oberlin College,2016,0,0,15,25,21,17,21,34,0,0,205,272,26,40,2,2,34,48
204617,Ohio Dominican University,2016,0,1,1,1,19,19,1,5,0,0,61,75,12,9,7,9,5,2
204635,Ohio Northern University,2016,1,2,7,2,28,7,6,2,0,0,221,206,2,6,63,41,1,3
204671,Ohio State University-Lima Campus,2016,1,1,2,6,9,10,1,3,0,0,156,140,8,9,7,12,1,0
204680,Ohio State University-Mansfield Campus,2016,0,0,15,11,25,27,6,13,0,0,156,161,7,8,8,4,0,0
204699,Ohio State University-Marion Campus,2016,2,0,15,11,7,4,10,3,0,1,171,131,11,2,9,11,1,0
204705,Ohio State University-Newark Campus,2016,3,2,33,27,123,118,18,21,1,0,404,381,26,35,20,22,0,1
204796,Ohio State University-Main Campus,2016,1,7,279,302,132,218,144,154,1,2,2600,2717,100,128,159,138,424,425
204857,Ohio University-Main Campus,2016,3,2,21,26,87,153,59,75,0,0,1619,1995,77,106,22,19,22,13
204909,Ohio Wesleyan University,2016,0,0,9,8,32,21,11,16,0,2,176,165,13,10,5,2,7,9
204936,Otterbein University,2016,0,2,2,14,19,26,7,19,0,0,207,307,11,15,8,5,0,4
205027,Pontifical College Josephinum,2016,0,0,0,0,0,0,0,0,0,0,9,0,0,0,3,0,1,0
205124,Rabbinical College Telshe,2016,0,0,0,0,0,0,0,0,0,0,14,0,0,0,0,0,0,0
205203,University of Rio Grande,2016,0,2,0,0,8,0,0,0,0,0,76,125,1,0,13,16,5,10
205443,Shawnee State University,2016,2,2,3,1,42,31,3,3,0,0,344,363,15,14,10,10,3,2
205957,Franciscan University of Steubenville,2016,0,2,5,5,2,1,9,32,0,0,157,218,6,8,2,2,1,3
206048,Tiffin University,2016,0,2,1,2,39,21,5,7,0,0,89,82,8,4,80,64,34,7
206084,University of Toledo,2016,3,2,30,33,191,240,92,108,0,0,1147,1104,51,88,60,62,52,38
206279,Union Institute & University,2016,0,0,0,0,1,1,0,0,0,0,1,4,0,0,1,2,0,0
206349,Ursuline College,2016,0,0,0,2,1,26,0,1,0,0,2,57,0,8,0,2,0,7
206394,The North Coast College,2016,0,1,0,0,0,5,2,2,0,0,3,8,0,0,0,0,0,0
206437,Walsh University,2016,0,1,0,4,29,11,8,10,0,0,123,197,5,6,8,18,13,6
206507,Wilmington College,2016,0,0,0,1,31,8,4,2,0,0,88,142,6,12,3,6,7,0
206525,Wittenberg University,2016,0,1,1,2,42,33,14,14,0,1,191,214,11,20,3,2,3,1
206589,The College of Wooster,2016,3,4,14,11,21,26,17,12,1,0,179,182,0,0,1,1,34,39
206604,Wright State University-Main Campus,2016,1,2,27,28,122,217,39,45,2,0,802,803,56,64,5,4,13,2
206613,Wright State University-Lake Campus,2016,0,0,1,0,2,3,1,4,0,1,130,138,1,1,1,0,0,0
206622,Xavier University,2016,0,0,8,16,46,36,32,27,1,1,399,458,24,22,9,7,14,11
206695,Youngstown State University,2016,1,0,12,18,73,113,32,49,1,0,737,783,46,65,42,45,17,7
206817,Bacone College,2016,63,38,7,4,91,22,28,18,2,0,49,23,6,1,15,18,13,1
206835,Oklahoma Wesleyan University,2016,13,13,1,1,21,10,6,7,0,0,84,59,0,0,0,2,7,0
206862,Southern Nazarene University,2016,4,5,0,1,30,4,19,11,0,0,84,78,9,13,4,3,2,1
206914,Cameron University,2016,13,19,2,3,37,44,41,61,2,2,114,185,27,59,15,9,13,5
206941,University of Central Oklahoma,2016,38,50,20,30,98,134,101,142,3,2,465,682,111,207,0,0,87,60
207041,East Central University,2016,22,32,0,1,24,5,17,15,0,0,108,157,21,34,7,7,87,49
207157,Randall University,2016,3,0,0,0,6,1,8,3,0,0,25,10,1,0,0,0,2,0
207209,Langston University,2016,2,4,0,0,176,256,0,2,0,0,5,26,21,32,44,59,18,20
207254,Spartan College of Aeronautics and Technology,2016,6,3,5,0,25,1,30,7,1,0,131,7,20,3,5,0,10,1
207263,Northeastern State University,2016,70,91,6,4,17,10,20,29,0,0,149,218,119,127,0,1,13,5
207306,Northwestern Oklahoma State University,2016,7,11,1,0,18,1,7,24,0,0,87,129,1,5,8,11,51,30
207324,Oklahoma Christian University,2016,2,4,3,2,13,16,9,18,0,0,184,161,14,19,0,0,0,0
207351,Oklahoma Panhandle State University,2016,1,3,0,1,25,3,36,31,0,0,60,40,9,4,1,3,3,3
207388,Oklahoma State University-Main Campus,2016,58,101,28,35,79,95,155,183,2,1,1332,1410,173,214,9,9,33,13
207397,Oklahoma State University-Oklahoma City,2016,10,11,9,7,22,45,59,83,0,0,134,140,31,29,22,24,15,26
207403,Oklahoma Baptist University,2016,9,16,3,3,21,18,7,4,0,0,144,229,41,69,1,0,0,1
207458,Oklahoma City University,2016,4,2,2,2,6,9,14,23,0,0,69,150,14,19,0,2,7,6
207500,University of Oklahoma-Norman Campus,2016,75,73,125,135,83,74,166,163,2,0,1073,1250,133,156,42,25,61,53
207564,Oklahoma State University Institute of Technology,2016,71,19,0,0,3,0,43,7,0,0,7,2,254,93,13,1,4,2
207582,Oral Roberts University,2016,4,11,4,14,42,34,22,38,0,0,83,131,16,19,10,9,18,19
207661,Rogers State University,2016,21,41,3,1,13,20,15,15,1,0,153,181,62,67,5,3,5,4
207722,University of Science and Arts of Oklahoma,2016,4,3,1,1,0,5,3,6,0,0,26,77,7,22,0,3,25,1
207847,Southeastern Oklahoma State University,2016,56,63,4,0,29,4,14,18,0,1,128,125,26,17,0,0,12,4
207856,Southwestern Christian University,2016,4,5,1,1,18,7,14,10,2,0,40,38,2,2,4,5,4,2
207865,Southwestern Oklahoma State University,2016,16,22,7,16,28,20,57,54,2,0,250,342,40,59,15,12,23,8
207971,University of Tulsa,2016,9,10,22,14,25,13,22,22,0,1,236,229,0,1,13,8,56,32
208646,Eastern Oregon University,2016,3,4,3,1,7,0,16,26,2,2,104,127,8,18,0,0,2,2
208725,New Hope Christian College-Eugene,2016,0,0,0,0,2,1,3,1,0,0,6,8,2,0,0,0,0,0
208822,George Fox University,2016,1,3,15,12,4,3,43,52,3,0,180,245,25,30,3,8,4,3
209056,Lewis & Clark College,2016,3,6,11,18,4,5,21,37,3,2,123,209,12,8,8,13,9,14
209065,Linfield University,2016,2,1,4,18,1,1,21,41,1,3,75,168,14,17,3,14,8,1
209241,Mount Angel Seminary,2016,0,0,0,0,0,0,0,0,0,0,1,0,0,0,0,0,1,0
209287,Multnomah University,2016,1,0,1,0,2,0,5,2,0,1,25,28,1,5,0,0,0,0
209409,Bushnell University,2016,1,3,2,4,2,5,2,0,0,1,23,35,0,3,0,0,0,0
209506,Oregon Institute of Technology,2016,0,1,22,8,1,3,16,16,3,0,140,100,9,11,4,1,7,4
209542,Oregon State University,2016,7,9,184,168,33,36,176,216,9,4,1187,1127,138,149,14,6,40,20
209551,University of Oregon,2016,10,11,78,146,51,54,203,306,11,13,1036,1357,121,201,17,43,166,118
209603,Pacific Northwest College of Art,2016,0,1,1,7,2,2,2,3,0,1,13,36,0,6,1,3,0,1
209612,Pacific University,2016,1,8,23,29,6,1,24,22,3,2,109,134,27,29,3,9,0,1
209807,Portland State University,2016,6,6,78,91,27,22,118,180,5,6,336,485,50,85,14,14,19,15
209825,University of Portland,2016,3,2,44,78,4,5,42,84,10,14,222,327,28,61,14,12,2,9
209922,Reed College,2016,1,1,9,20,2,3,13,26,0,0,99,107,19,10,4,6,20,14
210146,Southern Oregon University,2016,1,3,6,6,5,8,26,70,3,3,144,272,28,47,36,11,7,5
210304,Warner Pacific University,2016,1,0,1,3,3,4,18,22,1,1,11,16,3,4,2,1,0,0
210331,Corban University,2016,1,2,3,2,0,1,3,4,1,1,72,114,7,13,1,5,5,2
210401,Willamette University,2016,2,1,20,16,8,6,21,43,1,2,136,162,14,24,5,7,4,1
210429,Western Oregon University,2016,7,3,20,24,25,17,48,124,17,20,170,355,0,2,5,10,3,10
210492,Bryn Athyn College of the New Church,2016,1,1,2,1,3,9,2,9,0,0,20,22,0,0,0,0,0,0
210571,Albright College,2016,2,5,4,10,77,100,28,46,0,0,120,175,5,10,5,3,4,2
210669,Allegheny College,2016,0,1,8,10,34,23,28,32,0,0,168,192,11,14,6,11,10,3
210739,DeSales University,2016,0,0,4,17,13,8,27,34,0,0,151,217,7,5,3,13,1,0
210775,Alvernia University,2016,0,0,0,4,8,6,9,21,0,1,90,188,3,4,4,4,0,3
211024,Clarks Summit University,2016,0,0,0,0,5,0,2,3,0,0,32,36,2,0,0,0,0,0
211088,Arcadia University,2016,2,2,6,22,14,27,22,37,0,0,129,272,8,21,10,22,3,3
211273,Bryn Mawr College,2016,0,0,0,42,0,29,0,48,0,0,0,153,0,21,0,31,0,83
211291,Bucknell University,2016,0,0,19,28,21,14,24,29,0,0,352,359,19,14,0,2,39,30
211352,Cabrini University,2016,0,2,5,11,35,63,25,48,0,0,108,140,10,11,7,11,3,2
211431,Carlow University,2016,0,0,1,3,5,25,1,4,0,0,23,133,2,5,4,11,0,0
211440,Carnegie Mellon University,2016,0,0,214,283,41,23,93,46,1,0,237,205,34,32,34,48,124,137
211468,Cedar Crest College,2016,0,1,0,8,0,18,0,19,0,0,0,113,0,7,0,10,0,5
211477,Central Penn College,2016,1,0,0,1,16,30,1,1,0,0,22,14,0,0,2,3,0,0
211556,Chatham University,2016,0,0,2,6,4,9,3,5,0,1,32,124,2,0,1,2,2,1
211583,Chestnut Hill College,2016,0,0,2,3,25,30,9,16,0,0,57,74,6,7,4,3,2,0
211608,Cheyney University of Pennsylvania,2016,0,0,0,0,89,53,2,6,0,0,1,0,7,8,7,8,0,0
211893,Curtis Institute of Music,2016,0,0,2,3,1,2,1,0,0,0,2,1,0,0,0,0,4,2
211981,Delaware Valley University,2016,0,2,0,4,42,8,20,16,0,0,126,192,0,0,17,24,0,0
212009,Dickinson College,2016,0,1,7,19,10,18,21,34,0,1,187,215,7,10,4,2,29,45
212054,Drexel University,2016,1,5,214,204,74,77,81,76,2,1,657,504,78,52,29,28,159,82
212106,Duquesne University,2016,1,1,21,40,48,50,16,38,1,0,430,819,20,25,5,8,10,13
212115,East Stroudsburg University of Pennsylvania,2016,0,1,7,21,123,156,65,78,1,1,299,437,45,47,6,12,0,0
212133,Eastern University,2016,0,0,2,6,19,32,28,64,0,0,78,158,3,7,7,11,7,2
212197,Elizabethtown College,2016,0,1,4,7,8,12,5,13,0,0,147,218,5,11,0,0,8,3
212577,Franklin and Marshall College,2016,0,1,17,21,14,19,26,35,0,0,161,188,8,9,10,24,47,59
212601,Gannon University,2016,0,1,9,6,16,14,7,12,0,0,164,291,7,12,27,19,23,18
212656,Geneva College,2016,0,0,4,4,4,6,2,4,0,0,123,118,10,1,3,10,0,0
212674,Gettysburg College,2016,0,1,6,12,12,11,24,29,0,0,249,272,7,10,6,10,18,29
212805,Grove City College,2016,0,0,2,5,1,1,5,3,0,0,290,251,14,9,0,0,1,1
212832,Gwynedd Mercy University,2016,0,0,0,5,5,6,1,3,0,0,21,38,0,0,43,101,0,0
212911,Haverford College,2016,0,0,18,22,10,14,9,17,0,0,108,98,1,2,5,6,22,17
212984,Holy Family University,2016,0,0,5,13,23,38,3,12,0,1,64,144,0,0,3,20,0,2
213011,Immaculata University,2016,0,1,0,5,7,12,5,12,0,0,39,125,3,3,1,0,0,3
213020,Indiana University of Pennsylvania-Main Campus,2016,0,2,11,18,160,220,54,74,1,0,602,1032,40,64,2,7,8,3
213251,Juniata College,2016,0,0,3,7,4,12,10,6,0,0,148,157,6,10,1,6,12,12
213303,Keystone College,2016,1,1,0,3,19,24,4,11,0,0,75,110,1,4,8,13,1,1
213321,King's College,2016,0,2,3,11,17,5,17,22,0,0,214,197,9,5,8,7,50,3
213349,Kutztown University of Pennsylvania,2016,1,3,9,6,64,42,77,65,0,0,595,738,26,32,14,11,3,5
213358,La Roche University,2016,0,0,3,1,21,17,3,5,1,1,62,100,6,6,1,4,22,12
213367,La Salle University,2016,1,0,20,34,59,117,32,89,0,3,180,232,14,13,21,40,7,7
213376,Lackawanna College,2016,0,0,2,3,98,20,21,20,0,0,112,83,5,0,12,3,3,0
213385,Lafayette College,2016,0,0,13,21,20,21,21,21,0,0,189,215,7,12,16,24,33,36
213400,Lancaster Bible College,2016,0,0,0,0,2,2,3,2,0,0,55,69,4,4,11,12,0,0
213507,Lebanon Valley College,2016,0,0,0,7,2,6,14,17,0,1,161,186,8,8,5,11,0,2
213543,Lehigh University,2016,0,2,51,44,32,30,62,57,0,1,449,335,10,22,28,22,58,46
213598,Lincoln University,2016,2,0,0,0,141,299,5,5,0,0,3,1,1,8,19,16,9,8
213668,Lycoming College,2016,0,0,1,0,24,23,25,27,0,0,109,89,10,3,3,8,13,8
213774,Manor College,2016,0,3,2,5,26,24,4,7,0,0,11,16,0,2,3,1,0,0
213826,Marywood University,2016,0,0,1,6,4,3,5,15,0,0,88,179,3,3,2,11,3,0
213987,Mercyhurst University,2016,1,6,7,8,30,16,18,25,0,0,248,325,0,0,3,12,12,0
213996,Messiah University,2016,0,1,5,14,5,9,13,20,0,0,213,344,11,18,1,0,14,17
214041,Millersville University of Pennsylvania,2016,2,1,19,18,35,61,40,50,0,0,449,561,6,4,23,32,3,6
214069,Misericordia University,2016,1,0,2,4,10,7,6,8,0,1,124,228,13,9,1,9,0,0
214148,Moore College of Art and Design,2016,0,0,0,2,0,14,0,2,0,1,0,38,0,9,0,4,0,1
214157,Moravian University,2016,1,1,2,9,20,11,23,34,0,0,117,197,7,6,8,17,20,11
214166,Mount Aloysius College,2016,1,1,0,0,2,5,1,1,0,0,51,153,0,0,5,21,21,10
214175,Muhlenberg College,2016,0,0,5,12,10,13,14,26,0,0,191,288,4,3,1,4,9,13
214272,Neumann University,2016,0,0,4,3,27,71,12,16,0,0,79,132,3,8,3,10,4,3
214883,Peirce College,2016,0,0,1,0,10,5,2,0,0,0,0,1,0,0,0,0,1,0
214971,Pennsylvania Academy of the Fine Arts,2016,0,0,0,2,1,4,1,0,0,0,5,18,1,2,2,0,1,1
215053,Pennsylvania College of Art and Design,2016,0,2,1,1,3,4,2,2,0,0,11,40,1,2,1,5,0,0
215062,University of Pennsylvania,2016,0,2,225,283,88,113,126,121,0,0,524,495,43,63,15,18,145,167
215105,University of the Arts,2016,1,1,3,11,28,49,18,20,0,0,80,155,12,15,0,2,7,11
215114,Cairn University-Langhorne,2016,0,0,2,2,7,8,8,6,0,0,51,51,2,3,0,0,2,2
215266,University of Pittsburgh-Bradford,2016,0,0,8,10,36,36,12,21,0,0,99,106,7,8,12,21,8,5
215275,University of Pittsburgh-Greensburg,2016,0,0,13,14,18,22,11,18,0,0,154,173,10,9,10,9,3,2
215284,University of Pittsburgh-Johnstown,2016,1,0,6,6,13,26,8,9,0,1,302,252,12,10,23,17,14,14
215293,University of Pittsburgh-Pittsburgh Campus,2016,2,2,183,282,100,134,68,87,0,0,1253,1456,73,110,18,28,77,78
215415,Pittsburgh Technical College,2016,2,1,4,2,25,27,1,2,0,0,251,157,19,14,110,48,0,0
215442,Point Park University,2016,1,1,1,11,31,51,4,5,1,1,153,301,10,19,0,0,12,4
215637,Walnut Hill College,2016,0,0,6,5,40,64,11,12,0,0,76,88,10,15,18,18,0,0
215655,Robert Morris University,2016,1,1,5,6,47,33,16,14,0,0,360,275,23,16,14,7,43,19
215691,Rosemont College,2016,0,2,2,2,23,43,3,10,0,2,29,30,4,6,0,2,0,0
215743,Saint Francis University,2016,1,1,2,6,16,3,4,4,0,0,92,199,4,4,6,4,2,0
215770,Saint Joseph's University,2016,1,0,14,19,41,32,43,51,2,2,459,533,14,12,6,17,8,13
215798,Saint Vincent College,2016,0,0,1,3,16,4,12,1,1,0,176,161,5,3,4,3,0,1
215929,University of Scranton,2016,1,0,16,20,6,18,48,52,0,1,335,444,4,9,16,17,10,5
215947,Seton Hill University,2016,0,0,0,5,18,11,6,13,0,0,77,217,4,4,4,2,3,1
216010,Shippensburg University of Pennsylvania,2016,1,1,10,9,91,107,53,42,0,2,477,495,26,44,6,5,6,3
216038,Slippery Rock University of Pennsylvania,2016,3,3,1,11,48,51,14,24,0,1,534,764,35,49,4,6,12,4
216047,Saint Charles Borromeo Seminary-Overbrook,2016,0,0,0,0,0,0,3,0,0,0,13,0,0,0,1,0,0,0
216278,Susquehanna University,2016,0,1,3,7,30,24,20,19,0,0,215,291,4,16,2,2,2,1
216287,Swarthmore College,2016,0,1,34,24,13,19,16,40,0,0,88,88,10,16,8,8,26,24
216311,Talmudical Yeshiva of Philadelphia,2016,0,0,0,0,0,0,0,0,0,0,36,0,0,0,0,0,1,0
216339,Temple University,2016,3,2,270,344,161,368,113,179,3,3,1467,1628,64,91,52,63,166,166
216357,Thiel College,2016,1,0,0,0,53,14,3,4,0,0,110,79,7,3,3,0,0,0
216524,Ursinus College,2016,1,0,4,8,12,13,11,20,0,0,141,144,6,6,8,4,0,4
216542,University of Valley Forge,2016,0,0,0,0,16,15,12,15,0,0,28,37,1,7,3,1,1,0
216597,Villanova University,2016,0,0,35,58,34,45,54,61,0,0,597,677,23,29,19,19,10,15
216667,Washington & Jefferson College,2016,0,1,1,8,13,11,9,12,0,0,158,150,10,6,16,18,11,5
216694,Waynesburg University,2016,0,0,2,0,16,6,2,5,0,0,141,213,9,5,0,2,0,0
216764,West Chester University of Pennsylvania,2016,0,0,15,38,93,170,57,90,1,1,720,1123,43,54,14,17,1,4
216807,Westminster College,2016,2,1,1,3,18,18,6,1,0,0,110,118,1,1,57,32,1,1
216852,Widener University,2016,1,1,9,12,32,47,11,27,0,0,239,311,8,13,5,4,11,0
216931,Wilkes University,2016,3,1,8,10,27,23,22,28,0,0,248,227,9,10,4,9,23,7
217013,Wilson College,2016,0,0,0,1,1,4,2,7,0,0,11,79,2,2,0,5,7,7
217059,York College of Pennsylvania,2016,0,0,10,11,20,25,32,43,0,0,316,391,14,15,11,10,1,0
217156,Brown University,2016,3,6,116,135,56,53,77,135,3,2,373,355,38,57,34,57,77,102
217165,Bryant University,2016,2,0,8,14,17,12,36,19,0,0,427,217,6,8,11,4,44,18
217235,Johnson & Wales University-Providence,2016,8,9,19,20,137,202,90,166,0,0,439,655,40,65,40,57,25,39
217305,New England Institute of Technology,2016,4,2,9,2,25,6,66,21,0,0,212,43,6,1,32,10,5,0
217402,Providence College,2016,1,1,3,5,15,23,47,60,2,0,370,450,6,7,24,17,14,11
217420,Rhode Island College,2016,1,6,6,24,48,81,78,179,0,2,176,458,5,16,15,48,2,2
217484,University of Rhode Island,2016,2,5,51,52,78,76,133,212,1,0,1007,1376,36,45,53,72,15,21
217493,Rhode Island School of Design,2016,0,1,15,59,3,11,11,31,0,0,62,106,3,13,3,4,37,97
217518,Roger Williams University,2016,0,1,5,12,5,12,29,44,0,1,472,534,11,12,26,36,6,5
217536,Salve Regina University,2016,0,0,2,2,3,4,12,18,0,0,150,314,2,13,5,12,3,8
217606,Northpoint Bible College,2016,0,0,0,0,3,1,7,4,0,0,18,13,1,2,1,0,1,0
217624,Allen University,2016,0,0,0,0,59,72,1,0,0,0,3,0,0,0,0,0,0,0
217633,Anderson University,2016,0,0,1,2,17,20,9,22,0,1,171,390,11,11,2,2,5,4
217688,Charleston Southern University,2016,2,2,3,5,77,104,12,16,1,0,177,284,15,16,2,5,0,1
217721,Benedict College,2016,0,1,0,0,306,294,1,0,0,0,0,0,0,0,0,0,0,0
217749,Bob Jones University,2016,1,1,3,2,6,3,10,16,2,2,213,250,7,9,13,12,14,10
217776,Southern Wesleyan University,2016,0,0,0,0,20,17,1,4,0,0,58,81,0,0,4,3,2,0
217819,College of Charleston,2016,3,7,17,47,60,143,36,90,2,4,605,1216,20,51,6,19,9,7
217864,Citadel Military College of South Carolina,2016,5,1,12,1,59,4,46,7,1,1,527,35,25,7,1,0,2,0
217873,Claflin University,2016,3,3,3,4,146,312,3,5,0,1,1,3,1,1,0,3,0,1
217882,Clemson University,2016,2,3,42,54,143,139,67,73,0,0,1430,1576,57,74,2,2,6,11
217891,Clinton College,2016,0,0,0,0,73,31,0,0,0,0,4,0,0,0,0,0,1,0
217907,Coker University,2016,1,1,0,0,57,58,1,5,0,0,58,56,5,2,3,2,0,5
217925,Columbia International University,2016,0,0,1,1,4,2,2,0,0,0,27,37,1,2,1,1,1,0
217934,Columbia College,2016,0,0,0,1,0,54,0,7,0,1,0,66,0,11,0,0,0,6
217961,Converse University,2016,0,0,0,2,0,22,0,11,0,0,0,138,0,9,0,52,0,4
217998,Erskine College,2016,0,1,1,3,14,22,4,4,0,0,59,80,0,0,7,12,0,0
218061,Francis Marion University,2016,0,1,2,4,57,249,6,12,0,0,126,231,8,20,0,0,12,1
218070,Furman University,2016,1,0,5,6,21,17,17,24,0,0,209,396,9,5,13,13,5,7
218229,Lander University,2016,0,2,0,2,42,111,6,12,0,0,115,279,7,17,1,5,8,1
218238,Limestone University,2016,1,2,1,1,94,51,17,3,0,0,105,84,0,0,0,0,11,13
218399,Morris College,2016,1,0,0,0,84,131,1,0,0,0,0,0,0,2,0,0,0,0
218414,Newberry College,2016,1,1,1,1,53,23,6,5,0,0,70,73,4,4,15,15,7,6
218441,North Greenville University,2016,0,0,4,2,40,7,7,6,1,0,170,180,0,0,28,19,0,2
218539,Presbyterian College,2016,0,0,2,1,32,10,6,4,0,0,90,115,5,8,1,2,7,4
218645,University of South Carolina Aiken,2016,1,2,1,3,41,114,10,26,1,0,127,236,12,13,4,3,16,6
218654,University of South Carolina Beaufort,2016,0,1,1,2,25,77,12,27,0,0,91,204,10,16,4,7,2,5
218663,University of South Carolina-Columbia,2016,2,3,65,83,96,158,89,128,4,3,1960,2232,66,113,21,20,40,22
218724,Coastal Carolina University,2016,4,6,4,5,212,218,45,55,0,0,699,816,61,73,16,9,13,10
218733,South Carolina State University,2016,2,2,0,1,297,298,0,4,0,0,5,5,0,0,0,0,0,0
218742,University of South Carolina-Upstate,2016,0,0,11,7,73,180,14,33,1,0,144,250,7,18,7,5,6,5
218919,Voorhees University,2016,1,0,0,0,69,76,1,0,0,0,1,0,1,0,1,0,0,0
218964,Winthrop University,2016,0,3,2,6,93,238,12,52,0,1,177,433,13,26,0,0,8,7
218973,Wofford College,2016,0,0,4,10,29,12,9,9,0,0,163,184,5,8,4,3,0,0
219000,Augustana University,2016,1,0,2,3,5,5,4,6,0,0,111,236,4,5,1,1,22,15
219046,Black Hills State University,2016,12,14,2,2,9,0,13,17,0,1,144,296,9,19,2,1,3,1
219082,Dakota State University,2016,6,2,5,1,7,1,9,5,0,0,172,73,12,8,0,1,3,1
219091,Dakota Wesleyan University,2016,2,1,0,1,1,0,3,6,0,0,80,69,7,2,0,0,0,0
219198,Mount Marty University,2016,1,1,1,0,3,0,9,0,0,0,30,54,2,3,0,0,0,0
219204,National American University-Rapid City,2016,0,1,0,0,0,0,0,0,0,0,0,3,0,0,0,0,0,0
219259,Northern State University,2016,3,6,3,2,9,1,4,8,1,0,101,141,11,8,1,0,7,5
219277,Oglala Lakota College,2016,31,29,0,0,0,0,0,0,0,0,0,0,0,0,0,0,0,0
219347,South Dakota School of Mines and Technology,2016,4,1,2,2,2,0,19,5,0,0,338,91,14,2,0,0,10,2
219356,South Dakota State University,2016,10,4,13,6,13,8,33,32,1,0,901,1055,27,30,6,3,35,29
219374,Sinte Gleska University,2016,11,16,0,0,0,0,0,0,0,0,0,1,0,0,0,0,0,0
219383,University of Sioux Falls,2016,0,2,1,2,7,3,0,1,0,1,83,153,6,3,1,5,1,1
219471,University of South Dakota,2016,11,21,4,6,28,13,19,37,2,0,343,598,22,22,3,2,12,19
219505,American Baptist College,2016,0,0,1,0,8,6,0,0,0,0,0,0,0,0,0,0,1,0
219602,Austin Peay State University,2016,2,4,9,10,145,257,43,41,0,0,406,574,64,73,3,18,0,0
219639,Baptist Health Sciences University,2016,0,0,1,0,1,12,0,0,0,0,6,45,0,0,0,0,0,0
219709,Belmont University,2016,2,4,6,25,23,50,26,59,0,0,427,857,23,41,6,10,6,3
219718,Bethel University,2016,1,1,1,2,74,46,3,3,0,0,125,105,4,4,9,10,7,5
219790,Bryan College-Dayton,2016,1,2,2,1,7,3,4,3,0,0,93,83,3,1,0,0,4,1
219806,Carson-Newman University,2016,2,2,1,4,33,17,9,14,0,0,164,233,4,6,1,4,8,3
219833,Christian Brothers University,2016,2,0,9,11,37,48,14,15,0,0,76,62,4,8,21,24,4,1
219949,Cumberland University,2016,3,3,2,2,32,23,8,7,0,0,111,151,0,0,60,37,4,4
219976,Lipscomb University,2016,1,2,7,10,20,22,23,32,0,0,180,295,4,15,1,5,7,9
220075,East Tennessee State University,2016,2,2,11,16,64,105,15,27,1,0,629,907,19,26,10,6,16,13
220181,Fisk University,2016,0,0,0,1,23,78,0,2,0,0,0,1,0,5,8,5,0,0
220206,Welch College,2016,0,0,0,1,3,0,1,2,0,0,20,27,0,0,0,0,0,0
220215,Freed-Hardeman University,2016,1,3,1,7,5,0,1,4,0,0,102,146,3,3,20,28,0,0
220473,Johnson University,2016,0,0,0,0,0,2,5,1,0,0,60,52,3,1,3,2,0,2
220516,King University,2016,0,0,1,1,9,9,6,5,0,0,41,64,4,1,3,1,7,5
220552,South College,2016,0,2,0,0,3,16,4,8,0,0,58,200,0,7,1,3,0,0
220598,Lane College,2016,0,0,0,0,136,136,2,1,0,0,0,1,1,1,56,62,0,0
220604,Le Moyne-Owen College,2016,0,0,0,0,56,132,0,0,0,0,0,0,0,0,0,0,1,0
220613,Lee University,2016,1,1,1,7,21,17,2,0,2,0,255,497,10,19,10,16,14,11
220631,Lincoln Memorial University,2016,3,2,5,2,10,10,3,1,0,0,82,159,0,0,3,3,9,5
220701,The University of Tennessee Southern,2016,0,0,2,0,19,21,4,4,0,1,60,115,3,5,3,12,4,2
220710,Maryville College,2016,0,1,1,3,46,11,14,5,0,0,89,133,6,8,0,0,4,2
220862,University of Memphis,2016,7,4,48,42,371,574,74,77,0,0,629,611,49,75,22,26,19,19
220978,Middle Tennessee State University,2016,1,5,53,63,255,462,73,77,0,1,789,894,52,60,1,2,51,28
221351,Rhodes College,2016,1,2,18,17,28,29,16,18,0,0,156,177,2,13,2,7,10,11
221519,The University of the South,2016,0,1,4,4,9,15,14,13,0,0,217,205,5,9,0,0,10,8
221661,Southern Adventist University,2016,0,0,22,33,26,33,46,71,2,3,90,125,10,17,0,0,5,8
221731,Tennessee Wesleyan University,2016,0,0,0,1,2,1,1,1,0,0,13,29,0,1,66,82,0,0
221740,The University of Tennessee-Chattanooga,2016,1,2,18,26,72,127,32,56,0,2,670,946,37,49,4,6,10,8
221759,The University of Tennessee-Knoxville,2016,4,7,98,99,136,181,93,98,3,3,1849,1943,78,84,51,41,44,28
221768,The University of Tennessee-Martin,2016,3,3,3,4,38,57,9,16,0,0,308,450,10,13,0,0,12,7
221838,Tennessee State University,2016,0,1,1,2,380,717,6,11,0,0,39,35,12,12,6,9,31,15
221847,Tennessee Technological University,2016,1,1,19,6,56,23,36,12,0,0,672,616,57,37,6,2,38,9
221892,Trevecca Nazarene University,2016,0,0,2,5,14,14,30,54,0,1,90,149,5,3,4,4,9,11
221953,Tusculum University,2016,0,0,1,0,54,13,11,9,0,0,112,95,5,2,4,2,12,4
221971,Union University,2016,1,4,0,4,5,12,2,7,0,0,111,189,0,0,0,0,1,0
221999,Vanderbilt University,2016,4,6,132,88,70,101,71,96,2,3,348,411,35,49,32,30,63,58
222178,Abilene Christian University,2016,1,2,3,9,39,48,61,118,1,0,266,384,19,22,0,2,9,9
222831,Angelo State University,2016,2,5,3,6,89,66,243,319,1,0,340,395,22,30,0,0,19,16
222877,Arlington Baptist University,2016,0,0,0,0,3,5,3,0,0,0,8,6,0,0,0,0,0,0
222983,Austin College,2016,3,0,20,28,16,21,34,38,0,1,85,76,11,6,0,0,3,3
222992,Austin Community College District,2016,17,7,54,81,64,64,432,463,2,1,570,465,71,46,6,8,28,19
223117,Baptist Missionary Association Theological Seminary,2016,0,0,0,0,0,0,0,0,0,0,1,0,0,0,0,0,0,0
223232,Baylor University,2016,4,7,76,116,76,140,211,324,1,1,959,1327,65,81,3,4,49,52
223463,Remington College-Dallas Campus,2016,1,0,3,2,27,63,34,90,0,0,7,23,1,6,1,0,0,0
223506,Brazosport College,2016,1,0,3,0,6,8,48,48,0,0,74,39,14,3,1,4,0,0
224004,Concordia University Texas,2016,1,1,3,2,19,11,45,57,0,0,44,68,0,3,8,7,0,1
224147,Texas A & M University-Corpus Christi,2016,2,3,25,31,103,106,448,723,1,0,351,466,10,18,26,29,21,17
224226,Dallas Baptist University,2016,2,0,3,3,15,21,43,51,2,2,147,233,0,0,0,0,0,0
224244,Dallas Christian College,2016,0,0,0,0,2,4,3,3,0,0,7,6,1,1,2,0,1,0
224323,University of Dallas,2016,1,1,8,18,6,4,34,50,2,3,97,114,5,9,1,2,8,8
224527,East Texas Baptist University,2016,0,0,0,0,47,20,18,14,1,0,113,121,7,3,1,0,1,0
224545,Texas A&M University-Texarkana,2016,0,0,5,6,11,13,25,24,1,0,50,42,9,5,5,1,1,1
224554,Texas A & M University-Commerce,2016,3,3,8,8,134,158,127,119,1,1,146,170,50,48,5,3,3,3
224660,Western Technical College,2016,0,0,3,1,2,2,34,30,0,0,14,4,0,0,1,0,0,0
224679,Western Technical College,2016,0,0,0,0,2,1,122,20,0,0,20,1,3,0,2,0,0,0
225201,Hallmark University,2016,0,1,0,0,6,1,33,6,0,1,14,3,1,0,0,0,0,0
225247,Hardin-Simmons University,2016,1,0,5,1,12,11,33,39,0,0,129,128,7,6,5,6,6,3
225399,Houston Christian University,2016,1,2,19,31,41,67,90,140,0,1,49,68,6,13,11,19,12,6
225414,University of Houston-Clear Lake,2016,0,1,13,12,8,8,42,56,0,0,34,45,3,1,1,0,2,1
225432,University of Houston-Downtown,2016,0,0,44,26,35,34,237,340,0,1,17,16,4,4,4,4,22,41
225502,University of Houston-Victoria,2016,0,0,5,2,34,35,63,97,0,0,40,21,6,7,0,0,3,0
225511,University of Houston,2016,1,0,570,558,181,238,696,658,1,0,549,444,91,79,20,27,84,66
225548,Howard Payne University,2016,2,3,0,2,35,11,35,24,2,1,87,75,0,0,33,15,0,0
225575,Huston-Tillotson University,2016,0,0,0,1,54,51,11,15,0,0,4,1,0,1,1,1,1,4
225627,University of the Incarnate Word,2016,0,1,3,10,29,25,164,311,0,2,48,70,4,7,24,57,16,5
225885,Jarvis Christian University,2016,0,0,0,0,112,118,8,11,0,1,5,2,0,0,3,5,1,3
226091,Lamar University,2016,3,2,27,42,181,285,113,123,0,2,301,324,15,19,5,11,8,5
226134,Laredo College,2016,0,0,1,0,0,0,345,321,0,1,5,4,0,0,6,2,1,1
226152,Texas A & M International University,2016,1,0,3,2,2,1,443,608,0,0,11,5,3,3,1,0,4,9
226231,LeTourneau University,2016,3,0,3,0,4,1,9,8,0,0,106,46,6,2,45,22,4,1
226383,Lubbock Christian University,2016,7,2,2,0,11,6,22,36,1,0,76,155,0,0,0,0,1,1
226471,University of Mary Hardin-Baylor,2016,4,5,2,5,55,68,63,91,0,2,155,279,2,9,1,2,2,1
226587,McMurry University,2016,1,0,1,2,28,16,51,25,0,1,78,46,9,6,0,0,17,3
226806,Midland College,2016,0,1,1,2,10,20,93,143,0,2,58,86,3,5,1,2,0,0
226833,Midwestern State University,2016,2,6,7,9,67,45,66,99,2,0,148,230,15,27,0,0,6,5
226879,Wade College,2016,0,0,0,0,1,4,1,3,0,0,0,3,0,3,0,0,0,0
227216,University of North Texas,2016,6,8,194,193,243,395,568,694,1,1,919,1113,114,160,17,8,72,54
227331,Our Lady of the Lake University,2016,0,0,0,0,4,11,60,116,0,0,7,8,0,1,3,2,1,0
227368,The University of Texas Rio Grande Valley,2016,0,0,28,32,11,6,1477,1873,2,0,42,32,6,3,19,16,35,34
227429,Paul Quinn College,2016,0,0,0,0,33,37,8,19,0,0,0,1,0,0,2,3,0,0
227526,Prairie View A & M University,2016,6,8,9,7,591,995,52,94,0,1,13,8,8,14,2,6,7,2
227757,Rice University,2016,0,1,100,139,40,29,86,67,0,1,178,172,18,15,11,14,52,54
227845,Saint Edward's University,2016,2,2,8,24,12,34,152,264,0,1,119,180,3,12,6,7,17,20
227863,University of St Thomas,2016,0,1,10,31,8,12,40,95,0,0,15,32,5,5,3,2,4,9
227881,Sam Houston State University,2016,2,2,9,42,202,407,269,498,2,1,422,725,24,42,2,4,5,9
228042,Schreiner University,2016,0,1,1,1,5,5,58,88,0,0,56,73,1,2,4,5,1,1
228149,St. Mary's University,2016,1,0,5,5,9,11,202,218,0,0,39,28,2,3,10,10,22,21
228246,Southern Methodist University,2016,0,2,35,55,53,32,81,87,0,0,517,494,33,32,2,2,49,47
228325,Nelson University,2016,7,10,2,2,38,8,35,33,1,1,94,85,1,6,0,0,0,2
228343,Southwestern University,2016,3,3,1,7,20,10,37,48,1,0,92,137,9,7,2,1,3,0
228431,Stephen F Austin State University,2016,4,7,8,23,148,286,166,307,2,1,431,855,33,55,2,2,3,9
228459,Texas State University,2016,5,9,38,76,204,409,815,1348,2,8,913,1471,70,124,4,2,10,5
228468,Southwestern Adventist University,2016,0,0,4,4,6,7,29,36,4,0,10,19,4,4,0,0,2,5
228486,Southwestern Christian College,2016,0,1,0,0,18,23,9,1,0,0,0,1,0,2,0,0,0,0
228501,Sul Ross State University,2016,2,2,0,0,48,4,110,81,0,1,52,47,0,0,0,1,0,0
228529,Tarleton State University,2016,3,11,6,6,78,94,140,284,0,0,487,852,25,52,3,1,0,1
228705,Texas A & M University-Kingsville,2016,1,0,5,5,53,29,456,412,2,3,114,94,7,4,2,1,9,3
228723,Texas A & M University-College Station,2016,12,7,398,298,161,177,1090,1100,4,5,2677,2623,130,161,2,3,83,24
228769,The University of Texas at Arlington,2016,2,4,233,198,123,153,428,487,0,0,451,433,52,73,26,44,116,70
228778,The University of Texas at Austin,2016,11,3,1002,905,119,258,835,1216,5,5,1525,1836,152,155,52,45,220,226
228787,The University of Texas at Dallas,2016,4,4,620,523,72,63,294,199,2,4,661,326,82,63,42,31,93,54
228796,The University of Texas at El Paso,2016,1,2,8,17,54,30,1238,1332,1,0,57,68,15,13,13,9,90,58
228802,The University of Texas at Tyler,2016,1,2,12,18,24,42,51,88,0,0,204,248,13,19,44,41,6,2
228875,Texas Christian University,2016,10,12,24,32,40,48,94,157,1,2,552,823,5,6,3,9,38,31
228884,Texas College,2016,0,0,0,0,141,88,16,8,0,0,3,0,0,0,1,0,4,3
228981,Texas Lutheran University,2016,0,0,0,0,39,15,64,63,0,0,95,85,4,7,2,0,2,1
229018,The University of Texas Permian Basin,2016,0,0,2,3,9,4,144,180,0,0,43,36,3,5,2,2,5,8
229027,The University of Texas at San Antonio,2016,4,3,158,182,163,277,1050,1270,3,3,494,443,73,84,10,17,40,32
229063,Texas Southern University,2016,7,9,10,5,442,614,29,37,2,1,11,21,0,0,0,1,19,11
229115,Texas Tech University,2016,6,7,75,59,145,132,610,555,4,4,1439,1400,26,31,16,13,105,63
229160,Texas Wesleyan University,2016,2,0,2,3,35,14,51,51,0,0,46,35,11,19,3,1,16,12
229179,Texas Woman's University,2016,0,12,13,124,12,265,48,459,1,10,24,300,0,0,0,5,1,4
229267,Trinity University,2016,1,2,20,26,14,15,68,86,0,0,170,196,11,14,4,9,15,11
229355,Tyler Junior College,2016,9,7,10,15,388,412,200,270,6,0,467,547,50,45,17,11,10,13
229780,Wayland Baptist University,2016,0,0,1,0,53,12,70,41,0,0,57,46,10,5,6,6,6,3
229814,West Texas A & M University,2016,4,1,6,11,49,25,155,211,2,0,317,454,10,23,14,10,4,8
229887,Wiley University,2016,0,0,0,0,88,86,12,6,0,0,1,2,0,0,5,0,6,3
230038,Brigham Young University,2016,9,10,39,40,8,13,109,166,15,21,1923,2447,93,122,39,31,36,41
230047,Brigham Young University-Hawaii,2016,2,3,3,9,0,1,9,25,5,23,64,150,18,39,2,6,29,49
230171,Utah Tech University,2016,9,17,5,6,39,27,114,154,21,17,495,855,46,46,9,8,19,16
230366,Eagle Gate College-Murray,2016,0,0,0,0,0,1,1,10,0,0,4,20,1,0,2,4,0,0
230597,Snow College,2016,5,6,5,5,21,6,41,32,22,16,414,769,10,14,5,0,35,23
230603,Southern Utah University,2016,3,13,10,15,25,21,44,82,18,15,388,733,0,0,23,60,24,11
230728,Utah State University,2016,55,54,16,24,20,17,104,180,7,16,1462,1937,62,67,19,17,27,12
230737,Utah Valley University,2016,5,12,15,19,11,5,184,215,14,14,975,1309,45,83,8,4,45,14
230764,University of Utah,2016,3,8,109,98,21,19,172,259,13,10,1179,1108,103,111,3,5,58,40
230782,Weber State University,2016,7,6,14,23,34,26,129,184,12,11,649,905,44,44,17,28,26,23
230807,Westminster University,2016,0,5,2,9,7,2,14,34,0,1,133,174,9,14,3,2,12,9
230816,Bennington College,2016,0,1,1,1,3,6,6,16,0,0,36,76,2,6,3,5,10,24
230852,Champlain College,2016,1,0,7,12,10,7,31,20,0,0,318,160,12,8,39,16,3,2
230889,Goddard College,2016,0,1,0,0,0,0,0,0,0,0,1,5,1,0,1,0,0,0
230959,Middlebury College,2016,0,0,20,19,14,11,32,29,0,0,192,189,10,19,9,6,26,30
230995,Norwich University,2016,3,0,16,5,58,11,46,25,1,0,438,121,36,16,8,4,8,1
231059,Saint Michael's College,2016,1,1,1,4,6,4,7,14,0,0,148,244,6,6,3,4,5,4
231095,Sterling College,2016,0,1,0,1,1,0,0,1,0,0,10,12,0,0,1,0,0,0
231165,Vermont State University,2016,1,0,0,1,1,1,2,1,0,0,121,69,7,1,5,1,1,1
231174,University of Vermont,2016,0,0,27,55,6,15,34,58,0,0,846,1318,31,43,6,18,19,8
231420,Averett University,2016,1,0,2,2,58,28,3,4,0,0,65,58,0,0,0,0,14,1
231554,Bluefield University,2016,0,0,0,0,44,9,2,2,0,0,40,57,8,2,2,2,11,0
231581,Bridgewater College,2016,1,1,3,5,53,42,24,23,0,0,163,211,12,21,15,15,4,7
231624,William & Mary,2016,1,3,43,55,36,62,61,99,0,0,379,497,30,55,39,46,41,57
231651,Regent University,2016,1,0,1,1,14,33,9,10,0,0,87,86,9,19,1,0,2,2
231712,Christopher Newport University,2016,4,2,9,19,33,38,29,45,0,2,401,534,24,38,16,27,5,2
231785,Bryant & Stratton College-Virginia Beach,2016,0,2,0,0,16,14,3,0,0,0,10,7,3,2,0,0,0,0
232025,Emory & Henry University,2016,1,0,0,3,17,6,13,4,0,0,98,130,5,1,3,3,0,0
232043,Eastern Mennonite University,2016,1,0,1,1,12,5,9,6,0,0,45,94,3,8,11,10,10,6
232089,Ferrum College,2016,1,7,1,0,127,57,12,13,0,0,109,84,16,11,7,6,0,0
232186,George Mason University,2016,1,2,314,325,141,250,153,192,6,6,757,720,90,89,11,19,62,37
232256,Hampden-Sydney College,2016,2,0,2,0,14,0,15,0,0,0,241,0,9,0,0,0,0,0
232265,Hampton University,2016,0,2,1,2,360,872,1,9,0,1,2,2,0,0,0,0,5,6
232308,Hollins University,2016,0,3,0,5,0,18,0,14,0,1,0,158,0,14,0,5,0,6
232423,James Madison University,2016,3,0,76,126,78,154,116,159,1,3,1332,2093,89,100,34,40,51,46
232557,Liberty University,2016,8,7,21,38,77,90,69,97,1,5,950,1290,30,45,236,292,54,67
232566,Longwood University,2016,0,3,3,6,34,57,16,29,0,0,223,459,10,24,9,20,8,0
232609,University of Lynchburg,2016,0,1,2,3,17,44,14,11,0,0,154,247,7,15,1,5,0,0
232672,Mary Baldwin University,2016,0,2,1,7,0,56,0,41,0,1,0,94,0,14,1,9,0,0
232681,University of Mary Washington,2016,0,0,12,31,35,34,35,43,1,1,221,437,16,38,5,18,8,0
232706,Marymount University,2016,0,2,10,20,31,62,29,63,0,1,45,93,5,8,5,10,27,28
232797,American National University,2016,0,0,0,0,0,3,2,2,0,0,0,9,0,0,0,1,0,0
232937,Norfolk State University,2016,1,1,0,2,307,583,11,22,0,0,9,7,19,31,5,9,4,5
232982,Old Dominion University,2016,2,2,67,62,441,631,129,134,3,2,574,431,73,102,22,34,11,7
233277,Radford University,2016,3,4,10,18,121,209,55,85,1,4,465,673,25,50,4,5,11,4
233295,Randolph-Macon College,2016,1,1,3,4,16,25,6,5,1,0,158,155,5,8,0,1,1,6
233301,Randolph College,2016,0,0,1,1,9,23,5,7,1,1,49,68,2,7,0,0,7,6
233374,University of Richmond,2016,0,0,33,40,20,26,20,46,0,0,249,220,18,29,18,18,27,51
233426,Roanoke College,2016,0,1,1,6,13,21,12,17,0,0,161,243,8,15,0,1,6,3
233541,Shenandoah University,2016,2,2,3,5,32,28,14,11,0,0,97,164,1,4,37,54,2,2
233611,Southern Virginia University,2016,1,0,1,2,9,0,0,0,4,2,73,97,6,9,31,33,0,0
233684,Strayer University-Virginia,2016,0,0,1,0,10,3,2,0,0,0,10,3,0,0,1,1,2,1
233718,Sweet Briar College,2016,0,0,0,3,0,15,0,18,0,1,0,89,0,3,0,0,0,5
233897,University of Virginia's College at Wise,2016,1,0,2,0,33,12,2,5,0,0,113,121,0,0,21,20,0,0
233921,Virginia Polytechnic Institute and State University,2016,5,3,336,290,129,121,193,187,2,4,2083,1818,136,130,121,69,207,87
234030,Virginia Commonwealth University,2016,6,4,240,357,244,591,139,240,2,1,745,1121,100,178,27,30,60,54
234076,University of Virginia-Main Campus,2016,4,2,241,279,110,157,97,140,2,0,998,1117,56,89,107,113,82,88
234085,Virginia Military Institute,2016,4,1,13,3,24,3,24,3,2,0,326,44,3,1,0,0,3,0
234155,Virginia State University,2016,0,0,0,0,10,10,0,0,0,0,1,1,0,0,416,588,0,0
234164,Virginia Union University,2016,1,2,0,0,144,198,4,3,0,0,1,0,0,0,5,6,0,1
234173,Virginia Wesleyan University,2016,1,2,1,2,50,62,14,21,0,0,76,90,12,18,10,5,2,2
234207,Washington and Lee University,2016,0,0,4,9,3,6,8,11,0,0,220,172,9,10,0,1,5,8
234669,Bellevue College,2016,1,1,31,37,15,15,29,38,1,2,91,97,30,23,25,9,0,1
234696,Bellingham Technical College,2016,0,1,1,0,1,0,2,3,0,0,18,6,1,1,1,1,0,0
234827,Central Washington University,2016,3,6,27,34,35,31,133,189,10,8,391,441,75,65,208,210,20,6
234845,Centralia College,2016,5,2,0,1,5,0,28,31,0,2,114,128,14,15,5,8,1,0
234933,Clark College,2016,2,1,23,22,8,7,65,67,3,7,265,300,39,64,46,21,18,11
234951,Clover Park Technical College,2016,1,3,13,17,22,20,9,16,3,1,97,82,10,21,12,7,2,1
234979,Columbia Basin College,2016,2,4,13,8,3,9,149,211,1,0,203,192,27,19,34,23,0,0
235024,Cornish College of the Arts,2016,1,2,1,4,5,1,9,15,1,2,36,73,6,12,1,2,0,1
235097,Eastern Washington University,2016,8,9,21,25,29,37,124,186,9,3,432,606,67,81,5,9,13,7
235103,Edmonds College,2016,2,0,30,20,9,15,28,22,0,2,99,88,11,19,13,9,0,0
235167,The Evergreen State College,2016,3,4,4,11,12,17,28,38,0,0,146,225,22,32,9,5,3,0
235237,Pierce College District,2016,1,2,13,13,14,30,38,45,1,4,68,101,23,40,14,11,0,0
235316,Gonzaga University,2016,5,5,28,32,8,5,63,83,4,2,450,467,38,52,4,11,7,6
235334,Grays Harbor College,2016,4,4,1,3,8,0,19,28,0,2,78,85,20,22,7,4,0,0
235343,Green River College,2016,0,2,33,34,29,21,41,48,4,5,185,162,47,36,18,20,15,4
235422,Heritage University,2016,1,6,0,1,0,1,26,59,0,0,2,5,1,0,1,4,0,1
235431,Highline College,2016,0,3,31,47,34,21,32,41,4,6,64,64,20,35,12,21,3,4
235699,Lake Washington Institute of Technology,2016,0,0,7,4,4,2,11,9,0,0,54,37,2,4,7,8,1,1
236072,North Seattle College,2016,2,1,4,3,5,2,12,11,1,0,33,27,9,10,13,6,1,3
236133,Northwest University,2016,0,2,2,5,4,7,6,12,0,4,46,94,2,7,1,0,3,2
236188,Olympic College,2016,0,1,10,9,11,7,20,22,2,3,140,124,25,18,10,9,10,6
236230,Pacific Lutheran University,2016,1,2,23,50,11,16,20,37,6,4,153,275,23,46,2,5,3,1
236258,Peninsula College,2016,4,2,1,1,2,3,20,10,0,0,34,39,11,7,2,9,1,0
236328,University of Puget Sound,2016,0,1,19,19,3,5,28,36,1,2,170,297,27,29,18,15,3,1
236382,Renton Technical College,2016,0,1,21,11,10,9,8,13,1,0,56,39,4,9,7,6,1,1
236452,Saint Martin's University,2016,1,3,4,8,6,9,13,32,6,5,53,76,9,6,0,5,1,0
236504,South Seattle College,2016,0,0,17,7,6,7,14,6,2,1,32,20,11,7,13,5,15,1
236513,Seattle Central College,2016,0,1,14,16,13,17,11,7,1,1,45,45,15,11,2,7,1,2
236577,Seattle Pacific University,2016,1,3,22,56,6,20,18,57,4,5,101,292,27,40,7,10,9,5
236595,Seattle University,2016,2,3,65,126,12,9,49,99,4,5,152,319,23,47,3,8,21,31
236638,Skagit Valley College,2016,1,2,7,6,8,6,42,63,1,3,162,174,20,22,6,2,0,5
236692,Spokane Community College,2016,9,16,9,11,19,9,15,30,2,3,287,245,4,7,83,66,15,11
236708,Spokane Falls Community College,2016,14,15,8,20,15,19,46,51,5,5,324,369,8,9,86,76,18,11
236753,Tacoma Community College,2016,6,11,25,45,37,38,37,59,4,7,200,193,5,11,85,90,25,24
236887,Walla Walla Community College,2016,2,1,2,0,2,0,57,46,1,0,144,112,14,23,17,13,2,1
236896,Walla Walla University,2016,2,5,8,12,5,2,26,25,3,1,123,119,0,0,21,19,8,7
236939,Washington State University,2016,21,26,144,181,60,73,292,458,11,9,1293,1423,138,185,13,7,63,52
236948,University of Washington-Seattle Campus,2016,13,14,809,896,74,88,223,328,12,15,1181,1317,214,279,30,20,458,442
236975,Wenatchee Valley College,2016,3,3,0,0,1,1,97,88,0,0,97,110,8,8,12,8,0,0
237011,Western Washington University,2016,4,9,74,101,14,33,89,165,2,5,886,1199,83,150,14,21,6,4
237039,Whatcom Community College,2016,0,3,11,5,7,1,32,24,3,1,83,113,12,19,10,15,0,1
237057,Whitman College,2016,2,0,6,14,3,4,14,14,3,1,129,150,12,18,3,3,12,17
237066,Whitworth University,2016,0,1,11,17,7,6,27,32,0,0,166,240,27,28,2,1,14,13
237109,Yakima Valley College,2016,2,2,0,1,4,3,72,93,1,0,67,65,5,21,3,6,0,0
237136,Appalachian Bible College,2016,0,0,0,1,0,1,0,0,0,0,16,23,0,0,0,0,0,0
237181,Bethany College,2016,0,0,0,1,54,7,10,2,0,0,28,34,12,0,11,5,0,0
237215,Bluefield State University,2016,0,0,0,2,4,11,1,2,0,0,72,112,6,2,0,0,1,0
237312,University of Charleston,2016,0,0,0,2,20,10,9,1,0,0,63,117,7,4,4,21,28,11
237330,Concord University,2016,2,0,0,0,20,10,3,1,0,0,146,257,5,10,0,1,7,7
237358,Davis & Elkins College,2016,0,1,0,1,4,9,1,5,0,0,47,78,2,0,15,37,15,6
237367,Fairmont State University,2016,1,1,0,6,46,18,8,6,0,0,277,381,18,24,2,0,3,0
237385,Glenville State University,2016,0,0,0,0,28,8,3,0,0,0,114,129,1,4,18,14,1,0
237525,Marshall University,2016,7,4,5,7,64,51,14,18,0,1,669,964,21,34,6,10,3,4
237686,West Virginia University at Parkersburg,2016,0,0,0,0,3,0,1,2,0,0,143,183,4,6,0,3,0,0
237701,Potomac State College of West Virginia University,2016,1,0,1,0,67,39,16,8,1,0,196,253,12,10,2,0,3,1
237783,Salem University,2016,0,1,0,0,23,10,2,6,0,0,25,40,1,3,6,5,7,0
237792,Shepherd University,2016,0,2,2,5,23,16,17,18,0,0,187,265,4,11,6,2,1,0
237899,West Virginia State University,2016,17,19,0,1,49,39,6,4,0,3,113,102,24,15,3,3,8,4
237932,West Liberty University,2016,0,0,2,1,2,5,1,2,0,0,107,169,2,2,48,88,4,1
237950,West Virginia University Institute of Technology,2016,1,0,1,1,11,12,5,8,0,0,123,95,13,3,2,1,16,7
237969,West Virginia Wesleyan College,2016,1,1,0,0,23,7,6,8,0,0,117,179,9,9,0,0,18,9
238032,West Virginia University,2016,5,3,43,35,160,94,114,91,0,1,2016,2045,99,136,3,1,215,47
238078,Wheeling University,2016,0,2,0,2,15,12,4,9,1,4,83,67,2,5,6,4,4,2
238193,Alverno College,2016,0,0,0,8,0,24,0,50,0,1,0,72,0,7,0,0,0,1
238324,Bellin College,2016,0,0,0,0,0,0,0,0,0,0,0,36,0,0,0,0,0,0
238333,Beloit College,2016,1,1,8,5,14,10,24,23,0,0,81,111,8,6,10,4,39,37
238458,Carroll University,2016,0,1,15,17,10,7,25,32,1,1,158,343,8,12,2,2,17,16
238476,Carthage College,2016,3,5,3,16,33,15,26,42,0,1,196,252,7,15,57,46,2,3
238616,Concordia University-Wisconsin,2016,0,0,5,5,5,7,0,0,1,0,123,271,9,11,13,10,7,5
238661,Edgewood College,2016,0,0,0,5,2,5,8,11,0,0,38,158,3,9,1,11,4,8
238980,Lakeland University,2016,0,2,1,1,20,8,7,7,0,0,59,82,1,0,3,0,0,1
239017,Lawrence University,2016,1,0,10,10,8,13,19,15,0,1,125,114,6,2,2,2,18,28
239071,Maranatha Baptist University,2016,0,0,0,0,5,1,4,5,1,0,67,95,6,5,1,2,1,0
239080,Marian University,2016,2,0,1,2,10,19,9,18,0,1,71,127,0,1,1,3,1,1
239105,Marquette University,2016,0,3,63,99,46,52,127,139,0,1,630,732,20,36,2,2,22,28
239309,Milwaukee Institute of Art & Design,2016,1,2,0,5,7,5,11,19,0,0,30,81,4,6,0,0,1,2
239318,Milwaukee School of Engineering,2016,0,0,17,5,8,3,29,10,0,0,292,103,10,3,34,10,20,6
239390,Mount Mary University,2016,0,0,0,6,0,23,0,22,0,0,0,62,0,4,0,0,0,1
239512,Northland College,2016,2,2,0,1,2,1,1,3,0,0,65,72,0,3,4,3,5,4
239628,Ripon College,2016,1,0,1,2,3,3,9,10,0,0,75,91,1,5,1,1,4,7
239716,Saint Norbert College,2016,2,5,1,4,6,3,12,13,0,1,210,304,2,7,0,0,5,8
240107,Viterbo University,2016,0,0,1,2,4,3,4,7,0,0,74,203,4,4,1,0,4,0
240189,University of Wisconsin-Whitewater,2016,1,1,22,22,44,47,69,82,1,0,986,837,30,33,0,1,15,8
240268,University of Wisconsin-Eau Claire,2016,3,2,19,49,7,11,32,46,0,0,709,1353,22,43,0,0,6,2
240277,University of Wisconsin-Green Bay,2016,0,6,17,11,9,8,16,24,0,0,223,490,9,16,0,1,8,7
240329,University of Wisconsin-La Crosse,2016,0,1,21,19,12,8,39,54,0,0,749,1090,31,48,2,1,10,4
240338,Wisconsin Lutheran College,2016,0,0,2,2,8,2,8,5,0,0,72,113,7,1,2,6,0,0
240365,University of Wisconsin-Oshkosh,2016,3,2,18,42,25,29,27,60,3,0,489,723,24,32,2,2,1,5
240374,University of Wisconsin-Parkside,2016,1,0,7,15,25,43,52,65,0,1,188,207,12,12,0,0,3,3
240392,Herzing University-Madison,2016,0,1,1,1,4,19,2,5,0,1,3,25,0,2,0,9,0,0
240417,University of Wisconsin-Stout,2016,4,0,21,23,33,9,37,21,1,0,748,608,26,20,2,1,5,3
240426,University of Wisconsin-Superior,2016,1,2,0,1,4,1,4,6,0,0,131,154,3,14,0,0,32,18
240444,University of Wisconsin-Madison,2016,3,8,185,216,64,71,173,180,3,4,2190,2490,115,146,8,4,299,255
240453,University of Wisconsin-Milwaukee,2016,5,5,99,95,65,133,165,217,1,1,940,1110,76,105,0,0,42,20
240462,University of Wisconsin-Platteville,2016,2,0,15,6,11,5,56,16,0,0,928,451,26,14,0,0,9,10
240471,University of Wisconsin-River Falls,2016,1,0,6,10,12,7,11,18,0,1,368,635,10,19,2,1,7,4
240480,University of Wisconsin-Stevens Point,2016,3,2,11,19,32,22,30,36,1,0,637,725,17,19,0,0,8,9
240727,University of Wyoming,2016,5,3,6,9,13,6,60,51,1,0,580,584,38,31,53,59,16,19
240736,American Samoa Community College,2016,0,0,0,0,0,0,0,1,105,170,0,2,0,0,0,0,1,13
240754,University of Guam,2016,0,0,110,108,0,0,1,0,73,124,1,4,0,0,5,5,1,0
240790,Northern Marianas College,2016,0,0,53,65,0,0,0,0,46,68,1,2,11,18,1,3,3,3
241100,American University of Puerto Rico,2016,0,0,0,0,0,0,54,44,0,0,0,0,0,0,0,0,0,0
241128,American University of Puerto Rico,2016,0,0,0,0,0,0,49,44,0,0,0,0,0,0,0,0,0,0
241191,Universidad Adventista de las Antillas,2016,0,0,0,0,2,0,53,97,0,0,1,1,0,0,0,0,0,0
241216,Atlantic University,2016,0,0,0,0,0,0,193,65,0,0,0,0,0,0,0,0,0,0
241225,Universidad Central de Bayamon,2016,0,0,0,0,0,0,68,113,0,0,0,0,0,0,0,0,0,1
241304,Columbia Central University-Caguas,2016,0,0,0,0,0,0,72,71,0,0,0,0,0,0,0,0,0,0
241331,Albizu University-San Juan,2016,0,0,0,0,0,0,4,41,0,0,0,1,0,0,0,1,0,0
241377,Caribbean University-Bayamon,2016,0,0,0,0,0,0,91,55,0,0,0,0,0,0,0,0,0,0
241386,Caribbean University-Carolina,2016,0,0,0,0,0,0,4,17,0,0,0,0,0,0,0,0,0,0
241395,Pontifical Catholic University of Puerto Rico-Arecibo,2016,0,0,0,0,0,0,26,50,0,0,0,0,0,0,0,0,0,0
241410,Pontifical Catholic University of Puerto Rico-Ponce,2016,0,0,0,0,0,0,366,568,0,0,0,2,0,0,1,0,0,0
241517,CEM College-San Juan,2016,0,0,0,0,0,0,32,60,0,0,0,0,0,0,0,0,0,0
241614,Universidad Teologica del Caribe,2016,0,0,0,0,0,0,18,18,0,0,0,0,0,0,0,0,0,0
241720,Colegio Universitario de San Juan,2016,0,0,0,0,0,0,114,145,0,0,0,0,0,0,0,0,0,0
241739,Universidad Ana G. Mendez-Cupey Campus,2016,0,0,0,0,0,0,787,1254,0,0,0,0,0,0,0,0,0,0
241766,Puerto Rico Conservatory of Music,2016,0,0,0,0,0,0,13,7,0,0,0,0,0,0,0,0,3,0
241836,EDP University of Puerto Rico Inc-San Sebastian,2016,0,0,0,0,0,0,52,71,0,0,0,0,0,0,0,0,0,0
241951,Escuela de Artes Plasticas y Diseno de Puerto Rico,2016,0,0,0,0,0,0,27,43,0,0,0,0,0,0,0,0,0,0
242112,Huertas College,2016,0,0,0,0,0,0,82,78,0,0,0,0,0,0,0,0,0,0
242121,Humacao Community College,2016,0,0,0,0,0,0,33,71,0,0,0,0,0,0,0,0,0,0
242617,Inter American University of Puerto Rico-San German,2016,0,0,0,0,0,1,449,468,0,0,3,4,0,0,0,0,0,0
242626,Inter American University of Puerto Rico-Aguadilla,2016,0,0,0,0,2,0,352,427,0,0,1,0,0,0,0,0,0,0
242635,Inter American University of Puerto Rico-Arecibo,2016,0,0,0,0,0,0,280,408,1,0,2,1,0,0,0,0,0,0
242644,Inter American University of Puerto Rico-Barranquitas,2016,0,0,0,0,0,0,198,272,0,0,0,0,0,0,0,0,0,0
242653,Inter American University of Puerto Rico-Metro,2016,0,0,0,0,3,2,269,342,1,2,1,9,0,0,0,0,0,0
242662,Inter American University of Puerto Rico-Ponce,2016,0,0,0,0,0,0,408,527,0,0,1,1,0,0,0,0,0,0
242680,Inter American University of Puerto Rico-Fajardo,2016,0,0,0,0,1,0,178,204,0,0,0,0,0,0,0,0,0,0
242699,Inter American University of Puerto Rico-Guayama,2016,0,0,0,0,1,0,89,162,0,0,0,0,0,0,0,0,0,0
242705,Inter American University of Puerto Rico-Bayamon,2016,0,0,2,1,1,5,493,379,0,0,6,6,0,0,0,0,0,0
242972,NUC University,2016,0,0,0,0,0,0,351,689,0,0,0,0,0,0,0,0,0,0
243106,University of Puerto Rico-Aguadilla,2016,0,0,0,0,0,1,412,494,0,0,0,7,0,2,12,27,0,0
243115,University of Puerto Rico-Arecibo,2016,0,0,0,0,0,0,370,563,0,0,0,0,0,0,0,0,0,0
243133,University of Puerto Rico-Bayamon,2016,0,0,0,0,0,0,599,546,0,0,0,0,0,0,0,0,0,0
243142,University of Puerto Rico-Carolina,2016,0,0,0,0,0,2,357,549,0,0,5,7,4,4,0,0,0,0
243151,University of Puerto Rico at Cayey,2016,0,0,0,0,0,0,268,539,0,0,0,0,0,0,0,0,0,0
243179,University of Puerto Rico-Humacao,2016,0,1,0,0,2,3,297,618,0,0,3,6,3,5,11,16,0,0
243188,University of Puerto Rico-Utuado,2016,0,0,0,0,1,0,272,300,0,0,4,1,4,2,40,27,0,0
243197,University of Puerto Rico-Mayaguez,2016,0,0,0,0,0,0,1202,1039,0,0,0,0,0,0,38,53,0,0
243212,University of Puerto Rico at Ponce,2016,0,0,0,0,0,0,396,493,0,0,0,0,0,0,0,0,0,0
243221,University of Puerto Rico-Rio Piedras,2016,1,2,1,1,2,3,990,1590,0,0,13,18,6,10,30,60,0,0
243346,Universidad Ana G. Mendez-Carolina Campus,2016,0,0,0,0,0,0,713,888,0,0,0,0,0,0,0,0,0,0
243443,Universidad del Sagrado Corazon,2016,0,0,0,0,0,0,232,359,0,0,0,0,0,0,0,0,0,0
243568,Universidad Central Del Caribe,2016,0,0,0,0,0,0,0,1,0,0,0,0,0,0,4,11,0,0
243577,Universidad Politecnica de Puerto Rico,2016,0,0,0,0,0,0,298,91,0,0,0,0,0,0,0,0,0,0
243586,Pontifical Catholic University of Puerto Rico-Mayaguez,2016,0,0,0,0,0,0,105,154,0,0,0,0,0,0,1,0,0,0
243601,Universidad Ana G. Mendez-Gurabo Campus,2016,0,0,0,0,0,0,1048,1218,0,0,0,0,0,0,0,0,0,0
243638,College of Micronesia-FSM,2016,0,0,1,1,0,0,0,0,248,350,0,0,0,0,0,0,0,0
243665,University of the Virgin Islands,2016,0,0,1,0,86,157,15,26,0,0,7,9,1,2,5,5,0,1
243744,Stanford University,2016,11,8,149,225,62,68,148,139,3,4,313,288,72,65,4,7,92,80
243780,Purdue University-Main Campus,2016,4,3,354,216,106,123,184,179,6,3,2647,2156,119,100,145,95,676,264
243823,Parker University,2016,0,0,1,0,3,10,0,4,0,0,2,15,0,0,0,0,0,0
243832,EDP University of Puerto Rico Inc-San Juan,2016,0,0,0,0,0,0,20,61,0,0,0,0,0,0,0,0,0,0
244233,City College-Hollywood,2016,0,0,0,1,4,3,0,1,0,0,0,2,0,0,0,0,0,0
245652,St. John's College,2016,0,0,0,1,0,0,3,3,0,0,16,18,1,1,0,0,11,13
245953,Mid-America Christian University,2016,2,7,0,0,13,10,9,7,0,0,23,42,6,7,3,3,3,0
247065,Beckfield College-Florence,2016,0,0,0,0,0,1,0,0,0,0,3,22,0,0,0,0,0,0
247649,Landmark College,2016,0,0,3,1,4,0,3,3,0,0,48,16,1,2,5,5,2,1
247773,Yeshiva Gedolah of Greater Detroit,2016,0,0,0,0,0,0,0,0,0,0,13,0,0,0,0,0,0,0
248934,ECPI University,2016,9,7,22,11,244,413,75,103,5,4,374,270,19,31,2,4,0,0
251312,South University-Columbia,2016,0,0,0,0,1,8,0,0,0,0,1,3,0,0,0,0,0,0
260789,Platt College-Los Angeles,2016,0,0,3,7,0,1,11,22,0,1,3,6,2,2,0,2,0,0
262086,University of Massachusetts Global,2016,0,0,0,0,1,0,0,0,0,0,2,2,0,0,0,0,0,0
262129,New College of Florida,2016,0,0,2,6,0,10,18,37,0,0,56,87,1,3,4,2,3,2
363907,Caribbean University-Ponce,2016,0,0,0,0,0,0,21,32,0,0,0,0,0,0,0,0,0,0
363916,Caribbean University-Vega Baja,2016,0,0,0,0,0,0,13,16,0,0,0,0,0,0,0,0,0,0
363934,University of Advancing Technology,2016,3,1,0,0,11,2,11,3,0,0,19,7,6,1,13,2,0,0
366003,South Florida Bible College and Theological Seminary,2016,0,0,0,0,0,1,0,0,0,0,1,0,0,0,0,0,3,12
366252,Pennsylvania College of Technology,2016,2,1,11,4,28,10,33,17,1,0,759,310,14,7,7,0,0,0
366340,Stone Child College,2016,18,22,0,0,0,0,0,0,0,0,0,2,0,0,0,0,0,0
366711,California State University-San Marcos,2016,3,3,76,124,23,33,325,660,1,5,203,327,42,69,23,54,32,55
367884,Hodges University,2016,1,0,0,3,4,7,25,54,0,0,12,13,0,0,1,3,0,0
368452,Nossi College of Art and Design,2016,0,0,0,0,5,4,2,2,0,0,22,53,0,2,0,0,0,0
369516,Bryan University,2016,0,0,0,0,7,4,1,0,0,1,7,9,0,0,0,0,0,0
372073,Fremont University,2016,0,0,0,0,0,1,7,9,0,0,2,0,0,0,0,0,0,0
375230,Yeshiva Gedolah Imrei Yosef D'spinka,2016,0,0,0,0,0,0,0,0,0,0,18,0,0,0,0,0,0,0
376224,CEM College-Humacao,2016,0,0,0,0,0,0,25,61,0,0,0,0,0,0,0,0,0,0
376385,Universal Technology College of Puerto Rico,2016,0,0,0,0,0,0,82,107,0,0,0,0,0,0,0,0,0,0
376695,College of the Marshall Islands,2016,0,0,0,0,0,0,0,0,132,142,0,0,0,0,0,0,0,0
377546,Northwest College of Art & Design,2016,2,1,0,3,0,1,2,0,1,1,10,11,0,0,0,0,0,0
377555,University of Washington-Bothell Campus,2016,1,0,156,123,30,45,34,70,4,4,137,87,28,24,3,6,23,11
377564,University of Washington-Tacoma Campus,2016,1,2,58,56,7,29,39,58,5,9,75,92,18,36,4,1,7,1
377661,Valley College-Martinsburg,2016,0,0,0,0,1,5,0,3,0,0,9,17,0,1,0,0,0,0
380359,Bay Mills Community College,2016,12,24,0,0,0,0,0,0,0,0,7,17,0,0,0,0,0,0
380377,Northwest Indian College,2016,20,24,0,0,2,0,3,2,0,1,0,0,4,6,0,0,0,1
380438,Provo College,2016,0,0,0,1,0,0,1,9,1,0,4,18,0,0,3,5,0,0
384254,Beacon College,2016,0,1,0,0,6,5,5,0,0,0,22,22,1,1,0,0,1,2
384412,University of the Potomac-Washington DC Campus,2016,0,1,1,0,10,10,0,1,0,0,7,0,1,1,0,2,0,0
384421,Rabbi Jacob Joseph School,2016,0,0,0,0,0,0,0,0,0,0,24,0,0,0,0,0,0,0
385619,Everglades University,2016,5,7,4,3,56,44,56,60,0,2,168,165,11,10,37,29,0,0
386472,Herzing University-Orlando,2016,0,0,0,0,0,2,1,2,0,0,0,4,0,0,0,2,0,0
388520,College of Biblical Studies-Houston,2016,0,0,0,0,1,0,1,0,0,0,1,0,0,0,1,0,0,0
392257,The College of Health Care Professions-Northwest,2016,0,1,3,1,8,61,16,108,0,1,5,32,0,3,1,15,0,0
399869,Southern California Institute of Technology,2016,1,0,16,3,7,3,71,2,7,0,40,1,6,0,5,0,0,0
399911,Soka University of America,2016,0,0,2,11,2,3,4,4,1,0,11,10,1,5,2,1,20,27
401223,World Mission University,2016,0,0,0,0,0,0,0,0,0,0,0,0,0,0,0,0,2,1
404338,Schiller International University,2016,0,0,1,1,4,3,1,1,0,0,2,1,0,0,1,2,0,0
405854,Rabbinical College of Ohr Shimon Yisroel,2016,0,0,0,0,0,0,0,0,0,0,21,0,0,0,0,0,0,0
406033,Galen College of Nursing-San Antonio,2016,0,0,1,3,4,3,9,17,0,1,3,11,0,3,0,3,0,0
408844,Florida National University-Main Campus,2016,0,0,0,0,5,6,80,256,0,0,0,2,12,0,0,0,0,6
409315,South Texas College,2016,1,1,5,7,3,1,1429,1541,1,1,41,29,1,4,13,21,1,0
409698,California State University-Monterey Bay,2016,1,0,18,27,17,19,152,304,0,2,48,113,12,31,8,17,19,11
413413,Capella University,2016,0,0,0,0,1,0,1,0,0,0,0,1,0,0,0,1,0,0
413617,College of Menominee Nation,2016,13,14,0,0,0,0,1,1,0,0,3,2,0,0,0,0,0,0
414595,Pacific College of Health and Science,2016,0,0,1,1,0,0,0,0,0,0,0,2,0,0,0,0,0,0
414878,Trine University-Regional/Non-Traditional Campuses,2016,1,0,0,0,0,1,0,0,0,0,0,0,0,0,0,0,0,0
417734,Southeast Missouri Hospital College of Nursing and Health Sciences,2016,0,0,0,0,0,0,0,0,0,0,1,2,0,0,0,0,0,0
417752,Messenger College,2016,0,0,0,0,0,0,0,0,0,0,3,5,0,0,0,0,0,0
418126,New York College of Health Professions,2016,0,0,1,3,0,3,3,4,0,0,2,5,0,0,1,2,1,3
420024,Centura College-Chesapeake,2016,0,0,0,0,3,18,0,2,0,0,0,10,1,2,1,0,0,0
420042,University of Phoenix-Hawaii,2016,0,0,0,0,0,0,1,0,0,0,0,0,0,0,1,1,0,0
420325,Yeshiva D'monsey Rabbinical College,2016,0,0,0,0,0,0,0,0,0,0,10,0,0,0,0,0,0,0
421878,Eastern International College-Jersey City,2016,0,0,2,4,1,9,2,30,0,0,1,14,0,0,0,0,0,0
422695,Pacific College,2016,0,0,0,3,0,1,1,7,0,0,0,0,0,0,0,0,0,0
426314,Embry-Riddle Aeronautical University-Worldwide,2016,1,0,3,1,5,1,5,1,0,0,35,2,5,1,8,1,1,0
430184,Strayer University-Maryland,2016,0,0,0,0,8,4,0,0,0,0,4,0,0,0,1,0,1,0
430670,San Juan Bautista School of Medicine,2016,0,0,0,0,0,0,2,4,0,0,0,0,0,0,0,0,0,0
432384,Platt College-Ontario,2016,0,0,1,2,3,4,11,35,0,1,1,9,1,3,0,0,0,0
433004,American University of Health Sciences,2016,0,0,1,4,0,0,0,0,0,0,0,0,0,1,0,0,0,0
433174,Carolinas College of Health Sciences,2016,0,0,0,0,0,0,0,0,0,0,0,1,0,0,0,0,0,0
433420,California Aeronautical University,2016,0,0,1,1,1,0,8,7,0,0,5,3,0,0,0,1,0,0
433536,Herzing University-New Orleans,2016,0,0,0,0,3,8,1,1,0,0,0,6,0,2,0,1,0,0
433660,Florida Gulf Coast University,2016,2,5,15,22,57,68,226,277,2,4,754,1036,30,39,12,17,16,8
434900,Dewey University-Carolina,2016,0,0,0,0,0,0,41,71,0,0,0,0,0,0,0,0,0,0
434937,Yeshiva College of the Nations Capital,2016,0,0,0,0,0,0,0,0,0,0,4,0,0,0,0,0,0,0
436429,Los Angeles Film School,2016,3,1,17,5,98,10,102,37,0,0,90,24,39,14,199,78,34,19
436614,International Baptist College and Seminary,2016,0,1,0,0,0,0,1,0,0,0,5,5,0,0,0,0,0,0
437097,University of Management and Technology,2016,0,0,0,0,0,1,0,0,0,0,1,0,1,0,5,0,0,0
438586,American InterContinental University-Atlanta,2016,1,0,1,2,12,31,0,0,0,0,6,7,0,1,1,17,0,0
439190,Cascadia College,2016,0,2,13,7,3,2,21,17,1,2,89,75,22,18,16,5,0,0
439701,The King's University,2016,0,0,0,0,0,0,3,2,0,0,5,15,0,0,0,0,0,0
439862,Pacific Islands University,2016,0,0,0,0,0,0,0,0,3,6,0,0,0,0,0,0,0,0
439871,PCI College,2016,0,0,0,0,0,1,0,3,0,0,0,1,0,0,0,0,0,0
440396,New Saint Andrews College,2016,0,0,0,0,0,0,0,0,0,0,1,0,0,0,14,21,0,1
440651,Atenas College,2016,0,0,0,0,0,0,50,130,0,0,0,0,0,0,0,0,0,0
440749,National American University-Ellsworth,2016,0,0,1,0,1,0,0,0,0,0,0,3,0,0,0,0,0,0
440794,Pillar College,2016,0,0,0,0,4,6,3,24,0,0,0,1,1,0,0,0,2,0
441229,Smith Chason College,2016,0,0,1,4,3,12,17,50,0,0,18,49,0,0,0,0,0,0
441690,Universidad Pentecostal Mizpa,2016,0,0,0,0,0,0,9,10,0,0,0,0,0,0,0,0,0,0
441900,Nevada State University,2016,0,3,9,13,4,12,39,121,1,3,13,33,1,2,9,42,0,0
441937,California State University-Channel Islands,2016,0,2,17,26,5,24,144,393,0,1,75,131,19,23,41,41,7,16
441982,Franklin W Olin College of Engineering,2016,0,0,3,4,2,0,4,3,0,0,24,23,4,1,2,5,3,1
442356,Saint Joseph's University - Lancaster,2016,0,0,1,3,1,0,1,7,0,0,10,80,1,1,0,1,0,0
442426,St Louis College of Health Careers-Fenton,2016,0,0,0,1,1,3,0,1,0,0,0,6,0,0,0,0,0,0
442569,University of Arkansas Grantham,2016,0,0,1,3,107,258,6,6,0,1,68,55,3,7,8,5,0,0
442639,University of the Potomac-VA Campus,2016,0,0,1,1,0,1,2,0,0,0,3,0,0,0,0,0,0,1
442930,University of Antelope Valley,2016,1,1,7,3,45,40,88,36,0,1,38,16,17,9,1,2,0,0
443049,Faith International University,2016,0,0,5,9,0,1,1,0,0,0,1,1,1,0,1,0,0,0
443331,West Coast University-Los Angeles,2016,0,0,1,0,0,0,0,0,0,0,0,0,0,0,0,0,0,0
443340,Williamson Christian College,2016,0,0,0,0,1,0,0,0,0,0,2,0,0,0,0,0,0,0
443410,DigiPen Institute of Technology,2016,1,0,7,4,4,1,8,4,0,0,61,14,5,0,56,20,7,1
443562,Dewey University-Hato Rey,2016,0,0,0,0,0,0,42,81,0,0,0,0,0,0,0,0,0,0
443599,American College of Healthcare Sciences,2016,0,0,0,1,0,0,0,0,0,0,0,1,0,0,0,0,0,0
443766,Strayer University-Tennessee,2016,0,0,0,0,1,1,0,0,0,0,1,0,0,0,0,0,0,0
443784,Strayer University-Pennsylvania,2016,0,0,0,0,1,1,0,0,0,0,1,0,0,0,0,1,0,0
444088,Brookline College-Albuquerque,2016,4,9,0,1,3,1,35,125,0,0,3,20,2,3,0,0,0,0
444398,Baptist University of the Americas,2016,0,0,1,0,0,0,6,9,0,0,0,0,0,0,0,0,2,3
444413,Beis Medrash Heichal Dovid,2016,0,0,0,0,0,0,0,0,0,0,38,0,0,0,0,0,1,0
444778,Charlotte Christian College and Theological Seminary,2016,0,0,0,0,1,1,0,0,0,0,0,0,0,0,0,0,1,0
444787,Nightingale College,2016,0,0,0,0,0,0,0,1,0,0,1,12,0,0,0,0,0,0
445027,American InterContinental University System,2016,0,2,2,1,25,41,0,6,3,0,44,85,6,9,10,95,0,0
445133,American InterContinental University-Houston,2016,0,0,0,0,6,10,1,2,0,0,1,1,0,0,4,5,0,0
445188,University of California-Merced,2016,0,0,217,156,43,65,501,630,7,5,102,88,26,32,6,3,71,87
445267,Central Methodist University-College of Graduate and Extended Studies,2016,0,0,0,0,0,0,0,0,0,0,0,1,0,0,0,0,0,0
445692,Neumont College of Computer Science,2016,1,1,5,2,9,2,19,1,0,1,100,10,4,3,17,4,0,0
445708,Johnson & Wales University-Charlotte,2016,3,3,2,7,100,225,16,30,0,0,78,116,4,22,22,24,0,1
446048,Ave Maria University,2016,0,0,4,3,13,2,23,21,0,0,76,93,0,0,12,15,1,3
446233,Ecclesia College,2016,1,2,0,0,3,1,11,3,0,0,24,17,3,0,0,0,0,0
446385,Los Angeles College of Music,2016,0,0,6,4,5,4,9,7,0,0,23,10,2,0,0,0,13,3
446525,SAE Institute of Technology-Nashville,2016,1,0,1,0,22,1,2,0,0,0,8,6,2,0,0,0,0,0
446561,Stanbridge University,2016,0,0,12,15,0,3,11,51,0,2,9,26,0,0,6,29,0,0
446604,Uta Mesivta of Kiryas Joel,2016,0,0,0,0,0,0,12,0,0,0,270,0,0,0,0,0,0,0
446640,Harrisburg University of Science and Technology,2016,0,0,2,0,39,29,5,12,1,0,22,15,3,5,0,0,0,0
447050,United States University,2016,0,0,0,0,0,1,0,0,0,0,0,1,0,0,0,1,0,0
447263,Joyce University of Nursing and Health Sciences,2016,0,1,1,0,0,0,0,6,0,0,4,12,0,3,0,1,0,1
447421,Eagle Gate College-Layton,2016,0,0,0,0,0,0,1,2,0,0,4,18,0,0,2,1,0,0
447689,Georgia Gwinnett College,2016,0,2,129,77,306,466,186,240,1,1,248,285,35,42,13,11,16,38
447953,SUM Bible College and Theological Seminary,2016,0,0,2,3,11,12,15,17,0,0,30,32,1,1,1,5,0,0
449038,Strayer University-Florida,2016,0,0,0,0,3,0,1,0,0,0,4,0,1,0,0,0,0,0
449135,Dewey University-Juana Díaz,2016,0,0,0,0,0,0,19,46,0,0,0,0,0,0,0,0,0,0
449339,American Public University System,2016,0,0,1,0,6,5,3,4,0,0,12,22,1,0,3,2,0,1
449384,Gnomon,2016,0,0,1,0,0,0,3,0,0,0,0,0,0,0,1,0,1,0
449658,Bais Medrash Toras Chesed,2016,0,0,0,0,0,0,0,0,0,0,26,0,0,0,0,0,0,0
449764,Visible Music College,2016,0,0,0,0,4,2,1,1,0,0,12,6,1,0,0,0,0,0
449870,University of the West,2016,0,0,0,0,0,0,10,7,0,0,0,0,0,0,0,0,0,3
449898,South University-Tampa,2016,0,0,0,0,2,2,3,3,0,0,1,2,0,0,2,0,0,0
450298,Strayer University-Delaware,2016,0,0,0,0,0,1,0,0,0,0,0,0,0,0,0,0,0,0
450377,Strayer University-Alabama,2016,0,0,0,0,0,1,0,0,0,0,2,1,0,0,0,0,0,0
450571,Rasmussen University-Wisconsin,2016,0,1,0,0,0,1,0,0,0,0,4,27,0,0,0,5,0,0
450933,Columbia Southern University,2016,0,3,1,1,34,24,14,8,1,0,79,51,13,4,5,4,0,0
451103,Miami Regional University,2016,0,0,0,0,0,0,12,44,0,0,0,0,0,0,0,0,0,0
451370,Yeshivas Be'er Yitzchok,2016,0,0,0,0,0,0,0,0,0,0,5,0,0,0,0,0,0,0
451398,Yeshiva Toras Chaim,2016,0,0,0,0,0,0,0,0,0,0,55,0,0,0,0,0,1,0
451404,Talmudical Seminary of Bobov,2016,0,0,0,0,0,0,0,0,0,0,104,0,0,0,0,0,0,0
451556,Southwest University at El Paso,2016,0,0,0,0,3,7,177,261,2,1,7,7,0,0,0,0,0,0
451750,Bryant & Stratton College-Wauwatosa,2016,0,0,2,0,7,9,1,1,0,0,3,7,0,1,0,0,0,0
451866,Remington College-Shreveport Campus,2016,0,0,1,0,9,41,0,1,0,0,7,11,0,2,0,0,0,0
453163,Strayer University-North Carolina,2016,0,0,0,0,2,0,0,0,0,1,1,0,0,1,1,0,0,0
453215,Strayer University-New Jersey,2016,0,0,0,0,0,0,0,0,0,0,0,0,1,0,0,0,0,0
454227,Chamberlain University-Illinois,2016,0,0,0,1,0,1,1,5,0,0,0,7,0,0,0,1,0,0
454236,Chamberlain University-Ohio,2016,0,0,0,1,0,0,0,1,0,0,0,7,0,0,0,0,0,0
454245,Chamberlain University-Arizona,2016,0,0,0,1,0,0,0,1,0,0,0,0,0,0,0,0,0,0
454786,Laurus College,2016,1,0,2,1,3,4,5,5,1,1,7,9,1,2,5,4,1,0
455257,Yeshiva of Machzikai Hadas,2016,0,0,0,0,0,0,0,0,0,0,83,0,0,0,0,0,0,0
455770,Providence Christian College,2016,0,0,1,1,3,2,10,9,0,0,9,13,1,1,2,0,1,1
456481,Polytechnic University of Puerto Rico-Miami,2016,0,0,0,0,0,0,0,1,0,0,0,0,0,0,0,0,0,0
456490,Polytechnic University of Puerto Rico-Orlando,2016,0,0,1,0,0,0,3,1,0,0,0,0,0,0,0,0,0,0
456959,University of Minnesota-Rochester,2016,0,0,2,25,4,10,2,6,0,0,19,72,0,4,0,0,0,1
457299,Angeles College,2016,0,0,5,11,0,0,1,5,0,0,1,0,0,0,0,0,4,4
457484,Pacific Rim Christian University,2016,0,0,4,0,1,2,0,1,5,3,0,0,1,2,0,0,0,2
457697,City Vision University,2016,0,0,0,0,0,2,0,0,0,0,1,1,0,0,0,0,0,0
458113,Ascent College,2016,0,0,0,0,2,2,1,1,0,0,0,1,0,0,0,0,0,0
458210,West Coast University-Orange County,2016,0,0,1,9,0,1,1,1,0,0,0,1,0,1,0,0,0,0
458229,West Coast University-Ontario,2016,2,0,5,2,0,0,0,0,0,0,1,2,0,0,0,2,0,0
458885,Strayer University-Arkansas,2016,0,0,0,0,0,0,0,0,0,0,0,0,0,0,0,0,1,0
458919,Strayer University-Georgia,2016,0,0,0,0,13,5,2,1,0,0,2,1,0,3,2,0,1,0
458964,Strayer University-South Carolina,2016,0,0,0,0,1,0,0,0,0,0,0,2,0,0,0,0,0,0
458973,Strayer University-Texas,2016,0,0,0,0,2,1,3,1,0,0,2,1,0,1,0,0,2,0
459204,Unitek College,2016,0,4,87,219,12,35,11,105,4,4,16,83,3,26,66,214,0,0
459213,Gurnick Academy of Medical Arts,2016,0,0,6,19,1,7,1,41,0,3,2,14,2,8,0,2,0,0
459259,South University-Richmond,2016,0,0,0,0,1,7,0,0,0,0,1,2,0,0,1,0,0,0
459268,South University-Virginia Beach,2016,0,0,0,0,3,1,0,3,0,1,0,2,0,0,0,0,0,0
459727,Touro University Worldwide,2016,0,0,0,0,0,0,0,1,0,0,3,12,0,0,0,2,0,0
459842,Herzing University-Kenosha,2016,0,0,0,0,0,1,0,2,0,0,0,1,0,0,0,0,0,0
459851,Herzing University-Brookfield,2016,0,0,0,0,0,5,0,1,0,0,1,5,0,0,1,2,0,0
459949,Texas A&M University-San Antonio,2016,0,1,11,8,25,45,53,114,0,0,63,69,4,6,5,18,5,8
459994,Strayer University-Global Region,2016,0,0,0,0,3,2,0,0,0,0,0,2,1,0,1,0,0,0
460349,Johnson & Wales University-Online,2016,0,0,0,1,0,0,0,1,0,0,1,0,0,0,0,0,0,0
460376,Fairfax University of America,2016,0,0,0,0,0,0,0,0,0,0,0,0,0,0,0,0,6,3
460871,Chamberlain University-Virginia,2016,0,0,0,0,0,1,0,1,0,0,0,0,0,0,0,0,0,0
461023,National Paralegal College,2016,0,0,1,0,0,5,0,3,0,1,4,33,0,0,3,28,0,0
461032,Carolina College of Biblical Studies,2016,0,0,0,0,0,0,0,0,0,0,1,1,0,0,0,0,0,0
461148,New York Film Academy,2016,4,0,34,18,0,2,16,5,0,0,76,25,0,0,0,0,0,0
461528,Manna University,2016,0,0,0,0,1,0,0,0,0,0,1,2,0,0,0,0,0,0
461759,Simmons College of Kentucky,2016,0,0,0,0,23,12,0,0,0,0,0,0,0,0,0,0,0,0
461795,North American University,2016,0,0,2,2,23,6,10,11,0,0,7,4,4,1,3,0,14,7
461883,Millennia Atlantic University,2016,0,0,0,0,0,0,0,0,0,0,0,0,0,0,0,0,8,4
462354,John Paul the Great Catholic University,2016,0,0,1,2,0,0,9,7,0,0,30,14,0,1,4,4,1,0
466921,Chamberlain University-Missouri,2016,0,0,0,0,0,0,0,0,0,0,0,4,0,0,0,0,0,0
466930,Chamberlain University-Texas,2016,0,0,0,0,0,1,0,0,0,0,0,2,0,0,0,1,0,0
469416,Dewey University-Manati,2016,0,0,0,0,0,0,38,72,0,0,0,0,0,0,0,0,0,0
474863,Los Angeles Pacific University,2016,0,0,0,0,1,2,0,5,0,1,1,2,0,0,0,0,0,0
475121,South University-Savannah Online,2016,0,0,0,1,16,28,2,11,0,1,15,45,0,0,3,1,0,0
475608,Criswell College,2016,0,0,0,0,0,0,1,2,0,0,4,4,0,0,0,1,0,0
475732,Chamberlain University-Georgia,2016,0,0,0,0,0,0,0,1,0,0,0,0,0,0,0,0,0,0
475741,Chamberlain University-Indiana,2016,0,0,0,0,0,0,0,0,0,0,0,1,0,0,0,0,0,0
476601,Bais HaMedrash and Mesivta of Baltimore,2016,0,0,0,0,0,0,0,0,0,0,20,0,0,0,0,0,0,0
476717,Be'er Yaakov Talmudic Seminary,2016,0,0,0,0,0,0,0,0,0,0,144,0,0,0,0,0,0,0
477039,West Coast University-Dallas,2016,0,0,0,1,0,1,0,1,0,0,0,0,0,0,0,0,0,0
480073,South University-Austin,2016,0,0,1,0,4,2,1,8,0,0,1,3,0,0,0,0,0,0
480091,Bryant & Stratton College-Online,2016,0,0,0,1,9,42,4,11,0,0,11,96,1,7,0,0,0,0
480198,Warner Pacific University Professional and Graduate Studies,2016,0,0,0,0,0,1,1,0,0,0,3,5,0,0,0,1,0,0
480204,Platt College-Riverside,2016,0,0,0,0,2,9,10,45,0,0,3,14,1,5,0,2,0,0
480657,Rasmussen University-Kansas,2016,0,2,0,0,2,5,0,0,0,0,0,11,0,0,0,1,0,0
480781,California Miramar University,2016,0,0,0,0,4,0,2,0,0,0,1,0,0,0,0,0,0,0
480985,Midwives College of Utah,2016,0,0,0,0,0,0,0,0,0,0,0,2,0,0,0,0,0,0
481058,Grace Mission University,2016,0,0,1,1,0,0,0,0,0,0,0,0,0,0,0,0,0,3
481410,Yeshiva Gedolah Kesser Torah,2016,0,0,0,0,0,0,0,0,0,0,20,0,0,0,0,0,0,0
481438,Yeshiva Yesodei Hatorah,2016,0,0,0,0,0,0,0,0,0,0,18,0,0,0,0,0,1,0
482149,Augusta University,2016,1,1,29,49,50,105,29,38,1,1,163,264,15,29,5,7,4,9
482158,Middle Georgia State University,2016,1,1,12,9,242,295,26,31,1,0,260,288,23,22,1,3,6,9
482228,Veritas Baptist College,2016,0,0,0,0,0,0,1,1,0,0,0,0,1,0,0,0,1,0
482413,DeVry College of New York,2016,0,0,0,2,6,3,7,2,0,0,2,1,0,0,1,1,1,1
482422,DeVry University-Arizona,2016,1,0,0,0,1,1,5,5,0,0,7,2,0,0,5,0,0,0
482431,DeVry University-California,2016,0,0,4,2,2,1,13,14,0,0,3,3,1,1,2,1,2,1
482459,DeVry University-Florida,2016,0,0,0,1,2,1,2,3,0,0,1,2,0,0,0,0,1,0
482468,DeVry University-Georgia,2016,0,0,0,0,3,4,1,0,0,0,1,3,0,2,1,4,1,0
482477,DeVry University-Illinois,2016,0,0,5,5,6,24,12,34,1,0,44,98,1,3,9,16,3,2
482547,DeVry University-Nevada,2016,0,0,0,0,0,0,0,0,0,0,0,0,0,0,0,1,0,0
482556,DeVry University-New Jersey,2016,0,0,0,1,1,1,9,1,0,0,8,2,0,0,1,0,0,1
482565,DeVry University-North Carolina,2016,0,0,0,0,2,0,0,0,0,0,0,0,0,0,1,0,0,0
482574,DeVry University-Ohio,2016,0,0,0,0,2,0,0,0,0,0,21,9,0,0,1,0,0,0
482635,DeVry University-Texas,2016,0,0,0,0,1,0,4,3,0,0,3,0,0,0,2,0,0,0
482653,DeVry University-Virginia,2016,0,0,1,0,0,0,0,1,0,0,0,1,0,0,1,2,0,0
482680,University of North Georgia,2016,4,3,62,52,56,86,214,253,4,2,1257,1479,58,70,12,8,22,22
482699,South Georgia State College,2016,0,2,1,2,145,212,18,36,0,0,154,215,8,5,4,3,2,5
482936,Florida Polytechnic University,2016,0,0,9,2,17,1,88,8,1,0,271,30,15,5,1,0,7,4
483018,Antioch College,2016,1,0,3,0,2,2,1,3,0,0,9,7,1,2,0,0,0,0
483124,Arizona State University Digital Immersion,2016,7,12,36,20,64,63,161,238,4,1,198,233,40,29,1,1,2,4
484473,University of Florida-Online,2016,0,0,6,14,4,9,47,66,0,1,98,134,7,10,5,1,0,0
484613,University of Phoenix-Arizona,2016,4,14,2,12,198,797,81,221,3,14,210,744,17,74,681,1703,8,30
484631,University of Phoenix-California,2016,0,0,2,1,0,2,7,9,0,0,0,2,0,0,8,22,1,0
484710,University of Phoenix-Nevada,2016,0,0,0,0,0,1,0,0,0,0,0,0,0,0,0,1,0,0
484756,University of Phoenix-Texas,2016,1,0,0,0,5,2,0,1,0,0,0,1,0,0,9,5,1,0
484871,Rabbinical College Ohr Yisroel,2016,0,0,0,0,0,0,0,0,0,0,37,0,0,0,0,0,0,0
484905,University of North Texas at Dallas,2016,0,0,6,2,15,19,79,112,0,0,4,11,2,2,0,0,1,3
485111,Georgia Military College,2016,24,16,17,15,311,374,54,54,3,2,279,324,2,3,5,7,6,1
485272,West Coast University-Miami,2016,0,0,0,1,0,2,1,2,0,0,1,0,0,0,0,0,0,0
485768,Atlantis University,2016,0,0,13,3,10,4,15,5,5,0,5,2,3,1,0,0,0,0
485999,Bet Medrash Gadol Ateret Torah,2016,0,0,0,0,0,0,0,0,0,0,24,0,0,0,0,0,0,0
486017,Yeshiva Ohr Yisrael,2016,0,0,0,0,0,0,0,0,0,0,1,0,0,0,0,0,0,0
486026,Yeshiva Sholom Shachna,2016,0,0,0,0,0,0,0,0,0,0,19,0,0,0,0,0,0,0
486053,Bethlehem College & Seminary,2016,0,0,0,0,0,0,1,0,0,0,9,17,1,0,0,1,0,1
486196,Beth Medrash Meor Yitzchok,2016,0,0,0,0,0,0,0,0,0,0,53,0,0,0,0,0,0,0
486239,San Ignacio University,2016,0,0,0,0,0,0,9,10,0,0,0,0,0,0,0,0,1,0
486284,Bethany Global University,2016,0,0,0,0,1,3,0,0,0,0,15,46,0,0,3,5,0,1
486354,United International College,2016,0,0,0,0,0,0,1,0,0,0,0,0,0,0,0,0,2,0
486488,California Jazz Conservatory,2016,0,0,0,0,0,1,0,0,0,0,0,0,0,0,0,0,1,0
486840,Kennesaw State University,2016,3,3,124,110,468,526,262,219,1,2,1604,1498,121,114,65,38,22,27
486901,Milligan University,2016,0,0,0,3,4,4,4,6,0,0,75,80,4,8,0,0,3,3
486938,Chamberlain University-Nevada,2016,0,0,0,0,0,1,0,0,0,0,1,1,0,0,0,0,0,0
486947,Chamberlain University-Michigan,2016,0,0,0,0,0,0,0,0,0,0,0,1,0,0,0,0,0,0
486956,Chamberlain University-New Jersey,2016,0,0,0,0,0,0,0,0,0,0,0,0,0,0,0,1,0,0
487375,Arizona College of Nursing-Las Vegas,2016,0,0,0,7,3,19,1,10,0,1,2,16,1,3,0,0,0,0
487524,Husson University,2016,5,0,4,1,20,7,9,2,0,0,229,283,9,9,8,5,7,8
487603,Northwest University-Center for Online and Extended Education,2016,0,0,2,3,3,2,5,4,1,0,16,24,0,1,1,1,0,0
488314,Beth Medrash of Asbury Park,2016,0,0,0,0,0,0,0,0,0,0,2,0,0,0,0,0,1,0
488448,Seattle Film Institute,2016,0,0,0,0,0,0,1,0,0,0,5,0,0,0,0,0,0,0
488679,Indiana Wesleyan University-National & Global,2016,1,1,2,2,77,188,13,22,0,0,165,298,10,23,1,2,1,1
488846,University of the People,2016,9,5,26,5,34,16,34,22,0,0,69,65,9,0,386,129,0,0
489344,Chamberlain University-North Carolina,2016,0,0,0,0,0,0,0,0,0,0,0,1,0,0,0,0,0,0
489937,Carolina University,2016,0,0,0,0,5,1,2,0,0,0,9,4,1,0,0,1,0,0