unitid,institution name,year,EF2019A_RV.American Indian or Alaska Native men,EF2019A_RV.American Indian or Alaska Native women,EF2019A_RV.Asian men,EF2019A_RV.Asian women,EF2019A_RV.Black or African American men,EF2019A_RV.Black or African American women,EF2019A_RV.Hispanic men,EF2019A_RV.Hispanic women,EF2019A_RV.Native Hawaiian or Other Pacific Islander men,EF2019A_RV.Native Hawaiian or Other Pacific Islander women,EF2019A_RV.White men,EF2019A_RV.White women,EF2019A_RV.Two or more races men,EF2019A_RV.Two or more races women,EF2019A_RV.Race/ethnicity unknown men,EF2019A_RV.Race/ethnicity unknown women,EF2019A_RV.Nonresident alien men,EF2019A_RV.Nonresident alien women
100654,Alabama A & M University,2019,1,1,2,1,579,957,7,6,1,0,16,8,8,15,26,49,5,6
100663,University of Alabama at Birmingham,2019,2,1,94,113,170,333,59,98,2,0,488,780,50,65,12,7,15,15
100690,Amridge University,2019,0,0,0,0,0,1,0,0,0,0,1,1,0,0,0,0,0,0
100706,University of Alabama in Huntsville,2019,5,5,28,16,56,47,45,31,2,3,712,368,53,26,35,23,24,10
100724,Alabama State University,2019,1,2,0,0,348,580,5,6,1,1,3,6,1,14,5,9,7,11
100751,The University of Alabama,2019,11,13,45,49,236,411,133,209,2,1,2283,2964,90,177,14,14,65,17
100830,Auburn University at Montgomery,2019,2,2,3,12,67,174,1,6,1,0,128,150,9,13,4,8,13,9
100858,Auburn University,2019,5,5,66,56,93,85,81,90,4,0,1947,2128,70,72,8,5,31,15
100937,Birmingham-Southern College,2019,2,0,3,8,24,25,2,5,0,0,134,118,0,1,0,0,2,8
101116,South University-Montgomery,2019,0,1,0,0,1,7,0,0,0,0,1,3,0,0,0,0,0,0
101189,Faulkner University,2019,0,0,1,1,47,28,6,6,0,0,88,69,2,5,0,0,4,2
101365,Herzing University-Birmingham,2019,0,0,0,0,0,9,0,0,0,0,0,2,0,0,0,0,0,0
101435,Huntingdon College,2019,0,0,1,0,19,14,9,6,0,0,103,86,7,7,2,2,0,0
101480,Jacksonville State University,2019,1,3,3,8,162,225,0,0,0,0,364,556,0,0,53,70,13,11
101587,University of West Alabama,2019,0,2,0,0,58,77,6,4,1,0,60,88,7,5,1,5,1,5
101675,Miles College,2019,0,0,1,0,159,118,3,2,0,0,9,0,5,3,1,3,0,0
101693,University of Mobile,2019,1,5,1,2,6,18,1,1,0,1,56,124,2,2,18,20,4,4
101709,University of Montevallo,2019,0,1,0,1,28,39,9,21,0,2,128,211,9,11,3,4,8,7
101879,University of North Alabama,2019,4,6,4,8,53,60,6,22,0,1,242,543,12,30,0,2,17,10
101912,Oakwood University,2019,1,3,0,1,102,143,10,6,0,0,0,1,0,0,6,1,8,17
102049,Samford University,2019,0,1,4,11,29,26,4,25,0,0,234,537,4,17,0,0,3,5
102094,University of South Alabama,2019,3,5,24,38,91,188,28,41,0,1,392,628,27,55,24,37,8,10
102234,Spring Hill College,2019,0,1,0,3,13,22,6,6,0,1,73,126,4,4,9,13,9,2
102270,Stillman College,2019,0,0,0,0,96,105,0,0,0,1,4,2,0,0,12,11,0,0
102298,Talladega College,2019,0,1,0,0,116,149,5,1,0,0,3,2,4,3,0,0,0,1
102368,Troy University,2019,2,1,4,3,169,238,14,28,0,0,312,524,27,36,7,12,7,11
102377,Tuskegee University,2019,1,2,0,0,160,314,4,5,3,4,2,0,9,7,2,0,0,0
102553,University of Alaska Anchorage,2019,29,41,53,49,11,17,38,50,24,51,227,223,62,73,21,16,8,14
102580,Alaska Bible College,2019,0,0,0,1,1,0,0,0,0,0,3,0,0,0,0,0,0,0
102614,University of Alaska Fairbanks,2019,31,39,4,4,4,10,21,14,4,1,152,155,32,47,4,6,10,1
102632,University of Alaska Southeast,2019,4,10,1,1,1,0,4,4,4,5,25,26,5,13,2,3,0,1
102669,Alaska Pacific University,2019,0,6,0,2,0,1,0,5,1,2,8,11,1,6,2,3,0,0
102845,Charter College,2019,4,24,0,1,8,18,28,98,8,20,50,117,30,64,18,47,0,0
104090,Brookline College-Phoenix,2019,1,15,3,6,10,27,6,21,0,0,15,56,0,4,2,11,0,0
104151,Arizona State University Campus Immersion,2019,44,48,568,399,164,183,1209,1135,7,8,2596,2215,255,267,149,94,428,208
104179,University of Arizona,2019,13,30,183,209,80,96,574,784,6,9,1395,1854,143,203,46,50,256,105
104586,Embry-Riddle Aeronautical University-Prescott,2019,2,1,33,8,8,1,77,44,3,2,328,133,31,16,11,6,39,9
104717,Grand Canyon University,2019,14,33,58,120,87,227,484,1096,18,27,1097,1851,147,207,44,50,44,75
105297,Dine College,2019,57,80,1,0,0,0,1,0,0,0,0,0,0,0,0,0,1,1
105330,Northern Arizona University,2019,30,83,39,74,53,81,438,811,10,8,960,1674,110,215,12,15,65,94
105534,Pima Medical Institute-Tucson,2019,1,5,0,0,1,8,26,131,0,2,6,26,2,15,0,1,0,0
105589,Prescott College,2019,0,1,0,0,2,0,0,2,0,1,13,23,0,4,1,4,0,0
105899,Arizona Christian University,2019,2,1,3,2,30,9,46,11,0,0,62,27,8,3,10,3,2,0
106245,University of Arkansas at Little Rock,2019,0,3,4,6,43,80,11,10,0,0,92,107,75,108,0,1,10,13
106306,Arkansas Baptist College,2019,3,0,1,0,127,13,3,0,0,0,29,9,2,0,12,2,0,0
106342,Lyon College,2019,0,3,2,4,13,6,1,1,0,0,35,28,0,0,47,33,0,0
106397,University of Arkansas,2019,18,18,58,67,78,81,183,229,2,2,1577,1950,96,110,19,26,31,19
106412,University of Arkansas at Pine Bluff,2019,2,3,1,2,192,234,6,7,0,1,5,5,5,8,1,3,3,3
106458,Arkansas State University,2019,2,3,2,7,65,94,25,27,1,0,426,628,12,28,1,6,15,10
106467,Arkansas Tech University,2019,6,8,18,11,106,109,69,84,3,2,678,746,61,51,0,0,19,18
106485,University of Arkansas at Monticello,2019,0,1,3,0,82,54,14,14,0,0,117,141,11,12,2,1,0,1
106704,University of Central Arkansas,2019,2,7,16,28,118,201,47,66,1,0,447,762,40,63,0,1,15,24
106713,Central Baptist College,2019,2,0,0,1,3,1,9,2,0,0,35,47,3,0,0,1,1,0
106810,Crowley's Ridge College,2019,0,0,0,0,7,3,0,0,0,0,20,12,0,0,0,0,0,0
107044,Harding University,2019,0,0,1,6,25,16,20,14,1,0,278,378,11,23,0,0,13,18
107071,Henderson State University,2019,2,0,7,12,78,85,18,22,2,13,203,263,23,50,1,0,4,2
107080,Hendrix College,2019,0,0,3,4,12,13,14,17,0,0,102,94,2,3,9,8,0,3
107141,John Brown University,2019,1,2,1,5,1,2,13,18,0,0,91,141,6,10,3,3,13,8
107512,Ouachita Baptist University,2019,0,2,0,6,26,9,14,13,0,1,133,214,5,10,0,0,1,7
107558,University of the Ozarks,2019,0,0,0,2,5,5,9,16,1,0,50,53,0,1,8,12,28,19
107600,Philander Smith University,2019,0,0,0,0,93,139,1,0,0,0,0,0,1,1,0,0,5,10
107877,Williams Baptist University,2019,1,0,0,0,19,5,3,6,0,0,65,83,2,6,0,0,8,0
107983,Southern Arkansas University Main Campus,2019,2,0,2,0,103,109,24,15,0,0,242,304,13,15,0,0,3,0
108092,University of Arkansas-Fort Smith,2019,4,8,20,19,2,20,52,92,0,1,224,314,43,71,0,0,5,4
108232,Academy of Art University,2019,0,0,11,9,19,12,25,15,0,1,16,24,6,10,76,90,56,69
109350,Antelope Valley Community College District,2019,1,1,22,24,77,73,413,435,1,1,93,72,21,27,32,36,4,2
109651,Art Center College of Design,2019,0,0,36,73,0,0,5,11,0,0,6,9,1,4,0,0,51,71
109785,Azusa Pacific University,2019,0,2,27,45,20,18,65,143,2,4,88,177,15,40,7,9,15,11
109819,Bakersfield College,2019,4,3,43,29,69,51,771,813,0,3,161,176,41,40,7,3,9,10
110060,Bethesda University,2019,0,0,1,2,7,3,8,3,0,0,2,1,0,2,0,0,26,3
110097,Biola University,2019,2,2,47,82,7,15,62,97,2,4,165,272,27,41,12,21,11,27
110219,Bryan University,2019,0,0,1,2,13,28,4,12,2,0,32,47,2,10,23,32,0,0
110361,California Baptist University,2019,4,6,44,54,22,46,189,380,9,5,226,362,28,53,8,24,16,15
110370,California College of the Arts,2019,1,4,11,28,4,10,8,25,1,2,10,29,0,0,0,0,39,76
110404,California Institute of Technology,2019,0,0,32,43,5,1,46,11,1,0,28,35,13,6,0,1,7,6
110413,California Lutheran University,2019,1,0,15,17,18,11,114,142,2,0,114,135,21,23,8,11,9,6
110422,California Polytechnic State University-San Luis Obispo,2019,0,4,326,342,26,12,378,394,12,4,1251,1289,176,191,69,60,37,31
110486,California State University-Bakersfield,2019,0,4,66,50,18,42,377,713,0,2,59,91,9,19,16,21,30,28
110495,California State University-Stanislaus,2019,1,3,40,48,2,26,328,694,0,4,58,95,12,31,39,56,27,41
110510,California State University-San Bernardino,2019,1,1,59,70,32,65,794,1395,2,0,59,97,18,38,52,44,54,65
110529,California State Polytechnic University-Pomona,2019,3,2,524,406,43,50,840,987,1,5,247,203,75,57,44,32,62,62
110538,California State University-Chico,2019,0,4,66,79,35,49,383,591,8,4,500,579,64,77,24,26,27,23
110547,California State University-Dominguez Hills,2019,1,2,50,43,71,148,688,1155,2,2,21,20,16,27,15,19,41,93
110556,California State University-Fresno,2019,3,12,214,242,50,60,715,1141,1,0,227,321,47,53,30,30,58,75
110565,California State University-Fullerton,2019,0,4,482,548,42,58,945,1538,4,6,236,356,67,115,25,28,103,135
110574,California State University-East Bay,2019,0,0,135,136,40,109,257,448,8,12,50,65,18,50,6,13,34,43
110583,California State University-Long Beach,2019,4,1,539,609,59,103,925,1423,9,5,293,464,87,162,23,33,164,163
110592,California State University-Los Angeles,2019,0,2,167,170,24,35,1073,1482,1,1,28,26,10,17,11,15,72,95
110608,California State University-Northridge,2019,0,1,189,179,116,188,1219,1764,3,4,291,339,62,79,46,47,113,117
110617,California State University-Sacramento,2019,3,4,403,433,113,192,719,1101,16,22,276,372,101,137,36,28,64,78
110635,University of California-Berkeley,2019,3,4,1232,1281,34,68,347,650,4,8,584,775,144,221,110,109,429,419
110644,University of California-Davis,2019,2,5,670,1175,31,79,391,999,13,16,427,813,117,214,21,55,438,430
110653,University of California-Irvine,2019,1,2,982,1214,46,65,522,1095,4,9,294,353,116,148,19,41,606,536
110662,University of California-Los Angeles,2019,7,10,756,1050,46,167,426,845,6,9,610,878,145,275,78,74,259,267
110671,University of California-Riverside,2019,1,0,1013,961,40,89,672,1060,6,9,254,218,97,118,28,27,84,66
110680,University of California-San Diego,2019,4,2,1024,945,35,68,590,879,5,6,569,491,162,178,48,34,576,395
110705,University of California-Santa Barbara,2019,5,5,403,416,19,66,452,721,4,5,544,775,170,264,45,40,509,485
110714,University of California-Santa Cruz,2019,3,2,436,365,25,21,378,495,1,1,595,575,148,146,26,19,323,141
111081,California Institute of the Arts,2019,0,0,6,13,6,7,15,10,0,0,36,48,3,9,3,1,18,40
111188,California State University Maritime Academy,2019,1,0,17,4,4,1,44,12,3,0,68,16,12,3,3,0,2,0
111948,Chapman University,2019,2,2,102,214,10,20,105,149,3,4,343,544,52,114,22,23,20,31
111966,Charles R Drew University of Medicine and Science,2019,0,0,0,0,2,5,1,3,0,0,0,0,0,0,0,0,0,0
112075,Concordia University-Irvine,2019,0,1,15,14,6,14,48,63,0,1,67,78,6,9,0,0,15,5
112084,San Diego Christian College,2019,1,0,0,0,4,1,13,10,0,0,12,8,5,4,1,2,0,0
112260,Claremont McKenna College,2019,0,0,18,25,4,13,18,33,1,0,66,55,14,13,7,7,27,27
112394,University of Silicon Valley,2019,0,0,2,0,0,1,3,3,0,0,5,2,0,0,2,0,1,0
112570,California College of ASU,2019,0,1,3,0,10,9,11,8,0,0,20,10,4,3,1,0,0,0
113236,Cypress College,2019,2,3,209,165,21,22,308,450,4,5,105,95,24,25,37,40,22,16
113582,Design Institute of San Diego,2019,0,0,0,1,0,0,0,1,0,0,1,3,0,0,0,0,0,1
113698,Dominican University of California,2019,0,0,32,61,14,10,26,65,0,0,36,51,10,13,4,1,1,1
114354,FIDM-Fashion Institute of Design & Merchandising,2019,1,5,11,38,16,28,17,85,2,1,18,107,0,0,3,14,12,58
114433,Feather River Community College District,2019,5,6,3,1,19,2,25,9,9,3,44,76,2,1,7,4,2,0
114716,Foothill College,2019,0,0,87,105,17,22,135,156,7,4,82,74,17,25,25,12,90,73
114813,Fresno Pacific University,2019,0,1,5,3,5,4,26,66,0,0,21,29,2,1,2,0,2,7
115409,Harvey Mudd College,2019,0,0,20,26,9,1,28,10,1,0,28,43,9,14,7,6,11,11
115755,California State Polytechnic University-Humboldt,2019,0,7,5,7,11,18,124,204,1,0,147,189,24,31,18,23,4,2
115773,Humphreys University-Stockton and Modesto Campuses,2019,0,0,0,1,0,0,0,2,0,0,0,2,0,0,0,1,0,0
117104,Life Pacific University,2019,0,1,1,1,2,2,17,18,0,0,9,19,2,2,0,0,1,0
117140,University of La Verne,2019,2,0,20,22,12,19,95,179,2,0,38,51,6,17,1,2,19,5
117168,Laguna College of Art and Design,2019,0,0,4,20,0,3,7,27,0,0,8,55,1,7,0,0,0,2
117557,Lincoln University,2019,0,0,0,0,0,0,0,0,0,0,0,0,0,0,0,0,4,1
117627,La Sierra University,2019,0,1,22,38,8,8,48,123,2,0,13,17,8,8,0,0,9,10
117751,The Master's University and Seminary,2019,1,1,4,2,1,4,1,0,0,1,66,72,9,13,9,15,0,0
117946,Loyola Marymount University,2019,0,0,72,88,31,67,163,170,1,1,287,316,42,50,0,0,106,72
118693,Menlo College,2019,0,1,8,13,13,10,34,37,4,6,20,21,6,7,5,4,30,20
118912,MiraCosta College,2019,3,3,39,48,14,14,222,297,4,9,200,217,41,35,37,49,24,22
118976,Modesto Junior College,2019,4,11,65,38,25,16,433,508,10,9,246,246,0,0,30,17,5,3
119173,Mount Saint Mary's University,2019,0,0,7,54,1,27,7,231,0,2,1,19,0,9,0,43,0,0
119270,Musicians Institute,2019,1,1,8,0,8,0,13,1,0,0,25,11,4,1,10,3,16,11
119605,National University,2019,0,0,2,1,0,0,1,3,0,0,0,1,0,0,1,1,1,0
119775,Newschool of Architecture and Design,2019,0,0,0,4,0,0,3,4,0,0,2,0,0,0,0,0,1,2
120184,Notre Dame de Namur University,2019,0,1,6,4,4,7,21,50,1,1,4,6,2,3,0,1,5,4
120254,Occidental College,2019,0,0,35,56,5,6,39,50,0,0,124,144,28,33,1,1,20,20
120403,Otis College of Art and Design,2019,0,0,17,53,7,13,11,32,0,0,13,43,4,11,1,6,18,45
120537,Hope International University,2019,0,0,2,3,5,10,14,18,0,2,13,15,7,7,4,7,1,1
120865,Pacific Union College,2019,1,0,24,24,2,4,19,41,2,1,8,17,6,10,1,3,5,1
120883,University of the Pacific,2019,0,1,160,205,8,10,69,82,1,4,77,100,9,13,8,14,31,16
121150,Pepperdine University,2019,2,1,54,63,13,22,40,42,0,0,152,191,32,38,6,2,35,31
121257,Pitzer College,2019,0,1,9,18,10,5,14,24,0,2,54,83,11,15,5,6,8,11
121309,Point Loma Nazarene University,2019,1,1,16,28,4,5,45,78,0,2,114,243,10,39,9,5,6,5
121345,Pomona College,2019,0,1,44,34,13,26,34,37,1,2,64,76,11,14,6,7,15,31
121619,Santa Ana College,2019,1,0,50,35,13,3,548,713,4,1,38,11,8,3,33,27,15,28
121691,University of Redlands,2019,0,0,17,23,10,14,106,184,1,1,105,170,20,23,16,20,2,7
121886,Rio Hondo College,2019,2,0,41,23,1,4,770,616,1,1,30,13,6,7,12,11,8,4
122375,San Diego Mesa College,2019,0,1,79,82,34,31,270,365,3,2,165,132,46,39,20,13,16,32
122409,San Diego State University,2019,3,17,303,389,101,164,602,865,6,7,796,1238,152,252,46,50,107,91
122436,University of San Diego,2019,2,1,35,67,13,15,88,156,0,2,225,355,41,59,18,22,27,15
122506,San Francisco Conservatory of Music,2019,0,0,6,1,1,1,0,0,0,0,15,8,0,0,0,0,13,12
122597,San Francisco State University,2019,0,3,394,463,79,143,574,922,11,15,209,253,76,131,22,36,83,103
122612,University of San Francisco,2019,0,0,122,170,21,70,89,174,2,2,101,213,44,88,3,1,107,84
122685,San Joaquin Valley College-Visalia,2019,4,2,16,13,17,40,162,356,2,4,63,102,6,11,85,118,1,3
122728,William Jessup University,2019,1,0,2,4,6,9,20,32,2,0,34,56,0,0,4,10,4,7
122755,San Jose State University,2019,0,0,767,738,82,95,515,721,11,8,237,199,117,122,55,61,75,64
122931,Santa Clara University,2019,0,0,136,136,20,15,114,125,1,3,317,341,44,57,12,13,35,19
122977,Santa Monica College,2019,0,6,134,129,126,123,767,898,0,6,294,282,69,73,75,54,326,428
123165,Scripps College,2019,0,0,0,43,0,9,0,35,0,0,0,139,0,36,0,6,0,15
123280,Shasta Bible College and Graduate School,2019,0,0,0,0,0,0,0,0,0,0,1,0,0,0,0,0,0,0
123299,Shasta College,2019,7,8,8,14,10,5,63,64,2,1,130,117,21,11,27,31,0,0
123457,Simpson University,2019,1,1,2,8,5,4,11,15,0,2,22,28,1,2,1,1,0,0
123509,Skyline College,2019,0,0,120,100,8,6,84,91,4,2,34,17,10,14,7,2,45,37
123554,Saint Mary's College of California,2019,1,0,33,32,5,11,67,92,5,2,78,113,25,32,5,2,9,5
123563,Solano Community College,2019,0,2,68,55,33,44,138,156,3,1,71,87,36,44,22,33,2,2
123572,Sonoma State University,2019,0,3,32,44,12,22,177,451,5,2,216,370,42,75,13,17,21,29
123651,Vanguard University of Southern California,2019,1,3,9,21,8,21,73,153,0,0,44,110,2,2,12,22,0,0
123952,Southern California Institute of Architecture,2019,0,0,2,0,0,1,1,0,0,0,3,2,0,0,0,0,13,8
123961,University of Southern California,2019,1,0,327,407,77,120,204,271,9,1,484,538,83,114,34,42,216,237
124292,Thomas Aquinas College,2019,1,0,0,0,0,0,10,10,0,0,32,45,3,5,4,2,1,4
125231,Walden University,2019,0,0,0,0,0,2,0,0,0,0,0,1,0,0,0,0,0,0
125471,West Los Angeles College,2019,1,0,11,7,68,63,128,179,3,0,22,10,5,6,22,13,14,4
125727,Westmont College,2019,0,1,9,14,3,7,35,64,0,2,85,127,10,16,13,17,1,1
125763,Whittier College,2019,1,0,12,21,14,14,90,145,2,0,64,64,23,24,0,2,12,5
125897,Woodbury University,2019,1,0,16,8,6,5,41,42,1,0,29,32,5,4,1,0,4,7
126076,Yeshiva Ohr Elchonon Chabad West Coast Talmudical Seminary,2019,0,0,0,0,0,0,0,0,0,0,55,0,0,0,0,0,0,0
126182,Adams State University,2019,8,1,0,0,14,6,73,106,0,1,66,73,9,10,0,3,0,1
126562,University of Colorado Denver/Anschutz Medical Campus,2019,1,3,93,97,27,51,188,298,0,2,244,296,40,55,4,1,30,21
126580,University of Colorado Colorado Springs,2019,3,2,19,37,37,34,156,220,2,1,513,526,54,75,4,3,12,7
126614,University of Colorado Boulder,2019,3,4,224,217,64,54,446,489,2,3,2450,2368,232,244,14,15,134,75
126669,Colorado Christian University,2019,0,1,5,8,1,4,16,27,0,0,99,199,2,14,3,2,0,0
126678,Colorado College,2019,0,1,11,11,9,11,25,32,0,0,167,178,13,28,5,3,16,25
126711,Colorado Mountain College,2019,0,0,2,2,1,4,31,26,0,0,134,89,4,4,2,2,0,0
126775,Colorado School of Mines,2019,2,1,39,28,8,2,79,58,0,0,594,283,48,19,41,18,33,26
126818,Colorado State University-Fort Collins,2019,13,28,48,87,61,51,341,520,4,1,1518,1967,113,177,13,16,39,21
126827,Colorado Technical University-Colorado Springs,2019,8,8,6,4,52,121,0,3,4,3,143,251,12,23,16,813,0,0
126942,Community College of Denver,2019,4,8,23,20,39,42,102,177,0,2,94,89,15,16,4,5,16,24
127060,University of Denver,2019,2,4,15,29,16,18,54,88,1,0,419,542,33,48,10,7,22,29
127185,Fort Lewis College,2019,98,150,0,5,5,1,42,62,1,0,149,131,47,48,1,0,5,1
127556,Colorado Mesa University,2019,6,6,9,11,21,14,231,305,3,5,600,621,34,46,21,27,3,6
127565,Metropolitan State University of Denver,2019,8,5,40,36,50,64,374,495,1,3,395,393,38,46,14,7,5,2
127653,Naropa University,2019,0,0,0,0,0,0,2,6,0,0,4,8,0,2,2,2,0,1
127741,University of Northern Colorado,2019,2,6,17,22,29,66,160,335,1,4,343,708,31,65,0,1,3,6
127820,Pikes Peak State College,2019,2,5,18,16,39,45,107,189,3,3,318,348,46,59,19,17,4,17
127884,Pueblo Community College,2019,3,4,0,2,1,0,62,85,1,1,70,67,7,4,1,2,1,0
127909,Red Rocks Community College,2019,3,4,10,6,6,2,74,69,0,1,210,148,11,8,11,6,6,5
127918,Regis University,2019,1,1,11,19,3,14,42,112,1,2,69,157,7,28,3,6,4,1
127945,Rocky Mountain College of Art and Design,2019,0,1,2,1,2,5,10,8,0,0,14,28,0,1,3,4,0,1
128106,Colorado State University Pueblo,2019,0,0,1,1,33,12,98,126,3,1,126,129,22,18,9,8,18,4
128328,United States Air Force Academy,2019,0,0,43,20,54,15,91,47,1,2,539,204,60,24,16,4,11,1
128391,Western Colorado University,2019,0,0,3,2,7,4,34,33,1,0,157,121,11,9,44,23,1,0
128498,Albertus Magnus College,2019,0,1,1,2,23,36,33,40,0,0,51,33,1,2,3,4,13,3
128744,University of Bridgeport,2019,0,0,4,7,45,68,33,88,0,1,24,50,3,10,5,13,2,15
128771,Central Connecticut State University,2019,1,0,21,13,85,84,129,136,1,0,410,374,16,27,27,21,7,7
128780,Charter Oak State College,2019,0,0,2,0,0,1,0,2,0,0,0,2,0,0,0,0,0,0
128902,Connecticut College,2019,1,0,8,10,6,11,26,31,1,0,107,215,5,11,2,10,33,31
129020,University of Connecticut,2019,1,1,181,231,88,148,245,275,1,2,849,913,60,63,47,41,276,178
129154,Goodwin University,2019,0,0,3,1,12,8,11,20,0,0,19,13,0,5,1,0,0,0
129215,Eastern Connecticut State University,2019,0,0,6,9,26,57,47,76,0,0,235,318,13,12,26,34,3,2
129242,Fairfield University,2019,0,1,12,16,10,5,30,51,0,0,367,565,15,12,22,29,19,19
129525,University of Hartford,2019,3,1,14,29,99,131,79,94,0,0,265,351,24,26,15,29,44,22
129534,Holy Apostles College and Seminary,2019,0,0,0,0,0,0,0,0,0,0,6,2,0,0,0,0,0,0
129774,Mitchell College,2019,0,1,1,2,12,9,17,8,0,0,36,23,5,4,4,2,0,0
129941,University of New Haven,2019,0,1,17,30,49,89,64,119,0,0,379,477,4,7,8,15,14,3
130110,Paier College,2019,0,0,0,0,0,3,3,1,0,0,1,6,0,0,0,0,0,0
130183,Post University,2019,2,3,2,0,44,34,14,13,0,0,52,91,15,11,20,19,0,1
130226,Quinnipiac University,2019,0,0,21,38,19,38,53,91,0,1,475,699,15,21,15,12,21,28
130253,Sacred Heart University,2019,2,0,8,22,29,15,72,134,0,0,381,836,9,32,19,20,10,12
130314,University of Saint Joseph,2019,1,0,0,6,10,18,7,15,0,0,39,83,3,2,3,14,1,0
130493,Southern Connecticut State University,2019,0,0,23,38,134,194,79,143,1,0,249,412,23,39,55,108,4,3
130590,Trinity College,2019,1,1,10,11,16,26,21,28,1,0,191,163,11,10,8,8,49,25
130624,United States Coast Guard Academy,2019,0,1,18,6,5,5,15,11,1,0,101,67,13,16,2,1,4,1
130697,Wesleyan University,2019,0,0,29,41,17,25,33,47,1,1,188,220,23,30,4,9,51,52
130776,Western Connecticut State University,2019,0,0,10,16,47,37,77,122,0,0,243,232,18,17,0,4,0,0
130794,Yale University,2019,4,4,165,187,55,62,109,124,1,1,299,264,42,68,7,12,89,57
130907,Delaware Technical Community College-Terry,2019,6,3,27,27,168,200,124,184,2,0,387,446,43,56,19,18,14,10
130934,Delaware State University,2019,0,0,3,3,259,561,29,46,0,1,37,43,30,54,0,0,16,25
130943,University of Delaware,2019,1,5,112,131,118,184,183,295,1,2,1292,1856,72,115,76,59,51,51
130989,Goldey-Beacom College,2019,0,0,0,1,29,35,11,18,0,0,23,30,4,7,1,0,1,0
131113,Wilmington University,2019,0,0,1,1,27,24,8,13,0,1,45,42,5,3,3,0,3,2
131159,American University,2019,0,1,29,88,35,101,78,157,0,1,382,661,32,56,25,44,22,41
131283,The Catholic University of America,2019,1,1,5,14,16,18,63,63,0,0,243,344,16,10,2,3,6,11
131399,University of the District of Columbia,2019,0,1,6,1,92,114,28,36,0,0,6,3,1,6,12,5,21,13
131450,Gallaudet University,2019,1,1,9,3,24,16,13,23,0,0,33,44,0,4,2,6,1,3
131469,George Washington University,2019,1,0,89,179,55,124,101,201,1,0,491,808,42,64,37,41,167,208
131496,Georgetown University,2019,2,1,89,126,41,52,56,76,1,0,394,469,36,61,17,22,62,74
131520,Howard University,2019,20,78,1,6,245,768,37,97,0,5,4,6,9,41,142,399,39,23
131876,Trinity Washington University,2019,0,1,0,2,0,98,0,99,0,0,0,5,0,5,0,21,0,2
132408,Baptist University of Florida,2019,0,0,0,0,1,0,0,0,0,0,12,7,0,0,1,1,0,0
132471,Barry University,2019,0,5,1,9,83,224,64,193,0,0,24,53,8,12,0,1,10,22
132602,Bethune-Cookman University,2019,0,2,0,0,169,283,20,17,0,0,3,4,10,12,8,11,9,11
132657,Lynn University,2019,5,2,1,10,29,39,75,94,1,1,160,180,17,13,2,3,47,46
132693,Eastern Florida State College,2019,0,2,18,16,63,75,100,143,0,1,386,326,34,57,9,9,21,20
132709,Broward College,2019,3,1,49,40,399,555,687,773,1,2,187,179,187,233,55,51,98,103
132842,Albizu University-Miami,2019,0,0,0,0,0,0,0,3,0,0,0,0,0,0,0,1,0,0
132851,College of Central Florida,2019,3,2,6,12,53,65,27,46,0,2,248,319,27,44,18,19,10,9
132879,Johnson University Florida,2019,0,0,0,0,9,5,8,3,0,0,6,16,2,1,2,1,3,0
132903,University of Central Florida,2019,4,4,290,301,197,392,892,1067,1,4,1669,1865,124,164,45,35,44,54
133021,Chipola College,2019,1,3,1,0,25,27,9,4,0,0,99,106,5,8,4,8,0,8
133386,Daytona State College,2019,0,3,17,12,73,103,137,181,1,2,307,403,31,44,10,5,2,0
133465,South University-West Palm Beach,2019,0,0,1,0,2,2,0,1,0,0,1,0,0,0,0,0,0,0
133492,Eckerd College,2019,1,1,7,9,4,8,14,35,0,0,124,290,8,19,0,0,6,9
133508,Florida SouthWestern State College,2019,2,6,23,15,114,170,284,512,4,5,327,458,23,27,33,40,22,33
133526,Edward Waters University,2019,0,0,0,0,86,94,4,3,0,1,7,0,5,4,2,3,0,0
133553,Embry-Riddle Aeronautical University-Daytona Beach,2019,3,1,78,12,57,23,168,69,3,1,806,228,56,23,21,7,113,24
133650,Florida Agricultural and Mechanical University,2019,0,0,0,2,368,802,23,57,0,0,10,13,13,27,0,0,2,1
133669,Florida Atlantic University,2019,1,3,63,93,203,342,360,473,1,3,607,770,53,82,13,11,41,46
133702,Florida State College at Jacksonville,2019,0,2,22,22,178,209,77,103,1,1,306,364,41,41,10,12,0,1
133711,Flagler College,2019,0,0,2,6,7,8,24,48,0,2,134,344,7,24,6,19,5,4
133809,Florida College,2019,0,1,0,4,4,4,15,8,0,1,61,93,4,3,2,2,1,0
133872,AdventHealth University,2019,0,1,1,4,2,6,6,17,0,0,2,4,0,3,0,1,2,1
133881,Florida Institute of Technology,2019,4,1,15,7,35,13,60,22,0,0,282,116,7,6,15,6,62,14
133951,Florida International University,2019,1,0,52,58,100,168,1028,1426,2,2,111,163,26,40,2,5,54,68
133960,The College of the Florida Keys,2019,1,1,1,0,3,7,22,17,0,0,34,34,2,1,2,1,1,1
133979,Florida Memorial University,2019,0,0,0,0,82,134,13,14,0,0,1,0,3,1,11,7,26,25
134079,Florida Southern College,2019,4,2,9,9,18,22,41,72,2,0,176,302,1,2,2,2,6,11
134097,Florida State University,2019,2,8,96,154,194,395,674,919,1,2,1659,2527,124,202,25,36,19,19
134130,University of Florida,2019,4,3,326,450,113,214,548,783,2,3,1394,2009,91,183,45,90,143,106
134237,Full Sail University,2019,22,6,52,18,702,259,425,164,0,1,955,343,151,59,189,81,1,0
134343,Gulf Coast State College,2019,1,1,8,6,30,35,13,24,0,1,147,231,11,14,6,12,2,4
134510,Hobe Sound Bible College,2019,1,1,1,1,3,0,3,1,0,0,7,11,0,0,1,0,0,0
134608,Indian River State College,2019,2,1,16,10,108,104,206,222,2,1,332,293,32,31,11,14,8,8
134945,Jacksonville University,2019,2,3,2,4,53,77,29,49,1,0,149,149,14,20,30,27,27,11
135081,Keiser University-Ft Lauderdale,2019,2,4,5,13,49,146,74,125,1,2,99,226,8,12,100,322,5,4
135160,Florida Gateway College,2019,1,1,1,1,31,40,15,15,0,0,98,168,6,6,0,1,0,0
135188,Lake-Sumter State College,2019,1,2,7,7,17,31,60,66,0,0,123,174,11,12,7,13,2,3
135391,State College of Florida-Manatee-Sarasota,2019,4,1,18,16,68,83,147,192,0,1,364,406,22,26,4,6,9,15
135610,Trinity International University-Florida,2019,0,0,0,0,0,0,0,0,0,0,1,0,0,0,0,0,0,0
135717,Miami Dade College,2019,2,5,39,42,454,638,3012,3617,1,4,127,137,23,31,44,42,239,313
135726,University of Miami,2019,0,1,35,61,85,131,167,242,1,1,505,531,38,48,46,36,124,128
136145,North Florida College,2019,0,0,1,1,4,8,3,3,0,0,28,45,0,0,0,0,0,0
136172,University of North Florida,2019,1,3,68,81,64,164,154,225,0,1,615,902,65,87,0,0,9,19
136215,Nova Southeastern University,2019,0,1,82,120,49,139,139,367,1,2,142,288,17,45,24,35,31,28
136233,Northwest Florida State College,2019,3,1,5,9,12,29,28,32,2,2,178,183,31,31,4,8,3,6
136330,Palm Beach Atlantic University,2019,1,0,4,5,18,29,27,53,0,1,107,214,8,19,7,9,6,6
136358,Palm Beach State College,2019,2,1,27,32,253,387,390,465,2,2,323,310,35,40,32,33,25,25
136400,Pasco-Hernando State College,2019,2,1,19,27,41,41,144,170,1,0,340,440,26,28,11,18,3,2
136473,Pensacola State College,2019,2,3,8,15,69,133,40,56,1,1,253,347,39,33,6,9,4,4
136516,Polk State College,2019,2,3,10,8,64,82,106,176,1,1,147,182,21,19,2,1,5,11
136774,Ringling College of Art and Design,2019,2,2,10,34,9,10,17,57,1,0,57,139,4,13,1,2,24,58
136950,Rollins College,2019,0,1,6,16,5,15,40,49,1,0,126,209,7,17,3,6,29,26
137032,Saint Leo University,2019,0,1,7,5,52,78,71,121,0,0,91,156,1,2,39,58,32,67
137078,St Petersburg College,2019,4,4,36,77,114,164,172,244,4,1,524,596,51,51,17,19,10,7
137096,Santa Fe College,2019,2,2,45,32,109,114,216,219,2,2,523,485,46,54,11,9,19,12
137209,Seminole State College of Florida,2019,1,2,27,22,124,162,270,325,3,0,447,378,41,52,19,21,25,25
137272,St. John Vianney College Seminary,2019,0,0,0,0,0,0,2,0,0,0,2,0,0,0,1,0,2,0
137281,Saint Johns River State College,2019,0,1,3,5,28,45,46,66,0,0,165,234,10,22,7,6,0,2
137315,South Florida State College,2019,0,1,2,3,9,16,44,65,0,0,64,67,1,4,3,1,3,0
137351,University of South Florida,2019,5,3,217,270,150,219,392,620,3,4,1035,1434,91,161,59,88,154,145
137476,St. Thomas University,2019,1,0,0,0,134,45,106,64,0,0,43,12,9,7,20,9,10,4
137546,Stetson University,2019,0,1,4,12,42,59,65,122,0,1,226,296,22,37,5,6,21,15
137564,Southeastern University,2019,5,5,8,9,75,82,131,160,0,0,302,435,21,28,5,2,6,3
137759,Tallahassee Community College,2019,3,2,14,16,274,446,167,166,4,0,508,495,43,41,16,11,12,9
137777,Talmudic College of Florida,2019,0,0,0,0,0,0,0,0,0,0,10,0,0,0,0,0,3,0
137847,The University of Tampa,2019,0,1,11,20,22,29,72,128,0,1,495,792,20,45,228,217,54,47
137953,Trinity Baptist College,2019,0,0,1,0,11,5,5,1,0,0,28,19,1,0,2,0,0,0
137962,Trinity College of Florida,2019,1,0,0,0,5,6,6,3,0,0,6,5,0,0,0,1,0,0
138187,Valencia College,2019,4,6,101,93,304,404,926,1159,6,6,496,523,58,64,206,319,145,174
138275,Warner University,2019,0,0,0,0,73,23,10,7,0,1,44,47,1,0,0,0,2,1
138293,Webber International University,2019,1,0,1,0,50,20,9,7,1,1,58,34,5,5,0,0,7,4
138309,Rasmussen University-Florida,2019,0,0,1,4,20,74,5,29,1,0,21,78,1,9,3,66,0,0
138354,University of West Florida,2019,1,1,16,21,31,16,43,46,1,3,349,421,37,35,5,5,12,8
138558,Abraham Baldwin Agricultural College,2019,1,2,4,4,32,34,26,45,0,2,314,346,2,8,0,0,9,5
138600,Agnes Scott College,2019,0,0,0,20,0,96,0,48,0,2,0,95,0,18,0,7,0,13
138716,Albany State University,2019,2,2,2,0,352,804,19,64,0,0,7,14,13,23,7,7,2,4
138868,Point University,2019,0,1,1,0,66,23,3,5,0,0,45,47,4,2,3,4,8,1
138901,Atlanta Metropolitan State College,2019,0,0,0,0,60,105,2,6,0,0,0,0,2,1,0,1,1,4
138947,Clark Atlanta University,2019,0,1,0,1,164,619,1,0,0,0,1,0,0,0,5,17,2,2
139144,Berry College,2019,2,2,5,11,22,26,14,28,0,0,161,280,14,6,1,0,2,3
139153,Beulah Heights University,2019,0,0,0,2,5,1,0,0,0,0,6,5,0,0,0,0,0,0
139199,Brenau University,2019,0,0,0,2,7,48,2,40,0,0,8,69,0,3,0,10,0,4
139205,Brewton-Parker College,2019,2,0,0,1,42,18,20,10,3,0,55,33,0,0,4,1,3,0
139250,College of Coastal Georgia,2019,1,0,3,6,30,97,14,21,0,1,113,232,14,28,3,4,1,1
139311,Clayton  State University,2019,2,1,23,21,109,218,17,25,1,0,26,34,4,7,2,5,5,6
139366,Columbus State University,2019,4,1,15,17,126,260,27,40,0,2,205,231,7,11,0,0,10,4
139393,Covenant College,2019,2,4,0,0,2,0,0,0,0,1,88,95,6,7,6,3,2,3
139463,Dalton State College,2019,0,6,8,12,15,25,127,172,0,0,174,246,1,0,8,11,4,3
139579,South University-Savannah,2019,0,0,0,0,1,5,1,1,0,0,1,2,0,0,0,0,0,0
139621,East Georgia State College,2019,4,3,4,0,174,328,18,31,0,0,142,207,11,21,4,6,0,0
139630,Emmanuel University,2019,3,1,0,1,36,12,9,10,0,0,81,61,9,7,0,0,10,6
139658,Emory University,2019,0,0,120,155,39,74,69,99,1,0,232,298,28,40,4,7,102,106
139700,Georgia Highlands College,2019,0,1,7,9,50,71,57,97,1,0,202,272,17,19,3,2,6,8
139719,Fort Valley State University,2019,0,0,0,0,145,201,3,8,0,0,1,3,7,5,5,5,0,0
139755,Georgia Institute of Technology-Main Campus,2019,3,0,440,333,104,99,124,104,0,2,791,579,69,67,20,9,212,117
139764,Georgia Southwestern State University,2019,0,0,2,3,40,70,6,17,0,0,90,132,10,7,0,0,3,2
139861,Georgia College & State University,2019,3,4,3,17,15,30,40,68,0,1,396,841,15,34,2,3,3,2
139931,Georgia Southern University,2019,6,6,50,42,386,635,145,182,0,0,1060,1403,91,102,6,6,24,31
139940,Georgia State University,2019,1,6,493,460,629,1123,262,437,0,1,517,535,124,211,13,18,61,55
139959,University of Georgia,2019,1,0,284,354,134,266,111,219,1,3,1441,2307,77,156,30,35,31,37
139968,Gordon State College,2019,2,2,3,2,156,301,11,27,0,0,104,172,12,15,3,5,0,2
140234,LaGrange College,2019,1,1,0,2,67,14,4,3,0,0,98,54,4,1,1,0,0,0
140252,Life University,2019,2,2,3,5,25,15,19,10,0,0,20,35,0,0,3,5,6,11
140340,Herzing University-Atlanta,2019,0,0,1,1,3,21,0,0,0,0,0,7,0,1,1,3,0,0
140447,Mercer University,2019,0,1,36,48,65,129,36,37,0,0,232,237,14,25,13,13,5,9
140553,Morehouse College,2019,0,0,0,0,89,0,0,0,0,0,0,0,1,0,471,0,2,0
140696,Oglethorpe University,2019,0,3,8,9,31,60,16,40,0,0,77,102,0,1,4,8,13,28
140720,Paine College,2019,0,0,0,0,41,46,1,0,0,0,3,1,1,1,2,0,3,1
140818,Piedmont University,2019,0,0,1,1,18,18,13,15,0,0,83,105,3,3,2,10,0,1
140872,Reinhardt University,2019,1,0,2,0,43,15,21,17,0,0,104,99,9,6,6,8,4,1
140951,Savannah College of Art and Design,2019,6,20,38,121,103,206,58,120,2,5,437,1073,0,0,23,74,91,182
140960,Savannah State University,2019,1,0,0,1,245,398,28,50,0,0,16,7,15,17,2,4,4,1
140988,Shorter University,2019,1,1,0,1,67,24,9,19,0,0,80,102,6,4,0,2,4,4
141060,Spelman College,2019,0,0,0,0,0,515,0,0,0,0,0,0,0,0,0,0,0,1
141167,Thomas University,2019,0,0,0,0,2,1,2,2,0,0,5,2,0,0,41,30,1,0
141185,Toccoa Falls College,2019,1,0,2,1,24,10,7,12,0,0,51,93,4,3,0,0,1,3
141237,Truett McConnell University,2019,0,1,1,0,8,4,4,3,0,0,58,93,0,0,15,21,2,4
141264,Valdosta State University,2019,2,1,9,11,221,406,56,103,0,2,253,432,27,58,0,1,8,10
141325,Wesleyan College,2019,0,1,0,3,0,54,0,7,0,0,0,55,0,2,0,2,0,9
141334,University of West Georgia,2019,1,2,5,5,248,434,61,105,0,1,297,498,27,58,10,13,5,7
141361,Young Harris College,2019,1,0,0,0,20,13,10,12,1,0,80,93,2,3,3,3,18,6
141486,Chaminade University of Honolulu,2019,0,3,9,46,2,1,3,8,16,38,10,19,6,23,33,54,2,0
141565,University of Hawaii at Hilo,2019,0,3,31,28,0,3,27,58,6,19,39,51,62,104,1,0,2,4
141574,University of Hawaii at Manoa,2019,1,1,282,394,10,22,66,150,13,20,145,304,218,272,6,12,19,28
141644,Hawaii Pacific University,2019,1,1,17,65,5,16,23,62,2,9,29,89,28,92,1,5,15,19
141839,University of Hawaii Maui College,2019,0,0,38,84,0,1,26,42,5,13,16,12,40,79,11,8,6,10
141981,University of Hawaii-West Oahu,2019,0,0,23,59,1,1,13,27,0,8,6,6,16,32,0,0,0,1
142090,Boise Bible College,2019,0,0,0,0,1,0,0,0,0,0,6,7,0,0,0,0,0,1
142115,Boise State University,2019,2,7,24,42,28,18,151,221,3,9,930,1276,79,88,18,13,12,14
142276,Idaho State University,2019,14,14,3,5,9,8,101,115,4,5,443,571,16,23,4,4,9,12
142285,University of Idaho,2019,5,6,11,16,11,5,63,97,2,2,541,595,30,29,10,10,13,10
142294,The College of Idaho,2019,2,2,2,3,6,3,20,18,0,0,105,100,11,10,1,1,28,48
142328,Lewis-Clark State College,2019,6,5,0,3,3,3,26,36,0,1,155,216,8,10,3,6,6,1
142461,Northwest Nazarene University,2019,1,0,1,4,0,1,17,24,0,1,73,137,4,9,2,1,3,0
142522,Brigham Young University-Idaho,2019,2,5,14,30,8,8,48,87,5,4,1263,1952,189,285,20,17,132,126
142887,American Academy of Art College,2019,0,0,0,1,2,2,4,8,0,0,8,12,0,2,0,0,0,0
143048,School of the Art Institute of Chicago,2019,0,0,12,39,5,13,18,55,0,0,57,178,6,26,6,10,41,153
143084,Augustana College,2019,0,0,6,14,6,14,37,48,0,0,175,237,11,17,4,7,56,46
143118,Aurora University,2019,1,3,8,15,31,30,110,223,1,1,106,191,6,15,29,37,3,1
143288,Blackburn College,2019,1,0,1,1,6,2,2,2,0,0,34,58,1,2,0,1,0,0
143358,Bradley University,2019,1,4,20,30,37,39,56,77,1,0,354,345,15,13,17,19,10,10
144005,Chicago State University,2019,0,0,1,2,43,77,2,14,0,0,2,3,0,0,11,15,3,8
144050,University of Chicago,2019,1,0,142,165,44,64,144,141,1,0,320,255,55,65,24,34,167,103
144281,Columbia College Chicago,2019,2,0,21,36,119,169,172,242,3,1,304,513,32,57,6,8,27,22
144351,Concordia University-Chicago,2019,0,0,5,2,25,17,59,52,0,0,71,92,14,7,4,2,1,0
144740,DePaul University,2019,0,2,142,132,69,117,221,343,0,3,597,771,41,87,20,11,45,21
144883,East-West University,2019,0,0,2,0,79,82,3,14,0,0,3,1,0,1,0,0,1,4
144892,Eastern Illinois University,2019,0,2,3,2,139,152,33,58,1,0,166,274,20,24,18,7,9,5
144962,Elmhurst University,2019,2,0,12,29,16,33,57,96,0,1,104,146,3,3,1,1,11,6
144971,Eureka College,2019,0,1,0,0,10,1,4,0,1,0,46,32,3,1,5,2,2,0
145336,Governors State University,2019,0,0,0,1,48,97,11,15,0,0,18,18,5,10,4,4,0,0
145372,Greenville University,2019,0,0,0,0,24,4,8,6,1,0,74,67,11,1,1,1,24,4
145497,Hebrew Theological College,2019,0,0,0,0,0,0,0,0,0,0,1,6,0,0,0,0,0,0
145600,University of Illinois Chicago,2019,2,0,446,514,116,228,748,1056,0,0,433,422,59,66,20,15,147,109
145619,Benedictine University,2019,2,7,23,35,33,6,29,36,0,1,73,60,0,0,18,13,6,2
145637,University of Illinois Urbana-Champaign,2019,0,2,937,676,200,320,509,634,1,2,1590,1495,131,118,51,34,665,295
145646,Illinois Wesleyan University,2019,0,0,16,20,11,10,7,6,1,0,152,157,4,1,4,3,8,9
145691,Illinois College,2019,0,0,1,0,15,26,10,21,0,0,116,115,6,6,0,0,4,3
145725,Illinois Institute of Technology,2019,1,0,60,31,22,12,86,37,1,0,163,64,13,9,8,2,51,23
145813,Illinois State University,2019,0,9,50,53,187,243,213,309,4,1,1081,1512,57,90,4,2,10,10
146339,Judson University,2019,0,0,2,1,30,4,23,23,1,0,36,36,3,0,9,4,7,1
146427,Knox College,2019,1,0,8,11,9,15,14,30,0,0,44,93,5,13,2,2,42,31
146481,Lake Forest College,2019,0,1,5,8,13,5,20,49,1,0,90,107,9,8,6,4,23,28
146612,Lewis University,2019,0,1,8,17,23,28,64,86,1,0,201,174,9,5,2,4,14,1
146667,Lincoln Christian University,2019,0,0,0,1,1,1,1,1,0,1,24,24,0,0,0,0,1,2
146719,Loyola University Chicago,2019,0,1,101,201,39,81,170,279,0,1,477,1066,41,99,6,10,32,26
147013,McKendree University,2019,0,0,0,1,27,11,10,8,0,0,100,97,7,10,22,16,16,7
147129,Methodist College,2019,0,0,0,1,0,0,0,0,0,0,0,9,0,0,0,0,0,0
147244,Millikin University,2019,0,0,5,5,64,10,8,6,0,0,153,178,0,1,22,14,8,12
147341,Monmouth College,2019,0,0,0,1,17,7,15,21,0,0,85,80,5,1,6,6,6,5
147369,Moody Bible Institute,2019,1,0,3,2,3,3,9,6,0,0,35,56,3,3,8,19,10,15
147536,National Louis University,2019,0,1,5,6,39,69,185,274,0,0,10,13,4,6,17,27,0,1
147660,North Central College,2019,0,0,6,16,21,9,49,39,0,1,178,185,8,8,8,11,13,5
147679,North Park University,2019,0,0,15,22,23,18,47,77,0,0,48,86,5,9,3,6,5,7
147703,Northern Illinois University,2019,0,1,42,36,244,368,173,201,0,1,373,352,34,40,1,2,7,2
147767,Northwestern University,2019,1,1,208,200,49,64,136,123,0,1,410,427,65,79,12,9,111,110
147776,Northeastern Illinois University,2019,0,0,22,13,36,56,83,124,1,0,25,32,2,2,19,14,3,0
147828,Olivet Nazarene University,2019,1,0,4,15,41,38,32,50,0,0,211,266,12,19,0,1,5,1
148016,Principia College,2019,0,0,0,1,0,0,3,1,1,0,17,30,1,2,0,0,6,4
148131,Quincy University,2019,0,1,0,3,36,8,8,6,0,0,63,68,0,0,8,6,7,1
148405,Rockford University,2019,0,0,1,2,22,3,23,19,0,0,34,45,5,2,3,1,6,4
148487,Roosevelt University,2019,0,0,1,3,13,23,34,52,0,1,50,93,1,10,3,2,8,8
148496,Dominican University,2019,0,0,2,5,5,10,99,198,0,0,34,51,1,3,4,7,0,0
148584,University of St Francis,2019,0,0,4,5,11,7,27,46,0,0,54,63,6,5,1,1,2,3
148627,Saint Xavier University,2019,0,0,8,9,34,52,120,207,1,0,93,122,5,7,7,3,0,0
148654,University of Illinois Springfield,2019,0,0,4,2,33,50,26,40,0,0,81,104,6,9,2,2,10,0
148876,St. Augustine College,2019,0,0,3,1,0,4,19,61,0,0,9,21,0,0,0,1,0,0
149028,Saint Anthony College of Nursing,2019,0,0,0,0,0,0,0,0,0,0,1,0,0,0,0,0,0,0
149222,Southern Illinois University-Carbondale,2019,4,1,9,10,54,69,41,46,0,2,374,356,10,18,0,1,22,2
149231,Southern Illinois University-Edwardsville,2019,0,0,19,18,100,154,44,56,0,0,504,630,34,45,14,3,17,7
149505,Trinity Christian College,2019,0,1,3,1,5,6,8,13,1,1,40,73,0,0,0,0,4,4
149514,Trinity International University-Illinois,2019,0,0,0,2,11,0,11,2,0,0,36,34,2,1,1,0,2,0
149639,VanderCook College of Music,2019,0,0,0,0,0,1,7,1,0,0,6,2,0,1,0,0,0,0
149772,Western Illinois University,2019,1,1,4,6,87,135,53,69,0,0,225,242,6,14,13,22,3,3
149781,Wheaton College,2019,0,0,29,38,11,5,25,27,1,0,196,215,19,21,2,1,9,15
150066,Anderson University,2019,0,0,0,2,9,9,10,11,0,0,135,130,8,13,1,1,0,1
150136,Ball State University,2019,0,0,23,42,121,244,128,185,1,1,1161,1878,79,120,23,28,4,5
150145,Bethel University,2019,1,0,4,2,12,10,11,26,0,0,76,133,7,6,3,4,8,0
150163,Butler University,2019,1,2,14,21,27,23,32,47,0,0,359,543,10,22,1,6,4,4
150172,Calumet College of Saint Joseph,2019,0,0,2,1,23,15,24,22,1,0,19,21,0,4,0,0,0,0
150400,DePauw University,2019,1,0,6,8,11,16,16,21,0,0,141,117,7,2,4,0,40,33
150455,Earlham College,2019,0,0,0,2,5,9,6,9,0,0,32,56,7,6,1,2,15,21
150534,University of Evansville,2019,0,0,1,9,8,5,9,14,0,0,139,223,9,9,1,1,9,8
150604,Franklin College,2019,0,0,0,3,5,4,9,5,0,0,99,131,4,4,3,0,1,2
150668,Goshen College,2019,0,0,2,2,1,3,11,28,0,1,39,54,0,3,7,5,1,3
150677,Grace College and Theological Seminary,2019,0,0,2,4,7,7,15,20,0,0,103,184,2,6,5,1,2,5
150756,Hanover College,2019,0,1,0,1,10,3,2,5,0,0,97,132,3,9,14,5,5,2
150774,Holy Cross College,2019,0,0,4,0,5,3,21,21,0,0,71,51,3,4,1,0,3,0
150941,Huntington University,2019,0,1,4,0,6,5,2,6,0,0,71,105,6,3,0,0,5,1
151102,Purdue University Fort Wayne,2019,0,2,33,28,59,88,82,77,1,0,539,536,33,46,1,0,15,3
151111,Indiana University-Indianapolis,2019,0,3,94,113,122,222,193,363,1,0,1160,1604,75,156,4,4,38,26
151263,University of Indianapolis,2019,0,0,11,19,47,78,42,75,0,0,275,494,19,21,8,25,25,24
151290,Indiana Institute of Technology,2019,1,0,10,5,44,53,21,17,1,0,142,80,7,11,7,4,20,2
151306,University of Southern Indiana,2019,0,0,10,11,26,47,26,44,1,0,469,857,22,41,1,2,3,3
151324,Indiana State University,2019,4,5,10,15,178,276,45,66,0,0,506,652,34,63,2,3,11,10
151333,Indiana University-Kokomo,2019,1,1,1,3,5,9,20,34,0,0,189,330,10,10,4,4,1,4
151342,Indiana University-South Bend,2019,0,1,6,5,20,30,64,110,0,1,179,313,21,32,3,3,4,5
151351,Indiana University-Bloomington,2019,1,3,356,288,125,208,333,361,0,1,2835,2823,182,234,18,12,308,180
151360,Indiana University-Northwest,2019,0,0,7,7,19,58,45,150,0,0,109,196,21,21,0,1,0,0
151379,Indiana University-Southeast,2019,0,2,5,9,31,44,17,38,0,0,239,453,12,25,1,2,1,2
151388,Indiana University-East,2019,0,0,2,1,6,12,12,10,0,0,101,239,8,15,3,8,0,0
151777,Manchester University,2019,2,1,1,2,30,13,17,23,0,0,85,128,9,11,7,0,1,2
151786,Marian University,2019,0,0,4,7,22,20,18,31,0,1,112,136,9,12,4,2,4,2
151801,Indiana Wesleyan University-Marion,2019,0,1,3,8,14,16,9,23,1,0,199,353,10,17,2,3,6,5
151810,Martin University,2019,0,0,0,0,2,4,0,0,0,0,0,2,0,0,1,1,0,0
151962,Mid-America College of Funeral Service,2019,0,0,0,0,1,1,0,1,0,0,14,18,0,0,0,0,0,0
152080,University of Notre Dame,2019,3,1,45,55,30,36,136,149,4,1,692,606,58,71,24,15,69,56
152099,Oakland City University,2019,1,1,0,1,6,5,4,8,0,0,25,31,3,8,10,6,2,1
152318,Rose-Hulman Institute of Technology,2019,2,0,23,8,23,4,12,13,0,0,255,75,13,12,13,3,35,5
152336,University of Saint Francis-Fort Wayne,2019,0,0,1,8,27,15,18,31,0,0,99,160,5,11,3,3,4,2
152381,Saint Mary-of-the-Woods College,2019,0,0,0,1,2,9,7,0,0,0,23,82,4,13,0,2,0,0
152390,Saint Mary's College,2019,0,1,0,7,0,8,0,70,0,0,0,271,0,21,0,1,0,2
152530,Taylor University,2019,0,2,3,6,7,6,10,15,0,1,196,217,6,7,0,0,7,7
152567,Trine University,2019,0,1,8,3,26,9,23,11,0,0,317,178,17,5,4,2,11,3
152600,Valparaiso University,2019,0,2,8,9,20,22,26,53,0,0,212,247,7,11,5,3,18,3
152637,Vincennes University,2019,0,5,2,3,71,74,114,104,1,1,591,409,21,21,10,9,4,10
152673,Wabash College,2019,0,0,1,0,8,0,28,0,0,0,171,0,10,0,4,0,7,0
152992,Briar Cliff University,2019,0,0,1,3,8,1,13,14,1,0,37,47,6,0,0,0,5,0
153001,Buena Vista University,2019,1,2,1,1,5,0,25,10,0,0,79,84,11,5,3,3,0,0
153108,Central College,2019,1,0,0,0,14,5,23,11,1,0,137,124,8,6,5,2,0,0
153126,Clarke University,2019,0,0,2,0,9,4,11,6,0,0,39,46,4,4,3,5,1,0
153144,Coe College,2019,0,2,6,7,9,16,21,31,0,0,133,123,1,7,9,12,1,1
153162,Cornell College,2019,1,0,6,5,10,4,10,13,1,0,113,90,2,2,3,2,6,2
153250,Dordt University,2019,0,0,1,0,5,0,10,3,0,0,181,147,4,2,0,0,21,13
153269,Drake University,2019,0,0,15,24,19,35,17,39,0,0,222,366,13,14,0,1,9,5
153278,University of Dubuque,2019,0,0,5,2,50,19,19,13,1,1,111,100,11,3,11,3,35,0
153302,Emmaus Bible College,2019,0,0,1,1,2,2,4,2,0,0,13,25,0,2,0,0,0,0
153320,Faith Baptist Bible College and Theological Seminary,2019,0,0,2,1,0,0,0,0,0,0,33,40,2,1,0,0,1,2
153366,Graceland University-Lamoni,2019,0,1,1,2,16,5,15,17,3,0,45,68,3,4,3,0,6,4
153375,Grand View University,2019,1,0,4,6,27,8,12,19,1,0,97,107,8,10,10,11,9,0
153384,Grinnell College,2019,0,0,12,18,8,10,15,22,0,0,131,110,8,10,8,16,51,40
153427,Orion Technical College,2019,0,0,0,0,2,5,1,5,0,0,1,18,0,1,0,0,0,0
153603,Iowa State University,2019,4,5,121,82,64,65,181,197,2,1,2350,1960,90,80,112,61,66,35
153658,University of Iowa,2019,6,8,89,113,50,85,193,243,3,3,1563,2156,77,107,63,58,57,51
153825,Loras College,2019,0,0,2,2,11,3,24,12,1,0,135,115,4,2,8,1,4,2
153834,Luther College,2019,1,0,6,10,16,6,14,14,5,0,174,228,3,6,2,2,26,14
153861,Maharishi International University,2019,0,0,0,1,0,1,1,2,0,0,1,6,0,1,0,1,0,1
153977,Mercy College of Health Sciences,2019,0,0,0,3,0,3,0,4,0,0,5,30,0,1,0,1,0,0
154004,Morningside University,2019,2,1,2,2,12,1,11,17,0,0,132,127,7,7,18,8,15,5
154013,Mount Mercy University,2019,0,2,3,1,4,17,2,2,1,0,47,115,2,6,5,4,5,1
154022,Ashford University,2019,1,3,2,4,31,128,17,73,2,2,60,213,5,16,0,10,0,0
154095,University of Northern Iowa,2019,0,0,6,11,11,13,17,42,1,1,443,844,15,22,10,9,5,3
154101,Northwestern College,2019,0,0,1,3,5,1,13,6,0,0,114,128,3,5,7,1,4,2
154235,Saint Ambrose University,2019,0,0,4,4,24,2,21,25,0,0,157,204,12,4,4,6,6,2
154262,St Luke's College,2019,0,1,0,0,0,0,0,0,0,0,0,3,0,0,0,0,0,0
154350,Simpson College,2019,0,2,3,3,5,6,13,9,0,0,98,132,8,4,2,2,1,4
154493,Upper Iowa University,2019,0,0,2,1,17,7,12,3,0,0,87,64,5,0,3,0,3,0
154518,Waldorf University,2019,0,0,0,0,0,0,0,0,0,0,1,0,0,0,91,64,6,4
154527,Wartburg College,2019,0,0,2,2,8,7,14,5,1,1,133,182,4,6,1,5,11,15
154590,William Penn University,2019,1,1,0,3,66,25,17,11,0,0,96,76,16,8,18,7,12,6
154688,Baker University,2019,2,1,1,4,4,4,12,15,1,1,86,89,6,12,1,1,4,0
154712,Benedictine College,2019,3,1,3,3,13,2,28,32,1,0,185,214,15,9,8,3,3,1
154721,Bethany College,2019,3,0,2,1,37,11,28,15,1,0,62,71,12,2,0,0,0,0
154749,Bethel College-North Newton,2019,1,2,1,0,27,2,9,15,0,0,47,31,3,2,0,0,14,1
154855,Central Christian College of Kansas,2019,2,0,0,0,6,4,6,6,0,0,22,23,1,2,8,5,1,1
155007,Donnelly College,2019,0,0,0,2,0,0,16,22,0,0,1,1,0,1,0,1,0,0
155025,Emporia State University,2019,1,2,3,4,17,10,19,31,0,2,158,324,30,48,2,13,6,5
155061,Fort Hays State University,2019,1,3,0,2,7,8,48,70,1,1,317,425,18,26,1,0,6,2
155070,Barclay College,2019,0,0,0,0,3,4,4,1,0,0,7,8,0,1,0,1,0,0
155089,Friends University,2019,2,0,0,0,9,4,12,7,1,0,41,59,17,15,1,3,4,1
155140,Haskell Indian Nations University,2019,68,110,0,0,0,0,0,0,0,0,0,0,0,0,0,0,0,0
155177,Hesston College,2019,0,1,0,3,5,5,8,10,0,0,39,31,0,0,0,0,15,11
155283,Concorde Career College-Kansas City,2019,0,1,0,0,1,26,0,10,0,1,1,10,0,0,0,57,0,0
155308,Kansas Christian College,2019,0,0,3,0,18,3,6,0,0,0,9,1,3,0,1,0,3,2
155317,University of Kansas,2019,8,13,106,119,79,81,148,204,2,3,1386,1546,90,130,8,9,73,53
155335,Newman University,2019,1,0,5,9,6,5,8,24,2,0,40,60,1,7,3,4,4,3
155399,Kansas State University,2019,5,14,28,35,48,33,103,111,2,3,1276,1311,66,57,10,16,29,17
155414,Kansas Wesleyan University,2019,0,1,0,0,11,4,8,5,0,0,62,45,1,3,0,0,0,1
155496,Manhattan Christian College,2019,0,0,0,0,2,0,2,0,0,0,16,14,0,1,0,0,0,0
155511,McPherson College,2019,3,0,1,0,22,0,42,17,0,0,89,28,13,7,1,1,1,0
155520,MidAmerica Nazarene University,2019,1,1,0,1,21,9,1,2,0,0,63,58,4,2,10,9,7,2
155627,Ottawa University-Ottawa,2019,1,0,2,1,16,4,12,7,0,0,86,39,0,0,11,3,0,0
155681,Pittsburg State University,2019,5,5,2,3,25,15,29,36,0,0,344,342,24,33,1,0,0,2
155812,University of Saint Mary,2019,1,1,0,1,9,6,12,14,0,1,41,52,3,5,0,3,0,0
155900,Southwestern College,2019,1,1,0,1,19,10,14,5,0,0,31,20,2,2,32,17,3,2
155937,Sterling College,2019,1,1,2,0,19,2,12,6,0,0,43,33,9,2,0,1,7,1
155973,Tabor College,2019,2,4,0,0,27,3,10,5,0,0,40,23,5,3,0,1,4,1
156082,Washburn University,2019,1,0,4,7,26,28,24,54,1,0,186,300,14,27,6,9,14,14
156125,Wichita State University,2019,3,3,53,59,44,59,106,144,0,1,479,499,31,72,12,18,31,17
156189,Alice Lloyd College,2019,0,0,0,0,8,4,2,1,0,0,85,94,0,0,1,4,0,0
156213,Asbury University,2019,1,2,4,1,8,9,6,8,0,0,94,136,0,1,2,3,10,5
156286,Bellarmine University,2019,1,1,2,7,9,24,18,25,0,1,174,321,6,17,3,2,3,2
156295,Berea College,2019,0,0,7,3,24,46,23,30,0,1,98,112,17,21,1,0,17,13
156356,Brescia University,2019,0,1,1,1,8,7,7,2,0,0,36,69,0,0,8,9,0,1
156365,Campbellsville University,2019,0,1,4,3,61,45,13,15,0,1,170,250,4,3,7,5,38,19
156408,Centre College,2019,0,0,7,8,16,8,11,12,0,0,126,119,13,7,2,3,8,15
156417,Clear Creek Baptist Bible College,2019,0,0,0,0,0,0,0,0,0,0,12,4,1,0,0,0,0,0
156471,Galen College of Nursing-Louisville,2019,0,0,0,0,2,6,0,3,0,0,6,21,0,2,0,1,0,0
156541,University of the Cumberlands,2019,0,0,0,1,0,0,0,1,0,0,15,18,0,0,366,340,0,0
156620,Eastern Kentucky University,2019,3,2,12,15,87,80,43,56,1,0,760,1117,38,49,9,8,10,7
156745,Georgetown College,2019,1,0,0,1,22,12,4,8,0,0,94,143,13,8,0,2,6,0
157030,Kentucky Mountain Bible College,2019,0,0,0,0,0,0,1,0,0,0,3,9,0,0,0,0,1,0
157058,Kentucky State University,2019,0,0,1,4,148,203,4,6,0,0,14,16,7,4,6,7,1,0
157076,Kentucky Wesleyan College,2019,0,0,0,2,29,7,6,4,0,0,81,96,2,4,6,7,0,0
157085,University of Kentucky,2019,6,8,74,75,158,212,155,190,0,3,1663,2323,99,159,61,56,24,27
157100,Kentucky Christian University,2019,2,0,0,0,50,3,8,3,0,0,80,57,4,1,1,2,4,0
157216,Lindsey Wilson College,2019,1,0,1,0,45,13,0,1,0,0,148,237,11,3,20,39,0,0
157289,University of Louisville,2019,1,1,66,71,132,186,77,74,0,0,844,887,75,102,1,0,9,14
157377,Midway University,2019,0,0,0,0,7,6,8,7,0,0,63,100,2,4,12,9,0,0
157386,Morehead State University,2019,0,0,2,3,24,26,12,10,0,0,441,714,17,38,1,12,3,4
157401,Murray State University,2019,2,6,5,4,46,47,16,23,0,1,411,747,11,30,18,25,7,14
157447,Northern Kentucky University,2019,0,2,9,16,51,95,40,51,0,0,656,857,28,48,5,5,29,17
157535,University of Pikeville,2019,3,0,0,1,46,6,1,1,1,0,134,134,0,0,0,0,0,0
157748,The Southern Baptist Theological Seminary,2019,0,1,0,1,2,0,1,2,0,0,60,54,0,0,0,2,4,3
157757,Spalding University,2019,0,0,0,2,16,5,7,7,0,1,36,53,0,2,4,2,0,0
157793,Sullivan University,2019,1,0,2,0,20,37,0,0,0,0,41,94,4,12,22,24,0,0
157809,Thomas More University,2019,1,0,0,1,28,3,9,5,1,0,150,135,9,5,4,5,8,2
157818,Transylvania University,2019,1,0,4,7,7,11,8,10,0,0,86,119,2,10,1,2,0,0
157863,Union College,2019,1,1,0,0,26,1,3,3,0,0,44,62,11,3,0,0,14,2
157951,Western Kentucky University,2019,2,1,19,42,104,206,46,84,1,0,763,1263,49,72,6,6,11,5
158477,Centenary College of Louisiana,2019,0,1,2,2,15,15,8,8,0,0,41,71,3,4,1,1,0,0
158802,Dillard University,2019,0,0,0,0,47,159,1,3,0,0,0,0,3,5,23,72,0,0
159009,Grambling State University,2019,1,2,1,1,313,514,3,2,0,0,1,2,0,0,1,9,4,1
159382,Louisiana State University-Alexandria,2019,22,20,2,2,32,54,1,5,0,0,98,163,6,5,2,2,2,4
159391,Louisiana State University and Agricultural & Mechanical College,2019,5,9,138,150,373,512,219,279,1,2,1940,2139,96,133,33,32,37,28
159416,Louisiana State University-Shreveport,2019,0,2,3,3,18,33,5,10,0,1,92,103,7,13,13,19,5,4
159568,Louisiana Christian University,2019,1,2,0,1,59,18,1,2,0,0,81,81,1,3,0,0,0,0
159647,Louisiana Tech University,2019,1,7,14,8,116,115,46,37,4,1,839,668,35,31,62,33,8,19
159656,Loyola University New Orleans,2019,0,4,6,16,42,125,61,112,0,0,124,239,14,40,4,6,14,15
159717,McNeese State University,2019,0,0,8,7,77,111,24,24,0,1,353,505,17,27,2,3,26,17
159939,University of New Orleans,2019,0,3,42,38,100,123,54,66,0,0,206,191,27,16,22,20,10,8
159948,New Orleans Baptist Theological Seminary,2019,0,0,0,0,1,0,1,1,0,0,10,2,0,0,1,0,0,2
159966,Nicholls State University,2019,10,19,5,10,91,148,14,41,0,1,266,551,13,28,5,4,13,17
159993,University of Louisiana at Monroe,2019,2,1,7,9,90,177,13,23,0,0,236,438,10,31,17,29,19,21
160038,Northwestern State University of Louisiana,2019,6,15,3,10,143,306,55,70,1,1,216,506,21,67,2,4,6,7
160065,University of Holy Cross,2019,0,1,1,1,1,17,2,9,0,0,3,18,2,3,0,3,0,0
160074,Franciscan Missionaries of Our Lady University,2019,0,1,0,2,0,10,0,0,0,0,4,54,0,0,0,0,0,0
160409,Saint Joseph Seminary College,2019,0,0,0,0,0,0,4,0,0,0,17,0,0,0,4,0,1,0
160612,Southeastern Louisiana University,2019,2,5,4,6,151,244,47,79,0,1,564,796,28,49,3,6,12,10
160621,Southern University and A & M College,2019,0,2,0,0,435,801,4,4,0,0,5,8,14,20,4,4,3,1
160630,Southern University at New Orleans,2019,1,0,0,0,64,114,1,2,1,0,0,0,0,0,11,10,1,4
160658,University of Louisiana at Lafayette,2019,5,5,36,35,231,348,59,61,1,1,681,873,43,59,34,39,11,6
160755,Tulane University of Louisiana,2019,0,2,45,66,38,54,55,74,0,0,494,772,35,69,7,10,48,52
160904,Xavier University of Louisiana,2019,0,0,7,13,129,585,6,28,0,0,5,12,7,26,0,0,3,7
160959,College of the Atlantic,2019,0,0,0,2,2,1,0,7,0,0,16,46,1,2,3,0,9,16
160977,Bates College,2019,0,2,14,19,13,19,15,21,1,0,147,170,18,17,2,0,21,20
161004,Bowdoin College,2019,0,1,16,17,13,20,32,32,0,1,152,133,16,28,0,0,18,19
161022,Maine College of Health Professions,2019,0,0,0,0,0,0,0,0,0,0,1,9,0,0,0,0,0,0
161086,Colby College,2019,2,0,12,36,9,22,27,24,0,0,148,149,10,14,6,8,27,28
161217,University of Maine at Augusta,2019,1,3,0,0,3,3,4,2,0,0,64,136,6,10,5,6,2,0
161226,University of Maine at Farmington,2019,1,3,3,0,5,6,2,8,1,1,91,244,5,7,3,3,0,0
161235,University of Maine at Fort Kent,2019,2,0,1,0,5,1,2,2,0,0,36,63,3,5,0,2,4,0
161253,University of Maine,2019,11,9,22,22,33,9,48,45,1,0,985,777,35,49,17,9,20,14
161299,Maine Maritime Academy,2019,3,0,8,0,6,0,6,2,0,0,193,34,0,0,2,4,3,1
161341,University of Maine at Presque Isle,2019,1,1,0,0,1,0,7,4,0,0,53,83,1,2,1,3,11,2
161457,University of New England,2019,1,1,9,17,10,8,0,1,0,0,189,432,9,13,7,13,0,0
161509,Maine College of Art & Design,2019,0,1,0,7,3,3,2,7,0,0,26,59,1,3,0,6,0,0
161518,Saint Joseph's College of Maine,2019,0,0,0,0,0,0,0,0,0,0,0,0,0,0,82,128,0,0
161554,University of Southern Maine,2019,2,2,8,20,29,32,17,17,0,0,298,388,9,26,10,10,1,1
161563,Thomas College,2019,0,0,2,0,4,4,1,5,0,0,86,97,1,1,8,4,2,0
161572,Unity Environmental University,2019,1,0,0,3,0,1,1,0,1,0,76,71,1,4,11,13,0,1
161873,University of Baltimore,2019,0,0,0,0,13,7,2,5,0,0,4,5,2,0,2,0,0,0
162007,Bowie State University,2019,1,0,7,5,279,390,9,28,0,0,2,5,18,25,16,14,2,0
162061,Capitol Technology University,2019,0,0,3,0,10,7,6,4,0,0,22,2,2,0,14,6,0,0
162210,Washington Adventist University,2019,0,0,2,5,27,27,14,28,0,0,1,4,1,2,3,5,5,4
162283,Coppin State University,2019,0,2,0,0,105,267,8,14,0,0,4,2,4,12,2,2,4,2
162584,Frostburg State University,2019,1,2,6,6,156,127,22,21,0,0,173,163,27,27,0,1,6,1
162654,Goucher College,2019,0,0,6,9,30,41,15,28,0,0,59,114,8,11,6,5,5,1
162760,Hood College,2019,0,0,2,13,13,60,19,25,0,0,69,97,4,10,1,2,3,2
162928,Johns Hopkins University,2019,1,1,193,211,44,77,133,127,1,0,163,177,49,62,8,16,113,99
163046,Loyola University Maryland,2019,0,0,12,22,28,46,68,80,0,0,351,423,19,21,1,0,5,5
163204,University of Maryland Global Campus,2019,0,1,7,7,14,18,13,18,1,3,28,28,10,12,3,6,1,2
163268,University of Maryland-Baltimore County,2019,0,0,220,212,167,140,64,52,2,1,421,237,60,46,12,5,30,23
163286,University of Maryland-College Park,2019,1,1,606,543,232,305,183,210,0,1,1303,1348,120,133,122,115,57,46
163295,Maryland Institute College of Art,2019,0,0,6,26,5,19,8,28,0,0,27,120,7,23,0,5,34,96
163338,University of Maryland Eastern Shore,2019,0,2,7,1,53,81,9,14,0,0,27,12,1,0,137,156,4,4
163453,Morgan State University,2019,2,1,1,2,448,751,34,45,2,0,4,7,12,40,1,2,9,3
163462,Mount St. Mary's University,2019,2,1,7,13,54,47,36,35,1,2,139,125,14,17,5,5,6,4
163532,Ner Israel Rabbinical College,2019,0,0,0,0,0,0,0,0,0,0,27,0,0,0,0,0,4,0
163578,Notre Dame of Maryland University,2019,0,0,0,5,0,33,0,17,0,0,0,18,0,5,0,6,0,2
163851,Salisbury University,2019,8,12,30,50,84,98,38,50,0,2,463,574,6,9,26,12,1,4
163912,St. Mary's College of Maryland,2019,1,0,6,11,20,21,9,16,0,0,79,132,7,13,1,1,1,2
163976,St. John's College,2019,0,0,2,2,1,1,4,5,0,0,47,44,3,2,0,0,8,8
164076,Towson University,2019,0,0,80,117,264,450,85,161,0,0,549,858,53,113,13,19,12,15
164155,United States Naval Academy,2019,0,1,63,31,65,20,101,50,2,1,514,171,105,32,8,2,13,2
164173,Stevenson University,2019,1,0,12,22,72,121,25,37,0,0,148,203,14,16,8,10,2,3
164216,Washington College,2019,1,1,3,9,6,33,10,16,0,0,76,129,0,0,24,9,4,4
164270,McDaniel College,2019,0,1,5,9,97,90,25,17,0,0,138,142,10,12,4,12,5,8
164368,Hult International Business School,2019,0,0,1,0,4,1,5,1,0,1,5,4,3,2,7,2,111,45
164447,American International College,2019,0,1,1,2,45,55,33,60,0,0,43,60,10,12,18,22,10,6
164465,Amherst College,2019,1,1,28,38,24,25,32,34,2,0,90,96,16,11,10,9,27,26
164492,Anna Maria College,2019,0,0,1,0,43,11,15,23,0,0,69,80,2,1,2,3,9,10
164562,Assumption University,2019,0,0,3,8,24,10,22,24,0,0,173,257,9,10,10,12,1,0
164580,Babson College,2019,0,0,29,34,10,19,37,32,0,0,131,84,11,5,17,19,99,73
164614,Boston Baptist College,2019,0,0,0,0,0,0,0,0,0,0,8,3,0,0,0,0,0,0
164632,Bay Path University,2019,0,0,0,4,0,19,0,34,0,0,0,53,0,2,0,12,0,1
164739,Bentley University,2019,0,0,38,48,24,15,51,40,1,0,339,210,14,10,11,4,71,67
164748,Berklee College of Music,2019,0,2,37,29,41,33,60,70,2,1,306,203,33,32,11,15,192,186
164872,Boston Architectural College,2019,0,0,0,0,1,1,3,2,0,0,3,4,0,1,0,1,0,4
164924,Boston College,2019,0,1,113,137,42,53,117,149,0,1,614,678,47,62,59,54,84,86
164988,Boston University,2019,0,0,238,334,46,99,168,218,1,0,383,596,50,118,63,74,357,411
165015,Brandeis University,2019,1,0,48,89,16,33,19,52,0,0,172,210,16,18,4,11,64,110
165024,Bridgewater State University,2019,0,1,10,16,79,111,63,99,1,0,461,640,28,40,13,12,1,0
165167,Cambridge College,2019,0,0,0,0,0,0,0,0,0,0,0,0,0,0,0,0,0,1
165334,Clark University,2019,0,0,16,41,10,17,27,44,0,1,155,249,9,11,8,15,29,33
165529,Curry College,2019,2,0,7,9,36,43,28,33,0,2,143,213,12,8,18,16,4,1
165574,Dean College,2019,0,1,3,6,52,33,30,17,0,0,103,124,5,22,5,5,15,14
165644,Eastern Nazarene College,2019,0,0,3,2,10,7,10,14,0,0,29,32,4,1,2,1,12,4
165662,Emerson College,2019,0,0,17,33,11,28,34,63,0,0,204,330,14,31,3,11,41,120
165671,Emmanuel College,2019,0,1,6,24,8,28,16,56,0,2,93,304,5,11,7,15,1,5
165699,Endicott College,2019,0,0,4,11,4,4,17,14,0,0,250,465,12,13,18,24,6,4
165802,Fisher College,2019,1,0,0,4,14,26,26,27,0,0,14,19,3,3,5,4,22,6
165820,Fitchburg State University,2019,1,1,16,10,36,43,41,52,0,0,208,231,9,16,4,1,1,1
165866,Framingham State University,2019,0,0,14,4,76,65,65,92,0,0,182,241,12,16,2,3,0,0
165884,Benjamin Franklin Cummings Institute of Technology,2019,2,1,5,0,65,10,52,7,0,0,17,1,5,0,17,3,0,1
165936,Gordon College,2019,0,0,5,7,8,6,14,24,1,1,99,146,4,7,2,1,12,18
166018,Hampshire College,2019,0,0,2,0,3,3,0,2,0,0,3,3,0,0,2,1,0,0
166027,Harvard University,2019,2,2,170,200,60,86,90,105,0,1,307,254,68,59,9,19,124,90
166054,Hellenic College-Holy Cross Greek Orthodox School of Theology,2019,0,0,0,0,0,0,0,0,0,0,7,3,0,0,3,0,0,0
166124,College of the Holy Cross,2019,0,0,13,30,19,25,37,82,0,0,257,274,10,17,16,16,15,18
166391,Lasell University,2019,0,0,7,13,18,29,19,38,0,0,105,190,3,9,4,9,4,5
166452,Lesley University,2019,0,1,5,14,8,16,9,44,0,0,43,136,4,12,1,15,4,6
166513,University of Massachusetts-Lowell,2019,0,1,180,139,63,102,162,141,1,0,864,456,45,31,96,31,28,12
166629,University of Massachusetts-Amherst,2019,2,4,334,349,122,163,227,257,2,2,1703,1742,106,103,87,75,277,176
166638,University of Massachusetts-Boston,2019,2,0,144,181,94,219,158,254,0,1,297,404,23,50,36,50,108,60
166656,MCPHS University,2019,0,1,43,101,12,54,18,46,0,0,65,189,0,1,14,38,27,79
166674,Massachusetts College of Art and Design,2019,0,2,12,12,5,8,8,35,0,0,53,176,5,21,4,16,3,18
166683,Massachusetts Institute of Technology,2019,1,1,158,222,48,18,99,60,1,0,141,122,62,40,2,10,68,49
166692,Massachusetts Maritime Academy,2019,2,0,3,1,3,0,20,4,0,0,280,31,12,2,42,4,0,0
166850,Merrimack College,2019,1,1,10,16,35,12,35,55,0,0,398,519,18,18,12,24,17,7
166911,Montserrat College of Art,2019,0,0,0,0,0,1,3,6,0,0,2,8,0,0,17,67,0,0
166939,Mount Holyoke College,2019,0,0,0,29,0,26,0,45,0,0,0,226,0,24,0,4,0,142
167057,The New England Conservatory of Music,2019,0,0,6,9,2,0,2,0,0,0,24,16,3,2,1,1,24,27
167260,Nichols College,2019,2,0,3,0,21,3,24,16,1,0,170,79,11,4,0,2,4,2
167288,Massachusetts College of Liberal Arts,2019,0,1,0,2,13,24,23,23,0,0,73,106,3,5,5,7,0,0
167358,Northeastern University,2019,1,0,231,266,45,116,166,173,0,0,690,603,77,116,88,95,167,161
167394,College of Our Lady of the Elms,2019,0,2,2,3,4,8,8,24,0,0,22,81,1,6,4,13,0,0
167598,Regis College,2019,0,0,3,6,3,23,11,32,0,0,21,89,4,2,5,13,0,0
167729,Salem State University,2019,0,3,7,18,31,50,68,169,0,0,219,366,15,23,6,7,6,9
167783,Simmons University,2019,0,0,0,38,0,27,0,44,0,0,0,270,0,18,0,11,0,25
167792,Bard College at Simon's Rock,2019,0,0,3,9,6,4,2,6,0,0,24,53,1,3,9,12,9,8
167835,Smith College,2019,0,0,0,63,0,36,0,86,0,0,0,306,0,32,0,12,0,98
167899,Springfield College,2019,0,1,9,8,18,13,33,15,0,0,214,224,7,5,15,7,22,5
167987,University of Massachusetts-Dartmouth,2019,0,0,25,16,104,126,78,86,0,0,381,348,33,47,34,19,9,2
167996,Stonehill College,2019,0,1,4,18,15,9,14,22,0,0,203,313,8,7,15,11,6,6
168005,Suffolk University,2019,1,0,33,56,17,45,64,109,1,0,207,315,9,24,13,25,90,62
168148,Tufts University,2019,0,1,100,149,27,43,50,76,1,0,410,415,45,41,31,31,81,112
168218,Wellesley College,2019,0,0,0,153,0,40,0,71,0,0,0,207,0,52,0,8,0,81
168227,Wentworth Institute of Technology,2019,0,1,78,25,45,15,74,32,1,0,449,122,18,10,35,7,27,6
168254,Western New England University,2019,1,1,12,9,18,15,35,38,0,0,307,194,15,8,14,14,7,2
168263,Westfield State University,2019,1,1,12,17,23,18,52,62,1,0,353,439,16,19,14,11,0,0
168281,Wheaton College (Massachusetts),2019,0,0,8,10,16,20,23,26,0,0,122,176,10,13,2,3,8,14
168342,Williams College,2019,0,0,31,34,11,19,21,42,0,1,126,131,23,23,12,13,22,37
168421,Worcester Polytechnic Institute,2019,2,0,55,58,18,15,66,32,0,0,444,314,27,22,34,9,73,30
168430,Worcester State University,2019,0,3,28,20,22,42,40,80,0,0,189,389,12,22,5,19,3,4
168528,Adrian College,2019,1,3,1,1,33,16,9,10,0,0,188,181,12,12,48,25,0,0
168546,Albion College,2019,1,0,0,2,36,26,40,32,0,0,115,125,8,5,10,11,3,1
168591,Alma College,2019,1,1,4,1,4,8,9,14,0,0,140,173,8,7,1,5,5,3
168607,Alpena Community College,2019,5,0,1,1,2,2,5,1,0,0,119,105,0,0,3,2,0,0
168740,Andrews University,2019,0,1,20,21,24,24,16,28,1,1,39,47,14,8,2,2,15,16
168786,Aquinas College,2019,0,0,0,0,6,5,7,9,0,1,68,81,1,2,22,43,9,3
168847,Baker College,2019,0,2,1,2,5,25,18,19,0,0,101,264,10,19,1,4,0,0
169080,Calvin University,2019,0,0,13,20,8,16,10,21,1,0,264,309,14,11,1,0,52,38
169248,Central Michigan University,2019,5,7,9,21,115,183,52,86,0,0,710,1123,34,73,9,7,2,14
169327,Cleary University,2019,2,3,1,1,5,4,0,0,0,0,54,22,0,0,0,0,0,0
169363,Concordia University Ann Arbor,2019,1,0,3,0,23,5,0,0,0,0,77,86,8,7,5,2,6,0
169442,College for Creative Studies,2019,0,1,9,7,11,24,1,15,2,0,44,127,5,15,5,5,12,4
169479,Davenport University,2019,1,1,3,3,32,8,16,24,3,0,213,176,10,7,5,6,17,9
169716,University of Detroit Mercy,2019,0,1,16,21,21,35,16,25,0,0,97,213,8,9,5,19,14,14
169798,Eastern Michigan University,2019,2,3,25,32,163,270,67,103,1,0,440,690,19,42,68,135,35,28
169910,Ferris State University,2019,3,7,5,10,102,134,61,72,0,0,662,707,43,42,4,4,7,8
169983,Kettering University,2019,0,1,22,5,3,3,12,2,0,0,215,59,7,4,3,1,3,6
170000,Grace Christian University,2019,0,0,1,2,3,6,6,3,0,0,35,35,1,1,8,8,0,0
170037,Cornerstone University,2019,0,0,1,6,3,7,6,11,0,0,82,144,8,8,0,0,7,8
170082,Grand Valley State University,2019,5,10,35,52,66,83,99,158,1,3,1332,2152,64,122,2,0,24,9
170091,Great Lakes Christian College,2019,0,0,0,0,7,5,0,0,0,0,6,0,1,0,0,0,0,0
170240,Henry Ford College,2019,3,4,14,23,125,163,7,10,1,1,365,420,38,53,84,98,24,27
170286,Hillsdale College,2019,0,0,0,0,0,0,0,0,0,0,0,0,0,0,176,164,0,0
170301,Hope College,2019,0,1,5,12,9,9,21,37,0,0,222,368,7,17,2,1,7,7
170444,Jackson College,2019,2,3,3,0,48,95,8,25,1,0,97,135,10,10,14,10,0,0
170532,Kalamazoo College,2019,1,0,16,17,8,14,19,46,0,0,95,115,9,13,7,5,18,12
170639,Lake Superior State University,2019,7,11,1,0,7,2,2,6,0,0,116,138,0,0,8,8,5,4
170675,Lawrence Technological University,2019,0,0,8,6,36,9,9,1,0,0,171,78,7,1,10,3,11,4
170806,Madonna University,2019,0,1,1,5,30,10,5,9,0,0,73,102,8,6,3,7,1,4
170967,Rochester University,2019,1,1,2,0,13,21,3,0,0,0,33,50,1,3,0,0,7,1
170976,University of Michigan-Ann Arbor,2019,6,7,600,624,90,150,250,266,2,0,1803,2001,166,180,205,160,188,116
171100,Michigan State University,2019,4,9,310,288,212,395,231,281,1,2,2801,2966,135,180,71,99,410,243
171128,Michigan Technological University,2019,0,2,14,7,14,6,29,13,0,0,797,333,34,28,5,6,8,3
171137,University of Michigan-Dearborn,2019,2,0,63,33,34,40,45,32,0,0,357,269,39,26,4,3,14,17
171146,University of Michigan-Flint,2019,1,2,7,4,25,75,17,24,0,1,138,224,11,20,8,9,7,3
171456,Northern Michigan University,2019,6,8,7,9,30,13,37,40,0,0,575,770,32,44,1,3,7,7
171483,Northwestern Michigan College,2019,4,1,3,5,3,3,8,17,0,0,227,179,4,12,18,13,0,1
171492,Northwood University,2019,0,0,3,0,14,1,8,2,0,0,147,69,6,3,16,5,5,1
171571,Oakland University,2019,3,3,69,77,93,175,55,82,1,0,760,1058,37,73,50,58,15,24
171599,The University of Olivet,2019,1,0,0,0,71,18,15,9,1,0,112,90,12,6,2,1,0,0
171881,Kuyper College,2019,0,0,0,0,0,0,0,0,0,0,0,4,0,0,1,6,0,0
172033,Sacred Heart Major Seminary,2019,0,0,0,0,0,0,0,0,0,0,2,0,0,0,0,0,0,0
172051,Saginaw Valley State University,2019,4,1,4,7,51,69,31,51,0,1,400,735,22,38,14,7,14,9
172200,Schoolcraft Community College District,2019,2,0,10,15,20,30,17,21,0,0,203,166,9,4,18,17,8,9
172264,Siena Heights University,2019,1,1,1,1,28,17,6,17,0,0,102,107,13,12,1,2,11,6
172334,Spring Arbor University,2019,0,0,1,0,2,3,0,8,0,0,62,113,8,6,7,6,0,0
172644,Wayne State University,2019,3,5,184,230,134,233,79,120,3,2,658,964,54,99,24,49,14,18
172699,Western Michigan University,2019,3,5,30,20,120,131,98,109,0,2,1067,1016,63,81,10,16,76,46
172866,Academy College,2019,0,0,0,0,0,1,1,0,1,0,0,0,0,0,0,0,0,0
173045,Augsburg University,2019,0,3,33,52,54,108,44,63,0,0,103,108,15,27,5,8,6,7
173124,Bemidji State University,2019,4,9,2,0,9,3,13,14,1,0,254,268,11,12,3,2,8,4
173142,Bethany Lutheran College,2019,0,2,3,4,1,4,8,4,1,0,53,57,2,5,1,0,17,16
173160,Bethel University,2019,0,2,6,21,4,5,9,19,0,0,176,308,10,8,5,5,1,1
173258,Carleton College,2019,0,0,29,25,15,13,21,27,0,0,134,147,20,23,7,8,27,29
173300,Concordia College at Moorhead,2019,3,3,6,9,9,5,7,14,0,1,191,217,2,5,11,12,8,14
173328,Concordia University-Saint Paul,2019,0,0,13,42,26,42,7,25,0,0,65,88,9,12,5,4,5,6
173452,Martin Luther College,2019,0,0,1,2,2,0,1,2,0,0,66,86,1,3,0,0,2,2
173647,Gustavus Adolphus College,2019,0,0,13,16,9,11,16,19,1,0,197,308,10,20,4,2,11,5
173665,Hamline University,2019,0,2,23,44,19,47,21,37,0,0,108,185,15,29,7,4,2,4
173902,Macalester College,2019,1,2,11,16,8,23,15,29,1,0,133,153,16,22,1,3,31,37
173920,Minnesota State University-Mankato,2019,1,5,31,46,51,65,48,64,2,0,771,1006,32,52,7,3,48,28
174020,Metropolitan State University,2019,0,0,21,38,11,28,3,2,0,0,10,11,3,1,1,1,2,2
174066,University of Minnesota-Twin Cities,2019,2,12,357,389,96,161,105,158,2,1,1830,2260,132,158,77,70,264,185
174075,University of Minnesota-Crookston,2019,0,2,2,0,14,2,5,5,0,1,58,85,2,11,2,4,6,7
174127,Minneapolis College of Art and Design,2019,0,2,5,7,2,4,7,11,0,0,31,87,2,12,0,3,1,4
174154,Herzing University-Minneapolis,2019,0,0,0,0,0,2,0,1,0,0,0,3,0,1,0,0,0,0
174233,University of Minnesota-Duluth,2019,8,1,48,48,23,22,35,33,0,1,856,809,45,33,32,18,6,11
174251,University of Minnesota-Morris,2019,11,17,3,3,5,7,12,13,0,0,63,112,22,42,3,1,1,3
174358,Minnesota State University Moorhead,2019,3,7,3,9,9,10,12,16,0,0,252,402,15,23,2,1,10,5
174437,North Central University,2019,1,1,5,4,8,6,12,12,0,1,71,99,4,10,1,5,1,4
174491,University of Northwestern-St Paul,2019,0,0,4,9,6,8,9,10,0,0,138,185,11,7,2,3,5,3
174507,Northwestern Health Sciences University,2019,0,0,0,0,0,0,0,0,0,0,0,2,0,0,0,3,0,0
174525,Oak Hills Christian College,2019,0,0,0,0,0,1,0,0,0,1,7,4,0,0,0,0,0,0
174747,College of Saint Benedict,2019,0,4,0,20,0,19,0,44,0,0,0,338,0,0,0,0,0,13
174783,Saint Cloud State University,2019,0,1,53,51,45,52,29,37,1,0,384,431,14,29,2,1,42,28
174792,Saint Johns University,2019,6,0,15,0,16,0,34,0,1,0,326,0,0,0,0,0,16,0
174817,Saint Mary's University of Minnesota,2019,1,0,3,6,6,11,9,10,0,0,113,126,2,3,2,4,2,3
174844,St Olaf College,2019,0,0,15,36,10,16,32,24,0,0,229,313,15,28,0,0,35,53
174862,Crown College,2019,0,0,7,1,6,0,6,6,0,2,37,41,3,4,0,0,1,1
174899,The College of Saint Scholastica,2019,3,7,2,7,9,5,9,13,0,0,135,232,4,10,1,4,6,2
174914,University of St Thomas,2019,0,0,39,58,40,53,66,72,0,0,584,524,24,35,14,18,17,14
175005,St Catherine University,2019,0,0,0,54,0,33,0,45,0,1,0,171,0,14,0,8,0,4
175014,Rasmussen University-Minnesota,2019,0,0,1,2,8,11,4,7,0,0,6,31,2,3,4,35,0,0
175078,Southwest Minnesota State University,2019,1,0,5,4,12,8,9,9,1,0,94,123,6,8,3,1,2,5
175227,Dunwoody College of Technology,2019,3,1,8,0,19,2,10,1,0,1,157,28,6,1,6,1,1,0
175272,Winona State University,2019,4,1,16,42,10,15,23,60,0,0,337,967,15,35,4,1,8,4
175342,Alcorn State University,2019,0,0,0,0,165,332,0,1,0,3,3,4,0,0,0,0,3,1
175421,Belhaven University,2019,2,0,1,1,40,14,5,3,0,0,50,41,3,5,3,5,0,1
175430,Blue Mountain Christian University,2019,1,0,0,0,11,10,1,1,0,0,42,39,1,3,0,0,4,0
175616,Delta State University,2019,0,0,0,1,39,41,5,2,1,0,86,97,2,0,1,0,3,2
175856,Jackson State University,2019,2,0,0,2,286,446,5,11,0,0,6,3,2,9,0,0,7,8
175980,Millsaps College,2019,1,0,0,2,29,46,1,8,0,0,56,52,0,0,0,1,5,2
176017,University of Mississippi,2019,4,6,28,32,111,199,69,76,0,0,1101,1496,38,49,0,0,6,9
176035,Mississippi University for Women,2019,0,0,0,2,13,71,0,0,0,0,24,59,0,0,0,0,1,0
176044,Mississippi Valley State University,2019,0,0,0,1,129,143,2,1,0,0,3,4,1,2,11,13,0,0
176053,Mississippi College,2019,0,0,2,7,36,15,12,5,0,0,130,233,4,10,1,0,4,2
176080,Mississippi State University,2019,9,8,27,16,255,323,60,71,3,1,1251,1342,44,49,5,4,11,9
176318,Rust College,2019,0,0,0,0,71,106,1,0,0,0,0,0,0,0,11,8,0,1
176336,Southeastern Baptist College,2019,0,2,0,0,7,3,0,0,0,0,2,0,1,0,0,0,0,0
176372,University of Southern Mississippi,2019,1,1,5,10,173,465,23,53,1,1,357,637,39,41,0,0,14,16
176406,Tougaloo College,2019,0,0,0,0,46,79,0,0,0,0,0,0,0,0,0,0,0,0
176479,William Carey University,2019,0,0,2,1,13,21,3,2,0,0,48,87,0,0,1,1,14,13
176628,Avila University,2019,0,2,1,2,9,10,9,21,0,1,32,63,1,2,0,0,0,0
176664,Mission University,2019,0,0,0,0,2,0,0,0,0,0,22,18,2,0,0,0,0,0
176789,Calvary University,2019,0,0,0,0,4,0,1,5,0,1,11,20,1,2,0,2,0,0
176910,Central Christian College of the Bible,2019,0,0,0,0,4,4,2,0,0,0,18,14,4,1,0,0,0,0
176947,Central Methodist University-College of Liberal Arts and Sciences,2019,0,0,4,1,26,7,17,20,0,0,100,112,5,5,2,3,11,5
176965,University of Central Missouri,2019,1,1,4,5,57,69,31,46,0,1,430,498,27,39,3,4,6,5
177038,Cleveland University-Kansas City,2019,0,0,0,0,0,0,0,1,0,0,0,0,0,0,0,0,0,0
177065,Columbia College,2019,2,0,0,1,15,22,5,8,0,1,62,122,6,10,0,5,0,6
177083,Conception Seminary College,2019,0,0,1,0,0,0,0,0,0,0,3,0,0,0,0,0,0,0
177117,Cottey College,2019,0,2,0,1,0,3,0,8,0,0,0,68,0,3,0,0,0,7
177144,Culver-Stockton College,2019,0,0,4,0,35,5,21,4,2,0,80,78,12,5,0,0,8,0
177214,Drury University,2019,1,0,0,2,5,8,1,4,1,0,120,157,0,6,6,15,6,10
177339,Evangel University,2019,4,4,0,2,12,8,15,17,0,0,151,196,13,10,3,5,2,1
177418,Fontbonne University,2019,0,0,0,3,13,38,2,10,0,0,50,48,2,6,2,3,4,3
177542,Hannibal-LaGrange University,2019,0,0,0,0,0,3,2,2,0,0,40,56,0,0,0,1,19,1
177551,Harris-Stowe State University,2019,0,0,0,0,71,261,4,4,0,0,4,0,3,11,0,7,4,5
177746,Kansas City Art Institute,2019,0,1,0,5,7,8,5,18,0,0,25,92,5,14,0,2,0,1
177940,Lincoln University,2019,0,0,0,0,93,202,2,3,0,0,17,34,2,15,3,11,6,3
177968,Lindenwood University,2019,4,2,6,10,36,43,15,24,2,3,195,264,12,19,31,37,47,30
177986,Logan University,2019,0,0,0,0,0,0,0,0,0,0,3,6,1,0,0,0,0,0
178059,Maryville University of Saint Louis,2019,2,0,8,22,37,42,6,20,0,0,163,283,7,21,16,23,29,4
178208,Midwestern Baptist Theological Seminary,2019,2,0,0,0,2,1,1,0,0,0,9,7,0,0,2,1,0,0
178244,Missouri Baptist University,2019,4,0,5,1,30,15,0,1,1,0,81,134,0,0,2,0,13,2
178341,Missouri Southern State University,2019,8,14,10,11,35,24,24,36,9,2,193,287,7,11,1,7,2,0
178369,Missouri Valley College,2019,2,3,5,1,95,28,12,12,5,4,88,70,13,6,5,1,69,17
178387,Missouri Western State University,2019,1,4,3,8,81,62,14,19,0,0,232,373,28,34,4,15,3,4
178396,University of Missouri-Columbia,2019,1,6,70,84,132,211,116,158,5,3,1960,2281,126,152,28,17,9,14
178402,University of Missouri-Kansas City,2019,1,1,56,90,39,88,58,87,0,0,219,364,28,43,12,29,38,20
178411,Missouri University of Science and Technology,2019,2,0,34,9,26,10,35,14,0,0,743,204,25,11,9,1,16,1
178420,University of Missouri-St Louis,2019,0,1,10,15,23,42,7,12,0,0,97,144,11,7,24,22,9,12
178615,Truman State University,2019,0,3,7,15,17,14,18,17,0,0,250,464,19,16,3,1,28,23
178624,Northwest Missouri State University,2019,2,2,4,9,41,41,26,44,2,1,395,655,17,38,10,10,16,12
178679,Ozark Christian College,2019,0,4,1,1,0,2,5,9,0,0,69,77,4,4,1,1,1,0
178697,College of the Ozarks,2019,2,1,1,1,1,2,4,3,0,0,109,115,7,4,1,0,2,0
178721,Park University,2019,1,2,0,4,12,28,46,54,0,2,55,101,13,18,0,1,1,3
178767,Stevens-The Institute of Business & Arts,2019,0,0,0,0,3,2,0,1,0,0,1,2,0,0,0,0,0,0
178891,Ranken Technical College,2019,3,0,4,0,67,6,11,4,1,0,308,5,13,1,45,2,0,0
179043,Rockhurst University,2019,1,1,4,9,13,14,25,34,1,0,126,141,1,1,6,11,1,5
179159,Saint Louis University,2019,1,0,86,147,36,60,65,99,1,0,430,810,38,48,4,3,47,22
179265,University of Health Sciences and Pharmacy in St. Louis,2019,0,0,4,8,5,6,0,1,0,0,20,41,0,3,0,0,1,1
179326,Southwest Baptist University,2019,1,2,0,1,29,11,4,12,0,1,96,170,7,11,31,50,3,2
179548,Stephens College,2019,0,0,0,0,0,5,0,4,0,0,0,81,0,15,0,5,0,1
179557,Southeast Missouri State University,2019,0,1,4,8,53,79,12,20,0,2,443,724,17,29,8,9,17,15
179566,Missouri State University-Springfield,2019,6,6,17,26,32,62,49,72,0,1,853,1345,43,64,5,4,32,24
179867,Washington University in St Louis,2019,1,1,147,158,53,81,93,101,2,2,406,392,51,62,22,24,64,70
179894,Webster University,2019,0,0,3,4,14,18,9,12,0,0,114,171,7,14,11,9,4,2
179946,Westminster College,2019,3,1,1,4,11,5,2,1,0,0,61,49,0,0,1,3,0,0
179955,William Jewell College,2019,1,0,0,2,6,2,5,4,0,0,57,70,9,3,1,4,2,1
179964,William Woods University,2019,0,1,2,0,5,2,1,2,0,0,20,96,3,8,0,8,6,1
180106,Carroll College,2019,2,0,0,1,0,0,4,5,0,0,88,173,2,2,17,17,0,0
180179,Montana State University Billings,2019,13,14,2,3,3,4,18,24,0,1,170,217,11,16,5,4,3,2
180258,University of Providence,2019,3,5,0,0,3,2,1,1,0,0,31,47,0,0,0,2,5,0
180416,Montana Technological University,2019,3,2,5,1,1,0,3,3,0,0,144,86,1,1,16,5,2,0
180461,Montana State University,2019,6,15,6,11,2,2,93,48,1,1,1368,1086,84,70,9,7,9,8
180489,The University of Montana,2019,14,25,2,7,8,3,42,47,2,1,443,584,31,44,25,30,6,5
180522,Montana State University-Northern,2019,4,4,0,0,7,0,5,5,2,0,89,41,11,3,0,0,4,1
180595,Rocky Mountain College,2019,4,4,0,0,3,0,7,7,1,0,107,0,7,10,0,86,8,1
180647,Salish Kootenai College,2019,34,48,0,0,0,0,0,1,0,0,6,16,0,0,0,0,0,0
180692,The University of Montana-Western,2019,4,6,1,1,2,3,7,7,3,0,78,134,6,5,3,0,0,0
180814,Bellevue University,2019,0,0,0,0,6,4,5,6,0,0,16,18,0,1,2,5,0,0
180832,Clarkson College,2019,0,0,0,1,0,0,0,1,0,0,0,11,0,0,2,10,0,0
180878,Bryan College of Health Sciences,2019,0,0,0,2,0,0,0,2,0,0,6,58,0,0,0,0,0,0
180948,Chadron State College,2019,5,6,1,0,17,3,22,24,1,0,130,166,4,8,0,0,1,2
180984,Concordia University-Nebraska,2019,0,0,1,1,15,0,14,9,0,0,92,124,5,2,16,5,6,1
181002,Creighton University,2019,2,3,40,44,16,11,33,63,1,0,320,453,28,38,0,2,10,12
181020,Doane University,2019,1,0,5,1,10,4,25,16,0,1,113,122,8,5,3,1,1,2
181127,Hastings College,2019,0,1,1,1,13,4,23,11,1,0,101,121,8,3,6,9,9,4
181215,University of Nebraska at Kearney,2019,1,0,3,6,6,4,39,72,0,1,230,420,6,16,1,5,22,12
181297,Nebraska Methodist College of Nursing & Allied Health,2019,0,0,0,0,0,0,0,3,0,0,2,36,0,0,0,0,0,0
181330,Midland University,2019,0,0,3,3,16,3,24,18,0,1,102,77,14,2,36,18,0,0
181394,University of Nebraska at Omaha,2019,5,2,43,68,59,92,143,236,0,0,508,697,36,52,5,7,40,30
181446,Nebraska Wesleyan University,2019,1,1,5,2,4,4,18,20,1,0,175,231,6,6,6,4,2,1
181464,University of Nebraska-Lincoln,2019,4,9,75,65,68,71,188,222,0,0,1822,1850,74,95,25,17,95,68
181534,Peru State College,2019,1,0,0,0,25,7,12,9,2,0,80,127,7,4,0,0,2,0
181604,College of Saint Mary,2019,0,0,0,2,0,6,0,10,0,0,0,76,0,9,0,1,0,1
181738,Union Adventist University,2019,0,0,0,3,5,9,22,16,1,1,23,28,4,6,1,0,3,4
181783,Wayne State College,2019,4,4,3,4,12,14,28,44,0,0,221,340,11,12,1,2,7,16
181853,York University,2019,0,1,0,0,12,3,14,10,0,0,31,30,0,0,6,3,4,1
182005,College of Southern Nevada,2019,4,13,129,147,146,171,562,821,20,16,324,450,92,129,83,89,8,17
182281,University of Nevada-Las Vegas,2019,4,9,392,457,109,245,570,883,27,35,456,584,210,296,2,5,34,34
182290,University of Nevada-Reno,2019,9,8,139,159,51,61,353,491,8,12,869,960,152,167,17,17,6,12
182306,Great Basin College,2019,8,4,0,0,2,3,24,30,1,2,68,74,3,3,8,6,0,0
182500,Truckee Meadows Community College,2019,5,4,24,27,11,7,238,287,0,0,188,197,21,26,9,8,1,1
182564,Western Nevada College,2019,6,5,6,3,2,2,51,72,0,1,68,119,7,12,9,13,0,0
182634,Colby-Sawyer College,2019,1,3,2,7,6,10,2,4,0,0,49,161,0,0,4,10,3,2
182670,Dartmouth College,2019,4,13,93,76,33,34,63,56,0,0,308,297,30,43,12,8,64,56
182795,Franklin Pierce University,2019,0,2,3,3,31,15,23,16,0,0,121,169,5,5,8,5,5,5
182917,Magdalen College,2019,0,0,0,0,0,1,1,0,0,0,14,15,0,0,0,0,0,0
182980,New England College,2019,0,1,3,2,52,46,30,39,0,0,77,107,8,10,21,48,7,5
183026,Southern New Hampshire University,2019,4,3,25,28,117,292,148,268,2,4,667,908,29,43,153,181,17,18
183044,University of New Hampshire-Main Campus,2019,1,0,44,49,20,9,35,67,0,0,946,1346,29,35,56,65,13,16
183062,Keene State College,2019,2,1,5,11,11,6,19,24,2,0,305,389,12,14,23,16,1,1
183071,University of New Hampshire at Manchester,2019,0,0,3,4,3,1,2,10,0,0,26,30,1,0,3,0,0,1
183080,Plymouth State University,2019,1,1,13,14,22,12,27,25,0,1,403,388,20,21,37,36,8,6
183211,Rivier University,2019,1,0,1,10,6,6,3,14,0,0,35,133,1,4,8,15,0,0
183239,Saint Anselm College,2019,0,0,2,5,4,2,13,16,0,0,156,282,6,4,6,13,0,0
183257,University of New Hampshire College of Professional Studies Online,2019,0,0,0,0,5,3,1,2,0,0,8,29,1,1,0,1,0,0
183275,Thomas More College of Liberal Arts,2019,1,0,0,0,0,0,0,0,0,0,8,7,1,0,3,0,1,0
183789,Berkeley College-Woodland Park,2019,0,0,1,2,13,20,87,107,0,1,16,14,1,2,33,50,1,1
183822,Bloomfield College,2019,1,3,3,8,72,129,55,78,1,0,10,17,0,0,6,12,1,4
183910,Caldwell University,2019,0,0,7,8,43,49,53,96,0,0,52,83,2,5,7,9,12,19
183974,Centenary University,2019,0,0,1,0,6,13,14,22,0,0,29,88,5,3,8,10,0,1
184348,Drew University,2019,0,0,7,11,13,29,19,55,0,0,81,133,9,7,5,7,16,8
184603,Fairleigh Dickinson University-Metropolitan Campus,2019,0,0,17,16,31,40,81,116,1,0,36,61,3,9,6,6,38,16
184612,Felician University,2019,1,1,3,6,23,52,43,135,0,0,30,55,1,2,7,15,5,2
184694,Fairleigh Dickinson University-Florham Campus,2019,0,0,5,17,35,28,60,93,0,0,130,163,9,8,14,15,0,0
184773,Georgian Court University,2019,0,1,0,5,12,10,14,35,0,1,16,81,2,1,0,2,6,1
184782,Rowan University,2019,1,1,101,73,109,98,185,177,1,0,1072,737,56,47,10,5,10,6
184959,Eastwick College-Ramsey,2019,0,0,0,5,2,12,3,21,0,0,3,21,0,2,0,1,0,0
185129,New Jersey City University,2019,3,5,27,36,124,192,155,184,0,2,71,64,20,17,47,53,1,3
185262,Kean University,2019,0,2,40,52,174,217,279,393,1,0,156,252,13,36,30,42,20,18
185572,Monmouth University,2019,1,0,12,16,33,24,49,102,0,0,237,437,17,15,14,26,3,8
185590,Montclair State University,2019,1,3,95,119,153,287,307,641,3,5,479,781,43,71,24,43,11,16
185828,New Jersey Institute of Technology,2019,2,0,200,101,72,35,199,61,1,1,347,102,25,14,18,6,89,26
186131,Princeton University,2019,2,2,150,182,43,54,76,69,1,0,259,261,41,37,4,8,80,66
186186,Rabbinical College of America,2019,0,0,0,0,0,0,0,0,0,0,31,0,0,0,0,0,15,0
186201,Ramapo College of New Jersey,2019,3,1,38,55,32,52,74,155,0,0,237,342,0,0,15,10,10,5
186283,Rider University,2019,1,2,21,27,61,94,74,90,1,1,204,228,13,24,5,1,2,8
186371,Rutgers University-Camden,2019,1,0,44,54,50,110,50,109,2,1,106,137,10,25,11,14,13,9
186380,Rutgers University-New Brunswick,2019,4,1,1254,1200,144,210,375,473,4,5,1200,1064,139,157,75,67,568,371
186399,Rutgers University-Newark,2019,1,0,154,142,88,144,173,261,1,4,138,148,21,36,14,17,29,27
186432,Saint Peter's University,2019,0,0,12,20,41,47,77,133,1,0,32,30,0,1,7,9,15,2
186584,Seton Hall University,2019,0,1,72,133,61,50,127,166,0,0,433,423,37,41,27,30,19,10
186618,Saint Elizabeth University,2019,0,0,3,2,23,41,24,20,0,1,16,16,1,0,11,8,2,1
186867,Stevens Institute of Technology,2019,0,0,136,63,14,6,83,40,0,0,403,147,0,0,35,16,17,9
186876,Stockton University,2019,0,0,48,79,49,91,76,171,0,1,374,563,22,34,8,7,6,6
186900,Talmudical Academy-New Jersey,2019,0,0,0,0,0,0,0,0,0,0,6,0,0,0,0,0,0,0
187134,The College of New Jersey,2019,1,3,69,118,32,51,114,173,0,0,417,533,24,29,11,11,5,11
187444,William Paterson University of New Jersey,2019,1,2,51,48,176,248,240,308,1,1,180,201,16,33,6,8,7,2
187596,Navajo Technical University,2019,65,61,0,0,0,0,0,0,0,0,0,0,0,0,0,0,0,0
187648,Eastern New Mexico University-Main Campus,2019,2,10,3,0,27,12,107,151,3,1,70,121,4,9,6,9,4,11
187745,Institute of American Indian and Alaska Native Culture and Arts Development,2019,18,30,0,0,0,0,1,1,0,0,3,2,0,3,0,0,0,0
187897,New Mexico Highlands University,2019,9,13,0,0,24,7,78,93,0,1,12,15,6,3,4,0,2,8
187967,New Mexico Institute of Mining and Technology,2019,5,4,7,7,2,0,38,30,0,0,104,35,5,5,7,1,0,0
187985,University of New Mexico-Main Campus,2019,32,67,42,77,28,29,588,808,0,2,312,370,48,59,11,9,34,30
188030,New Mexico State University-Main Campus,2019,15,17,8,14,21,15,593,845,2,1,239,260,29,25,19,19,22,14
188058,Northern New Mexico College,2019,1,2,1,0,3,2,49,60,0,0,2,1,1,4,2,1,0,0
188182,University of the Southwest,2019,2,3,0,1,4,4,36,15,1,0,17,8,0,0,1,0,0,0
188304,Western New Mexico University,2019,2,1,0,1,8,1,58,105,0,0,33,25,3,3,3,3,4,1
188340,Vaughn College of Aeronautics and Technology,2019,2,1,35,8,48,7,98,21,3,0,44,2,2,0,46,3,6,1
188429,Adelphi University,2019,1,3,36,106,27,70,63,149,0,0,153,353,8,37,22,39,31,26
188517,Bryant & Stratton College-Albany,2019,0,1,0,1,6,17,3,7,0,0,2,10,0,2,0,0,0,0
188526,Albany College of Pharmacy and Health Sciences,2019,0,1,15,25,2,7,6,9,0,0,36,57,5,6,2,4,2,8
188641,Alfred University,2019,0,0,5,4,58,39,26,29,0,0,130,115,4,7,18,10,5,8
188854,American Musical and Dramatic Academy,2019,0,2,4,9,28,62,34,80,7,3,61,174,3,15,4,0,8,39
189088,Bard College,2019,0,0,8,13,9,14,18,48,0,0,101,164,10,20,6,10,23,38
189097,Barnard College,2019,0,1,0,117,0,38,0,63,0,1,0,278,0,46,0,4,0,76
189228,Berkeley College-New York,2019,0,1,1,2,11,15,26,42,0,0,4,1,0,1,36,45,12,14
189413,Boricua College,2019,0,0,0,0,1,14,23,51,0,0,0,1,1,0,0,0,0,0
189565,Bryant & Stratton College-Syracuse North,2019,0,0,0,0,17,25,3,11,2,0,11,23,2,5,0,0,0,0
189583,Bryant & Stratton College-Buffalo,2019,2,0,3,0,22,36,3,11,0,0,12,19,2,6,0,1,0,0
189592,Bryant & Stratton College-Greece,2019,0,0,0,0,8,13,1,8,0,0,5,6,0,1,0,0,0,0
189705,Canisius University,2019,1,1,6,14,27,38,18,29,0,1,189,182,8,5,6,11,13,4
189857,Central Yeshiva Tomchei Tmimim Lubavitz,2019,0,0,0,0,0,0,0,0,0,0,95,0,0,0,0,0,1,0
190044,Clarkson University,2019,1,0,18,10,21,12,31,19,0,0,434,164,19,12,17,9,12,10
190099,Colgate University,2019,0,0,14,24,19,11,27,38,0,3,224,290,13,23,8,13,45,34
190114,Metropolitan College of New York,2019,0,0,0,0,6,11,4,5,0,1,0,0,0,0,0,0,2,0
190150,Columbia University in the City of New York,2019,4,1,120,149,49,61,115,111,0,0,231,190,34,51,33,45,116,124
190372,The Cooper Union for the Advancement of Science and Art,2019,0,0,34,28,4,9,11,15,0,0,39,24,1,3,2,9,9,10
190415,Cornell University,2019,5,3,271,376,94,115,254,251,3,0,517,600,75,102,99,127,119,178
190503,Culinary Institute of America,2019,2,1,18,15,21,30,45,59,2,1,128,159,16,11,11,13,48,30
190512,CUNY Bernard M Baruch College,2019,1,1,528,428,75,79,303,221,2,0,279,156,62,29,0,0,49,48
190549,CUNY Brooklyn College,2019,0,0,272,247,116,178,184,247,0,0,248,256,35,42,0,0,31,26
190558,College of Staten Island CUNY,2019,4,3,110,97,176,227,310,392,2,0,444,401,39,37,0,0,26,22
190567,CUNY City College,2019,4,3,307,262,126,172,345,464,0,1,133,106,34,29,0,0,36,32
190594,CUNY Hunter College,2019,0,0,428,527,74,114,245,426,0,0,190,320,48,63,0,0,24,67
190600,CUNY John Jay College of Criminal Justice,2019,4,4,139,132,76,158,429,667,0,1,132,163,20,46,0,0,19,33
190637,CUNY Lehman College,2019,3,1,28,40,46,113,238,366,0,0,16,27,8,10,0,0,15,22
190646,CUNY Medgar Evers College,2019,0,1,7,13,213,399,50,117,0,1,6,3,4,17,0,0,7,19
190655,CUNY New York City College of Technology,2019,13,4,378,205,492,345,786,540,7,1,136,76,75,41,0,0,54,46
190664,CUNY Queens College,2019,4,4,346,342,100,94,306,385,5,3,222,280,43,35,0,0,31,46
190691,CUNY York College,2019,3,10,78,98,160,282,123,229,3,3,16,23,17,24,0,0,13,18
190716,D'Youville  University,2019,0,0,2,10,5,12,2,8,0,0,31,118,0,13,0,7,6,2
190725,Daemen University,2019,0,1,3,10,19,34,11,19,0,0,88,217,0,3,0,2,3,2
190752,Yeshiva of Far Rockaway Derech Ayson Rabbinical Seminary,2019,0,0,0,0,0,0,0,0,0,0,11,0,0,0,0,0,0,0
190761,Dominican University New York,2019,0,0,9,4,14,31,44,80,0,0,29,39,3,2,13,16,7,2
190983,Elmira College,2019,1,0,0,3,7,7,6,9,0,0,47,108,6,3,4,3,11,2
191126,Fashion Institute of Technology,2019,1,3,28,115,23,92,65,238,1,0,95,493,13,64,1,6,19,126
191205,Five Towns College,2019,0,1,0,2,18,13,17,5,0,0,46,13,5,6,5,1,1,2
191241,Fordham University,2019,0,1,119,163,34,49,145,226,0,2,533,709,43,54,5,10,75,92
191515,Hamilton College,2019,1,0,14,25,8,7,22,27,0,0,150,148,15,10,2,5,23,16
191533,Hartwick College,2019,2,3,5,8,24,27,16,21,0,0,88,126,0,0,19,31,6,0
191621,Hilbert College,2019,0,1,1,2,6,10,4,4,0,0,47,68,3,8,0,3,3,0
191630,Hobart William Smith Colleges,2019,1,0,4,9,12,17,14,23,0,0,156,173,7,5,8,8,14,7
191649,Hofstra University,2019,2,2,70,112,50,98,96,116,0,0,352,476,25,36,13,2,44,28
191676,Houghton University,2019,0,1,6,11,14,11,0,4,0,0,66,127,7,5,6,5,1,6
191931,Iona University,2019,1,4,4,5,50,34,86,98,1,1,166,141,11,7,13,3,9,7
191968,Ithaca College,2019,0,2,18,42,37,60,61,88,0,0,464,626,26,34,10,15,12,11
192004,Jamestown Business College,2019,1,1,0,0,0,1,1,4,0,0,38,55,6,6,0,0,0,0
192040,Jewish Theological Seminary of America,2019,0,0,0,0,0,0,0,1,0,0,15,21,0,0,0,0,1,0
192110,The Juilliard School,2019,0,0,1,12,5,3,6,4,0,0,25,14,3,5,0,0,18,20
192165,Kehilath Yakov Rabbinical Seminary,2019,0,0,0,0,0,0,0,0,0,0,43,0,0,0,0,0,0,0
192192,Keuka College,2019,0,1,0,4,4,3,11,11,0,0,66,169,7,6,5,11,1,0
192271,LIM College,2019,0,1,5,17,13,48,8,48,0,1,9,82,0,0,0,1,2,12
192323,Le Moyne College,2019,0,1,13,12,26,29,21,35,0,0,172,309,7,13,2,6,3,5
192448,Long Island University,2019,0,1,50,93,50,64,81,122,1,4,212,349,13,15,69,105,10,35
192624,Machzikei Hadath Rabbinical College,2019,0,0,0,0,0,0,0,0,0,0,34,0,0,0,0,0,0,0
192703,Manhattan College,2019,1,0,7,3,18,9,115,112,0,0,278,216,11,13,37,32,20,11
192712,Manhattan School of Music,2019,1,0,2,5,7,3,2,0,0,0,29,26,0,0,1,0,18,21
192749,Manhattanville College,2019,0,0,3,5,22,23,55,89,0,0,76,103,3,4,3,2,8,3
192785,Maria College of Albany,2019,0,0,1,2,0,5,1,2,0,0,1,14,0,0,0,2,0,0
192819,Marist College,2019,0,0,21,31,15,36,67,120,1,1,403,574,18,28,6,6,18,13
192864,Marymount Manhattan College,2019,0,0,6,9,7,24,24,73,0,0,39,183,4,30,4,9,1,7
193016,Mercy University,2019,1,2,22,26,52,125,152,369,1,1,53,87,3,16,18,34,5,3
193052,Mesivta Torah Vodaath Rabbinical Seminary,2019,0,0,0,0,0,0,0,0,0,0,13,0,0,0,0,0,0,0
193070,Mesivtha Tifereth Jerusalem of America,2019,0,0,0,0,0,0,0,0,0,0,12,0,0,0,0,0,0,0
193247,Mirrer Yeshiva Cent Institute,2019,0,0,0,0,0,0,0,0,0,0,23,0,0,0,0,0,3,0
193292,Molloy College,2019,1,1,17,31,18,36,38,88,0,0,102,217,5,13,2,9,0,1
193308,Monroe College,2019,4,3,10,9,229,259,239,319,0,1,18,13,0,0,0,0,32,28
193353,Mount Saint Mary College,2019,0,0,0,7,7,20,21,52,0,0,46,152,2,7,7,15,0,0
193399,University of Mount Saint Vincent,2019,0,0,7,18,20,52,80,152,0,0,36,54,2,7,6,5,1,1
193584,Nazareth University,2019,0,1,3,9,16,18,14,22,0,0,91,294,7,13,13,10,2,3
193654,The New School,2019,0,2,31,132,16,42,39,123,0,1,127,346,8,69,11,39,83,363
193900,New York University,2019,0,8,520,560,182,357,400,675,4,1,528,641,76,136,114,146,618,773
193973,Niagara University,2019,0,2,4,7,19,28,13,25,1,0,165,301,4,8,3,10,25,11
194091,New York Institute of Technology,2019,4,1,119,91,61,34,104,68,2,2,139,68,25,22,11,11,28,26
194116,New York School of Interior Design,2019,0,0,0,1,0,1,0,1,0,0,1,5,0,1,0,0,1,4
194310,Pace University,2019,2,3,55,80,57,121,119,259,1,2,279,555,16,61,68,110,67,62
194392,Paul Smiths College of Arts and Science,2019,4,4,1,0,11,5,7,2,0,0,91,46,4,1,4,2,0,3
194499,Plaza College,2019,0,0,6,26,18,66,17,70,0,0,7,27,5,23,0,0,0,0
194578,Pratt Institute-Main,2019,1,2,29,99,11,24,20,61,0,0,80,207,9,22,3,3,69,203
194657,Rabbinical Academy Mesivta Rabbi Chaim Berlin,2019,0,0,0,0,0,0,0,0,0,0,34,0,0,0,0,0,2,0
194666,Rabbinical College Bobover Yeshiva Bnei Zion,2019,0,0,0,0,0,0,0,0,0,0,66,0,0,0,0,0,0,0
194736,Rabbinical College of Long Island,2019,0,0,0,0,0,0,0,0,0,0,38,0,0,0,0,0,0,0
194763,Rabbinical Seminary of America,2019,0,0,0,0,0,0,0,0,0,0,97,0,0,0,0,0,0,0
194824,Rensselaer Polytechnic Institute,2019,3,0,160,125,43,29,124,46,1,0,453,215,57,24,60,26,237,62
194958,Roberts Wesleyan University,2019,1,1,1,4,12,13,4,9,0,2,56,97,1,11,0,0,4,4
195003,Rochester Institute of Technology,2019,1,3,159,130,52,62,161,84,1,0,1205,559,76,43,22,14,74,36
195030,University of Rochester,2019,0,1,89,104,40,36,56,74,1,1,314,339,33,34,30,18,178,152
195128,Russell Sage College,2019,1,0,2,14,9,12,7,19,1,0,20,119,2,6,4,18,0,0
195164,St Bonaventure University,2019,2,1,7,11,24,8,22,15,0,1,200,163,7,10,4,3,10,4
195173,St. Francis College,2019,0,2,10,16,74,102,59,112,3,5,64,77,10,10,5,5,32,27
195216,St Lawrence University,2019,0,1,6,9,12,13,13,27,0,0,203,256,1,6,1,3,27,27
195234,The College of Saint Rose,2019,0,1,5,14,67,76,10,21,0,0,102,206,36,59,10,10,13,10
195243,St. Thomas Aquinas College,2019,0,0,2,4,27,17,31,30,0,0,52,49,1,3,7,4,12,4
195304,Sarah Lawrence College,2019,0,0,5,11,2,11,12,30,0,0,68,189,0,14,5,9,8,34
195438,Sh'or Yoshuv Rabbinical College,2019,0,0,0,0,0,0,0,0,0,0,1,0,0,0,0,0,0,0
195474,Siena College,2019,0,1,19,15,17,11,36,47,0,0,266,371,9,21,1,3,11,13
195526,Skidmore College,2019,0,0,24,35,21,12,34,34,0,0,169,267,24,26,6,4,38,39
195544,St. Joseph's University-New York,2019,0,0,5,7,11,21,19,39,0,0,32,53,2,5,4,4,4,3
195720,St. John Fisher University,2019,0,0,7,14,16,11,16,16,0,0,189,315,3,8,3,3,0,0
195809,St. John's University-New York,2019,3,2,208,305,157,237,303,395,2,1,611,629,54,85,11,16,41,55
196006,SUNY College of Technology at Alfred,2019,1,0,8,6,129,31,78,46,1,0,574,261,27,9,0,0,0,1
196015,SUNY College of Technology at Canton,2019,6,2,5,1,58,48,54,41,1,0,254,192,7,12,7,9,3,5
196024,SUNY College of Technology at Delhi,2019,0,4,3,3,78,74,81,82,0,0,234,166,13,12,12,18,2,1
196033,SUNY College of Agriculture and Technology at Cobleskill,2019,2,1,2,3,38,47,48,43,0,0,183,213,10,12,4,2,0,0
196042,Farmingdale State College,2019,5,1,100,70,76,67,188,170,1,2,468,254,20,13,1,2,9,8
196051,SUNY Morrisville,2019,2,2,6,0,137,125,34,41,0,0,211,176,16,13,3,4,0,3
196060,University at Albany,2019,3,4,106,138,174,325,231,320,1,0,609,515,40,76,20,12,60,31
196079,Binghamton University,2019,0,0,204,210,44,56,151,204,0,0,898,865,59,48,9,17,78,50
196088,University at Buffalo,2019,11,4,402,296,163,212,177,152,1,1,1221,871,70,60,112,74,237,208
196097,Stony Brook University,2019,0,1,552,599,66,135,177,185,0,0,411,372,34,34,113,103,369,218
196103,SUNY College of Environmental Science and Forestry,2019,2,0,6,13,5,6,9,20,0,0,136,122,7,8,8,11,0,0
196112,SUNY Polytechnic Institute,2019,2,0,20,5,24,6,35,12,0,0,219,63,8,5,0,0,2,3
196121,SUNY Brockport,2019,0,1,8,9,58,88,45,58,0,0,319,407,10,17,17,38,1,1
196130,SUNY Buffalo State University,2019,5,7,43,46,261,370,125,182,2,1,198,319,30,43,2,1,7,6
196149,State University of New York at Cortland,2019,0,1,7,11,47,29,74,110,0,2,328,530,11,13,21,20,1,2
196158,SUNY at Fredonia,2019,4,4,5,7,55,72,47,74,0,0,259,396,13,29,11,4,11,8
196167,SUNY College at Geneseo,2019,0,2,21,31,14,20,37,72,0,1,333,632,7,20,9,20,4,3
196176,State University of New York at New Paltz,2019,0,0,17,47,29,60,91,203,0,1,193,402,13,27,15,19,4,3
196185,SUNY Oneonta,2019,11,14,7,28,21,52,73,186,0,0,347,604,3,14,39,51,1,0
196194,State University of New York at Oswego,2019,1,0,13,20,74,89,91,135,0,1,455,463,19,24,1,1,21,7
196200,SUNY College at Potsdam,2019,0,4,3,5,25,50,22,47,0,0,141,280,7,20,10,5,1,0
196219,SUNY at Purchase College,2019,1,2,15,25,37,73,76,121,1,0,151,238,10,26,0,1,4,9
196237,SUNY Old Westbury,2019,1,2,39,44,85,119,70,95,1,1,61,55,5,9,3,6,4,5
196246,State University of New York at Plattsburgh,2019,4,5,10,19,45,83,49,98,0,1,228,325,6,10,11,15,30,22
196264,Empire State University,2019,0,0,1,3,6,8,4,8,0,0,12,27,0,2,2,16,0,1
196291,SUNY Maritime College,2019,0,0,13,3,11,1,61,10,0,0,206,30,1,1,6,0,1,0
196413,Syracuse University,2019,7,14,90,128,82,141,158,201,0,4,911,1009,39,77,58,66,363,293
196431,Talmudical Seminary Oholei Torah,2019,0,0,0,0,0,0,0,0,0,0,49,0,0,0,0,0,1,0
196583,Torah Temimah Talmudical Seminary,2019,0,0,0,0,0,0,0,0,0,0,7,0,0,0,0,0,0,0
196592,Touro University,2019,1,0,3,5,6,14,6,17,0,0,158,251,1,2,35,46,13,19
196653,Trocaire College,2019,0,2,0,1,4,10,0,6,0,0,5,36,0,3,0,3,0,0
196866,Union College,2019,0,0,14,18,11,16,29,25,0,0,190,163,9,8,0,0,42,25
197018,United Talmudical Seminary,2019,0,0,0,0,0,0,0,0,0,0,435,0,0,0,0,0,13,0
197027,United States Merchant Marine Academy,2019,2,0,6,5,1,0,5,2,1,0,147,52,25,8,1,0,0,0
197036,United States Military Academy,2019,2,3,63,27,116,29,80,34,4,1,596,169,18,8,3,2,15,1
197045,Utica University,2019,3,0,10,2,40,22,27,28,0,0,179,176,8,10,2,1,5,2
197133,Vassar College,2019,0,0,31,50,4,12,35,46,0,0,161,213,22,52,1,1,26,35
197142,Villa Maria College,2019,0,0,0,2,30,22,10,7,0,0,20,28,6,3,0,0,2,0
197151,School of Visual Arts,2019,0,0,31,96,11,18,28,65,0,0,50,110,0,0,4,10,122,417
197197,Wagner College,2019,0,0,2,14,26,9,23,37,0,0,86,168,6,9,2,6,6,14
197221,Webb Institute,2019,0,0,1,1,0,0,1,1,0,0,14,3,4,1,0,0,0,0
197230,Wells College,2019,0,0,3,1,4,13,6,19,0,0,31,47,1,3,1,1,0,2
197285,The College of Westchester,2019,0,0,0,0,25,19,36,58,0,0,4,4,3,1,1,1,0,0
197601,Yeshiva Karlin Stolin,2019,0,0,0,0,0,0,0,0,0,0,25,0,0,0,0,0,0,0
197647,Yeshiva Derech Chaim,2019,0,0,0,0,0,0,0,0,0,0,22,0,0,0,0,0,0,0
197674,Yeshiva of Nitra Rabbinical College,2019,0,0,0,0,0,0,0,0,0,0,57,0,0,0,0,0,3,0
197692,Yeshivath Shaar Hatorah,2019,0,0,0,0,0,0,0,0,0,0,29,0,0,0,0,0,0,0
197708,Yeshiva University,2019,0,0,0,0,0,0,0,0,0,0,248,244,2,0,5,3,35,13
197735,Yeshivath Viznitz,2019,0,0,0,0,0,0,0,0,0,0,145,0,0,0,0,0,5,0
197744,Yeshivath Zichron Moshe,2019,0,0,0,0,0,0,0,0,0,0,8,0,0,0,0,0,0,0
197869,Appalachian State University,2019,3,5,19,41,58,74,120,175,0,0,1085,1711,73,97,8,13,7,7
197911,Barton College,2019,0,1,2,1,44,20,11,11,0,0,83,98,12,7,6,5,17,1
197984,Belmont Abbey College,2019,1,2,6,1,28,24,1,1,0,0,131,107,0,0,31,24,11,0
197993,Bennett College,2019,0,0,0,1,0,68,0,2,0,0,0,0,0,0,0,0,0,0
198066,Brevard College,2019,0,0,0,0,29,9,15,12,0,0,86,83,6,6,0,0,5,0
198109,Cabarrus College of Health Sciences,2019,0,0,0,0,0,1,0,3,0,0,3,19,0,1,0,0,0,0
198136,Campbell University,2019,0,2,10,10,33,57,16,25,1,0,190,272,19,30,12,14,7,8
198215,Catawba College,2019,0,1,0,3,57,21,13,18,1,1,91,97,13,11,6,7,1,1
198303,Chowan University,2019,2,2,0,0,165,90,6,6,0,0,25,24,2,3,43,26,3,3
198385,Davidson College,2019,1,0,11,15,15,17,15,27,0,0,171,175,12,15,3,4,23,23
198419,Duke University,2019,2,2,179,166,58,81,88,102,1,0,361,319,59,72,33,51,96,61
198464,East Carolina University,2019,7,14,52,62,266,370,157,230,3,2,1204,1640,42,54,64,116,10,14
198507,Elizabeth City State University,2019,0,0,0,2,111,176,7,12,0,0,24,18,11,11,3,5,0,1
198516,Elon University,2019,1,1,11,33,31,50,41,65,0,0,521,828,12,39,1,2,10,13
198543,Fayetteville State University,2019,1,9,3,3,140,332,31,40,0,0,17,26,12,28,4,15,0,0
198561,Gardner-Webb University,2019,2,2,1,3,58,26,11,10,0,1,80,138,5,4,26,34,0,0
198598,Greensboro College,2019,0,0,0,0,34,16,6,2,0,0,45,37,8,7,13,13,0,0
198613,Guilford College,2019,0,0,2,7,60,44,28,36,0,0,81,82,10,9,9,7,2,3
198695,High Point University,2019,0,3,6,19,37,45,52,53,1,0,481,577,28,36,18,24,14,6
198756,Johnson C Smith University,2019,2,1,0,1,112,131,4,0,0,0,3,3,1,0,34,31,1,0
198808,Lees-McRae College,2019,0,0,0,3,3,7,2,7,0,0,41,70,2,2,9,24,3,1
198835,Lenoir-Rhyne University,2019,0,0,3,7,44,17,14,25,0,0,121,164,11,18,5,2,13,10
198862,Livingstone College,2019,1,1,0,0,174,137,0,0,1,0,3,6,0,0,6,7,4,4
198899,Mars Hill University,2019,0,1,0,1,40,13,9,13,0,0,71,99,8,4,0,0,11,4
198950,Meredith College,2019,0,0,0,19,0,39,0,45,0,0,0,247,0,14,0,8,0,3
198969,Methodist University,2019,1,3,2,0,73,21,13,13,0,1,90,69,0,1,40,19,10,18
198978,Miller-Motte College-Wilmington,2019,3,10,0,2,53,366,7,31,0,1,42,144,6,21,3,4,0,0
199032,Montreat College,2019,0,0,1,1,19,4,11,3,2,1,53,54,4,1,4,3,3,4
199069,University of Mount Olive,2019,0,0,1,1,36,28,13,21,0,0,74,77,5,11,5,4,7,5
199102,North Carolina A & T State University,2019,3,4,7,3,763,1189,38,64,0,1,20,24,47,75,9,16,5,1
199111,University of North Carolina Asheville,2019,1,1,6,15,18,26,26,43,0,0,190,276,9,18,8,12,1,4
199120,University of North Carolina at Chapel Hill,2019,7,7,236,280,131,236,121,252,2,0,917,1413,79,142,61,81,101,101
199139,University of North Carolina at Charlotte,2019,4,6,200,184,171,259,173,194,2,0,1193,923,84,87,55,31,38,22
199148,University of North Carolina at Greensboro,2019,4,4,62,86,241,604,128,277,1,0,353,707,53,113,16,36,18,11
199157,North Carolina Central University,2019,1,3,4,2,260,616,22,40,0,0,8,7,19,30,2,9,0,0
199184,University of North Carolina School of the Arts,2019,0,1,2,2,5,11,13,15,0,0,54,103,4,18,2,2,1,1
199193,North Carolina State University at Raleigh,2019,12,18,196,195,101,159,155,138,1,1,1686,1683,92,96,104,84,93,49
199209,North Carolina Wesleyan University,2019,2,0,0,0,55,34,6,4,0,0,44,38,14,9,15,32,20,7
199218,University of North Carolina Wilmington,2019,3,4,20,34,30,42,86,110,0,0,635,1196,31,64,25,30,7,13
199272,William Peace University,2019,0,0,0,1,18,21,15,8,0,0,53,57,4,7,0,1,0,0
199281,University of North Carolina at Pembroke,2019,58,81,7,5,156,189,47,66,1,0,143,201,59,63,6,14,3,4
199306,Pfeiffer University,2019,2,2,0,0,21,34,17,18,0,1,59,87,5,4,0,1,2,0
199412,Queens University of Charlotte,2019,1,0,1,13,11,29,16,35,0,0,62,127,0,0,0,9,19,12
199458,Mid-Atlantic Christian University,2019,0,0,1,0,8,8,5,2,0,0,24,4,1,0,0,0,1,0
199582,Saint Augustine's University,2019,0,0,0,0,148,102,0,0,0,0,0,0,0,0,5,3,1,1
199607,Salem College,2019,0,0,0,1,0,18,0,27,0,0,0,51,0,7,0,4,0,0
199643,Shaw University,2019,1,0,2,4,62,67,2,2,0,0,1,1,2,7,40,56,2,2
199698,St. Andrews University,2019,3,3,4,1,38,8,12,3,0,0,20,29,5,6,14,22,18,5
199759,Southeastern Baptist Theological Seminary,2019,0,0,3,0,1,2,3,1,0,0,37,32,0,0,1,0,0,0
199847,Wake Forest University,2019,0,1,25,17,37,43,45,60,0,0,436,509,28,32,0,0,60,66
199865,Warren Wilson College,2019,2,1,0,2,7,10,9,16,0,0,58,111,2,10,1,0,4,2
199962,Wingate University,2019,1,1,7,10,103,127,1,0,1,0,175,273,33,58,37,79,22,14
199971,Carolina Christian College,2019,0,0,0,0,11,0,1,0,0,0,0,0,1,0,0,0,0,0
199999,Winston-Salem State University,2019,1,2,0,0,207,630,10,27,0,0,3,5,15,53,3,6,0,1
200004,Western Carolina University,2019,7,7,12,4,55,47,85,93,0,0,722,939,22,50,9,9,10,13
200013,Rasmussen University-North Dakota,2019,0,0,0,0,1,4,0,1,0,0,1,14,0,1,0,3,0,0
200022,Bismarck State College,2019,7,4,3,2,6,2,15,8,2,0,386,282,22,18,0,0,2,0
200059,Dickinson State University,2019,0,1,2,4,3,5,7,13,0,0,62,83,6,2,1,0,1,3
200086,Nueta Hidatsa Sahnish College,2019,11,18,0,0,0,0,0,1,0,0,1,2,1,2,0,0,0,0
200156,University of Jamestown,2019,0,1,1,1,11,7,7,8,0,1,100,96,6,3,1,1,11,1
200217,University of Mary,2019,0,2,1,2,9,1,0,0,0,1,117,208,3,4,40,44,0,1
200226,Mayville State University,2019,0,0,0,0,4,0,4,1,1,0,35,57,1,1,0,0,1,0
200253,Minot State University,2019,2,3,1,2,8,5,15,18,1,0,110,152,16,13,0,1,19,24
200280,University of North Dakota,2019,5,1,13,9,19,6,38,41,0,1,718,673,45,38,0,0,36,7
200332,North Dakota State University-Main Campus,2019,3,6,11,17,27,12,30,44,0,0,1025,913,47,52,5,0,1,6
200466,Sitting Bull College,2019,21,29,0,0,0,0,0,0,0,0,0,1,0,0,0,0,0,0
200484,Trinity Bible College and Graduate School,2019,1,2,0,1,2,0,1,1,0,0,13,14,1,0,0,0,0,0
200527,Turtle Mountain Community College,2019,65,50,0,0,0,0,0,0,0,0,2,0,0,0,0,0,0,0
200554,United Tribes Technical College,2019,60,51,0,0,2,0,0,0,0,0,2,2,0,0,0,0,0,0
200572,Valley City State University,2019,1,0,0,0,3,1,10,4,1,1,83,80,11,4,0,0,0,2
200785,Herzing University-Akron,2019,0,1,0,0,2,20,1,0,0,0,5,27,0,2,0,4,0,0
200800,University of Akron Main Campus,2019,3,3,46,36,129,161,51,48,1,1,1070,916,58,70,27,13,15,21
200873,Allegheny Wesleyan College,2019,0,0,0,0,0,0,0,0,0,1,4,9,0,0,0,0,0,0
201061,Art Academy of Cincinnati,2019,0,0,0,0,5,8,1,3,0,0,16,37,1,2,0,1,1,0
201104,Ashland University,2019,3,0,1,0,65,12,10,13,0,1,200,245,12,6,20,18,5,2
201177,Aultman College of Nursing and Health Sciences,2019,0,0,0,0,0,0,0,0,0,0,1,22,0,0,0,1,0,0
201195,Baldwin Wallace University,2019,3,1,0,7,35,16,22,24,2,0,239,267,20,24,2,0,1,0
201371,Bluffton University,2019,0,1,0,0,33,2,8,2,0,0,86,71,7,2,7,5,5,2
201441,Bowling Green State University-Main Campus,2019,1,4,13,23,83,141,57,91,1,0,1127,1585,44,70,39,33,24,33
201469,Bryant & Stratton College-Parma,2019,0,0,0,0,26,29,2,8,1,0,8,16,4,2,0,0,0,0
201548,Capital University,2019,1,2,3,11,26,36,12,22,0,0,237,306,16,37,5,2,2,5
201645,Case Western Reserve University,2019,3,1,134,163,27,45,78,77,0,1,277,241,43,42,9,4,140,72
201654,Cedarville University,2019,0,0,17,20,5,6,0,0,0,0,414,477,13,20,2,7,7,5
201690,Central State University,2019,1,2,0,0,195,374,1,0,0,0,2,1,10,10,0,0,10,17
201821,The Christ College of Nursing and Health Sciences,2019,0,0,0,4,0,8,0,2,0,0,4,73,0,2,0,3,0,0
201885,University of Cincinnati-Main Campus,2019,1,1,117,160,112,146,103,102,2,1,2192,2077,98,120,14,20,99,70
201946,University of Cincinnati-Clermont College,2019,0,0,5,2,17,8,10,8,0,0,249,206,10,11,5,6,1,0
201955,University of Cincinnati-Blue Ash College,2019,1,1,28,35,128,230,30,59,0,1,372,501,30,52,4,6,6,7
201964,Ohio Christian University,2019,0,1,1,0,20,25,4,2,0,1,53,77,0,4,5,8,0,0
202046,Cleveland Institute of Art,2019,0,0,1,3,2,14,3,8,0,0,28,80,2,9,0,0,1,4
202073,Cleveland Institute of Music,2019,0,0,2,5,1,0,4,1,0,0,12,10,3,1,0,0,4,11
202134,Cleveland State University,2019,0,2,28,32,96,164,71,113,1,2,583,706,36,70,5,3,16,16
202170,Columbus College of Art & Design,2019,0,0,0,6,16,17,6,14,0,0,44,125,8,13,2,1,6,9
202480,University of Dayton,2019,0,0,11,14,43,53,82,66,0,2,821,806,32,32,2,1,51,13
202514,Defiance College,2019,2,1,0,0,44,7,14,8,0,0,52,42,6,4,0,0,0,0
202523,Denison University,2019,1,0,9,11,15,19,24,19,0,0,192,201,14,10,7,6,54,43
202763,The University of Findlay,2019,1,2,4,5,16,5,11,6,0,0,97,259,6,7,41,58,1,0
202806,Franklin University,2019,2,2,1,0,37,11,0,0,0,0,63,80,0,0,75,33,11,3
202903,Gods Bible School and College,2019,0,0,0,1,1,0,0,2,0,0,20,20,1,1,0,0,1,0
202912,Good Samaritan College of Nursing and Health Science,2019,0,0,0,0,0,0,0,0,0,0,0,5,0,0,0,0,0,0
203085,Heidelberg University,2019,0,0,0,0,21,8,8,11,0,0,137,124,4,8,4,4,3,0
203128,Hiram College,2019,0,0,1,1,18,31,8,5,0,0,46,63,3,5,30,15,1,0
203368,John Carroll University,2019,1,0,16,11,15,18,14,12,0,0,330,283,8,6,3,3,5,0
203447,Kent State University at Ashtabula,2019,0,0,1,0,2,0,9,5,1,0,24,76,4,10,0,1,0,0
203465,Kent State University at Stark,2019,1,0,1,3,8,18,5,4,0,0,152,216,11,13,2,7,1,0
203474,Kent State University at Trumbull,2019,0,2,0,0,6,12,1,2,0,0,41,90,1,4,3,2,0,0
203483,Kent State University at Tuscarawas,2019,0,1,0,2,9,1,0,2,0,0,97,137,5,3,1,6,3,0
203492,Kent State University at Salem,2019,0,0,1,1,0,0,2,3,0,0,28,88,0,1,4,13,0,1
203517,Kent State University at Kent,2019,1,1,31,49,125,231,68,120,1,1,1169,2074,67,129,48,51,37,45
203526,Kent State University at Geauga,2019,0,0,1,0,14,26,3,5,0,0,62,55,9,3,5,2,0,0
203535,Kenyon College,2019,0,0,10,8,10,9,13,20,0,0,152,183,11,9,1,5,34,22
203544,Kettering College,2019,0,0,0,4,3,3,0,0,0,1,4,45,0,0,0,1,2,1
203580,Lake Erie College,2019,0,0,0,2,38,3,5,3,1,0,73,56,9,2,5,1,6,2
203757,Lourdes University,2019,0,0,2,1,14,13,7,11,0,0,46,98,2,8,0,3,0,0
203775,Malone University,2019,0,1,1,0,6,16,1,4,0,0,72,98,2,5,15,15,3,0
203845,Marietta College,2019,1,4,0,0,14,0,5,3,0,0,137,147,10,9,10,5,3,0
203960,Mercy College of Ohio,2019,0,0,0,0,1,2,0,1,0,0,6,21,0,0,0,0,0,0
204006,Miami University-Hamilton,2019,0,0,9,5,15,23,14,21,1,1,149,195,5,15,2,1,18,2
204015,Miami University-Middletown,2019,0,0,4,1,4,4,4,3,0,0,57,122,12,10,0,0,2,0
204024,Miami University-Oxford,2019,4,4,47,68,72,81,133,127,1,2,1675,1724,72,98,7,9,114,69
204176,Mount Carmel College of Nursing,2019,0,0,0,1,0,6,0,0,0,0,1,26,0,3,0,0,0,0
204185,University of Mount Union,2019,0,1,2,2,36,14,11,11,1,0,230,206,14,11,7,3,4,2
204194,Mount Vernon Nazarene University,2019,2,0,1,0,7,2,4,8,0,0,131,143,6,5,5,10,0,0
204200,Mount St. Joseph University,2019,0,0,0,1,16,10,8,2,0,0,97,141,8,4,1,0,0,0
204264,Muskingum University,2019,0,0,3,2,23,4,8,2,0,0,147,177,5,5,4,4,1,2
204468,Notre Dame College,2019,0,0,0,0,71,58,10,4,1,0,78,83,4,7,7,9,4,0
204486,University of Northwestern Ohio,2019,6,2,3,0,28,0,24,3,0,0,597,82,0,0,96,9,0,6
204501,Oberlin College,2019,0,0,18,24,17,25,25,38,0,1,216,272,18,40,2,4,43,55
204617,Ohio Dominican University,2019,3,2,3,3,39,39,6,15,0,0,74,69,3,9,8,5,2,5
204635,Ohio Northern University,2019,0,0,4,10,13,4,2,2,1,1,252,214,24,19,27,31,3,1
204671,Ohio State University-Lima Campus,2019,0,0,5,2,7,18,3,4,0,0,136,158,10,6,5,2,0,0
204680,Ohio State University-Mansfield Campus,2019,0,0,12,6,27,29,5,14,0,0,161,141,8,10,2,5,1,0
204699,Ohio State University-Marion Campus,2019,0,0,27,17,8,7,10,13,0,1,183,155,13,9,9,10,1,1
204705,Ohio State University-Newark Campus,2019,1,0,43,41,135,141,45,36,0,0,491,434,50,41,20,16,0,0
204796,Ohio State University-Main Campus,2019,1,4,361,335,185,298,196,258,1,1,2307,2467,140,189,161,128,408,268
204857,Ohio University-Main Campus,2019,0,3,16,36,75,96,57,74,1,0,1302,1722,66,93,42,48,20,12
204909,Ohio Wesleyan University,2019,0,0,6,5,13,17,11,17,0,2,121,150,11,13,0,3,8,12
204936,Otterbein University,2019,0,0,4,9,22,32,14,29,0,0,191,283,10,20,4,5,0,0
205027,Pontifical College Josephinum,2019,0,0,0,0,0,0,1,0,0,0,6,0,0,0,0,0,0,0
205124,Rabbinical College Telshe,2019,0,0,0,0,0,0,0,0,0,0,12,0,0,0,0,0,0,0
205203,University of Rio Grande,2019,0,1,0,2,8,4,4,0,0,0,43,67,0,0,11,17,0,0
205443,Shawnee State University,2019,2,1,0,4,19,15,5,1,0,0,284,373,13,9,21,14,3,8
205957,Franciscan University of Steubenville,2019,0,0,4,8,2,2,37,50,1,0,153,205,6,6,1,5,3,1
206048,Tiffin University,2019,0,1,7,3,67,28,6,3,0,0,131,142,1,5,12,5,13,12
206084,University of Toledo,2019,2,1,29,42,134,166,68,80,3,1,1036,1056,72,93,30,36,80,55
206279,Union Institute & University,2019,0,0,0,0,0,0,0,0,0,0,0,1,0,0,0,0,0,0
206349,Ursuline College,2019,0,0,0,2,0,25,0,1,0,0,1,52,0,6,0,1,0,4
206394,The North Coast College,2019,0,0,0,0,1,1,0,0,0,0,1,1,0,0,0,0,0,0
206437,Walsh University,2019,1,0,2,2,21,8,7,6,0,0,80,112,7,12,50,60,12,14
206507,Wilmington College,2019,1,0,0,3,22,6,4,5,0,0,104,155,11,7,9,9,5,0
206525,Wittenberg University,2019,1,0,0,0,23,10,13,6,0,0,126,136,11,15,0,1,0,2
206589,The College of Wooster,2019,1,1,8,14,28,24,15,26,0,0,165,139,10,14,3,5,49,41
206604,Wright State University-Main Campus,2019,0,0,22,21,63,170,26,29,0,0,386,524,34,50,2,2,12,4
206613,Wright State University-Lake Campus,2019,0,0,2,0,6,5,0,3,0,0,117,123,3,5,1,0,0,0
206622,Xavier University,2019,0,0,12,23,46,50,40,35,2,1,454,484,15,22,9,3,4,6
206695,Youngstown State University,2019,1,4,17,13,65,96,40,57,1,0,679,801,44,55,38,26,16,17
206817,Bacone College,2019,28,31,0,0,3,0,1,0,1,0,2,2,1,1,2,1,0,0
206835,Oklahoma Wesleyan University,2019,4,2,1,0,6,9,7,3,1,0,49,46,8,12,3,2,5,1
206862,Southern Nazarene University,2019,12,7,2,2,27,5,34,20,0,0,73,69,13,8,2,4,2,3
206914,Cameron University,2019,10,18,5,6,27,38,29,55,0,3,98,150,21,53,7,10,4,4
206941,University of Central Oklahoma,2019,21,39,21,27,71,112,97,159,1,0,352,566,93,137,10,33,47,65
207041,East Central University,2019,27,44,1,2,36,11,12,12,0,2,118,160,4,1,22,14,9,5
207157,Randall University,2019,4,2,0,0,9,2,7,5,0,0,20,2,2,1,0,0,0,0
207209,Langston University,2019,17,37,0,2,214,297,1,3,0,0,12,11,13,16,22,12,5,2
207254,Spartan College of Aeronautics and Technology,2019,7,1,2,0,12,2,33,12,1,0,69,3,14,3,14,2,11,0
207263,Northeastern State University,2019,64,97,4,2,23,16,23,34,1,0,131,173,56,72,3,6,7,5
207306,Northwestern Oklahoma State University,2019,12,14,2,0,18,6,23,30,1,0,71,124,0,5,14,20,1,1
207324,Oklahoma Christian University,2019,5,4,3,5,11,15,16,16,0,2,137,144,19,18,0,1,0,0
207351,Oklahoma Panhandle State University,2019,4,2,1,1,35,2,50,50,0,0,40,37,3,0,0,0,10,1
207388,Oklahoma State University-Main Campus,2019,54,89,27,35,51,55,129,164,1,2,1249,1314,166,179,0,0,35,13
207397,Oklahoma State University-Oklahoma City,2019,7,7,5,6,11,16,44,79,0,2,74,117,18,18,0,2,0,0
207403,Oklahoma Baptist University,2019,11,18,0,4,22,12,8,14,0,0,123,187,13,22,6,2,4,3
207458,Oklahoma City University,2019,3,6,4,5,8,9,9,22,0,0,64,158,15,17,0,0,4,3
207500,University of Oklahoma-Norman Campus,2019,51,57,140,137,61,68,204,237,4,2,1170,1353,168,212,15,27,54,53
207564,Oklahoma State University Institute of Technology,2019,55,25,0,1,14,10,37,10,0,0,235,62,82,29,2,1,3,0
207582,Oral Roberts University,2019,6,12,6,11,44,39,24,53,0,0,83,127,10,16,6,14,28,35
207661,Rogers State University,2019,33,59,4,5,9,18,17,29,0,0,111,165,28,63,0,1,7,6
207722,University of Science and Arts of Oklahoma,2019,1,7,0,2,1,10,8,9,0,0,28,65,10,20,1,1,12,5
207847,Southeastern Oklahoma State University,2019,22,36,0,0,17,11,21,22,0,0,132,112,68,58,0,0,3,0
207856,Southwestern Christian University,2019,2,5,2,1,17,14,5,0,0,1,23,21,2,4,2,1,12,1
207865,Southwestern Oklahoma State University,2019,10,17,5,11,31,6,40,75,0,1,202,334,31,42,9,15,3,8
207971,University of Tulsa,2019,12,14,29,28,37,29,40,49,0,1,244,205,36,55,3,5,26,13
208646,Eastern Oregon University,2019,3,1,2,2,6,2,14,31,8,10,82,119,5,10,2,3,1,3
208725,New Hope Christian College-Eugene,2019,0,0,1,0,1,0,0,0,1,0,7,3,3,7,0,0,0,0
208822,George Fox University,2019,2,1,8,16,3,2,28,64,2,0,196,214,29,28,0,3,2,4
209056,Lewis & Clark College,2019,0,0,6,9,15,5,26,35,0,2,118,223,22,23,3,1,8,11
209065,Linfield University,2019,1,3,7,24,3,5,28,67,0,1,106,186,8,18,0,1,1,0
209241,Mount Angel Seminary,2019,0,0,0,0,0,0,4,0,0,0,1,0,1,0,0,0,0,0
209287,Multnomah University,2019,0,0,1,1,2,0,11,5,0,1,20,15,4,2,0,0,0,0
209409,Bushnell University,2019,1,4,2,1,1,7,0,3,0,3,35,35,4,15,1,0,0,1
209506,Oregon Institute of Technology,2019,0,1,13,8,0,0,20,27,1,2,163,111,11,13,3,2,3,2
209542,Oregon State University,2019,6,12,156,126,9,20,207,223,3,6,1024,940,117,132,7,6,30,18
209551,University of Oregon,2019,7,19,136,200,56,58,286,387,9,16,1162,1535,146,213,50,56,64,63
209603,Pacific Northwest College of Art,2019,0,2,2,6,3,3,6,9,0,0,15,54,0,0,2,4,1,1
209612,Pacific University,2019,2,2,15,46,4,3,29,36,2,7,78,119,22,37,6,7,1,0
209807,Portland State University,2019,5,11,97,96,34,42,125,265,4,7,275,417,52,65,34,25,14,8
209825,University of Portland,2019,2,3,82,119,4,7,45,107,7,4,164,308,47,65,11,10,5,14
209922,Reed College,2019,0,0,13,11,1,1,12,28,0,0,113,126,22,22,1,4,23,17
210146,Southern Oregon University,2019,1,8,7,8,10,4,30,69,5,7,136,235,35,38,12,10,4,3
210304,Warner Pacific University,2019,0,1,3,3,2,5,12,12,0,0,7,10,1,4,0,0,0,0
210331,Corban University,2019,0,3,2,3,1,2,7,5,2,3,58,84,6,16,8,5,0,1
210401,Willamette University,2019,1,2,4,14,3,3,20,36,0,1,113,139,10,17,1,6,1,0
210429,Western Oregon University,2019,1,6,7,16,7,9,53,133,8,9,143,275,25,34,9,4,6,6
210492,Bryn Athyn College of the New Church,2019,0,0,0,2,6,12,0,0,0,0,22,15,1,0,5,10,6,0
210571,Albright College,2019,0,0,4,5,45,67,25,41,0,0,64,82,11,14,0,2,7,3
210669,Allegheny College,2019,0,0,8,11,26,20,14,29,0,0,148,196,8,9,3,6,11,7
210739,DeSales University,2019,1,0,7,14,11,11,23,33,0,0,121,232,5,8,7,6,0,0
210775,Alvernia University,2019,0,3,0,6,31,14,18,36,0,0,113,144,14,12,4,4,0,0
211024,Clarks Summit University,2019,0,1,1,0,7,1,1,2,0,0,22,22,2,2,0,0,0,0
211088,Arcadia University,2019,1,1,13,11,28,43,26,47,0,0,100,220,8,17,3,8,0,3
211273,Bryn Mawr College,2019,0,0,0,42,0,14,0,31,0,0,0,195,0,20,0,7,0,65
211291,Bucknell University,2019,0,0,21,20,16,18,28,36,1,0,343,403,10,15,0,0,40,13
211352,Cabrini University,2019,0,0,9,9,46,53,14,41,0,0,76,91,2,7,5,11,0,0
211431,Carlow University,2019,0,0,2,4,5,10,2,4,0,0,19,99,2,9,1,5,0,0
211440,Carnegie Mellon University,2019,0,0,227,334,35,26,103,47,1,0,200,160,31,36,49,63,143,130
211468,Cedar Crest College,2019,0,0,0,6,0,24,0,23,0,0,0,122,0,9,0,15,0,6
211477,Central Penn College,2019,0,1,0,2,5,8,2,3,0,0,11,15,1,0,1,1,1,0
211556,Chatham University,2019,0,0,1,9,3,7,17,9,0,0,57,183,3,7,6,10,2,0
211583,Chestnut Hill College,2019,0,0,0,1,32,30,12,19,0,0,46,46,5,7,0,8,3,1
211608,Cheyney University of Pennsylvania,2019,0,0,1,1,52,114,7,18,0,0,1,0,5,7,3,3,1,0
211893,Curtis Institute of Music,2019,0,0,3,0,1,0,1,0,0,0,3,4,0,0,0,0,9,1
211981,Delaware Valley University,2019,0,1,1,5,33,13,17,12,1,0,86,163,5,6,18,16,0,0
212009,Dickinson College,2019,0,0,3,17,11,11,11,26,0,0,138,163,9,12,4,3,29,16
212054,Drexel University,2019,0,1,380,356,76,91,104,130,1,0,845,671,74,57,53,41,164,117
212106,Duquesne University,2019,0,0,17,27,34,37,35,35,0,0,352,696,20,36,0,0,4,7
212115,East Stroudsburg University of Pennsylvania,2019,1,2,3,13,111,139,88,96,0,2,245,338,24,30,18,12,0,1
212133,Eastern University,2019,0,0,1,4,19,29,29,44,0,0,63,92,4,9,12,17,3,3
212197,Elizabethtown College,2019,0,0,4,9,8,5,8,18,0,0,123,183,2,3,2,3,2,0
212577,Franklin and Marshall College,2019,0,1,8,17,12,19,28,42,0,0,156,176,13,10,3,5,70,67
212601,Gannon University,2019,0,0,0,10,34,19,15,26,0,0,178,329,13,21,16,20,26,12
212656,Geneva College,2019,1,0,5,2,17,4,4,1,0,0,135,112,7,5,5,5,6,1
212674,Gettysburg College,2019,1,0,8,14,11,18,23,37,0,0,259,249,7,7,7,10,15,15
212805,Grove City College,2019,0,0,2,6,1,1,1,1,0,0,247,205,11,8,3,0,2,2
212832,Gwynedd Mercy University,2019,0,4,2,15,9,33,3,10,0,2,37,117,0,2,1,4,0,0
212911,Haverford College,2019,0,0,9,34,5,10,22,24,0,0,81,101,16,14,0,1,26,20
212984,Holy Family University,2019,2,1,6,14,24,39,0,3,0,1,68,161,0,1,5,19,0,0
213011,Immaculata University,2019,0,1,1,5,20,11,8,38,0,0,56,104,2,5,0,0,0,1
213020,Indiana University of Pennsylvania-Main Campus,2019,1,5,10,20,113,167,44,80,0,0,487,789,39,77,8,14,3,6
213251,Juniata College,2019,1,0,1,4,9,12,10,14,0,0,125,165,10,4,3,2,26,12
213303,Keystone College,2019,1,2,0,1,61,14,10,9,0,0,97,108,13,9,7,8,0,0
213321,King's College,2019,1,2,3,4,26,8,43,36,0,0,192,187,8,8,22,9,6,2
213349,Kutztown University of Pennsylvania,2019,1,3,15,17,74,54,52,83,0,0,414,596,17,28,16,17,4,1
213358,La Roche University,2019,0,0,0,0,11,24,5,8,0,0,45,60,4,5,9,5,12,17
213367,La Salle University,2019,1,1,13,27,40,81,63,113,0,0,177,211,8,23,4,5,12,12
213376,Lackawanna College,2019,2,0,1,0,62,11,24,32,1,0,109,94,3,5,26,17,0,0
213385,Lafayette College,2019,0,0,17,16,23,13,27,25,0,0,226,234,13,11,12,11,39,31
213400,Lancaster Bible College,2019,0,0,3,1,2,3,1,7,0,0,48,53,18,25,1,4,0,0
213507,Lebanon Valley College,2019,0,1,3,9,14,2,19,18,0,0,184,211,4,5,2,2,3,1
213543,Lehigh University,2019,0,0,63,45,58,27,73,67,0,1,457,379,34,27,23,28,68,56
213598,Lincoln University,2019,1,0,0,0,127,256,7,14,0,0,2,2,7,13,4,5,1,4
213668,Lycoming College,2019,1,0,0,3,22,24,28,34,0,0,95,93,8,10,6,7,6,3
213774,Manor College,2019,1,0,2,5,30,35,10,23,0,0,11,34,2,9,1,0,0,0
213826,Marywood University,2019,0,0,4,4,5,5,11,9,0,0,70,160,1,4,25,60,1,1
213987,Mercyhurst University,2019,0,4,1,2,13,10,14,17,0,0,182,295,0,0,14,11,11,10
213996,Messiah University,2019,1,0,3,18,7,15,14,23,0,0,202,286,12,10,0,1,7,7
214041,Millersville University of Pennsylvania,2019,4,5,13,22,66,71,48,74,0,0,411,557,4,8,2,3,0,0
214069,Misericordia University,2019,0,1,2,4,7,2,6,6,0,0,131,221,15,5,5,4,1,0
214148,Moore College of Art and Design,2019,0,0,0,6,0,17,0,8,0,1,0,59,0,3,0,7,0,1
214157,Moravian University,2019,1,0,6,9,5,3,24,21,0,0,125,187,3,9,11,8,9,7
214166,Mount Aloysius College,2019,0,1,1,0,5,6,1,3,0,0,51,143,0,0,7,12,11,2
214175,Muhlenberg College,2019,0,0,7,11,11,11,17,32,0,0,158,246,8,6,4,17,4,6
214272,Neumann University,2019,0,1,2,3,35,100,7,12,0,0,81,137,3,18,4,12,0,1
214883,Peirce College,2019,0,0,0,1,9,10,1,0,0,0,0,1,0,1,0,0,0,0
214971,Pennsylvania Academy of the Fine Arts,2019,0,1,2,2,0,2,0,0,0,0,3,13,0,4,0,3,0,1
215053,Pennsylvania College of Art and Design,2019,0,0,0,2,4,3,1,2,0,0,9,40,1,2,0,0,0,0
215062,University of Pennsylvania,2019,2,1,253,298,77,113,109,132,0,0,424,390,47,73,59,51,152,160
215105,University of the Arts,2019,0,1,2,8,37,54,17,44,0,0,58,136,0,0,13,23,4,4
215114,Cairn University-Langhorne,2019,0,0,1,1,6,7,7,3,0,0,77,88,9,13,2,7,5,8
215266,University of Pittsburgh-Bradford,2019,1,1,10,5,31,57,13,23,0,0,107,154,9,11,3,2,4,1
215275,University of Pittsburgh-Greensburg,2019,0,0,9,16,5,25,16,17,0,0,133,167,7,9,4,1,1,1
215284,University of Pittsburgh-Johnstown,2019,0,0,8,3,14,12,36,35,0,0,260,197,8,7,13,10,2,0
215293,University of Pittsburgh-Pittsburgh Campus,2019,0,3,209,314,68,127,127,162,0,1,1141,1476,70,96,27,28,100,73
215415,Pittsburgh Technical College,2019,4,1,2,1,17,17,2,6,0,0,198,111,16,6,187,103,0,0
215442,Point Park University,2019,0,2,0,6,35,39,12,29,0,1,148,294,16,30,1,0,10,6
215637,Walnut Hill College,2019,0,0,3,2,9,24,2,7,0,0,19,42,5,6,0,0,1,0
215655,Robert Morris University,2019,1,0,4,6,46,26,10,13,0,1,315,242,14,18,9,3,14,9
215691,Rosemont College,2019,0,0,0,1,12,20,12,12,0,1,8,13,1,2,2,10,0,1
215743,Saint Francis University,2019,0,3,3,8,23,4,1,2,1,0,122,211,4,4,7,4,2,4
215770,Saint Joseph's University,2019,2,0,16,12,20,35,54,51,0,1,396,469,14,17,3,5,2,6
215798,Saint Vincent College,2019,0,0,0,2,19,2,21,6,0,0,140,151,6,1,3,6,1,0
215929,University of Scranton,2019,2,0,9,21,16,13,50,73,1,0,305,433,13,14,17,20,5,2
215947,Seton Hill University,2019,0,0,6,3,35,4,8,9,0,1,101,206,4,8,0,4,4,1
216010,Shippensburg University of Pennsylvania,2019,0,1,7,11,117,140,38,49,0,0,431,417,28,38,3,4,3,5
216038,Slippery Rock University of Pennsylvania,2019,0,1,6,13,34,32,12,28,0,0,565,803,20,38,13,5,6,3
216047,Saint Charles Borromeo Seminary-Overbrook,2019,0,0,0,0,0,0,0,0,0,0,5,0,0,0,0,0,0,0
216278,Susquehanna University,2019,0,0,2,11,25,18,19,24,1,0,194,287,2,11,9,11,4,2
216287,Swarthmore College,2019,0,2,29,34,15,20,34,23,0,1,71,74,12,23,6,9,35,29
216311,Talmudical Yeshiva of Philadelphia,2019,0,0,0,0,0,0,0,0,0,0,35,0,0,0,0,0,1,0
216339,Temple University,2019,1,0,258,386,180,444,162,267,1,1,1245,1539,77,158,19,44,90,70
216357,Thiel College,2019,0,2,2,2,34,12,2,8,0,1,79,82,10,5,3,5,0,0
216366,Thomas Jefferson University,2019,0,0,22,54,14,56,21,38,0,0,116,243,9,27,2,7,5,6
216524,Ursinus College,2019,0,0,12,8,23,16,16,20,0,0,149,151,9,4,8,12,3,0
216542,University of Valley Forge,2019,0,0,1,0,7,6,10,15,0,0,23,31,1,3,5,2,1,0
216597,Villanova University,2019,1,0,63,58,40,36,80,95,0,0,538,657,21,34,6,7,27,23
216667,Washington & Jefferson College,2019,0,0,3,3,15,13,9,11,0,0,107,110,2,9,1,4,1,3
216694,Waynesburg University,2019,0,0,1,2,4,6,6,11,1,0,112,178,9,9,7,9,0,0
216764,West Chester University of Pennsylvania,2019,2,0,30,37,103,177,71,132,2,1,824,1280,45,64,32,58,0,2
216807,Westminster College,2019,2,0,0,0,18,4,4,1,2,2,100,121,0,2,14,9,0,0
216852,Widener University,2019,0,0,15,10,39,45,25,29,0,0,252,272,5,7,11,9,5,3
216931,Wilkes University,2019,0,0,6,9,21,4,26,28,0,1,182,216,3,16,0,0,10,10
217013,Wilson College,2019,0,0,1,2,7,4,5,11,0,0,27,130,0,2,0,5,3,1
217059,York College of Pennsylvania,2019,0,1,14,11,28,36,31,49,1,2,309,413,14,17,4,7,2,3
217156,Brown University,2019,1,2,135,171,66,60,77,86,2,1,372,301,46,72,39,39,84,106
217165,Bryant University,2019,1,0,16,13,22,5,26,25,0,0,419,252,16,5,4,2,22,26
217235,Johnson & Wales University-Providence,2019,1,0,21,39,64,120,68,129,0,0,360,523,2,4,38,55,21,28
217305,New England Institute of Technology,2019,0,0,1,0,1,0,37,9,0,0,2,4,8,4,313,96,6,0
217402,Providence College,2019,0,0,4,12,14,14,51,82,0,4,389,434,8,21,18,18,9,12
217420,Rhode Island College,2019,5,7,7,18,38,79,97,193,0,0,122,324,2,8,4,13,0,2
217484,University of Rhode Island,2019,3,1,47,49,77,92,158,221,1,1,1002,1293,51,67,21,15,11,13
217493,Rhode Island School of Design,2019,0,0,27,78,12,11,6,32,0,0,37,63,4,25,5,4,63,113
217518,Roger Williams University,2019,1,1,11,15,8,15,42,61,0,0,454,419,0,1,42,36,2,3
217536,Salve Regina University,2019,1,1,3,4,5,5,17,33,0,1,180,362,8,14,5,7,6,2
217606,Northpoint Bible College,2019,0,0,0,0,0,1,5,3,1,0,10,16,0,0,1,5,0,0
217624,Allen University,2019,2,1,0,1,97,108,0,2,0,0,0,3,0,0,5,8,1,1
217633,Anderson University,2019,2,1,2,11,8,12,7,23,0,1,175,385,2,6,0,0,4,0
217688,Charleston Southern University,2019,0,1,2,8,39,51,13,23,2,1,142,230,10,15,10,24,2,5
217721,Benedict College,2019,1,7,0,2,287,380,7,9,0,0,2,3,0,0,11,19,0,0
217749,Bob Jones University,2019,0,1,8,3,8,3,8,21,1,1,149,171,7,6,83,144,16,18
217776,Southern Wesleyan University,2019,0,0,0,0,19,14,5,9,0,0,53,88,1,1,1,0,3,0
217819,College of Charleston,2019,1,3,10,27,40,82,38,94,0,0,479,1145,26,60,5,15,10,11
217864,Citadel Military College of South Carolina,2019,1,0,10,1,36,6,38,12,1,0,444,51,29,6,5,1,3,2
217873,Claflin University,2019,3,5,1,2,142,284,2,5,0,0,0,0,0,0,2,2,6,5
217882,Clemson University,2019,4,9,53,56,82,134,151,142,2,2,1383,1692,85,102,6,4,14,7
217891,Clinton College,2019,0,0,0,1,32,27,0,0,0,0,0,0,4,0,0,0,0,0
217907,Coker University,2019,0,2,1,0,26,36,5,6,0,0,63,88,11,11,0,0,12,4
217925,Columbia International University,2019,0,0,1,0,16,6,3,3,0,0,42,40,0,0,3,4,9,5
217934,Columbia College,2019,0,2,0,2,0,80,0,17,0,0,0,48,0,12,0,4,0,1
217961,Converse University,2019,0,3,0,4,0,30,0,12,0,1,0,110,0,14,0,7,0,5
217998,Erskine College,2019,5,2,3,3,100,13,15,7,1,1,159,83,0,0,28,8,0,0
218061,Francis Marion University,2019,0,3,4,4,84,216,14,19,0,0,128,186,8,17,6,10,5,2
218070,Furman University,2019,2,0,8,13,9,19,13,18,0,0,211,321,8,12,2,1,7,4
218229,Lander University,2019,3,4,1,4,59,189,10,16,1,0,220,378,13,31,4,7,2,1
218238,Limestone University,2019,0,1,1,0,82,36,16,13,0,0,98,71,0,0,1,0,10,9
218399,Morris College,2019,0,0,0,0,85,97,2,1,0,0,1,2,1,2,2,7,0,0
218414,Newberry College,2019,0,0,0,3,95,47,3,3,0,0,69,75,5,3,13,6,14,4
218441,North Greenville University,2019,0,0,1,0,22,11,6,7,1,0,138,174,12,2,14,12,0,0
218539,Presbyterian College,2019,0,0,0,4,53,21,8,15,0,0,95,124,11,9,0,0,1,1
218645,University of South Carolina Aiken,2019,1,2,2,4,39,76,15,20,0,0,125,224,12,24,2,2,7,1
218654,University of South Carolina Beaufort,2019,1,1,4,1,28,68,10,28,0,0,78,184,13,14,1,1,2,6
218663,University of South Carolina-Columbia,2019,2,6,118,126,153,213,148,198,1,3,2223,2702,105,155,18,30,41,37
218724,Coastal Carolina University,2019,1,14,6,17,197,191,66,79,1,2,633,934,33,62,18,37,3,7
218733,South Carolina State University,2019,0,1,1,0,155,172,1,2,0,0,1,1,0,0,5,20,0,0
218742,University of South Carolina-Upstate,2019,2,1,7,11,87,271,20,52,0,0,146,204,8,36,10,7,11,8
218919,Voorhees University,2019,0,0,0,0,65,98,0,0,0,0,0,0,0,0,0,0,0,0
218964,Winthrop University,2019,2,4,1,12,120,281,19,51,1,0,176,347,12,34,0,1,6,6
218973,Wofford College,2019,0,1,3,4,19,15,10,17,0,0,178,205,6,9,0,0,5,2
219000,Augustana University,2019,3,2,3,5,6,3,8,12,0,0,118,239,6,5,0,0,9,11
219046,Black Hills State University,2019,9,11,2,1,5,1,14,21,0,1,113,266,6,10,4,7,1,3
219082,Dakota State University,2019,10,1,6,0,12,3,12,6,2,0,238,79,15,6,3,0,5,5
219091,Dakota Wesleyan University,2019,1,2,0,0,4,0,11,4,0,0,61,72,6,1,0,0,1,0
219198,Mount Marty University,2019,2,0,0,1,3,0,6,5,0,0,34,57,0,0,3,3,2,0
219204,National American University-Rapid City,2019,0,0,0,0,1,2,0,0,0,0,3,0,0,0,0,0,0,0
219259,Northern State University,2019,4,0,1,6,11,1,4,4,1,0,124,141,9,3,5,0,3,8
219277,Oglala Lakota College,2019,56,47,0,0,1,0,0,0,0,0,0,0,0,0,0,0,0,0
219347,South Dakota School of Mines and Technology,2019,3,1,1,3,3,0,18,4,0,0,293,97,16,9,9,0,6,4
219356,South Dakota State University,2019,14,19,5,15,23,9,25,27,0,0,856,955,15,28,17,13,21,15
219374,Sinte Gleska University,2019,11,20,0,0,0,0,0,0,0,0,0,1,0,0,0,0,0,0
219383,University of Sioux Falls,2019,2,1,2,1,6,4,4,4,0,0,80,155,12,13,3,2,1,2
219471,University of South Dakota,2019,5,10,2,11,21,23,16,37,0,0,364,664,16,25,6,18,8,12
219505,American Baptist College,2019,0,0,0,0,9,12,0,0,0,0,0,0,0,0,0,0,1,0
219602,Austin Peay State University,2019,3,2,8,9,137,215,61,77,1,0,327,538,45,52,13,18,4,6
219639,Baptist Health Sciences University,2019,0,0,0,2,3,20,0,16,0,0,8,36,0,3,1,0,0,0
219709,Belmont University,2019,1,1,12,30,33,46,48,76,0,2,459,863,29,55,2,7,5,6
219718,Bethel University,2019,0,1,0,0,60,77,2,2,0,1,95,112,41,28,4,4,15,3
219790,Bryan College-Dayton,2019,0,0,0,0,5,1,4,3,0,1,92,83,2,2,0,1,1,0
219806,Carson-Newman University,2019,0,2,0,2,29,15,16,21,1,1,159,272,7,3,6,5,8,9
219833,Christian Brothers University,2019,0,0,9,8,33,38,12,15,1,1,52,71,3,11,29,46,7,3
219949,Cumberland University,2019,3,5,4,5,42,26,16,25,0,0,204,260,0,0,41,45,10,8
219976,Lipscomb University,2019,0,1,4,14,16,21,17,37,1,0,188,273,2,9,0,3,15,9
220075,East Tennessee State University,2019,8,3,8,18,53,71,36,46,1,0,576,807,40,72,7,4,10,12
220181,Fisk University,2019,0,0,0,0,67,202,1,3,0,0,0,2,2,3,19,9,9,7
220206,Welch College,2019,0,0,0,1,1,1,3,3,0,0,21,37,2,3,0,0,0,0
220215,Freed-Hardeman University,2019,2,1,1,2,5,12,0,0,0,1,137,161,2,0,3,0,0,0
220473,Johnson University,2019,0,0,0,0,4,2,1,1,0,0,64,52,0,1,2,4,2,1
220516,King University,2019,0,0,0,1,8,5,0,2,1,0,72,92,0,0,8,3,9,1
220552,South College,2019,0,2,0,2,7,31,4,20,0,0,18,158,0,8,1,2,1,5
220598,Lane College,2019,2,0,0,0,141,195,2,3,0,1,1,0,3,2,30,22,0,2
220604,Le Moyne-Owen College,2019,0,0,0,0,59,82,2,0,0,0,1,0,0,0,0,0,0,1
220613,Lee University,2019,2,2,1,10,14,16,2,1,0,0,248,425,13,20,6,8,11,8
220631,Lincoln Memorial University,2019,3,2,0,2,8,11,0,0,0,0,93,132,0,0,5,5,0,0
220701,The University of Tennessee Southern,2019,1,1,2,0,13,16,4,6,0,0,70,97,5,6,4,1,5,2
220710,Maryville College,2019,0,0,1,3,16,6,11,12,0,0,82,121,4,8,1,0,6,1
220862,University of Memphis,2019,1,0,43,50,323,537,99,133,0,0,573,640,49,64,29,28,16,32
220978,Middle Tennessee State University,2019,6,2,63,67,280,362,156,132,2,0,1042,969,57,83,5,2,29,25
221351,Rhodes College,2019,1,0,15,22,21,35,12,23,0,1,131,181,19,20,0,0,14,22
221519,The University of the South,2019,0,0,1,4,5,5,8,14,0,0,181,191,6,5,0,0,10,8
221661,Southern Adventist University,2019,0,0,30,31,13,22,54,66,3,4,105,112,21,19,0,0,14,11
221731,Tennessee Wesleyan University,2019,0,0,0,1,23,3,10,5,1,0,52,85,0,4,4,3,11,4
221740,The University of Tennessee-Chattanooga,2019,3,0,28,39,84,153,63,88,0,0,688,1022,25,21,39,38,2,4
221759,The University of Tennessee-Knoxville,2019,1,5,122,93,139,161,132,123,2,1,1968,2172,110,126,28,30,10,16
221768,The University of Tennessee-Martin,2019,2,0,4,4,71,100,19,30,0,0,338,537,15,24,0,0,4,7
221838,Tennessee State University,2019,0,2,2,2,400,735,5,13,0,0,16,28,6,16,3,3,10,12
221847,Tennessee Technological University,2019,1,2,17,11,51,27,50,38,0,0,662,620,98,73,2,7,14,10
221892,Trevecca Nazarene University,2019,0,0,1,5,14,13,24,33,0,1,99,130,6,16,5,11,20,14
221953,Tusculum University,2019,1,1,1,0,32,11,6,9,1,0,58,113,1,5,24,4,15,6
221971,Union University,2019,2,6,3,7,7,15,0,1,0,0,92,178,0,0,1,1,6,2
221999,Vanderbilt University,2019,1,5,117,124,86,102,74,82,2,2,336,329,30,51,41,31,102,88
222178,Abilene Christian University,2019,3,4,3,6,33,41,68,119,0,0,217,345,13,30,6,1,7,11
222831,Angelo State University,2019,1,1,4,12,56,46,249,362,0,0,263,369,24,17,0,0,12,8
222877,Arlington Baptist University,2019,0,0,1,0,7,1,8,1,0,0,14,5,0,0,1,0,0,0
222983,Austin College,2019,0,0,18,23,24,15,47,69,1,0,88,85,1,1,2,0,3,1
222992,Austin Community College District,2019,3,8,73,56,55,88,503,533,3,2,504,486,44,50,8,7,29,26
223232,Baylor University,2019,1,10,122,168,55,90,224,285,3,1,813,1231,61,107,9,11,57,55
223463,Remington College-Dallas Campus,2019,0,0,2,2,12,48,20,50,0,0,9,18,0,1,0,0,0,0
223506,Brazosport College,2019,0,0,3,4,8,6,52,60,0,0,59,42,3,5,2,1,0,0
224004,Concordia University Texas,2019,1,1,0,2,17,9,33,58,0,0,39,59,5,5,1,3,0,0
224147,Texas A & M University-Corpus Christi,2019,1,1,27,22,16,41,279,534,0,1,338,382,20,43,9,7,13,10
224226,Dallas Baptist University,2019,0,0,2,10,21,17,43,63,0,1,143,247,9,15,0,0,0,0
224244,Dallas Christian College,2019,1,0,0,1,3,3,5,3,0,0,10,2,1,5,0,0,0,0
224323,University of Dallas,2019,2,0,8,14,2,6,32,73,0,0,104,124,4,2,2,2,5,2
224527,East Texas Baptist University,2019,2,0,0,4,46,17,26,32,0,1,90,106,10,8,1,0,2,0
224545,Texas A&M University-Texarkana,2019,0,0,2,2,14,19,16,27,0,0,43,65,1,5,1,2,6,4
224554,Texas A & M University-Commerce,2019,3,1,15,14,111,189,109,103,0,0,141,160,42,53,1,3,0,5
224660,Western Technical College,2019,1,1,0,1,2,2,36,36,0,0,7,9,9,3,0,0,0,0
224679,Western Technical College,2019,2,0,0,0,5,1,162,20,1,0,28,1,13,3,0,0,0,0
225201,Hallmark University,2019,0,0,2,0,15,2,44,10,0,0,36,10,3,0,2,0,0,0
225247,Hardin-Simmons University,2019,3,1,2,6,47,28,57,56,0,1,102,148,9,6,0,0,3,10
225399,Houston Christian University,2019,1,3,24,44,61,89,99,211,2,0,33,74,10,13,2,2,10,15
225414,University of Houston-Clear Lake,2019,0,1,17,16,7,4,47,70,0,0,42,45,6,6,1,0,2,1
225432,University of Houston-Downtown,2019,1,0,52,45,55,59,375,522,1,0,24,28,3,8,0,1,23,37
225502,University of Houston-Victoria,2019,0,0,4,2,18,45,63,107,1,0,15,29,1,7,2,1,10,2
225511,University of Houston,2019,1,3,728,754,263,332,906,944,0,2,534,529,102,108,22,27,63,64
225548,Howard Payne University,2019,0,0,0,0,40,10,32,35,0,0,61,53,7,6,2,0,0,0
225575,Huston-Tillotson University,2019,1,1,0,0,63,81,24,23,0,0,3,1,0,2,0,3,0,0
225627,University of the Incarnate Word,2019,3,3,4,16,37,34,220,450,1,0,77,87,12,16,6,13,13,14
225885,Jarvis Christian University,2019,1,1,1,0,78,85,13,6,0,0,3,3,0,1,5,5,0,0
226091,Lamar University,2019,2,4,24,25,142,220,121,154,0,0,189,230,21,22,9,17,9,5
226134,Laredo College,2019,0,2,0,1,2,0,577,656,0,0,12,11,3,0,5,4,0,0
226152,Texas A & M International University,2019,0,1,2,2,1,2,536,784,0,0,8,7,1,3,2,0,7,3
226231,LeTourneau University,2019,6,0,4,1,5,10,5,4,1,0,173,74,10,7,12,5,15,7
226383,Lubbock Christian University,2019,3,5,0,3,5,4,19,40,1,1,71,105,0,0,5,6,9,2
226471,University of Mary Hardin-Baylor,2019,1,4,4,8,77,64,72,147,3,0,142,276,13,23,11,15,2,4
226587,McMurry University,2019,0,0,0,0,30,22,46,34,0,0,55,54,7,2,0,0,2,3
226806,Midland College,2019,0,2,3,5,17,24,65,112,0,1,67,87,1,2,68,85,12,8
226833,Midwestern State University,2019,2,3,6,12,71,86,81,145,4,1,138,231,21,35,5,7,6,5
226879,Wade College,2019,0,0,0,1,3,6,0,0,0,1,3,9,0,4,0,3,0,0
227216,University of North Texas,2019,8,7,255,262,336,446,690,872,2,3,933,1263,111,167,13,9,67,57
227331,Our Lady of the Lake University,2019,0,0,0,1,2,5,90,191,0,1,4,13,0,0,7,11,4,1
227368,The University of Texas Rio Grande Valley,2019,0,3,34,20,5,8,1713,2486,1,1,44,47,4,4,18,32,26,31
227429,Paul Quinn College,2019,0,1,0,0,51,67,14,11,0,0,0,1,0,0,0,0,1,0
227526,Prairie View A & M University,2019,1,8,7,1,412,1063,37,99,0,0,12,7,12,20,1,4,1,2
227757,Rice University,2019,0,0,113,167,37,35,96,60,0,0,173,123,19,27,2,4,54,51
227845,Saint Edward's University,2019,1,2,6,16,7,15,113,221,0,0,109,140,8,20,4,1,17,15
227863,University of St Thomas,2019,0,1,12,33,4,5,59,122,0,0,36,21,3,5,13,12,3,7
227881,Sam Houston State University,2019,1,4,17,42,225,389,257,558,1,0,502,747,37,48,4,5,8,13
228042,Schreiner University,2019,1,0,2,3,8,7,70,70,0,0,71,61,7,7,0,0,2,0
228149,St. Mary's University,2019,1,1,6,8,2,8,173,232,0,0,39,36,1,2,9,10,8,8
228246,Southern Methodist University,2019,1,1,57,58,36,25,73,84,0,0,540,511,22,30,16,7,41,39
228325,Nelson University,2019,5,15,0,3,33,11,39,56,1,1,59,73,5,7,1,0,1,1
228343,Southwestern University,2019,1,0,5,18,6,19,45,60,0,0,132,129,6,14,1,3,1,3
228431,Stephen F Austin State University,2019,2,2,8,16,120,173,157,302,0,0,411,755,26,54,3,5,4,5
228459,Texas State University,2019,5,5,60,87,208,425,869,1706,6,3,928,1538,78,180,2,4,4,8
228468,Southwestern Adventist University,2019,0,0,2,2,7,3,19,37,0,0,11,14,4,2,0,0,1,5
228486,Southwestern Christian College,2019,0,0,0,0,19,17,0,0,0,0,0,0,0,3,0,0,0,0
228501,Sul Ross State University,2019,0,1,0,0,34,5,70,75,0,0,33,39,10,3,1,0,0,0
228529,Tarleton State University,2019,3,6,5,11,44,77,163,281,1,0,505,796,30,46,5,4,3,2
228705,Texas A & M University-Kingsville,2019,0,0,5,0,29,19,358,348,3,1,89,80,8,8,2,1,7,4
228723,Texas A & M University-College Station,2019,6,5,625,471,117,133,1221,1412,4,0,2650,2548,185,172,8,3,39,19
228769,The University of Texas at Arlington,2019,1,3,314,342,170,257,576,725,0,0,417,405,64,87,26,47,106,56
228778,The University of Texas at Austin,2019,3,3,979,1071,120,203,816,1262,4,1,1264,1593,138,195,25,29,155,146
228787,The University of Texas at Dallas,2019,3,0,950,843,86,88,366,258,1,0,661,332,114,46,69,40,84,56
228796,The University of Texas at El Paso,2019,2,5,7,5,40,25,1196,1494,4,0,49,56,18,10,15,17,63,61
228802,The University of Texas at Tyler,2019,0,1,20,34,22,37,98,103,0,1,199,264,12,12,3,2,10,4
228875,Texas Christian University,2019,1,2,24,30,33,55,107,197,0,2,574,925,45,49,16,15,34,44
228884,Texas College,2019,1,0,0,0,85,65,21,15,0,0,2,1,0,0,0,0,0,0
228981,Texas Lutheran University,2019,1,1,2,1,35,10,88,99,0,0,87,75,13,5,2,0,0,0
229018,The University of Texas Permian Basin,2019,2,0,3,4,14,11,87,96,0,0,48,55,7,10,1,2,14,1
229027,The University of Texas at San Antonio,2019,2,0,150,142,144,227,1105,1428,3,4,442,442,86,83,8,6,39,32
229063,Texas Southern University,2019,0,0,4,3,456,734,55,50,0,0,7,6,14,32,0,0,9,0
229115,Texas Tech University,2019,8,11,108,102,170,171,782,839,2,0,1669,1837,128,137,10,4,43,27
229160,Texas Wesleyan University,2019,0,0,0,3,28,22,46,81,1,0,45,31,13,18,5,1,10,23
229179,Texas Woman's University,2019,0,1,16,105,9,254,42,458,0,2,29,310,3,39,0,5,0,4
229267,Trinity University,2019,0,0,20,33,18,9,58,77,1,0,176,192,10,23,0,1,17,11
229355,Tyler Junior College,2019,4,1,26,15,267,331,245,372,3,2,428,651,60,68,22,7,9,5
229780,Wayland Baptist University,2019,1,0,0,0,38,8,60,25,0,0,46,22,4,4,5,2,2,1
229814,West Texas A & M University,2019,3,2,5,7,60,33,186,250,2,0,265,388,27,41,9,5,11,5
229887,Wiley University,2019,0,0,1,0,23,36,4,2,0,0,0,0,1,3,1,2,1,0
230038,Brigham Young University,2019,3,5,29,61,6,10,167,279,10,24,2001,2622,97,184,29,20,25,34
230047,Brigham Young University-Hawaii,2019,1,2,6,11,0,2,12,25,6,12,76,234,18,52,0,1,27,38
230171,Utah Tech University,2019,7,18,9,3,38,26,115,159,23,25,529,927,54,70,6,14,18,14
230366,Eagle Gate College-Murray,2019,0,1,0,1,0,0,0,2,0,2,1,8,0,0,0,0,0,0
230597,Snow College,2019,12,9,3,3,16,7,42,66,17,5,410,666,12,17,0,0,47,24
230603,Southern Utah University,2019,10,11,11,13,11,16,47,103,14,14,534,868,9,21,32,58,34,40
230728,Utah State University,2019,36,68,9,17,15,9,101,151,8,11,1390,2121,45,53,21,18,15,8
230737,Utah Valley University,2019,6,4,24,28,20,18,187,298,11,18,1306,1466,72,84,5,2,20,17
230764,University of Utah,2019,9,8,118,121,25,36,243,319,1,11,1391,1278,119,143,11,7,127,73
230782,Weber State University,2019,3,8,17,18,29,27,138,229,8,4,723,1160,49,64,35,42,9,14
230807,Westminster University,2019,0,0,2,2,2,2,9,24,1,1,82,131,3,10,1,4,4,5
230816,Bennington College,2019,0,0,1,3,1,1,5,15,0,0,34,69,1,8,1,1,17,16
230852,Champlain College,2019,0,0,10,5,13,9,21,18,0,0,261,125,14,8,22,15,0,0
230889,Goddard College,2019,0,0,0,1,0,0,0,0,0,0,1,0,0,0,1,5,0,0
230959,Middlebury College,2019,1,0,19,20,13,14,42,26,0,0,150,205,12,28,2,2,36,35
230995,Norwich University,2019,2,0,19,7,44,6,55,24,0,0,309,113,19,7,13,5,27,7
231059,Saint Michael's College,2019,0,0,3,3,8,5,13,13,1,0,159,167,5,5,2,0,3,5
231095,Sterling College,2019,0,0,0,0,0,0,0,1,0,0,7,8,0,0,1,6,0,1
231165,Vermont State University,2019,0,0,3,1,3,2,6,0,0,0,124,53,3,2,2,0,1,1
231174,University of Vermont,2019,0,1,27,39,10,13,34,92,0,0,830,1354,42,53,38,71,16,6
231420,Averett University,2019,1,2,1,1,57,21,3,4,1,1,62,43,7,6,3,2,10,4
231554,Bluefield University,2019,0,0,0,0,22,9,18,4,0,0,50,50,1,1,1,0,12,0
231581,Bridgewater College,2019,1,0,0,4,42,35,25,19,1,0,146,165,9,18,6,7,8,1
231624,William & Mary,2019,0,3,87,87,37,50,41,94,1,1,351,501,47,57,21,42,42,65
231651,Regent University,2019,0,1,4,4,23,34,15,22,0,0,72,90,8,12,2,1,0,1
231712,Christopher Newport University,2019,2,0,22,29,37,41,26,43,1,0,428,535,20,35,8,7,0,4
231785,Bryant & Stratton College-Virginia Beach,2019,0,1,0,2,53,65,2,3,0,0,18,26,7,7,0,0,0,0
232025,Emory & Henry University,2019,0,0,1,0,24,4,5,5,0,0,98,113,7,5,6,2,0,0
232043,Eastern Mennonite University,2019,0,0,2,1,9,16,5,15,1,0,49,74,8,11,3,5,1,2
232089,Ferrum College,2019,1,0,1,0,83,24,13,7,0,0,97,83,16,11,1,7,11,0
232186,George Mason University,2019,0,4,438,401,206,270,226,284,2,1,735,710,96,104,60,54,66,47
232256,Hampden-Sydney College,2019,1,0,3,0,14,0,8,1,0,0,186,1,7,0,6,0,1,0
232265,Hampton University,2019,2,1,0,0,283,557,3,10,0,0,2,3,0,0,0,0,4,6
232308,Hollins University,2019,0,0,0,3,0,25,0,11,0,1,0,101,0,14,0,1,0,29
232423,James Madison University,2019,1,7,97,127,83,114,127,193,2,5,1367,1988,104,128,13,33,30,26
232557,Liberty University,2019,8,6,25,45,104,138,98,155,0,4,1231,1693,56,83,171,214,63,42
232566,Longwood University,2019,0,2,2,7,30,55,11,29,0,0,164,418,17,34,4,9,8,6
232609,University of Lynchburg,2019,0,1,1,9,26,35,16,20,0,0,125,221,1,8,6,5,1,2
232618,Centra College,2019,0,0,0,0,0,5,0,0,0,0,1,6,0,0,0,0,0,0
232672,Mary Baldwin University,2019,0,0,1,4,28,90,4,18,0,0,53,151,5,10,6,10,3,6
232681,University of Mary Washington,2019,1,0,10,23,28,36,35,56,0,1,206,398,21,30,16,7,2,4
232706,Marymount University,2019,0,0,5,11,24,55,41,70,1,0,42,79,7,14,2,2,22,16
232797,American National University,2019,0,0,0,0,3,20,0,1,0,0,1,13,0,3,2,31,0,0
232937,Norfolk State University,2019,1,1,0,1,329,702,20,31,0,0,8,11,26,49,9,7,1,1
232982,Old Dominion University,2019,2,2,64,67,523,739,114,160,0,4,562,500,95,156,41,48,17,13
233277,Radford University,2019,1,6,7,12,128,234,48,76,0,0,345,598,32,91,20,40,3,4
233295,Randolph-Macon College,2019,1,0,3,4,29,17,5,13,1,0,153,170,9,14,3,2,3,4
233301,Randolph College,2019,3,1,0,3,12,15,2,11,2,0,28,51,2,6,0,2,2,3
233374,University of Richmond,2019,1,1,21,30,22,24,38,57,0,0,246,247,21,21,22,14,24,43
233426,Roanoke College,2019,0,1,2,7,13,18,16,15,0,0,195,260,6,14,0,0,4,2
233541,Shenandoah University,2019,7,13,4,3,46,21,17,23,2,2,121,167,0,0,42,29,2,4
233602,Southeastern Free Will Baptist Bible College,2019,0,0,0,0,0,0,3,2,0,0,5,4,0,0,0,0,0,0
233611,Southern Virginia University,2019,1,1,0,1,6,8,2,3,16,2,101,127,12,10,16,11,1,1
233684,Strayer University-Virginia,2019,0,0,1,0,3,2,1,0,1,0,2,2,0,0,0,0,0,2
233718,Sweet Briar College,2019,0,0,0,5,0,9,0,2,0,0,0,77,0,0,0,7,0,3
233897,University of Virginia's College at Wise,2019,0,0,4,3,23,2,4,1,0,0,96,128,2,0,7,11,0,0
233921,Virginia Polytechnic Institute and State University,2019,6,2,498,341,169,156,307,250,4,4,2641,2201,216,154,122,64,386,120
234030,Virginia Commonwealth University,2019,4,5,267,439,291,597,181,356,0,1,643,1104,131,244,9,22,33,45
234076,University of Virginia-Main Campus,2019,0,1,291,357,97,171,109,141,1,0,937,1206,92,111,93,112,98,103
234085,Virginia Military Institute,2019,3,1,22,2,30,3,26,10,2,0,285,47,11,3,0,0,2,0
234155,Virginia State University,2019,1,0,0,0,420,609,0,0,0,0,8,12,0,0,6,7,0,2
234164,Virginia Union University,2019,0,1,0,0,115,96,3,4,0,0,1,0,0,0,3,1,1,9
234173,Virginia Wesleyan University,2019,0,1,1,7,45,59,15,12,0,0,66,102,7,19,3,5,1,1
234207,Washington and Lee University,2019,0,0,6,11,6,12,12,19,0,0,181,168,10,9,3,0,12,13
234669,Bellevue College,2019,0,2,67,56,20,17,51,54,1,4,148,119,53,52,28,26,4,4
234696,Bellingham Technical College,2019,0,0,0,0,0,0,1,0,0,0,8,1,1,0,2,0,0,0
234827,Central Washington University,2019,7,9,45,33,55,44,177,240,21,11,536,562,106,105,57,65,14,6
234845,Centralia College,2019,3,0,1,0,0,2,24,34,0,1,89,128,10,10,9,9,1,0
234933,Clark College,2019,3,3,42,38,9,14,99,120,6,9,413,534,57,69,40,63,5,5
234951,Clover Park Technical College,2019,1,2,6,4,14,16,23,30,3,4,72,57,11,18,12,3,1,0
234979,Columbia Basin College,2019,0,0,9,7,5,6,177,250,0,0,157,163,19,33,9,21,0,0
235024,Cornish College of the Arts,2019,0,1,2,2,3,6,5,10,0,0,27,47,5,14,1,5,2,2
235097,Eastern Washington University,2019,7,12,21,37,37,49,124,227,9,10,419,591,58,96,39,48,3,5
235103,Edmonds College,2019,1,1,29,18,11,11,29,28,2,3,73,54,20,17,6,6,2,0
235167,The Evergreen State College,2019,5,9,1,4,1,3,16,28,0,1,60,93,2,18,4,8,0,1
235237,Pierce College District,2019,2,2,7,17,18,21,22,46,3,11,49,85,30,44,4,8,0,0
235316,Gonzaga University,2019,2,2,36,49,1,10,63,77,2,1,390,463,36,60,10,25,10,10
235334,Grays Harbor College,2019,1,0,2,1,2,2,17,31,2,1,79,61,9,15,8,2,0,0
235343,Green River College,2019,0,2,47,45,22,35,64,45,4,3,126,130,47,44,17,18,1,0
235422,Heritage University,2019,4,10,0,1,0,0,14,51,0,0,0,6,0,1,0,3,0,0
235431,Highline College,2019,0,2,31,42,23,36,34,39,2,3,50,54,30,45,11,6,1,1
235699,Lake Washington Institute of Technology,2019,0,0,8,4,3,2,15,2,0,2,56,32,8,4,15,2,6,1
236072,North Seattle College,2019,0,0,8,3,14,11,21,19,0,0,39,37,11,9,7,9,0,1
236133,Northwest University,2019,0,2,4,6,2,8,9,14,0,6,44,74,2,8,2,3,2,4
236188,Olympic College,2019,2,2,3,10,5,3,24,26,2,4,129,134,21,40,9,6,9,10
236230,Pacific Lutheran University,2019,1,1,18,43,6,12,31,63,6,5,117,201,28,49,5,10,1,0
236258,Peninsula College,2019,6,3,0,5,4,3,11,12,0,0,49,68,11,12,13,4,0,0
236328,University of Puget Sound,2019,2,0,12,31,6,6,32,37,0,4,172,239,21,37,9,5,1,1
236382,Renton Technical College,2019,0,0,14,14,14,20,28,18,1,1,48,25,3,4,6,4,0,1
236452,Saint Martin's University,2019,0,3,14,26,11,16,29,33,5,13,52,77,15,33,2,1,3,2
236504,South Seattle College,2019,1,2,14,29,24,13,30,27,2,3,37,18,21,16,17,12,5,0
236513,Seattle Central College,2019,0,0,25,13,11,26,16,21,0,1,30,28,19,22,7,15,1,5
236577,Seattle Pacific University,2019,0,2,30,57,11,28,29,77,0,8,91,200,27,43,6,11,9,5
236595,Seattle University,2019,1,1,88,123,4,21,40,78,3,7,142,245,41,61,14,20,23,10
236638,Skagit Valley College,2019,1,2,7,4,5,5,68,74,0,4,153,195,18,17,2,1,9,6
236692,Spokane Community College,2019,6,8,3,8,17,4,36,39,3,1,369,299,17,32,90,68,7,7
236708,Spokane Falls Community College,2019,6,10,9,2,13,10,63,38,1,2,263,293,31,34,84,75,29,24
236753,Tacoma Community College,2019,0,0,25,24,22,22,40,44,3,5,153,166,23,43,74,65,3,1
236887,Walla Walla Community College,2019,0,0,1,2,2,1,66,76,0,1,117,99,22,15,6,8,1,2
236896,Walla Walla University,2019,1,1,13,12,12,6,49,43,0,0,121,111,17,13,0,1,11,12
236939,Washington State University,2019,8,14,125,157,49,76,340,498,7,14,1276,1629,158,199,58,41,30,37
236948,University of Washington-Seattle Campus,2019,8,13,823,1064,69,109,233,415,12,20,1042,1339,203,333,62,58,564,553
236975,Wenatchee Valley College,2019,1,4,0,0,4,3,91,99,0,0,77,76,9,4,9,8,0,0
237011,Western Washington University,2019,1,9,83,131,33,32,125,214,4,0,845,1225,127,190,32,16,8,3
237039,Whatcom Community College,2019,0,1,8,7,4,2,25,20,1,0,66,95,11,17,10,4,0,0
237057,Whitman College,2019,0,1,7,19,5,7,13,23,0,0,112,142,18,20,4,7,24,23
237066,Whitworth University,2019,1,5,19,13,8,11,34,74,7,8,157,234,31,44,3,0,20,12
237109,Yakima Valley College,2019,1,3,4,2,5,2,115,164,0,0,62,77,7,20,4,7,1,0
237136,Appalachian Bible College,2019,0,0,0,2,0,0,0,0,0,0,13,20,0,0,0,0,0,2
237181,Bethany College,2019,0,0,1,0,25,20,0,0,0,0,40,36,5,9,31,17,0,5
237215,Bluefield State University,2019,0,0,0,1,10,18,1,0,0,0,43,111,3,6,0,1,0,0
237312,University of Charleston,2019,0,0,2,3,21,11,4,3,0,0,60,110,0,0,5,11,21,8
237330,Concord University,2019,1,0,1,1,15,7,4,2,1,0,120,182,9,7,1,0,9,6
237358,Davis & Elkins College,2019,0,0,1,0,1,2,0,0,0,0,9,15,0,0,65,118,2,0
237367,Fairmont State University,2019,2,1,1,1,12,6,9,6,0,0,258,412,10,17,3,1,4,9
237385,Glenville State University,2019,1,0,0,0,30,8,6,4,0,0,136,122,4,4,4,3,4,3
237525,Marshall University,2019,1,0,7,8,59,44,20,16,1,0,592,918,29,39,3,1,12,3
237686,West Virginia University at Parkersburg,2019,1,0,1,1,2,1,0,1,0,0,100,163,8,6,2,4,0,0
237701,Potomac State College of West Virginia University,2019,0,0,2,1,24,13,15,7,0,0,161,192,14,16,7,7,4,1
237783,Salem University,2019,2,0,0,0,28,16,4,7,0,0,22,22,0,4,10,15,26,5
237792,Shepherd University,2019,1,0,6,7,30,12,11,20,0,0,137,226,7,14,4,9,3,0
237899,West Virginia State University,2019,0,0,1,2,42,24,1,2,0,0,77,91,9,10,1,1,2,6
237932,West Liberty University,2019,0,0,0,6,6,5,2,1,0,0,123,244,7,5,20,37,5,3
237950,West Virginia University Institute of Technology,2019,1,0,1,2,6,2,4,4,0,0,119,100,12,9,23,20,13,2
237969,West Virginia Wesleyan College,2019,0,1,1,1,33,18,11,5,0,0,82,143,8,5,1,0,12,5
238032,West Virginia University,2019,3,4,41,42,84,66,123,97,2,2,2032,2121,100,112,23,20,43,25
238078,Wheeling University,2019,1,1,0,1,24,1,1,0,0,0,20,23,0,0,1,2,0,0
238193,Alverno College,2019,0,3,0,8,0,22,1,73,0,0,0,47,0,15,0,0,0,1
238324,Bellin College,2019,0,0,0,0,0,0,0,1,0,0,1,24,0,2,0,0,0,0
238333,Beloit College,2019,0,0,5,8,12,11,14,21,1,0,69,58,7,5,2,1,30,15
238458,Carroll University,2019,0,2,10,18,5,6,12,28,1,2,184,466,8,20,10,13,1,7
238476,Carthage College,2019,1,2,6,8,19,18,36,63,1,0,212,269,7,17,8,9,2,4
238616,Concordia University-Wisconsin,2019,1,1,2,7,21,9,0,1,0,0,192,279,7,11,16,10,8,8
238661,Edgewood College,2019,0,1,1,0,3,3,9,20,0,0,44,134,0,13,2,1,1,4
238980,Lakeland University,2019,1,1,2,1,34,13,23,11,0,0,48,55,2,6,4,3,1,3
239017,Lawrence University,2019,0,1,9,20,10,9,16,21,0,0,95,122,9,12,1,2,23,31
239071,Maranatha Baptist University,2019,1,1,0,0,1,0,4,3,0,0,49,54,2,3,3,0,1,3
239080,Marian University,2019,2,2,3,3,4,22,13,33,0,2,61,139,3,10,3,9,12,3
239105,Marquette University,2019,2,3,45,70,35,39,140,174,2,2,600,742,25,44,12,9,15,15
239309,Milwaukee Institute of Art & Design,2019,1,2,6,12,8,10,9,42,1,0,45,122,5,17,1,3,0,0
239318,Milwaukee School of Engineering,2019,2,0,24,8,9,2,35,19,0,0,305,105,15,6,29,6,10,6
239390,Mount Mary University,2019,0,0,0,10,0,28,0,54,0,0,0,24,0,9,0,0,0,0
239512,Northland College,2019,1,1,2,1,4,4,7,8,1,1,51,64,5,3,2,1,5,3
239628,Ripon College,2019,0,0,2,2,6,4,15,12,1,0,81,88,4,1,0,2,1,2
239716,Saint Norbert College,2019,2,2,3,5,14,3,13,12,0,0,189,271,3,6,4,3,3,3
240107,Viterbo University,2019,0,0,2,2,1,3,2,13,0,0,57,191,2,5,1,4,0,0
240189,University of Wisconsin-Whitewater,2019,3,2,22,13,58,53,86,98,2,0,893,757,36,30,0,0,6,5
240268,University of Wisconsin-Eau Claire,2019,1,5,26,39,18,9,38,61,1,1,765,1343,34,52,0,0,15,14
240277,University of Wisconsin-Green Bay,2019,3,8,31,27,31,24,43,71,1,0,339,614,27,40,0,1,7,8
240329,University of Wisconsin-La Crosse,2019,1,3,23,23,3,4,38,64,0,0,796,1154,38,45,0,0,4,5
240338,Wisconsin Lutheran College,2019,0,0,3,0,6,2,7,13,0,0,76,102,2,2,0,0,0,0
240365,University of Wisconsin-Oshkosh,2019,4,2,34,50,34,25,60,85,1,1,661,978,28,36,5,8,25,26
240374,University of Wisconsin-Parkside,2019,0,0,7,3,25,52,50,85,1,0,158,199,13,24,0,0,4,2
240392,Herzing University-Madison,2019,0,0,0,1,2,15,0,3,0,0,4,15,0,3,0,2,0,0
240417,University of Wisconsin-Stout,2019,3,3,29,20,12,9,33,21,2,1,771,503,30,24,2,0,13,2
240426,University of Wisconsin-Superior,2019,5,3,3,2,4,1,7,12,0,0,113,132,2,6,0,1,20,14
240444,University of Wisconsin-Madison,2019,4,6,321,324,42,71,179,255,1,5,2291,2849,98,174,144,127,409,234
240453,University of Wisconsin-Milwaukee,2019,1,9,134,126,79,101,261,253,2,5,1149,1331,66,82,2,2,32,22
240462,University of Wisconsin-Platteville,2019,1,2,5,7,13,7,54,35,0,1,817,455,20,10,1,1,8,8
240471,University of Wisconsin-River Falls,2019,0,1,21,23,11,4,16,24,0,0,341,718,10,12,2,0,4,0
240480,University of Wisconsin-Stevens Point,2019,3,2,20,34,17,11,26,28,0,1,586,694,18,23,4,8,2,1
240727,University of Wyoming,2019,7,4,6,10,22,6,61,54,2,0,675,689,37,32,64,68,8,7
240736,American Samoa Community College,2019,0,0,0,0,0,0,0,0,91,132,0,0,0,0,0,0,5,4
240754,University of Guam,2019,0,0,85,95,2,0,0,1,77,95,4,3,0,0,11,6,2,3
240790,Northern Marianas College,2019,0,0,47,55,0,0,3,3,35,78,2,0,6,9,6,8,5,6
241100,American University of Puerto Rico,2019,0,0,0,0,0,0,26,19,0,0,0,0,0,0,0,0,0,0
241128,American University of Puerto Rico,2019,0,0,0,0,0,0,43,32,0,0,0,0,0,0,0,0,0,0
241191,Universidad Adventista de las Antillas,2019,0,0,0,0,0,1,38,61,0,0,1,1,0,0,0,0,0,0
241216,Atlantic University,2019,0,0,0,0,0,0,225,115,0,0,0,0,0,0,0,0,0,0
241225,Universidad Central de Bayamon,2019,0,0,0,0,0,0,55,105,0,0,0,0,0,0,0,0,0,0
241304,Columbia Central University-Caguas,2019,0,0,0,0,0,0,65,66,0,0,0,0,0,0,0,0,0,0
241331,Albizu University-San Juan,2019,0,0,0,0,0,0,4,105,0,0,0,0,0,0,0,1,0,0
241377,Caribbean University-Bayamon,2019,0,0,0,0,0,0,42,31,0,0,0,0,0,0,0,0,0,0
241386,Caribbean University-Carolina,2019,0,0,0,0,0,0,6,11,0,0,0,0,0,0,0,0,0,0
241395,Pontifical Catholic University of Puerto Rico-Arecibo,2019,0,0,0,0,0,0,28,27,0,0,0,0,0,0,0,0,0,0
241410,Pontifical Catholic University of Puerto Rico-Ponce,2019,0,0,0,0,0,0,421,669,0,0,1,0,0,0,0,1,0,0
241517,CEM College-San Juan,2019,0,0,0,0,0,0,23,63,0,0,0,0,0,0,0,0,0,0
241614,Universidad Teologica del Caribe,2019,0,0,0,0,0,0,71,49,0,0,0,0,0,0,0,0,0,0
241720,Colegio Universitario de San Juan,2019,0,0,0,0,0,0,32,54,0,0,0,0,0,0,0,0,0,0
241739,Universidad Ana G. Mendez-Cupey Campus,2019,0,0,0,0,0,0,455,789,0,0,0,0,0,0,0,0,0,0
241766,Puerto Rico Conservatory of Music,2019,0,0,0,0,0,0,5,1,0,0,0,0,0,0,0,0,0,1
241836,EDP University of Puerto Rico Inc-San Sebastian,2019,0,0,0,0,0,0,37,76,0,0,0,0,0,0,0,0,0,0
241951,Escuela de Artes Plasticas y Diseno de Puerto Rico,2019,0,0,0,0,0,0,18,35,0,0,0,0,0,0,0,0,0,0
242112,Huertas College,2019,0,0,0,0,0,0,75,63,0,0,0,0,0,0,0,0,0,0
242121,Humacao Community College,2019,0,0,0,0,0,0,29,48,0,0,0,0,0,0,0,0,0,0
242617,Inter American University of Puerto Rico-San German,2019,0,0,0,0,0,0,382,427,0,0,0,0,0,0,0,0,0,0
242626,Inter American University of Puerto Rico-Aguadilla,2019,0,1,0,0,0,0,313,435,0,0,0,0,0,0,0,0,0,0
242635,Inter American University of Puerto Rico-Arecibo,2019,0,0,0,0,0,0,358,452,0,0,0,1,0,0,0,0,0,0
242644,Inter American University of Puerto Rico-Barranquitas,2019,0,0,0,0,0,0,128,268,0,0,0,0,0,0,0,0,0,0
242653,Inter American University of Puerto Rico-Metro,2019,0,0,0,1,1,1,280,370,0,0,1,0,0,0,0,0,0,0
242662,Inter American University of Puerto Rico-Ponce,2019,0,0,0,0,0,0,275,381,0,0,0,0,0,0,0,0,0,0
242680,Inter American University of Puerto Rico-Fajardo,2019,0,0,0,0,0,0,182,235,0,0,0,0,0,0,0,0,0,0
242699,Inter American University of Puerto Rico-Guayama,2019,0,0,0,0,0,0,97,185,0,0,0,0,0,0,0,0,0,0
242705,Inter American University of Puerto Rico-Bayamon,2019,1,1,0,0,0,0,509,409,0,0,0,0,0,0,0,0,0,0
242972,NUC University,2019,0,1,0,0,0,0,256,542,0,1,0,0,0,0,3,6,0,0
243106,University of Puerto Rico-Aguadilla,2019,0,0,0,0,0,0,300,318,0,0,0,0,0,0,0,1,0,0
243115,University of Puerto Rico-Arecibo,2019,0,0,0,0,0,0,298,426,0,0,0,0,0,0,0,0,0,0
243133,University of Puerto Rico-Bayamon,2019,0,0,0,0,0,0,446,444,0,0,0,0,0,0,0,0,0,0
243142,University of Puerto Rico-Carolina,2019,0,0,0,0,5,13,209,340,0,0,0,0,0,0,0,0,0,0
243151,University of Puerto Rico at Cayey,2019,0,0,0,0,0,0,204,357,0,0,0,0,0,0,0,0,0,0
243179,University of Puerto Rico-Humacao,2019,2,1,0,0,10,18,229,427,0,0,0,0,0,0,9,12,0,0
243188,University of Puerto Rico-Utuado,2019,0,0,0,0,1,3,81,67,0,0,0,0,0,0,8,3,0,0
243197,University of Puerto Rico-Mayaguez,2019,0,0,0,0,0,0,952,816,0,0,0,0,0,0,81,60,0,0
243212,University of Puerto Rico at Ponce,2019,0,0,0,0,0,0,243,270,0,0,0,0,0,0,0,0,0,0
243221,University of Puerto Rico-Rio Piedras,2019,8,17,0,0,55,82,738,1284,0,0,0,0,0,0,4,1,0,0
243346,Universidad Ana G. Mendez-Carolina Campus,2019,0,0,0,0,0,0,475,752,0,0,0,0,0,0,0,0,0,0
243443,Universidad del Sagrado Corazon,2019,0,0,0,0,0,0,345,544,0,0,0,0,0,0,0,0,0,0
243568,Universidad Central Del Caribe,2019,0,0,0,0,0,0,4,12,0,0,0,0,0,0,0,1,0,0
243577,Universidad Politecnica de Puerto Rico,2019,0,0,0,0,0,0,421,130,0,0,1,2,0,0,0,0,0,0
243586,Pontifical Catholic University of Puerto Rico-Mayaguez,2019,0,0,0,0,0,0,54,95,0,0,0,0,0,0,0,0,0,0
243601,Universidad Ana G. Mendez-Gurabo Campus,2019,0,0,0,0,0,0,847,1051,0,0,0,0,0,0,0,0,0,0
243638,College of Micronesia-FSM,2019,10,17,0,0,0,0,0,0,233,308,0,0,0,0,1,2,0,0
243665,University of the Virgin Islands,2019,1,1,0,0,97,167,11,29,0,0,1,3,5,1,6,6,3,9
243744,Stanford University,2019,7,9,214,199,56,60,145,147,2,4,234,254,71,99,0,0,95,102
243780,Purdue University-Main Campus,2019,5,4,542,334,104,100,245,224,3,1,2799,2281,189,146,68,40,756,299
243823,Parker University,2019,0,0,0,1,4,10,2,9,0,0,1,5,1,0,1,0,1,1
243832,EDP University of Puerto Rico Inc-San Juan,2019,0,0,0,0,0,0,25,72,0,0,0,0,0,0,0,0,0,0
244233,City College-Hollywood,2019,0,0,0,0,3,5,0,3,0,0,1,1,0,1,0,0,0,0
245652,St. John's College,2019,0,0,0,0,0,0,2,2,0,0,26,26,2,4,0,0,6,6
245777,Bais Medrash Elyon,2019,0,0,0,0,0,0,0,0,0,0,14,0,0,0,0,0,0,0
245953,Mid-America Christian University,2019,1,7,1,0,4,8,9,19,0,0,14,30,0,0,4,3,2,0
247065,Beckfield College-Florence,2019,1,0,0,0,0,9,0,0,0,0,3,21,0,0,0,0,0,0
247649,Landmark College,2019,1,0,2,0,2,2,3,1,0,0,43,12,3,1,6,5,0,0
247773,Yeshiva Gedolah of Greater Detroit,2019,0,0,0,0,0,0,0,0,0,0,20,0,0,0,0,0,0,0
248934,ECPI University,2019,3,3,17,18,182,363,78,111,4,2,253,277,21,30,10,12,1,0
251312,South University-Columbia,2019,0,0,0,0,0,8,0,0,0,0,0,0,0,0,0,0,0,0
260789,Platt College-Los Angeles,2019,0,0,3,4,2,1,14,30,1,0,1,8,0,0,0,1,0,0
260813,Platt College-Aurora,2019,0,0,0,0,0,0,0,1,0,0,0,0,0,0,0,0,0,0
262086,University of Massachusetts Global,2019,0,0,1,1,0,0,0,0,0,0,0,2,0,0,0,0,0,0
262129,New College of Florida,2019,0,0,1,3,3,2,10,17,0,0,28,69,2,4,1,3,1,3
363907,Caribbean University-Ponce,2019,0,0,0,0,0,0,24,17,0,0,0,0,0,0,0,0,0,0
363916,Caribbean University-Vega Baja,2019,0,0,0,0,0,0,7,15,0,0,0,0,0,0,0,0,0,0
363934,University of Advancing Technology,2019,4,0,4,2,17,6,23,3,1,0,39,6,10,7,9,1,0,0
366003,South Florida Bible College and Theological Seminary,2019,0,0,0,1,0,0,0,1,0,0,0,1,0,0,0,0,0,0
366252,Pennsylvania College of Technology,2019,2,0,8,9,28,11,37,10,1,0,692,289,26,11,7,0,0,0
366340,Stone Child College,2019,12,20,0,0,0,0,0,0,0,0,1,0,0,0,0,0,0,1
366711,California State University-San Marcos,2019,1,1,78,86,33,44,393,779,5,3,212,268,40,66,15,16,34,57
367884,Hodges University,2019,1,1,1,0,1,4,5,12,0,0,2,3,0,0,0,2,0,1
368452,Nossi College of Art and Design,2019,0,0,1,0,2,6,0,1,0,0,13,29,2,0,0,2,0,0
369516,Bryan University,2019,1,1,0,0,7,17,2,4,0,1,11,53,5,2,1,3,0,0
372073,Fremont University,2019,0,0,1,3,3,6,7,16,0,0,3,2,0,0,1,3,0,0
375230,Yeshiva Gedolah Imrei Yosef D'spinka,2019,0,0,0,0,0,0,0,0,0,0,40,0,0,0,0,0,0,0
376224,CEM College-Humacao,2019,0,0,0,0,0,0,13,30,0,0,0,0,0,0,0,0,0,0
376385,Universal Technology College of Puerto Rico,2019,0,0,0,0,0,0,72,54,0,0,0,0,0,0,0,0,0,0
376695,College of the Marshall Islands,2019,0,0,0,1,0,0,0,0,110,125,0,0,0,0,0,0,0,0
377546,Northwest College of Art & Design,2019,0,0,0,2,0,0,1,3,1,1,6,9,0,0,0,0,0,0
377555,University of Washington-Bothell Campus,2019,2,2,178,146,25,45,41,50,2,2,103,101,24,27,14,9,13,10
377564,University of Washington-Tacoma Campus,2019,1,2,82,79,24,27,53,60,3,11,85,105,32,39,3,5,1,0
377661,Valley College-Martinsburg,2019,0,0,0,0,0,5,0,4,0,0,10,31,0,4,0,1,0,0
380359,Bay Mills Community College,2019,8,20,0,0,0,0,0,1,0,0,8,10,0,0,0,0,0,0
380377,Northwest Indian College,2019,27,22,0,0,2,0,1,5,0,0,0,0,2,5,0,0,0,0
380438,Provo College,2019,0,0,0,0,0,0,0,0,0,0,5,21,0,5,5,0,0,0
384254,Beacon College,2019,2,0,5,2,10,3,8,1,0,0,37,29,1,0,0,0,0,0
384412,University of the Potomac-Washington DC Campus,2019,0,0,0,1,0,0,0,0,0,0,0,2,0,0,0,0,1,3
384421,Rabbi Jacob Joseph School,2019,0,0,0,0,0,0,0,0,0,0,20,0,0,0,0,0,3,0
385619,Everglades University,2019,6,5,5,2,65,54,82,51,1,0,155,116,7,1,44,26,0,0
386472,Herzing University-Orlando,2019,0,0,0,1,0,5,0,2,0,0,0,5,0,0,0,0,0,0
388520,College of Biblical Studies-Houston,2019,0,0,0,0,2,2,1,0,0,0,0,2,0,0,0,0,0,0
392257,The College of Health Care Professions-Northwest,2019,0,2,2,3,5,127,15,210,1,0,7,61,2,15,1,8,0,0
399869,Southern California Institute of Technology,2019,0,0,12,1,3,0,83,3,0,0,23,1,9,0,3,0,0,0
399911,Soka University of America,2019,0,0,6,12,0,2,4,9,0,1,6,10,3,3,2,2,17,31
401223,World Mission University,2019,0,0,0,1,0,0,6,9,0,0,0,0,0,0,0,0,1,8
404338,Schiller International University,2019,2,0,0,0,0,0,0,0,0,0,0,0,0,0,0,0,1,0
405854,Rabbinical College of Ohr Shimon Yisroel,2019,0,0,0,0,0,0,0,0,0,0,27,0,0,0,0,0,0,0
406033,Galen College of Nursing-San Antonio,2019,0,0,0,0,1,9,3,17,0,0,3,14,1,6,0,2,0,0
408844,Florida National University-Main Campus,2019,0,0,1,0,8,7,95,243,0,0,10,6,0,0,0,0,36,9
409315,South Texas College,2019,1,2,4,3,5,3,1331,1636,0,0,38,31,2,2,17,13,0,0
409698,California State University-Monterey Bay,2019,1,3,34,26,12,16,196,363,2,2,94,174,18,34,9,12,19,21
413413,Capella University,2019,0,0,0,0,0,4,0,1,0,0,1,4,0,1,0,0,0,0
413617,College of Menominee Nation,2019,7,6,0,0,0,0,0,0,0,0,1,0,0,0,0,0,0,0
414595,Pacific College of Health and Science,2019,0,0,1,0,0,2,0,2,0,0,0,7,0,1,4,2,0,0
417734,Southeast Missouri Hospital College of Nursing and Health Sciences,2019,0,0,0,0,0,1,0,1,0,0,0,7,0,0,0,0,0,0
417752,Messenger College,2019,0,0,0,0,0,0,0,0,0,0,1,2,0,0,0,0,0,0
418126,New York College of Health Professions,2019,0,0,0,3,3,3,2,3,0,0,1,6,0,0,0,0,0,0
420024,Centura College-Chesapeake,2019,0,0,1,0,2,7,0,0,0,0,0,2,2,0,0,0,0,0
420042,University of Phoenix-Hawaii,2019,0,0,0,0,0,0,0,0,0,2,0,0,0,0,0,0,0,0
420325,Yeshiva D'monsey Rabbinical College,2019,0,0,0,0,0,0,0,0,0,0,24,0,0,0,0,0,0,0
421878,Eastern International College-Jersey City,2019,0,0,2,6,3,20,3,12,0,0,5,25,0,0,0,0,0,0
426314,Embry-Riddle Aeronautical University-Worldwide,2019,0,1,3,1,7,1,13,2,1,0,50,9,5,1,4,2,1,0
430184,Strayer University-Maryland,2019,0,0,0,1,0,0,0,1,0,0,1,2,0,0,0,0,0,0
430670,San Juan Bautista School of Medicine,2019,0,0,0,0,0,0,5,10,0,0,0,0,0,0,0,0,0,0
432384,Platt College-Ontario,2019,0,0,0,1,5,6,13,44,1,0,3,9,1,2,0,0,0,0
433387,Western Governors University,2019,0,0,0,1,3,3,0,3,0,1,8,6,0,1,0,2,0,0
433420,California Aeronautical University,2019,0,0,3,0,1,0,16,4,2,1,19,3,0,0,0,0,0,0
433536,Herzing University-New Orleans,2019,0,1,0,0,0,5,0,0,0,0,1,3,0,1,0,1,0,0
433660,Florida Gulf Coast University,2019,2,6,20,29,59,111,258,386,1,2,717,961,40,51,13,16,9,20
434900,Dewey University-Carolina,2019,0,0,0,0,0,0,15,38,0,0,0,0,0,0,0,0,0,0
436429,Los Angeles Film School,2019,0,0,2,0,13,4,8,9,0,0,9,2,6,4,673,276,25,11
436614,International Baptist College and Seminary,2019,0,0,0,0,0,0,0,0,0,0,3,6,0,0,0,0,0,0
437097,University of Management and Technology,2019,0,0,0,0,0,0,0,0,0,0,1,0,0,0,2,1,0,0
438586,American InterContinental University-Atlanta,2019,0,0,0,0,10,18,0,0,0,0,2,4,0,2,0,33,0,0
439190,Cascadia College,2019,2,0,11,17,5,4,18,22,0,0,68,64,23,12,10,9,2,1
439701,The King's University,2019,0,0,0,1,1,0,2,2,0,0,3,9,0,0,0,1,0,0
439862,Pacific Islands University,2019,0,0,0,0,0,0,0,0,5,3,0,0,0,0,0,0,1,0
439871,PCI College,2019,0,0,0,0,0,0,0,7,0,0,0,1,0,0,0,0,0,0
440396,New Saint Andrews College,2019,0,0,0,0,0,0,0,0,0,0,0,1,0,0,10,22,0,0
440651,Atenas College,2019,0,0,0,0,0,0,52,160,0,0,0,0,0,0,0,0,0,0
440749,National American University-Ellsworth,2019,0,0,0,0,0,0,0,0,0,0,0,1,0,0,0,1,0,0
440794,Pillar College,2019,0,0,0,0,0,1,7,34,0,0,0,3,0,0,0,0,2,3
441229,Smith Chason College,2019,0,0,6,10,9,7,16,51,0,0,21,63,0,0,0,0,0,0
441609,Yeshiva Shaarei Torah of Rockland,2019,0,0,0,0,0,0,0,0,0,0,8,0,0,0,0,0,0,0
441690,Universidad Pentecostal Mizpa,2019,0,0,0,0,0,0,8,1,0,0,0,0,0,0,0,0,0,0
441900,Nevada State University,2019,0,0,8,17,9,18,51,218,0,4,8,33,4,16,11,20,0,0
441937,California State University-Channel Islands,2019,0,1,29,39,11,14,123,381,2,1,65,112,14,28,10,13,7,22
441982,Franklin W Olin College of Engineering,2019,0,0,4,13,2,0,8,5,0,0,12,14,6,7,2,5,3,4
442356,Saint Joseph's University - Lancaster,2019,0,0,1,1,0,2,3,7,0,0,3,73,1,0,0,2,0,0
442426,St Louis College of Health Careers-Fenton,2019,0,0,0,0,0,8,0,0,0,0,1,4,0,1,0,0,0,0
442569,University of Arkansas Grantham,2019,1,0,0,1,31,70,2,4,0,0,23,27,4,2,22,40,0,0
442639,University of the Potomac-VA Campus,2019,0,0,0,0,0,0,0,0,0,0,1,0,0,0,0,0,2,3
442930,University of Antelope Valley,2019,3,5,0,0,10,8,26,25,0,0,16,9,1,0,14,6,4,1
443331,West Coast University-Los Angeles,2019,0,0,1,3,0,0,1,3,0,0,0,0,0,0,0,0,0,0
443340,Williamson Christian College,2019,0,0,0,0,1,0,0,1,0,0,1,3,0,0,0,0,0,0
443410,DigiPen Institute of Technology,2019,0,0,13,8,2,3,12,6,0,0,68,36,12,7,7,2,8,1
443562,Dewey University-Hato Rey,2019,0,0,0,0,0,0,14,51,0,0,0,0,0,0,0,0,0,0
443599,American College of Healthcare Sciences,2019,0,0,0,0,1,0,0,0,0,0,0,4,0,0,0,0,0,0
443766,Strayer University-Tennessee,2019,0,0,0,0,1,0,0,0,0,0,1,0,0,0,0,0,0,0
443784,Strayer University-Pennsylvania,2019,0,0,0,0,0,4,0,0,0,0,1,0,0,0,0,0,0,0
444088,Brookline College-Albuquerque,2019,1,4,1,2,2,2,3,25,0,0,4,23,0,3,0,0,0,0
444398,Baptist University of the Americas,2019,0,0,0,0,0,0,1,7,0,0,0,0,0,0,0,0,0,1
444413,Beis Medrash Heichal Dovid,2019,0,0,0,0,0,0,0,0,0,0,52,0,0,0,0,0,0,0
444787,Nightingale College,2019,0,2,1,1,1,5,2,12,0,0,6,29,1,0,0,1,0,0
445027,American InterContinental University System,2019,6,1,0,1,73,84,0,0,2,2,77,170,8,14,6,459,0,0
445133,American InterContinental University-Houston,2019,0,0,0,0,2,5,0,0,0,0,0,0,0,0,3,0,0,0
445188,University of California-Merced,2019,1,0,231,164,26,59,538,697,5,2,84,61,37,28,6,6,67,89
445267,Central Methodist University-College of Graduate and Extended Studies,2019,0,0,0,0,0,0,0,0,0,0,1,2,0,0,0,0,0,0
445692,Neumont College of Computer Science,2019,2,0,2,0,11,3,19,4,0,0,95,8,4,2,29,8,0,0
445708,Johnson & Wales University-Charlotte,2019,0,0,7,2,69,147,13,22,0,0,54,85,0,1,11,12,4,1
446048,Ave Maria University,2019,0,1,5,5,16,3,23,23,0,0,87,102,0,0,10,18,11,6
446233,Ecclesia College,2019,0,0,0,1,5,1,9,9,0,0,14,7,3,1,0,0,1,1
446385,Los Angeles College of Music,2019,0,1,2,2,3,1,3,4,0,0,12,4,1,0,1,2,12,10
446525,SAE Institute of Technology-Nashville,2019,0,0,0,0,29,3,30,2,0,0,7,1,1,1,0,0,0,0
446561,Stanbridge University,2019,1,0,6,8,1,1,5,39,1,0,1,33,0,5,2,3,0,0
446604,Uta Mesivta of Kiryas Joel,2019,0,0,0,0,0,0,0,0,0,0,439,0,0,0,0,0,9,0
446640,Harrisburg University of Science and Technology,2019,1,0,4,3,42,36,22,17,0,0,70,13,4,5,1,1,2,0
447050,United States University,2019,0,0,0,0,0,1,0,1,0,0,0,0,0,0,0,0,0,0
447263,Joyce University of Nursing and Health Sciences,2019,0,0,0,0,0,0,1,3,0,1,3,20,0,1,0,5,0,0
447421,Eagle Gate College-Layton,2019,0,0,0,0,0,0,0,3,0,1,3,13,0,0,0,0,0,0
447689,Georgia Gwinnett College,2019,1,3,96,106,348,513,255,371,2,2,259,286,48,47,4,8,18,26
447953,SUM Bible College and Theological Seminary,2019,1,0,4,2,10,2,10,11,1,1,15,11,0,0,1,1,0,0
449038,Strayer University-Florida,2019,0,0,0,0,0,0,0,1,0,0,0,1,0,1,0,0,0,0
449135,Dewey University-Juana Díaz,2019,0,0,0,0,0,0,4,17,0,0,0,0,0,0,0,0,0,0
449339,American Public University System,2019,1,0,0,1,3,6,2,0,0,1,19,22,0,2,0,1,0,3
449384,Gnomon,2019,0,0,2,1,0,0,0,1,0,0,3,0,1,0,1,1,0,1
449658,Bais Medrash Toras Chesed,2019,0,0,0,0,0,0,0,0,0,0,27,0,0,0,0,0,0,0
449764,Visible Music College,2019,0,0,0,0,0,3,0,2,0,0,3,2,0,0,0,0,0,0
449870,University of the West,2019,0,0,0,0,1,0,0,3,0,0,1,0,0,0,1,0,1,1
449898,South University-Tampa,2019,0,0,0,0,0,4,5,3,0,1,1,2,0,1,0,0,0,0
450377,Strayer University-Alabama,2019,0,1,0,0,1,0,0,0,0,0,0,0,0,0,0,0,0,0
450571,Rasmussen University-Wisconsin,2019,0,0,0,0,1,0,0,0,0,0,2,12,0,0,1,2,0,0
450933,Columbia Southern University,2019,1,0,3,1,20,15,0,0,0,2,67,44,1,5,2,5,0,0
451103,Miami Regional University,2019,0,0,0,0,0,7,22,90,0,0,0,1,0,0,0,0,0,0
451370,Yeshivas Be'er Yitzchok,2019,0,0,0,0,0,0,0,0,0,0,8,0,0,0,0,0,0,0
451398,Yeshiva Toras Chaim,2019,0,0,0,0,0,0,0,0,0,0,51,0,0,0,0,0,2,0
451404,Talmudical Seminary of Bobov,2019,0,0,0,0,0,0,0,0,0,0,94,0,0,0,0,0,0,0
451556,Southwest University at El Paso,2019,0,0,0,2,8,3,61,122,0,0,7,6,1,0,1,2,0,0
451750,Bryant & Stratton College-Wauwatosa,2019,1,0,1,5,28,44,18,24,0,0,21,30,7,7,0,1,0,0
451866,Remington College-Shreveport Campus,2019,0,1,0,0,8,43,0,0,0,0,3,18,0,1,0,4,0,0
451927,Patrick Henry College,2019,0,0,2,3,0,0,0,1,0,0,14,27,0,0,10,8,0,0
453163,Strayer University-North Carolina,2019,0,0,0,0,1,2,0,0,0,0,0,0,0,0,0,0,0,0
453215,Strayer University-New Jersey,2019,0,0,0,0,0,2,0,0,0,0,0,1,0,0,0,0,0,0
454227,Chamberlain University-Illinois,2019,0,0,1,3,1,6,0,5,0,0,0,4,0,0,0,0,0,0
454236,Chamberlain University-Ohio,2019,0,0,0,1,0,5,0,0,0,0,0,5,0,0,0,0,0,0
454245,Chamberlain University-Arizona,2019,0,0,0,0,0,0,0,1,0,0,0,4,0,0,0,0,0,0
454786,Laurus College,2019,0,1,4,1,4,2,3,7,2,0,7,4,1,0,1,1,0,0
454829,Aspen University,2019,0,2,0,1,3,17,2,15,1,2,2,18,0,1,2,7,0,0
455257,Yeshiva of Machzikai Hadas,2019,0,0,0,0,0,0,0,0,0,0,90,0,0,0,0,0,0,0
455770,Providence Christian College,2019,0,1,2,0,0,2,10,5,0,1,6,5,0,2,0,0,0,1
456481,Polytechnic University of Puerto Rico-Miami,2019,0,0,0,0,0,0,2,0,0,0,0,0,0,0,0,0,0,0
456490,Polytechnic University of Puerto Rico-Orlando,2019,0,0,0,0,0,0,3,4,0,0,0,1,0,0,0,0,0,0
456959,University of Minnesota-Rochester,2019,0,2,7,16,2,9,3,10,0,0,23,80,3,8,0,0,0,0
457129,Chamberlain University-Florida,2019,0,0,0,0,1,0,0,0,0,0,0,0,0,0,0,0,0,0
457226,Horizon University,2019,0,0,0,0,0,0,0,1,0,0,3,2,0,0,0,0,0,0
457299,Angeles College,2019,1,0,1,25,0,1,1,7,0,0,1,0,0,0,0,0,0,0
457402,University of Fort Lauderdale,2019,0,0,0,0,0,0,1,0,0,0,0,0,0,0,0,0,0,0
457484,Pacific Rim Christian University,2019,0,0,0,1,0,0,1,1,1,1,0,1,0,0,0,0,0,0
458113,Ascent College,2019,0,0,0,1,0,0,0,0,0,0,0,0,0,0,0,0,0,0
458210,West Coast University-Orange County,2019,0,0,3,5,0,0,1,2,0,0,0,1,0,0,0,0,0,0
458229,West Coast University-Ontario,2019,0,0,5,5,0,0,1,2,1,0,0,3,0,1,0,0,0,0
458919,Strayer University-Georgia,2019,0,0,0,0,1,5,0,0,0,0,2,3,0,1,0,0,0,0
458964,Strayer University-South Carolina,2019,0,0,0,0,1,1,0,0,0,0,0,1,0,0,0,0,0,0
458973,Strayer University-Texas,2019,0,0,0,0,1,0,0,0,0,0,1,1,0,0,0,0,0,0
459204,Unitek College,2019,1,0,26,69,5,26,10,84,1,10,5,25,0,8,39,284,0,0
459213,Gurnick Academy of Medical Arts,2019,0,1,10,37,1,8,4,45,0,4,2,21,1,11,3,4,0,0
459259,South University-Richmond,2019,0,0,0,0,0,1,0,2,0,0,1,1,0,0,0,0,0,0
459268,South University-Virginia Beach,2019,0,0,0,1,1,3,0,0,0,0,0,0,0,0,0,0,0,0
459727,Touro University Worldwide,2019,0,0,0,0,1,4,0,1,0,0,2,20,0,0,0,0,0,0
459842,Herzing University-Kenosha,2019,0,0,0,1,0,1,0,3,0,0,0,4,0,0,0,0,0,0
459851,Herzing University-Brookfield,2019,0,0,0,1,0,14,0,2,0,1,0,4,0,0,0,3,0,0
459949,Texas A&M University-San Antonio,2019,2,2,2,5,24,20,185,340,0,0,30,38,6,9,0,0,0,1
459994,Strayer University-Global Region,2019,0,0,0,0,1,1,0,2,0,0,2,2,1,1,0,0,0,0
460349,Johnson & Wales University-Online,2019,0,0,0,1,0,0,0,1,0,0,0,0,0,0,0,0,0,0
460376,Fairfax University of America,2019,0,0,0,0,0,0,0,0,0,0,0,0,0,0,0,0,2,0
460871,Chamberlain University-Virginia,2019,0,0,0,0,0,0,0,0,0,0,0,1,0,0,0,0,0,0
461023,National Paralegal College,2019,0,1,0,0,0,4,1,6,0,0,3,21,0,0,3,22,0,0
461148,New York Film Academy,2019,0,0,0,0,6,2,6,3,0,0,13,9,2,2,58,51,68,67
461528,Manna University,2019,0,0,0,0,0,0,2,2,0,0,3,4,0,1,0,0,0,0
461759,Simmons College of Kentucky,2019,0,0,0,0,19,22,0,0,0,0,0,0,0,0,0,0,0,0
461795,North American University,2019,0,0,0,1,12,1,2,7,0,0,3,0,1,0,0,0,15,7
461847,Keser Torah-Mayan Hatalmud,2019,0,0,0,0,0,0,0,0,0,0,6,0,0,0,0,0,1,0
461883,Millennia Atlantic University,2019,0,0,0,0,0,0,1,0,0,0,0,0,0,0,0,0,4,4
462354,John Paul the Great Catholic University,2019,0,0,2,1,1,1,9,15,0,0,13,17,5,1,3,6,0,0
464226,Ottawa University-Surprise,2019,1,1,4,0,18,8,27,21,2,0,46,29,1,0,6,8,0,0
466921,Chamberlain University-Missouri,2019,0,0,0,1,0,1,0,0,0,0,0,0,0,0,0,0,0,0
466930,Chamberlain University-Texas,2019,0,0,0,1,0,0,0,3,0,0,0,1,0,0,0,0,0,0
469416,Dewey University-Manati,2019,0,0,0,0,0,0,8,28,0,0,0,0,0,0,0,0,0,0
474863,Los Angeles Pacific University,2019,0,0,0,0,0,2,0,3,0,0,0,3,0,1,0,1,0,0
475121,South University-Savannah Online,2019,0,0,1,0,15,58,2,12,2,5,4,44,0,0,1,0,0,0
475608,Criswell College,2019,0,0,1,0,0,0,1,0,0,0,9,5,2,1,2,0,0,0
475732,Chamberlain University-Georgia,2019,0,0,0,0,0,2,0,0,0,0,0,0,0,0,0,0,0,0
475741,Chamberlain University-Indiana,2019,0,0,0,0,0,1,0,0,0,0,0,0,0,1,0,0,0,0
476601,Bais HaMedrash and Mesivta of Baltimore,2019,0,0,0,0,0,0,0,0,0,0,24,0,0,0,0,0,0,0
476692,Yeshiva Gedolah Zichron Leyma,2019,0,0,0,0,0,0,0,0,0,0,4,0,0,0,0,0,0,0
476717,Be'er Yaakov Talmudic Seminary,2019,0,0,0,0,0,0,0,0,0,0,143,0,0,0,0,0,0,0
476975,Colorado State University Global,2019,0,0,0,0,1,0,3,3,0,0,3,7,0,0,0,1,1,0
477039,West Coast University-Dallas,2019,0,0,0,0,0,2,0,0,0,0,0,0,0,0,0,0,0,0
480073,South University-Austin,2019,0,0,0,0,1,4,0,2,0,0,0,2,0,0,0,0,0,0
480091,Bryant & Stratton College-Online,2019,1,5,1,1,11,100,4,23,1,5,27,166,2,20,0,1,0,0
480198,Warner Pacific University Professional and Graduate Studies,2019,0,0,0,0,0,0,0,0,0,0,1,0,0,0,0,0,0,0
480204,Platt College-Riverside,2019,1,0,1,0,0,7,11,38,0,2,0,14,0,4,0,0,0,0
480569,Florida Institute of Technology-Online,2019,0,0,0,0,3,8,0,1,0,0,3,3,0,0,0,1,0,0
480657,Rasmussen University-Kansas,2019,0,0,0,1,0,5,1,0,0,0,1,9,0,2,0,2,0,0
480781,California Miramar University,2019,0,0,0,0,2,0,5,5,0,0,2,0,1,1,0,0,1,6
480985,Midwives College of Utah,2019,0,0,0,0,0,1,0,1,0,0,0,3,0,0,0,1,0,0
481058,Grace Mission University,2019,0,0,14,18,0,0,0,0,0,0,0,0,0,0,0,0,11,12
481225,Mid-South Christian College,2019,0,0,0,0,0,1,0,0,0,0,0,0,0,0,0,0,0,0
481410,Yeshiva Gedolah Kesser Torah,2019,0,0,0,0,0,0,0,0,0,0,14,0,0,0,0,0,2,0
481438,Yeshiva Yesodei Hatorah,2019,0,0,0,0,0,0,0,0,0,0,28,0,0,0,0,0,0,0
482149,Augusta University,2019,0,1,31,47,67,204,45,74,0,2,202,325,26,46,7,4,6,9
482158,Middle Georgia State University,2019,1,0,27,7,275,291,38,43,1,0,295,247,30,29,3,0,19,8
482228,Veritas Baptist College,2019,0,0,1,0,0,0,1,0,0,0,7,4,0,0,0,0,0,0
482413,DeVry College of New York,2019,0,0,0,1,7,4,10,1,0,0,4,3,1,0,0,1,1,1
482422,DeVry University-Arizona,2019,1,0,0,0,2,0,1,2,0,0,3,0,1,0,1,0,0,0
482431,DeVry University-California,2019,1,0,2,1,5,4,16,5,2,0,13,0,0,1,1,0,0,0
482459,DeVry University-Florida,2019,0,0,0,0,1,2,0,3,0,0,3,2,0,0,0,0,0,0
482468,DeVry University-Georgia,2019,0,0,2,0,8,8,0,1,0,0,8,4,0,0,0,0,0,0
482477,DeVry University-Illinois,2019,4,2,5,5,36,95,22,51,1,1,104,189,5,9,1,10,0,0
482547,DeVry University-Nevada,2019,0,0,0,0,0,1,0,1,0,0,0,0,1,0,0,0,0,0
482556,DeVry University-New Jersey,2019,0,0,0,0,0,0,3,0,0,0,3,0,0,0,0,0,0,0
482574,DeVry University-Ohio,2019,0,0,0,0,0,1,0,2,0,0,3,6,0,0,0,0,0,0
482635,DeVry University-Texas,2019,0,0,0,0,0,1,3,1,0,0,2,0,0,0,0,0,0,0
482653,DeVry University-Virginia,2019,0,0,0,0,1,1,0,0,0,0,1,0,0,0,0,0,0,0
482680,University of North Georgia,2019,3,3,58,63,55,70,246,340,3,3,1297,1523,46,67,4,9,29,17
482699,South Georgia State College,2019,0,1,2,1,95,172,20,27,1,0,132,189,8,6,4,6,2,0
482936,Florida Polytechnic University,2019,2,0,8,4,11,5,36,10,1,0,155,26,11,1,1,1,1,0
483018,Antioch College,2019,1,0,0,0,4,2,1,2,0,0,4,4,2,0,0,1,0,0
483036,Texas A&M University-Central Texas,2019,0,0,0,0,0,1,1,2,0,0,0,1,0,0,0,0,0,0
483124,Arizona State University Digital Immersion,2019,5,8,25,16,45,48,107,179,1,2,111,143,15,21,6,10,9,4
483595,Ana G. Mendez University,2019,0,0,0,0,0,0,10,20,0,0,0,0,0,0,0,0,0,0
484473,University of Florida-Online,2019,0,0,11,19,7,9,77,139,0,1,162,222,11,20,1,7,0,2
484613,University of Phoenix-Arizona,2019,5,10,4,15,165,260,63,131,1,8,204,445,15,37,251,357,2,2
484631,University of Phoenix-California,2019,0,0,0,0,1,1,0,3,0,0,0,1,0,0,5,7,0,0
484756,University of Phoenix-Texas,2019,0,0,0,0,1,0,0,0,0,0,0,0,0,0,1,0,0,0
484871,Rabbinical College Ohr Yisroel,2019,0,0,0,0,0,0,0,0,0,0,34,0,0,0,0,0,0,0
484905,University of North Texas at Dallas,2019,0,2,6,14,41,108,216,345,0,0,4,28,0,12,0,0,4,11
485111,Georgia Military College,2019,21,9,23,23,240,261,52,61,0,4,195,233,0,0,5,5,14,2
485272,West Coast University-Miami,2019,0,0,0,0,0,2,0,8,0,0,0,0,0,0,0,0,0,0
485698,American College of the Building Arts,2019,0,0,0,0,1,1,0,0,0,0,16,3,0,0,0,0,0,0
485768,Atlantis University,2019,0,0,3,5,12,3,18,16,0,0,10,2,5,1,0,0,15,6
485999,Bet Medrash Gadol Ateret Torah,2019,0,0,0,0,0,0,0,0,0,0,30,0,0,0,0,0,0,0
486017,Yeshiva Ohr Yisrael,2019,0,0,0,0,0,0,0,0,0,0,5,0,0,0,0,0,0,0
486026,Yeshiva Sholom Shachna,2019,0,0,0,0,0,0,0,0,0,0,30,0,0,0,0,0,0,0
486053,Bethlehem College & Seminary,2019,1,0,0,0,0,0,0,0,0,0,11,11,1,0,0,0,0,1
486196,Beth Medrash Meor Yitzchok,2019,0,0,0,0,0,0,0,0,0,0,93,0,0,0,0,0,3,0
486239,San Ignacio University,2019,0,0,0,0,0,0,3,19,0,0,0,0,0,0,0,0,7,6
486284,Bethany Global University,2019,0,0,0,0,1,2,0,0,0,0,11,33,0,3,2,14,1,0
486354,United International College,2019,0,0,0,1,0,0,3,4,0,0,0,1,0,0,1,0,0,0
486488,California Jazz Conservatory,2019,0,0,0,0,0,0,0,0,0,0,0,1,0,0,0,0,0,0
486840,Kennesaw State University,2019,6,4,189,139,633,723,402,443,2,6,1627,1504,149,157,52,36,31,15
486901,Milligan University,2019,0,0,2,0,3,5,6,5,1,0,89,97,1,1,0,1,11,4
486938,Chamberlain University-Nevada,2019,0,0,0,2,0,0,1,0,0,0,0,1,0,0,0,0,0,0
486956,Chamberlain University-New Jersey,2019,0,0,0,0,0,1,0,0,0,0,0,4,0,0,0,0,0,0
487375,Arizona College of Nursing-Las Vegas,2019,0,0,0,1,0,0,1,2,0,0,0,0,0,1,0,0,0,0
487524,Husson University,2019,3,1,4,6,25,8,4,7,0,0,196,277,16,12,5,14,5,3
487603,Northwest University-Center for Online and Extended Education,2019,1,2,1,3,1,1,3,1,0,1,18,26,0,3,3,2,0,0
488031,Abraham Lincoln University,2019,0,0,0,0,0,0,0,0,0,0,0,1,0,0,0,2,0,0
488314,Beth Medrash of Asbury Park,2019,0,0,0,0,0,0,0,0,0,0,20,0,0,0,0,0,3,0
488448,Seattle Film Institute,2019,0,0,0,0,1,0,1,1,0,0,4,1,0,0,0,0,0,0
488679,Indiana Wesleyan University-National & Global,2019,0,1,3,3,63,228,12,32,0,1,124,281,4,21,2,4,7,3
488785,University of Saint Katherine,2019,1,0,1,1,0,0,16,16,1,0,7,4,1,0,1,0,0,0
488846,University of the People,2019,0,0,0,0,0,0,0,0,0,0,0,0,0,0,69,50,0,0
489344,Chamberlain University-North Carolina,2019,0,0,0,0,0,0,0,1,0,0,1,0,0,0,0,0,0,0
489779,Purdue University Global,2019,0,0,0,0,2,1,0,1,0,0,1,2,0,0,0,0,0,0
489937,Carolina University,2019,1,0,0,0,10,11,7,3,0,0,12,11,3,1,0,0,0,0
490045,Presbyterian Theological Seminary in America,2019,0,0,0,1,0,0,0,0,0,0,0,0,0,0,0,0,0,0
490081,America Evangelical University,2019,0,0,1,0,0,0,1,0,0,0,0,0,0,0,0,0,0,0
490133,Westcliff University,2019,1,0,2,0,11,2,16,5,0,1,12,3,3,2,97,48,8,4
490230,Reformed University,2019,0,0,12,15,0,0,1,0,0,0,0,1,0,0,0,4,0,0
490276,Yeshiva Shaar Ephraim,2019,0,0,0,0,0,0,0,0,0,0,31,0,0,0,0,0,0,0
490513,Bais Medrash Mayan Hatorah,2019,0,0,0,0,0,0,0,0,0,0,9,0,0,0,0,0,0,0
490805,Purdue University Northwest,2019,0,0,14,11,45,72,151,140,0,0,351,361,16,18,10,9,7,2
490878,Platt College-Anaheim,2019,0,1,2,4,0,2,12,23,1,0,3,4,1,5,0,0,0,0
491057,Yeshiva Kollel Tifereth Elizer,2019,0,0,0,0,0,0,0,0,0,0,3,0,0,0,0,0,0,0
491288,University of Wisconsin-Milwaukee Flex,2019,0,0,0,0,0,0,0,1,0,0,0,0,0,0,0,0,0,0
491525,Union Bible College,2019,0,0,0,0,0,1,1,0,0,0,6,6,0,0,0,0,0,0
491622,Yeshiva Chemdas Hatorah,2019,0,0,0,0,0,0,0,0,0,0,20,0,0,0,0,0,3,0
491631,Women's Institute of Torah Seminary and College,2019,0,0,0,0,0,0,0,0,0,0,0,3,0,0,0,0,0,0
491710,Yeshiva Gedolah of Cliffwood,2019,0,0,0,0,0,0,0,0,0,0,21,0,0,0,0,0,1,0
492069,Champion Christian College,2019,0,0,0,0,12,5,0,0,0,0,12,3,2,1,0,0,0,0
492801,Drury University-College of Continuing Professional Studies,2019,0,1,1,1,1,2,6,7,0,1,17,15,0,0,1,0,0,0
492962,Indiana Institute of Technology-College of Professional Studies,2019,0,0,0,0,16,48,2,3,0,0,19,35,0,3,1,1,1,1
493512,San Diego Global Knowledge University,2019,0,0,1,0,1,0,1,0,0,0,2,1,0,0,7,0,0,0
493594,Yeshiva of Ocean,2019,0,0,0,0,0,0,0,0,0,0,5,0,0,0,0,0,2,0
493600,Congregation Talmidei Mesivta Tiferes Shmiel Aleksander,2019,0,0,0,0,0,0,0,0,0,0,53,0,0,0,0,0,0,0
493707,Yeshiva Gedolah of Woodlake Village,2019,0,0,0,0,0,0,0,0,0,0,28,0,0,0,0,0,0,0
493716,Yeshiva Gedola Tiferes Yaakov Yitzchok,2019,0,0,0,0,0,0,0,0,0,0,12,0,0,0,0,0,0,0
493822,College Unbound,2019,0,0,0,0,2,0,0,0,0,0,0,0,0,0,0,1,0,0
494630,Christ Mission College,2019,0,0,0,0,0,0,6,2,0,0,1,0,0,0,0,0,0,1
494685,Urshan College,2019,1,0,1,1,0,1,5,4,0,0,19,23,1,3,0,0,0,0
494737,Yeshiva Yesoda Hatorah Vetz Chaim,2019,0,0,0,0,0,0,0,0,0,0,33,0,0,0,0,0,0,0