unitid,institution name,year,EF2015A_RV.American Indian or Alaska Native men,EF2015A_RV.American Indian or Alaska Native women,EF2015A_RV.Asian men,EF2015A_RV.Asian women,EF2015A_RV.Black or African American men,EF2015A_RV.Black or African American women,EF2015A_RV.Hispanic men,EF2015A_RV.Hispanic women,EF2015A_RV.Native Hawaiian or Other Pacific Islander men,EF2015A_RV.Native Hawaiian or Other Pacific Islander women,EF2015A_RV.White men,EF2015A_RV.White women,EF2015A_RV.Two or more races men,EF2015A_RV.Two or more races women,EF2015A_RV.Race/ethnicity unknown men,EF2015A_RV.Race/ethnicity unknown women,EF2015A_RV.Nonresident alien men,EF2015A_RV.Nonresident alien women
100654,Alabama A & M University,2015,0,2,2,1,484,639,3,6,0,1,9,14,24,32,0,1,2,2
100663,University of Alabama at Birmingham,2015,1,4,61,98,106,249,20,32,0,0,392,530,33,45,0,2,12,8
100690,Amridge University,2015,0,0,0,0,1,0,0,0,0,0,0,0,0,0,8,7,0,0
100706,University of Alabama in Huntsville,2015,7,2,17,15,49,48,25,20,0,0,476,304,14,11,11,7,17,4
100724,Alabama State University,2015,1,0,1,2,371,577,5,9,0,0,4,7,4,12,5,3,3,4
100751,The University of Alabama,2015,13,16,44,47,239,463,145,212,2,6,2418,3260,74,117,15,12,55,38
100830,Auburn University at Montgomery,2015,2,3,3,6,55,162,3,1,2,0,121,168,13,9,0,0,12,8
100858,Auburn University,2015,8,16,70,61,129,145,75,112,1,0,1926,2189,16,19,19,16,34,18
100937,Birmingham-Southern College,2015,1,1,8,12,33,22,4,6,0,0,173,174,1,6,0,0,0,0
101116,South University-Montgomery,2015,0,0,0,0,6,14,0,2,0,0,1,8,0,0,0,0,0,0
101189,Faulkner University,2015,0,0,2,1,45,27,6,4,1,1,99,75,4,2,4,0,8,1
101365,Herzing University-Birmingham,2015,0,0,0,0,7,3,2,0,0,0,10,2,0,0,0,0,0,0
101435,Huntingdon College,2015,0,1,1,1,37,19,7,9,0,0,91,63,8,8,4,3,0,0
101453,Heritage Christian University,2015,0,0,0,0,1,0,0,0,0,0,5,0,0,0,0,0,0,0
101480,Jacksonville State University,2015,2,3,4,4,75,95,12,4,0,1,354,399,0,0,14,19,14,21
101587,University of West Alabama,2015,0,1,0,1,74,83,4,8,1,0,107,112,7,2,8,1,6,2
101675,Miles College,2015,0,0,1,0,213,190,4,3,0,0,7,1,3,1,0,0,0,0
101693,University of Mobile,2015,2,3,1,2,27,32,2,4,0,0,63,120,6,5,1,5,10,4
101709,University of Montevallo,2015,2,0,1,5,24,49,6,17,0,0,108,258,5,10,5,1,4,6
101879,University of North Alabama,2015,5,4,2,5,86,100,17,17,1,1,313,502,15,20,20,27,17,7
101912,Oakwood University,2015,1,1,1,2,122,160,6,6,0,0,0,2,0,0,8,11,6,12
102049,Samford University,2015,1,0,3,8,28,23,6,16,0,0,229,472,10,13,5,3,7,2
102094,University of South Alabama,2015,3,7,35,34,213,376,23,33,1,1,480,656,20,43,25,31,94,9
102234,Spring Hill College,2015,0,3,2,4,16,33,4,4,1,1,121,168,12,25,1,8,9,4
102270,Stillman College,2015,0,0,0,0,140,92,1,1,0,0,4,3,0,0,0,0,2,1
102298,Talladega College,2015,0,0,0,0,148,150,18,0,0,0,3,1,0,0,0,0,0,0
102368,Troy University,2015,4,6,7,3,154,215,24,28,2,1,415,654,29,29,17,20,58,33
102377,Tuskegee University,2015,0,0,1,0,176,307,0,2,0,0,1,1,0,0,32,71,3,1
102553,University of Alaska Anchorage,2015,61,60,65,94,13,21,38,51,5,12,321,349,71,94,39,21,14,10
102580,Alaska Bible College,2015,0,0,0,0,0,0,0,0,0,0,4,1,0,0,0,0,0,0
102614,University of Alaska Fairbanks,2015,27,59,8,4,7,8,24,25,1,0,197,144,14,18,90,58,9,4
102632,University of Alaska Southeast,2015,5,13,2,2,0,0,1,3,0,1,19,40,8,4,17,29,1,0
102669,Alaska Pacific University,2015,1,4,1,1,0,1,0,1,0,0,8,12,4,1,2,3,0,0
102845,Charter College,2015,10,17,9,17,7,17,38,157,0,1,65,171,5,19,9,37,0,0
104090,Brookline College-Phoenix,2015,5,14,6,5,12,50,16,74,1,2,24,104,3,13,0,3,0,0
104151,Arizona State University Campus Immersion,2015,34,43,353,259,133,126,839,752,13,8,2315,1840,176,204,62,35,775,311
104179,University of Arizona,2015,28,39,186,214,134,124,667,916,11,6,1801,1970,158,177,28,15,359,140
104586,Embry-Riddle Aeronautical University-Prescott,2015,1,1,21,7,11,6,14,4,2,1,275,94,45,11,42,13,26,5
104717,Grand Canyon University,2015,7,7,33,57,68,115,329,514,9,17,436,635,62,114,31,33,0,0
105297,Dine College,2015,52,63,0,0,0,0,0,0,0,0,0,0,0,0,0,0,0,0
105330,Northern Arizona University,2015,37,72,34,70,66,99,383,713,9,9,977,1728,125,180,24,29,71,37
105534,Pima Medical Institute-Tucson,2015,1,10,7,14,9,14,44,205,0,0,30,178,5,18,0,14,0,0
105589,Prescott College,2015,0,0,0,0,2,0,0,2,0,0,7,12,4,0,2,6,0,0
105899,Arizona Christian University,2015,1,0,0,0,15,1,21,8,0,1,39,23,7,2,0,0,3,0
106245,University of Arkansas at Little Rock,2015,2,0,15,12,85,141,31,40,0,0,118,158,88,94,3,3,10,15
106306,Arkansas Baptist College,2015,0,0,0,0,288,64,3,1,0,0,12,0,0,0,0,0,2,0
106342,Lyon College,2015,3,2,1,2,12,3,10,5,0,0,87,75,0,0,8,2,0,1
106397,University of Arkansas,2015,25,23,62,50,100,110,153,225,2,2,1747,2055,78,120,8,13,47,51
106412,University of Arkansas at Pine Bluff,2015,2,0,1,0,274,355,3,5,0,0,11,12,1,0,0,0,4,3
106458,Arkansas State University,2015,0,2,3,10,61,99,29,16,0,0,535,670,20,17,0,3,61,16
106467,Arkansas Tech University,2015,2,8,8,17,125,115,58,63,0,0,701,732,33,34,0,0,27,15
106485,University of Arkansas at Monticello,2015,0,0,2,1,97,73,9,10,0,0,161,125,11,19,0,0,3,1
106704,University of Central Arkansas,2015,6,8,17,33,115,218,42,63,0,2,507,822,45,55,1,4,21,27
106713,Central Baptist College,2015,1,1,1,0,12,4,4,0,0,0,40,49,0,0,0,0,2,2
106810,Crowley's Ridge College,2015,0,0,0,0,4,1,0,0,0,1,28,19,0,0,0,0,0,0
107044,Harding University,2015,2,4,1,2,36,17,24,25,0,0,362,466,12,12,0,0,19,6
107071,Henderson State University,2015,5,4,1,5,114,109,12,13,0,0,198,256,9,18,1,3,6,4
107080,Hendrix College,2015,0,2,3,13,14,12,9,5,0,1,160,155,1,5,3,4,5,3
107141,John Brown University,2015,9,3,2,5,2,2,10,12,0,0,99,160,9,5,9,13,9,9
107512,Ouachita Baptist University,2015,2,0,1,0,29,4,6,13,0,1,166,187,0,0,0,0,2,1
107558,University of the Ozarks,2015,2,0,0,1,5,8,15,11,1,0,65,69,8,6,0,1,5,13
107600,Philander Smith University,2015,0,1,1,0,69,90,1,2,0,0,0,0,0,2,0,0,3,1
107877,Williams Baptist University,2015,1,2,0,0,9,1,3,3,0,0,57,50,0,0,0,0,1,1
107983,Southern Arkansas University Main Campus,2015,5,2,3,1,109,130,13,15,3,4,205,278,0,0,0,0,10,8
108092,University of Arkansas-Fort Smith,2015,16,13,28,34,11,24,63,82,0,0,311,363,34,41,0,0,8,1
108232,Academy of Art University,2015,3,1,15,22,20,22,35,42,0,4,38,70,6,17,34,22,102,154
109350,Antelope Valley Community College District,2015,2,0,18,20,62,73,241,298,3,1,83,102,20,23,2,4,2,2
109651,Art Center College of Design,2015,0,0,28,53,0,2,9,7,0,0,7,6,2,8,0,0,24,35
109785,Azusa Pacific University,2015,1,1,25,79,23,36,114,223,10,9,158,369,41,63,6,12,12,16
109819,Bakersfield College,2015,1,1,39,29,40,47,594,755,0,2,174,178,32,29,0,0,18,8
110060,Bethesda University,2015,0,0,3,1,1,1,5,4,0,0,0,0,0,0,3,3,22,16
110097,Biola University,2015,0,0,52,97,5,19,51,125,1,0,125,257,13,34,9,20,7,12
110219,Bryan University,2015,1,2,2,2,17,27,18,19,0,0,39,72,8,9,51,96,0,0
110361,California Baptist University,2015,1,3,25,32,30,47,152,281,3,4,168,211,29,34,11,15,16,14
110370,California College of the Arts,2015,0,0,13,31,4,10,15,16,0,1,17,31,0,0,2,9,37,55
110404,California Institute of Technology,2015,0,0,52,59,2,1,19,8,0,0,40,31,6,4,2,0,8,9
110413,California Lutheran University,2015,0,1,12,16,9,7,66,119,0,0,97,172,27,39,7,11,6,6
110422,California Polytechnic State University-San Luis Obispo,2015,4,3,349,311,21,19,349,372,2,2,1372,1426,165,191,141,114,54,33
110468,Alliant International University-San Diego,2015,0,0,0,0,0,5,2,2,0,0,0,1,1,0,0,0,0,1
110486,California State University-Bakersfield,2015,4,4,53,40,42,61,327,589,0,3,86,110,20,32,14,6,25,37
110495,California State University-Stanislaus,2015,1,3,46,74,13,21,212,470,3,6,79,158,15,25,15,25,23,31
110510,California State University-San Bernardino,2015,4,3,95,82,45,85,805,1296,1,4,102,134,26,52,19,33,69,89
110529,California State Polytechnic University-Pomona,2015,5,1,312,265,59,61,541,601,4,1,247,204,66,69,39,39,82,60
110538,California State University-Chico,2015,3,6,71,84,32,54,435,641,2,2,430,544,66,92,61,67,47,28
110547,California State University-Dominguez Hills,2015,0,0,47,40,36,74,319,619,0,2,11,16,8,15,13,8,18,40
110556,California State University-Fresno,2015,4,6,199,292,41,64,776,1232,2,2,213,310,39,53,50,70,97,87
110565,California State University-Fullerton,2015,2,5,426,531,33,65,784,1164,1,6,311,379,83,117,47,56,186,91
110574,California State University-East Bay,2015,1,4,131,162,65,135,260,553,6,10,62,85,24,56,19,22,72,63
110583,California State University-Long Beach,2015,1,6,529,647,56,111,675,1111,6,7,316,405,107,159,54,53,64,92
110592,California State University-Los Angeles,2015,2,2,220,238,44,90,1052,1606,1,2,45,56,24,44,27,26,95,114
110608,California State University-Northridge,2015,0,5,278,275,129,208,1356,1821,2,1,346,342,72,103,60,76,236,207
110617,California State University-Sacramento,2015,8,7,376,414,107,153,524,846,13,13,343,414,86,118,45,79,46,56
110635,University of California-Berkeley,2015,3,10,1095,1046,34,62,275,418,7,5,692,689,120,163,108,96,321,366
110644,University of California-Davis,2015,1,5,499,1034,43,71,340,710,12,11,468,793,86,163,27,53,479,509
110653,University of California-Irvine,2015,2,2,767,1043,36,74,638,925,8,16,316,359,82,104,26,26,653,669
110662,University of California-Los Angeles,2015,3,6,781,944,75,118,394,780,8,14,665,852,102,190,50,62,299,328
110671,University of California-Riverside,2015,1,6,797,793,52,91,584,912,8,13,240,214,85,98,36,10,56,37
110680,University of California-San Diego,2015,2,3,1008,907,21,36,372,354,4,7,472,462,118,127,52,57,659,625
110705,University of California-Santa Barbara,2015,3,3,439,455,33,69,477,764,0,5,641,720,148,235,64,63,168,172
110714,University of California-Santa Cruz,2015,0,1,467,405,23,38,377,579,5,6,525,571,154,135,26,32,147,116
111081,California Institute of the Arts,2015,1,0,8,24,6,3,13,14,0,0,44,58,0,0,5,17,0,0
111188,California State University Maritime Academy,2015,0,0,23,2,3,1,30,10,0,0,101,13,19,5,8,2,3,0
111948,Chapman University,2015,2,3,50,119,7,15,66,126,2,3,319,485,23,64,30,58,25,22
112075,Concordia University-Irvine,2015,0,1,2,14,1,20,21,56,0,0,55,86,3,14,17,26,11,7
112084,San Diego Christian College,2015,1,0,1,3,6,1,17,14,1,1,21,17,2,4,0,0,0,1
112260,Claremont McKenna College,2015,0,0,17,20,10,3,21,32,0,0,78,53,7,14,17,11,26,34
112394,University of Silicon Valley,2015,2,1,10,8,6,3,9,9,0,1,27,8,10,1,9,2,0,0
112570,California College of ASU,2015,0,0,4,0,4,3,2,11,0,0,19,20,3,5,0,0,4,2
113236,Cypress College,2015,2,0,151,138,16,17,211,332,3,3,101,105,18,27,16,20,25,25
113582,Design Institute of San Diego,2015,0,0,0,0,0,0,0,4,0,0,0,3,0,0,0,0,0,0
113698,Dominican University of California,2015,1,2,17,50,4,14,19,25,3,1,28,69,7,13,1,0,2,0
114354,FIDM-Fashion Institute of Design & Merchandising,2015,0,3,5,39,3,29,17,94,1,6,11,152,0,11,3,23,13,58
114433,Feather River Community College District,2015,4,3,3,2,21,17,13,10,2,1,49,66,0,0,1,6,7,0
114716,Foothill College,2015,1,1,140,125,17,16,133,155,4,4,108,106,20,31,3,3,195,150
114813,Fresno Pacific University,2015,0,0,4,4,2,7,25,43,0,1,23,44,0,2,1,2,4,3
115083,Golden Gate University,2015,0,0,0,0,0,0,0,0,0,0,0,0,0,0,0,1,0,0
115409,Harvey Mudd College,2015,0,0,13,25,9,1,25,14,1,0,34,31,16,8,6,5,12,14
115755,California State Polytechnic University-Humboldt,2015,2,11,15,23,22,24,201,409,1,1,214,302,40,59,22,35,13,6
115773,Humphreys University-Stockton and Modesto Campuses,2015,0,0,0,2,0,2,1,6,0,0,1,1,0,0,0,1,0,0
116226,Interior Designers Institute,2015,0,0,0,1,0,0,0,0,0,0,1,2,0,2,0,0,0,0
116846,American Jewish University,2015,0,0,0,0,0,0,0,0,0,0,0,0,0,0,4,4,0,0
117104,Life Pacific University,2015,0,0,2,0,1,2,12,20,0,1,19,17,5,4,1,5,0,1
117140,University of La Verne,2015,0,0,22,29,16,19,136,268,1,4,60,88,16,22,9,10,12,10
117168,Laguna College of Art and Design,2015,0,0,3,7,0,2,1,14,0,0,14,30,0,2,2,5,0,0
117557,Lincoln University,2015,0,0,1,0,0,0,0,0,0,0,0,0,0,0,0,0,26,6
117627,La Sierra University,2015,0,1,31,32,7,9,72,174,5,2,16,31,5,7,1,0,14,21
117672,Southern California University of Health Sciences,2015,0,0,0,0,0,0,0,1,0,0,0,0,0,0,0,0,0,0
117751,The Master's University and Seminary,2015,0,0,3,6,2,3,12,5,0,0,74,72,7,6,1,5,2,3
117946,Loyola Marymount University,2015,1,0,71,69,37,58,108,169,1,2,277,334,61,62,1,2,49,52
118693,Menlo College,2015,0,0,8,10,7,5,12,16,1,1,24,10,7,8,10,10,12,7
118912,MiraCosta College,2015,2,4,39,52,15,18,231,269,2,2,254,250,36,43,8,13,43,40
118976,Modesto Junior College,2015,3,3,55,33,22,20,412,366,2,3,223,267,0,0,6,0,7,2
119173,Mount Saint Mary's University,2015,0,0,14,73,0,30,4,359,0,2,0,17,0,9,2,21,0,0
119270,Musicians Institute,2015,1,0,5,2,14,2,28,3,1,0,56,10,11,3,18,3,55,25
119605,National University,2015,0,0,2,1,3,4,10,9,0,0,22,13,1,1,3,1,0,0
119775,Newschool of Architecture and Design,2015,0,0,0,2,1,1,12,6,0,1,11,3,1,0,2,1,7,7
120184,Notre Dame de Namur University,2015,0,2,9,16,1,10,22,63,0,4,5,17,5,5,2,1,2,8
120254,Occidental College,2015,0,0,30,40,11,21,40,51,0,1,107,137,12,27,2,5,10,23
120403,Otis College of Art and Design,2015,0,0,15,35,5,8,1,3,0,0,21,23,2,7,1,9,22,39
120537,Hope International University,2015,2,0,1,0,4,0,6,23,0,0,18,16,6,13,7,16,0,0
120865,Pacific Union College,2015,0,1,30,31,10,20,29,42,0,3,21,31,7,5,5,4,4,7
120883,University of the Pacific,2015,4,1,159,226,10,15,69,90,2,3,92,97,25,32,20,29,31,29
121150,Pepperdine University,2015,1,3,28,37,16,23,45,57,0,2,159,247,18,18,4,11,34,42
121257,Pitzer College,2015,2,0,12,22,6,9,14,20,0,0,58,63,8,13,5,7,13,15
121309,Point Loma Nazarene University,2015,1,1,17,28,5,6,50,100,5,4,108,210,14,32,6,8,0,4
121345,Pomona College,2015,0,0,19,38,15,24,36,34,0,1,74,57,14,12,8,18,25,25
121619,Santa Ana College,2015,2,2,40,51,11,6,519,600,1,4,53,20,7,5,7,5,33,71
121691,University of Redlands,2015,0,1,15,20,10,9,56,72,2,3,112,144,19,23,9,18,6,6
121886,Rio Hondo College,2015,0,0,27,16,4,2,350,327,1,2,14,8,1,7,0,1,5,4
122375,San Diego Mesa College,2015,0,3,70,66,49,35,272,357,11,4,236,201,55,57,7,2,30,19
122409,San Diego State University,2015,9,10,393,372,78,124,525,744,5,7,801,1036,152,210,85,102,190,112
122436,University of San Diego,2015,3,4,41,59,24,23,70,120,1,3,276,329,18,38,11,18,26,39
122506,San Francisco Conservatory of Music,2015,1,1,2,1,0,1,0,0,0,0,7,3,1,1,6,0,4,6
122597,San Francisco State University,2015,1,5,432,576,64,135,571,1022,3,8,267,439,101,154,42,79,98,84
122612,University of San Francisco,2015,2,4,85,187,17,29,71,176,3,2,88,234,29,62,15,11,113,137
122685,San Joaquin Valley College-Visalia,2015,1,7,14,12,14,73,124,261,3,3,44,131,14,24,7,22,0,0
122728,William Jessup University,2015,2,2,4,6,0,6,20,24,0,0,27,50,0,0,1,4,0,0
122755,San Jose State University,2015,2,4,682,565,51,72,440,511,5,6,301,173,107,81,68,40,120,101
122931,Santa Clara University,2015,0,1,92,114,16,18,113,113,1,1,348,287,50,49,13,5,24,15
122977,Santa Monica College,2015,2,1,130,134,136,118,583,746,3,3,376,384,66,79,9,5,452,401
123165,Scripps College,2015,0,0,0,40,0,13,0,36,0,0,0,129,0,25,0,16,0,18
123280,Shasta Bible College and Graduate School,2015,0,0,0,0,0,0,1,0,0,0,4,1,0,0,0,0,0,0
123299,Shasta College,2015,8,7,8,12,11,4,52,60,1,0,173,174,29,23,7,8,0,2
123457,Simpson University,2015,2,2,3,1,3,1,7,7,0,0,14,38,1,2,3,4,0,0
123509,Skyline College,2015,0,1,102,90,5,5,58,77,2,2,39,23,14,22,2,0,28,31
123554,Saint Mary's College of California,2015,3,0,29,47,7,22,60,105,1,6,121,184,16,28,3,5,6,7
123563,Solano Community College,2015,0,0,62,45,32,43,100,131,2,2,127,80,28,43,1,2,6,6
123572,Sonoma State University,2015,6,6,41,58,22,25,186,428,0,1,298,489,48,104,47,71,14,22
123651,Vanguard University of Southern California,2015,1,0,2,8,7,21,53,89,2,2,48,114,10,12,0,3,0,1
123952,Southern California Institute of Architecture,2015,0,0,2,1,0,0,1,1,0,0,1,2,1,0,0,0,14,8
123961,University of Southern California,2015,2,2,261,350,63,81,174,213,2,1,553,618,78,85,13,22,234,196
124292,Thomas Aquinas College,2015,0,1,0,2,1,0,5,4,0,0,28,32,2,1,2,0,0,1
125471,West Los Angeles College,2015,1,1,4,9,59,58,103,141,0,3,14,16,7,9,3,4,58,24
125727,Westmont College,2015,0,1,12,14,3,2,23,33,1,1,91,119,7,14,2,8,1,2
125763,Whittier College,2015,0,1,17,27,13,11,72,110,1,0,66,81,9,21,5,4,6,1
125897,Woodbury University,2015,0,2,7,7,0,2,14,24,0,0,14,17,2,7,0,0,13,11
126076,Yeshiva Ohr Elchonon Chabad West Coast Talmudical Seminary,2015,0,0,0,0,0,0,0,0,0,0,58,0,0,0,0,0,3,0
126182,Adams State University,2015,2,4,3,4,19,8,88,85,0,2,116,89,13,6,5,6,3,0
126562,University of Colorado Denver/Anschutz Medical Campus,2015,0,2,63,113,25,39,132,239,1,0,257,296,28,53,3,1,20,6
126580,University of Colorado Colorado Springs,2015,2,2,33,21,30,30,155,161,1,2,530,463,62,74,1,3,10,1
126614,University of Colorado Boulder,2015,8,8,176,157,54,48,378,347,3,2,2224,2008,166,160,8,10,290,137
126669,Colorado Christian University,2015,0,0,1,3,4,2,14,29,0,0,101,171,7,17,3,4,0,0
126678,Colorado College,2015,1,1,11,18,6,13,24,32,0,0,167,199,22,25,6,11,22,25
126711,Colorado Mountain College,2015,1,2,6,3,2,1,31,35,2,0,187,102,4,1,9,9,0,0
126775,Colorado School of Mines,2015,1,0,21,18,4,1,50,26,1,0,524,233,44,24,0,0,40,16
126818,Colorado State University-Fort Collins,2015,23,12,77,96,50,78,251,335,7,10,1618,1834,5,2,71,72,49,32
126827,Colorado Technical University-Colorado Springs,2015,0,1,0,0,3,1,2,0,1,0,16,7,0,0,5,3,0,0
126942,Community College of Denver,2015,1,5,14,17,30,25,60,74,2,1,90,83,7,14,19,17,52,40
127060,University of Denver,2015,1,1,23,41,12,14,64,91,1,1,445,548,24,39,16,11,45,38
127185,Fort Lewis College,2015,69,110,0,5,12,2,41,63,1,1,205,197,32,44,15,3,9,1
127556,Colorado Mesa University,2015,8,9,19,18,38,32,198,244,3,3,663,660,42,50,11,11,15,3
127565,Metropolitan State University of Denver,2015,6,9,34,36,45,65,224,243,2,1,406,374,37,48,36,40,2,1
127653,Naropa University,2015,0,0,0,1,0,1,1,1,0,0,10,17,0,1,2,3,1,0
127714,Nazarene Bible College,2015,0,0,0,0,0,0,0,0,0,0,1,0,0,0,0,0,0,0
127741,University of Northern Colorado,2015,0,6,18,27,49,63,184,312,3,4,432,792,37,66,6,15,5,4
127820,Pikes Peak State College,2015,3,4,13,13,38,45,85,108,4,3,364,356,41,44,16,22,5,12
127884,Pueblo Community College,2015,6,3,1,2,6,6,37,47,2,0,92,114,8,8,16,12,0,0
127909,Red Rocks Community College,2015,2,2,6,5,0,2,26,26,0,0,159,115,14,9,9,10,5,4
127918,Regis University,2015,1,2,13,34,6,4,40,98,0,1,92,203,10,21,4,10,6,0
127945,Rocky Mountain College of Art and Design,2015,0,3,0,4,1,3,3,7,0,0,15,27,0,0,4,9,0,0
128106,Colorado State University Pueblo,2015,1,2,3,4,34,17,126,161,3,1,154,187,26,20,4,8,10,4
128328,United States Air Force Academy,2015,4,0,41,17,45,15,94,43,8,1,517,173,72,37,72,13,10,0
128391,Western Colorado University,2015,1,3,3,0,6,4,40,27,1,1,203,138,13,8,4,9,3,0
128498,Albertus Magnus College,2015,0,0,0,0,11,25,12,23,0,0,22,32,0,0,6,8,2,1
128744,University of Bridgeport,2015,0,4,5,5,64,137,36,58,0,0,12,30,2,4,0,0,30,21
128771,Central Connecticut State University,2015,0,0,34,19,74,71,89,116,0,0,461,385,21,19,33,13,9,7
128902,Connecticut College,2015,1,0,5,22,12,12,12,21,0,1,121,219,6,11,4,3,15,13
129020,University of Connecticut,2015,3,7,209,223,113,134,141,177,3,1,1046,1102,49,50,88,88,176,156
129154,Goodwin University,2015,0,0,0,1,3,9,3,19,0,0,8,22,1,1,0,0,0,0
129215,Eastern Connecticut State University,2015,0,1,13,20,31,63,46,56,0,1,266,353,15,13,30,58,3,2
129242,Fairfield University,2015,0,0,9,11,9,19,34,43,0,0,294,470,8,13,18,19,8,10
129525,University of Hartford,2015,5,5,25,25,123,155,93,122,1,0,367,393,22,33,16,14,28,14
129534,Holy Apostles College and Seminary,2015,0,0,0,0,0,0,1,0,0,0,4,2,0,1,0,0,0,0
129774,Mitchell College,2015,0,2,2,1,13,10,9,5,0,0,48,29,3,2,2,1,2,0
129941,University of New Haven,2015,0,3,20,22,52,72,44,90,0,0,335,400,10,8,59,73,43,6
130110,Paier College,2015,0,0,0,1,0,0,1,1,0,0,1,4,0,0,0,0,0,0
130183,Post University,2015,0,2,0,0,30,70,12,13,0,3,45,94,6,22,54,61,0,1
130226,Quinnipiac University,2015,0,3,21,46,31,47,58,92,0,1,545,915,18,29,28,25,23,19
130253,Sacred Heart University,2015,0,0,3,20,26,26,57,70,1,0,323,667,15,13,20,34,10,5
130314,University of Saint Joseph,2015,0,0,0,15,0,31,0,53,0,0,1,99,0,7,0,3,0,2
130493,Southern Connecticut State University,2015,6,11,21,35,123,196,3,14,0,0,296,508,2,4,64,109,2,0
130590,Trinity College,2015,0,0,7,6,17,22,26,23,0,0,198,165,9,5,15,10,30,26
130624,United States Coast Guard Academy,2015,0,0,15,9,7,5,15,7,0,1,115,60,17,7,2,1,3,1
130697,Wesleyan University,2015,0,0,23,36,31,25,34,57,0,0,181,217,18,31,12,15,41,36
130776,Western Connecticut State University,2015,0,0,13,13,40,43,55,72,0,0,183,181,1,1,31,34,1,0
130794,Yale University,2015,0,5,103,145,49,47,96,86,0,0,332,279,32,32,2,6,81,68
130907,Delaware Technical Community College-Terry,2015,3,9,17,21,176,211,99,133,2,1,434,540,39,44,27,12,7,14
130934,Delaware State University,2015,0,1,3,3,204,474,17,41,0,1,37,42,22,38,0,0,3,1
130943,University of Delaware,2015,2,5,105,139,117,133,132,231,3,1,1414,1934,49,74,14,9,60,56
130989,Goldey-Beacom College,2015,0,0,2,1,13,24,2,2,0,0,15,0,3,11,0,33,5,8
131113,Wilmington University,2015,1,3,2,3,56,62,9,8,3,1,75,80,0,0,2,7,4,4
131159,American University,2015,0,1,44,92,40,105,92,169,0,0,391,653,29,53,13,27,18,52
131283,The Catholic University of America,2015,2,2,12,23,18,15,58,71,0,0,277,316,24,25,17,17,13,14
131399,University of the District of Columbia,2015,1,0,1,1,64,76,23,12,0,0,7,3,2,3,5,4,12,6
131450,Gallaudet University,2015,1,2,1,2,18,10,6,5,0,0,48,43,9,6,8,7,8,4
131469,George Washington University,2015,0,1,102,173,36,87,86,151,4,1,564,869,23,64,69,93,113,142
131496,Georgetown University,2015,0,0,68,99,43,66,62,79,0,1,420,477,36,45,4,10,71,85
131520,Howard University,2015,3,5,5,14,413,1045,4,5,0,3,11,20,0,0,0,0,76,38
131803,Strayer University-District of Columbia,2015,0,0,0,0,4,7,1,2,0,0,1,0,0,0,1,0,1,0
131876,Trinity Washington University,2015,0,0,0,1,1,128,0,68,0,0,0,3,0,3,0,15,0,1
132408,Baptist University of Florida,2015,0,1,0,0,0,0,0,1,0,0,18,18,0,1,0,0,0,0
132471,Barry University,2015,1,0,0,2,36,103,46,102,1,0,31,44,9,11,3,3,19,20
132602,Bethune-Cookman University,2015,1,0,0,0,256,437,8,11,0,0,8,2,17,21,60,69,8,4
132657,Lynn University,2015,0,1,0,7,16,32,41,44,0,0,127,133,2,7,9,9,47,39
132693,Eastern Florida State College,2015,2,3,19,15,84,78,109,105,0,2,467,480,19,37,6,10,17,6
132709,Broward College,2015,4,5,57,67,629,799,769,830,6,8,326,288,44,50,66,90,86,74
132842,Albizu University-Miami,2015,0,0,0,0,0,0,0,5,0,0,0,0,0,0,0,0,0,0
132851,College of Central Florida,2015,4,1,12,12,48,49,65,73,2,2,228,299,20,20,2,9,16,16
132879,Johnson University Florida,2015,0,0,0,0,2,0,0,2,0,0,2,7,1,0,13,10,1,0
132903,University of Central Florida,2015,4,2,221,204,216,414,658,769,3,6,1654,1802,124,164,13,14,32,24
133021,Chipola College,2015,0,2,0,1,26,28,11,4,0,0,105,159,0,8,3,2,4,3
133386,Daytona State College,2015,0,2,12,22,97,88,96,122,3,3,432,503,12,26,22,21,8,7
133465,South University-West Palm Beach,2015,0,0,2,0,2,7,0,4,0,0,1,5,0,0,0,0,0,0
133492,Eckerd College,2015,0,1,1,7,4,14,21,22,1,0,136,228,8,14,2,5,5,15
133508,Florida SouthWestern State College,2015,1,1,15,14,74,92,228,294,0,1,380,384,21,20,36,24,9,21
133526,Edward Waters University,2015,2,0,0,1,115,100,2,3,0,0,9,5,7,2,0,0,0,0
133553,Embry-Riddle Aeronautical University-Daytona Beach,2015,4,0,36,13,75,19,26,9,2,1,596,133,110,19,83,19,111,14
133650,Florida Agricultural and Mechanical University,2015,0,0,1,4,465,892,13,22,0,0,20,16,32,119,0,0,1,6
133669,Florida Atlantic University,2015,1,5,54,66,205,331,351,490,2,1,696,842,51,102,18,20,31,24
133702,Florida State College at Jacksonville,2015,3,5,38,24,150,193,58,86,3,3,387,392,22,42,33,56,6,16
133711,Flagler College,2015,0,4,0,8,15,9,6,7,0,0,163,316,5,20,16,16,11,20
133809,Florida College,2015,4,2,0,1,6,5,6,4,0,0,59,91,0,5,1,1,0,4
133872,AdventHealth University,2015,0,0,1,3,3,10,6,26,0,0,2,19,0,2,0,1,0,1
133881,Florida Institute of Technology,2015,1,0,18,4,26,13,48,18,1,0,227,87,18,6,3,3,124,47
133951,Florida International University,2015,3,0,38,46,168,245,1177,1455,1,1,121,186,57,62,11,7,79,111
133960,The College of the Florida Keys,2015,0,0,0,1,5,8,17,23,1,0,42,30,3,2,3,6,1,1
133979,Florida Memorial University,2015,0,0,0,0,90,182,7,6,0,0,3,0,3,4,8,22,33,16
134079,Florida Southern College,2015,1,4,7,13,7,27,24,46,0,0,174,350,4,6,1,2,15,11
134097,Florida State University,2015,6,11,63,83,123,316,547,718,4,8,1563,2261,73,120,51,50,19,23
134130,University of Florida,2015,3,4,293,352,137,280,577,834,1,14,1609,2231,102,159,72,92,35,53
134237,Full Sail University,2015,25,9,50,18,611,162,30,11,17,4,1182,338,129,61,251,102,30,22
134343,Gulf Coast State College,2015,1,3,10,2,8,17,3,11,0,0,82,121,6,4,1,3,0,0
134510,Hobe Sound Bible College,2015,0,0,0,0,2,2,1,3,0,0,6,12,0,0,0,0,2,0
134608,Indian River State College,2015,1,1,8,15,91,105,158,164,0,0,348,369,23,20,14,15,14,8
134945,Jacksonville University,2015,0,1,2,8,39,43,20,40,0,0,114,116,8,13,25,34,13,12
135081,Keiser University-Ft Lauderdale,2015,6,19,20,46,200,503,446,787,2,9,406,857,52,164,19,33,8,9
135160,Florida Gateway College,2015,0,0,1,0,8,21,5,8,0,0,80,122,4,3,1,2,0,0
135188,Lake-Sumter State College,2015,3,2,10,18,21,26,12,13,3,2,173,218,15,14,19,28,0,6
135364,Luther Rice College & Seminary,2015,0,0,0,0,0,0,0,0,0,0,4,0,0,0,0,0,0,0
135391,State College of Florida-Manatee-Sarasota,2015,2,0,17,15,35,62,116,127,2,0,362,412,23,20,7,6,16,14
135717,Miami Dade College,2015,1,4,32,31,424,592,2754,3429,0,1,213,185,14,24,73,119,243,271
135726,University of Miami,2015,2,2,59,59,61,86,184,249,0,0,458,461,39,35,51,40,143,128
136145,North Florida College,2015,0,1,0,1,13,22,2,5,0,0,31,43,0,0,0,0,0,0
136172,University of North Florida,2015,0,0,30,34,35,55,75,92,0,0,509,582,25,58,2,2,7,7
136215,Nova Southeastern University,2015,0,1,38,59,25,60,51,97,0,0,78,150,1,12,7,11,19,24
136233,Northwest Florida State College,2015,1,1,5,5,23,37,30,40,1,2,208,230,25,25,10,10,6,3
136330,Palm Beach Atlantic University,2015,1,4,2,9,8,18,31,55,0,1,132,246,8,11,0,2,11,8
136358,Palm Beach State College,2015,4,0,23,44,209,334,298,367,2,2,397,327,40,41,25,31,29,37
136400,Pasco-Hernando State College,2015,1,2,26,18,37,42,138,182,1,0,410,561,26,30,8,23,3,5
136473,Pensacola State College,2015,3,5,15,14,61,88,37,44,1,1,262,319,23,44,12,10,3,7
136516,Polk State College,2015,0,0,8,7,58,52,91,115,0,0,163,192,14,21,13,10,9,6
136774,Ringling College of Art and Design,2015,1,1,3,29,3,7,16,40,0,1,33,86,3,8,19,15,18,22
136950,Rollins College,2015,1,1,3,12,5,8,36,43,0,0,126,191,4,16,3,8,18,18
137032,Saint Leo University,2015,0,0,7,5,31,62,51,91,0,0,126,164,4,15,17,22,23,38
137078,St Petersburg College,2015,2,3,35,59,96,112,135,166,6,3,639,668,35,54,22,20,7,7
137096,Santa Fe College,2015,5,7,30,22,91,122,162,179,0,2,479,476,37,41,11,9,15,10
137209,Seminole State College of Florida,2015,1,5,21,28,96,141,266,263,4,1,514,443,25,35,6,6,23,19
137272,St. John Vianney College Seminary,2015,0,0,0,0,0,0,6,0,0,0,1,0,0,0,0,0,2,0
137281,Saint Johns River State College,2015,1,5,8,10,21,30,14,24,2,0,195,243,7,12,13,16,1,2
137315,South Florida State College,2015,1,0,4,6,10,12,42,49,0,0,63,87,3,5,1,1,3,1
137351,University of South Florida,2015,1,1,155,171,112,232,353,503,5,3,909,1213,78,99,19,34,97,100
137476,St. Thomas University,2015,0,0,0,2,14,34,54,41,0,0,8,9,1,2,1,2,12,13
137546,Stetson University,2015,0,3,7,13,40,45,63,93,1,2,263,365,11,32,0,0,23,21
137564,Southeastern University,2015,0,3,7,7,87,53,77,100,3,4,256,300,0,1,3,4,3,10
137759,Tallahassee Community College,2015,4,5,7,10,250,276,162,147,1,2,540,452,43,38,13,4,26,12
137777,Talmudic College of Florida,2015,0,0,0,0,0,0,0,0,0,0,17,0,0,0,0,0,2,0
137847,The University of Tampa,2015,1,2,14,26,29,56,71,139,0,0,416,734,19,46,32,61,78,77
137953,Trinity Baptist College,2015,0,0,0,0,12,4,7,5,0,0,27,22,4,1,0,1,8,0
137962,Trinity College of Florida,2015,0,0,0,0,6,5,6,1,0,0,6,7,1,0,1,0,0,0
138187,Valencia College,2015,5,7,117,118,351,534,933,1183,5,10,633,647,64,78,138,185,127,120
138275,Warner University,2015,0,0,0,0,67,16,18,12,1,0,44,37,4,0,2,1,2,0
138293,Webber International University,2015,1,1,0,0,54,5,14,4,1,0,41,17,1,1,5,1,32,3
138309,Rasmussen University-Florida,2015,0,1,0,0,3,12,1,2,0,1,15,50,0,2,10,4,0,0
138354,University of West Florida,2015,1,4,18,21,96,95,70,73,2,1,393,429,40,46,10,9,11,15
138558,Abraham Baldwin Agricultural College,2015,3,3,3,7,35,74,26,51,0,2,387,366,4,5,0,0,4,4
138600,Agnes Scott College,2015,0,1,0,19,0,89,0,21,0,0,0,99,0,21,0,7,0,14
138716,Albany State University,2015,1,0,1,1,165,283,4,5,0,0,5,2,3,5,2,0,0,0
138868,Point University,2015,1,0,0,1,69,14,9,12,0,0,75,52,8,3,10,7,3,0
138901,Atlanta Metropolitan State College,2015,0,1,0,1,83,92,2,4,0,0,1,1,1,3,0,0,1,2
138947,Clark Atlanta University,2015,1,1,0,0,150,511,1,2,0,0,0,1,0,0,37,100,21,3
139144,Berry College,2015,0,2,1,9,10,11,16,19,0,0,181,275,5,14,11,20,1,0
139153,Beulah Heights University,2015,0,0,1,0,17,13,2,1,0,0,1,0,0,0,0,0,0,0
139199,Brenau University,2015,0,0,1,4,4,36,1,19,0,1,7,100,0,11,0,2,0,5
139205,Brewton-Parker College,2015,0,2,1,0,25,14,6,4,0,0,16,11,1,3,6,10,3,1
139250,College of Coastal Georgia,2015,0,1,1,6,40,100,17,20,0,0,137,246,15,19,5,7,2,4
139311,Clayton  State University,2015,0,0,17,19,110,215,18,22,1,1,31,35,8,10,2,3,8,2
139366,Columbus State University,2015,3,0,15,17,133,276,17,29,0,0,232,279,4,11,0,0,8,6
139393,Covenant College,2015,0,0,2,2,2,1,4,3,0,0,103,123,3,6,1,0,3,5
139463,Dalton State College,2015,2,1,2,3,24,26,109,121,0,1,251,298,7,15,9,8,10,10
139579,South University-Savannah,2015,0,0,0,0,6,5,2,1,0,0,4,7,0,0,0,0,0,0
139621,East Georgia State College,2015,3,0,6,5,208,281,24,32,1,1,186,255,15,16,6,5,0,0
139630,Emmanuel University,2015,1,0,1,0,25,15,7,5,1,1,84,70,4,5,0,0,8,5
139658,Emory University,2015,0,2,114,127,35,82,61,84,0,0,224,332,13,31,10,12,110,120
139700,Georgia Highlands College,2015,0,0,9,12,74,90,58,91,0,1,267,376,11,17,0,3,5,6
139719,Fort Valley State University,2015,0,0,0,1,185,207,0,1,0,0,0,8,15,2,0,8,0,0
139755,Georgia Institute of Technology-Main Campus,2015,1,1,371,264,115,85,120,71,0,0,853,646,68,43,126,79,156,88
139764,Georgia Southwestern State University,2015,0,2,5,3,29,69,1,13,1,0,109,129,4,6,0,0,3,0
139861,Georgia College & State University,2015,1,1,15,14,25,34,29,39,0,0,472,787,22,28,1,1,3,1
139931,Georgia Southern University,2015,7,9,42,34,395,413,108,99,2,2,1132,1077,31,37,7,7,36,25
139940,Georgia State University,2015,0,0,341,333,480,947,168,212,0,0,374,415,71,139,18,28,27,40
139959,University of Georgia,2015,2,4,258,312,133,262,113,184,2,4,1475,2144,80,134,23,29,36,53
139968,Gordon State College,2015,0,1,1,4,180,274,12,19,0,0,188,230,11,24,1,1,0,0
140234,LaGrange College,2015,0,1,3,2,51,15,2,1,0,0,98,83,5,2,0,0,0,0
140252,Life University,2015,0,3,2,3,12,7,7,9,0,0,16,25,0,0,1,4,0,3
140340,Herzing University-Atlanta,2015,0,0,13,8,8,16,2,1,0,0,3,0,0,0,0,0,0,0
140447,Mercer University,2015,0,0,40,37,54,80,27,22,0,0,239,242,19,28,11,8,8,14
140553,Morehouse College,2015,0,0,1,0,585,0,2,0,1,0,1,0,3,0,3,0,2,0
140696,Oglethorpe University,2015,0,0,3,10,17,43,9,18,0,1,45,53,5,2,32,67,9,8
140720,Paine College,2015,0,0,0,1,44,67,1,0,0,0,3,0,2,2,2,2,0,1
140818,Piedmont University,2015,0,0,3,1,8,10,10,18,0,0,72,109,6,5,9,23,2,2
140872,Reinhardt University,2015,2,2,1,3,58,20,10,8,0,0,104,68,2,0,2,0,0,0
140951,Savannah College of Art and Design,2015,4,6,27,69,87,184,48,105,2,9,330,779,0,0,17,40,70,157
140960,Savannah State University,2015,0,2,0,0,343,495,105,114,0,0,13,5,11,19,1,1,9,8
140988,Shorter University,2015,0,0,1,1,38,13,10,12,1,1,69,104,1,3,1,2,0,2
141060,Spelman College,2015,0,6,0,0,0,557,0,0,0,0,0,0,0,1,0,0,0,0
141167,Thomas University,2015,0,0,0,0,10,11,11,3,0,0,24,12,0,0,14,16,5,0
141185,Toccoa Falls College,2015,0,0,6,4,4,8,1,5,0,0,46,63,2,0,0,0,0,0
141237,Truett McConnell University,2015,0,0,1,2,7,9,4,6,0,0,66,104,0,0,1,3,3,1
141264,Valdosta State University,2015,1,1,9,5,217,299,26,57,0,1,269,419,24,43,5,3,19,12
141325,Wesleyan College,2015,0,0,0,3,0,39,0,9,0,0,0,43,0,6,0,1,0,18
141334,University of West Georgia,2015,2,2,8,11,339,611,42,97,1,3,424,680,28,53,12,16,9,5
141361,Young Harris College,2015,0,2,3,2,15,15,7,8,0,0,105,158,4,4,3,6,10,4
141486,Chaminade University of Honolulu,2015,0,2,12,68,1,6,1,5,9,40,6,14,10,25,3,11,0,2
141565,University of Hawaii at Hilo,2015,0,3,22,48,1,2,18,47,8,19,16,46,50,81,2,1,1,6
141574,University of Hawaii at Manoa,2015,2,3,340,400,10,11,82,146,15,18,139,236,190,227,1,3,14,20
141644,Hawaii Pacific University,2015,0,2,17,64,6,8,27,61,2,7,41,74,20,48,21,39,22,14
141839,University of Hawaii Maui College,2015,0,0,51,67,1,0,22,36,11,10,25,21,63,71,1,0,2,2
141981,University of Hawaii-West Oahu,2015,0,0,32,69,0,1,15,18,3,7,5,6,39,44,0,0,0,0
142090,Boise Bible College,2015,1,0,0,0,0,0,0,1,0,0,18,9,0,2,0,0,0,0
142115,Boise State University,2015,2,6,15,27,29,17,125,164,7,6,671,871,38,65,6,7,83,21
142276,Idaho State University,2015,6,8,6,6,10,9,81,110,3,1,385,512,26,38,11,13,154,40
142285,University of Idaho,2015,6,2,13,10,16,6,73,111,2,1,598,581,23,40,14,7,38,16
142294,The College of Idaho,2015,1,0,0,1,2,1,9,10,4,2,72,74,5,1,3,3,8,5
142328,Lewis-Clark State College,2015,10,10,1,3,3,5,14,11,0,2,179,229,2,14,5,3,6,6
142461,Northwest Nazarene University,2015,2,1,5,2,0,5,9,19,0,0,81,111,2,1,1,4,3,3
142522,Brigham Young University-Idaho,2015,1,7,9,17,3,22,29,48,8,7,827,1209,71,125,2,1,74,96
142887,American Academy of Art College,2015,0,0,1,0,2,3,11,10,0,0,8,23,0,1,0,0,0,0
143048,School of the Art Institute of Chicago,2015,0,1,16,49,9,11,18,42,0,1,51,138,6,19,9,31,37,135
143084,Augustana College,2015,0,1,3,10,11,14,21,49,1,0,218,292,12,11,5,3,14,13
143118,Aurora University,2015,1,2,4,10,29,24,65,152,1,0,128,157,8,7,13,19,2,3
143288,Blackburn College,2015,0,0,0,1,11,16,1,2,0,1,56,66,0,3,0,2,0,0
143358,Bradley University,2015,0,1,12,12,12,16,22,26,0,1,214,191,8,4,162,232,8,3
144005,Chicago State University,2015,0,1,1,0,28,64,11,9,0,0,12,9,0,0,11,12,3,1
144050,University of Chicago,2015,6,2,117,139,26,57,43,68,1,1,404,311,15,19,59,63,118,88
144281,Columbia College Chicago,2015,3,3,25,29,107,162,111,190,1,4,348,558,24,59,27,67,27,19
144351,Concordia University-Chicago,2015,0,2,2,3,15,12,35,48,1,0,76,87,2,7,3,1,0,0
144740,DePaul University,2015,0,0,96,98,68,109,194,242,3,2,642,839,36,65,23,30,38,32
144883,East-West University,2015,0,0,0,0,54,49,15,11,0,0,2,1,1,2,0,1,24,11
144892,Eastern Illinois University,2015,0,2,4,5,118,190,38,57,0,0,243,407,14,23,2,3,22,8
144962,Elmhurst University,2015,0,1,11,25,11,11,43,63,1,0,113,171,10,10,4,4,0,0
144971,Eureka College,2015,0,1,0,1,7,6,3,4,0,0,68,65,4,4,1,0,0,0
145336,Governors State University,2015,0,0,1,3,37,91,3,11,0,0,15,17,4,5,6,7,2,1
145372,Greenville University,2015,0,1,0,0,16,11,22,4,1,0,92,80,1,1,16,12,2,1
145497,Hebrew Theological College,2015,0,0,0,0,0,0,0,0,0,0,26,335,0,0,0,1,0,0
145600,University of Illinois Chicago,2015,0,1,430,390,102,213,556,600,3,4,462,475,47,58,9,9,55,48
145619,Benedictine University,2015,1,0,32,40,30,22,34,36,1,0,102,90,0,0,34,24,1,1
145637,University of Illinois Urbana-Champaign,2015,4,1,869,582,204,271,402,411,4,1,1897,1516,118,113,34,21,667,441
145646,Illinois Wesleyan University,2015,0,0,14,14,5,4,14,19,0,0,148,180,4,6,0,3,15,24
145691,Illinois College,2015,0,0,1,0,17,20,17,14,0,0,62,81,8,4,3,0,6,7
145725,Illinois Institute of Technology,2015,0,0,47,24,15,8,51,34,0,0,119,41,23,8,9,5,75,20
145813,Illinois State University,2015,1,2,30,51,138,201,172,222,1,5,1090,1571,43,60,11,7,8,5
146339,Judson University,2015,0,0,1,5,3,6,16,6,0,0,41,40,0,1,7,9,5,5
146427,Knox College,2015,0,0,9,20,9,20,24,48,0,0,84,101,4,9,4,3,25,26
146481,Lake Forest College,2015,0,0,6,6,14,11,35,31,0,0,74,126,6,4,3,8,17,15
146612,Lewis University,2015,0,1,20,21,18,23,74,95,0,1,201,211,18,11,0,1,3,2
146667,Lincoln Christian University,2015,0,0,0,0,4,0,5,0,0,0,46,27,0,0,0,1,4,2
146719,Loyola University Chicago,2015,0,0,104,202,51,85,126,270,6,3,395,838,38,66,9,17,62,77
146755,Trinity College of Nursing & Health Sciences,2015,0,0,0,0,0,0,0,0,0,0,0,1,0,0,0,0,0,0
147013,McKendree University,2015,2,0,0,0,36,13,7,8,0,0,118,114,8,2,21,21,11,1
147129,Methodist College,2015,0,0,0,0,0,0,0,0,0,0,2,8,0,0,0,0,0,0
147244,Millikin University,2015,0,0,4,3,38,29,26,16,0,0,134,148,10,2,3,2,2,3
147341,Monmouth College,2015,0,0,2,2,13,10,21,16,0,0,75,82,10,5,18,4,6,6
147369,Moody Bible Institute,2015,0,0,4,7,4,2,17,15,0,1,92,78,5,5,65,61,22,22
147536,National Louis University,2015,0,0,0,1,10,29,11,24,0,0,0,1,1,2,1,0,0,0
147660,North Central College,2015,1,3,6,10,16,9,40,45,0,1,228,190,12,9,8,13,5,3
147679,North Park University,2015,0,0,4,16,14,9,35,62,6,1,65,107,10,12,0,3,6,8
147703,Northern Illinois University,2015,2,3,59,46,235,310,197,210,0,1,543,489,59,50,2,1,19,9
147767,Northwestern University,2015,0,0,171,170,56,77,119,128,0,0,505,452,29,45,47,41,92,86
147776,Northeastern Illinois University,2015,0,0,25,33,35,47,173,206,3,1,59,74,3,11,5,15,10,8
147828,Olivet Nazarene University,2015,0,0,3,7,26,21,23,34,0,0,246,328,9,8,10,10,5,1
148016,Principia College,2015,0,0,0,1,3,1,0,0,0,0,31,30,1,1,1,1,2,7
148131,Quincy University,2015,0,1,1,0,37,11,4,8,0,0,80,94,5,5,17,15,0,0
148405,Rockford University,2015,0,0,2,1,14,5,14,15,0,0,55,40,5,6,1,6,2,2
148487,Roosevelt University,2015,1,1,8,8,17,35,36,66,0,2,50,90,7,9,2,2,19,4
148496,Dominican University,2015,1,1,3,3,6,18,114,192,0,0,45,85,0,8,2,3,1,1
148584,University of St Francis,2015,0,0,0,2,7,4,17,23,0,0,48,61,8,5,1,1,3,1
148627,Saint Xavier University,2015,0,0,4,9,33,57,103,189,0,0,59,134,5,12,5,10,0,0
148654,University of Illinois Springfield,2015,1,0,3,5,20,50,8,26,0,0,57,75,2,6,1,1,4,5
148876,St. Augustine College,2015,0,0,1,2,1,5,63,140,0,0,2,0,0,0,1,7,2,5
149028,Saint Anthony College of Nursing,2015,0,0,0,0,0,0,0,0,0,0,0,1,0,0,0,0,0,0
149222,Southern Illinois University-Carbondale,2015,2,2,15,16,261,395,126,121,0,0,615,543,45,51,0,0,20,7
149231,Southern Illinois University-Edwardsville,2015,3,2,14,21,143,256,39,55,2,3,656,765,32,49,11,10,6,7
149505,Trinity Christian College,2015,0,0,0,1,3,8,4,13,0,0,48,85,1,2,4,4,8,9
149514,Trinity International University-Illinois,2015,1,0,3,3,15,8,2,0,0,0,55,44,1,4,4,3,4,1
149639,VanderCook College of Music,2015,0,0,0,0,2,0,4,0,0,0,8,4,0,1,0,0,0,1
149772,Western Illinois University,2015,0,0,9,5,173,289,107,116,3,0,368,364,24,26,5,11,6,2
149781,Wheaton College,2015,0,0,31,24,8,9,10,22,0,0,208,245,16,12,2,0,7,11
150066,Anderson University,2015,0,1,1,0,19,12,3,3,0,1,133,208,14,14,1,3,3,5
150136,Ball State University,2015,0,0,13,21,98,161,54,119,1,5,1122,1739,52,67,14,16,3,7
150145,Bethel University,2015,0,0,4,6,10,12,11,9,0,0,89,123,4,8,0,0,3,1
150163,Butler University,2015,1,1,13,25,18,31,17,35,0,0,310,477,9,9,33,36,7,2
150172,Calumet College of Saint Joseph,2015,0,0,1,0,9,11,17,19,0,0,31,20,1,2,0,0,0,0
150400,DePauw University,2015,2,0,7,9,16,12,9,13,0,0,222,209,16,24,9,5,19,24
150455,Earlham College,2015,2,1,5,6,10,13,3,17,0,0,47,74,0,3,0,3,40,28
150534,University of Evansville,2015,0,0,5,11,2,3,0,0,0,0,151,240,0,0,19,24,44,16
150604,Franklin College,2015,0,0,0,2,5,5,1,4,0,0,128,121,12,5,1,4,1,1
150668,Goshen College,2015,0,0,0,0,2,2,24,25,0,0,49,56,5,0,0,0,8,5
150677,Grace College and Theological Seminary,2015,0,0,4,2,7,6,6,17,0,0,123,200,5,6,3,4,1,0
150756,Hanover College,2015,0,1,1,3,8,6,1,3,0,0,117,133,3,2,7,12,3,4
150774,Holy Cross College,2015,2,1,4,1,5,6,8,5,0,1,68,55,1,4,8,8,1,3
150941,Huntington University,2015,0,0,0,1,3,1,4,4,0,0,57,108,4,4,0,0,10,5
151102,Purdue University Fort Wayne,2015,3,1,16,23,37,48,55,52,1,0,591,643,26,38,1,1,36,11
151111,Indiana University-Indianapolis,2015,0,3,68,76,81,178,102,179,1,2,1113,1607,92,105,5,9,63,41
151263,University of Indianapolis,2015,0,1,5,9,20,33,13,31,0,1,263,479,10,21,12,16,29,24
151290,Indiana Institute of Technology,2015,1,1,2,2,80,139,12,13,0,0,151,95,7,20,68,113,35,6
151306,University of Southern Indiana,2015,4,4,8,13,29,49,28,32,1,2,521,909,18,29,0,0,7,4
151324,Indiana State University,2015,1,1,13,13,278,391,56,76,1,0,769,966,66,75,3,4,50,9
151333,Indiana University-Kokomo,2015,1,2,0,2,9,12,12,14,0,0,162,304,8,10,9,4,2,2
151342,Indiana University-South Bend,2015,0,3,6,7,22,32,36,55,0,0,242,372,24,24,0,2,10,10
151351,Indiana University-Bloomington,2015,1,5,202,180,151,225,251,245,1,0,2748,2815,131,172,16,8,366,329
151360,Indiana University-Northwest,2015,1,0,6,10,24,41,55,97,0,1,113,212,3,17,1,2,3,1
151379,Indiana University-Southeast,2015,2,0,4,5,16,29,15,27,0,0,272,424,18,20,0,3,0,0
151388,Indiana University-East,2015,0,2,0,2,4,5,4,3,1,0,106,190,9,10,1,3,1,0
151777,Manchester University,2015,0,0,1,7,18,13,13,13,0,0,134,170,7,6,2,1,6,5
151786,Marian University,2015,1,1,2,2,13,5,9,18,0,0,116,124,5,0,1,3,2,2
151801,Indiana Wesleyan University-Marion,2015,0,4,3,7,77,187,26,47,0,2,317,638,14,43,1,12,2,1
151810,Martin University,2015,0,0,0,0,3,1,0,0,0,0,0,0,0,0,0,0,0,0
151962,Mid-America College of Funeral Service,2015,0,0,0,0,1,3,0,0,0,0,13,16,0,0,0,0,0,0
152080,University of Notre Dame,2015,1,2,53,58,33,47,111,108,0,0,761,591,47,46,3,3,60,83
152099,Oakland City University,2015,0,0,0,0,5,3,1,1,0,0,26,27,1,0,5,8,6,1
152318,Rose-Hulman Institute of Technology,2015,1,0,17,11,10,4,14,10,0,0,299,86,16,11,0,0,55,11
152336,University of Saint Francis-Fort Wayne,2015,1,2,1,5,30,5,14,14,1,0,83,199,4,3,2,1,3,1
152381,Saint Mary-of-the-Woods College,2015,0,0,0,0,0,3,0,2,0,0,0,57,0,3,0,1,0,4
152390,Saint Mary's College,2015,0,1,0,8,0,15,0,42,0,0,0,325,0,14,0,9,0,5
152530,Taylor University,2015,5,3,5,8,10,4,8,9,0,0,193,260,0,0,0,0,7,7
152567,Trine University,2015,0,0,3,2,21,4,15,4,1,0,292,108,8,5,2,2,1,2
152600,Valparaiso University,2015,0,0,8,11,25,23,25,41,0,1,263,275,15,12,14,12,13,4
152637,Vincennes University,2015,1,4,5,3,248,162,22,23,0,0,958,586,40,38,22,13,5,9
152673,Wabash College,2015,0,0,0,0,16,0,22,0,0,0,174,0,6,0,6,0,16,0
152992,Briar Cliff University,2015,1,0,1,3,14,5,19,13,3,1,56,53,0,2,0,0,9,5
153001,Buena Vista University,2015,0,0,3,1,4,2,9,7,0,0,86,77,4,5,5,4,11,5
153108,Central College,2015,0,1,1,3,10,0,7,12,0,0,129,142,3,2,4,2,0,1
153126,Clarke University,2015,0,0,1,1,4,7,9,15,0,0,51,83,2,3,0,2,1,1
153144,Coe College,2015,0,1,7,8,14,18,17,26,2,0,97,161,4,10,3,8,0,1
153162,Cornell College,2015,4,4,4,5,8,6,7,11,0,0,101,75,0,1,21,18,6,5
153241,Divine Word College,2015,0,0,1,0,0,0,0,0,0,0,0,0,0,0,0,0,0,0
153250,Dordt University,2015,0,0,1,1,6,2,0,1,10,10,142,133,0,0,18,10,18,10
153269,Drake University,2015,0,0,8,13,12,15,12,23,0,0,261,404,8,15,1,2,19,8
153278,University of Dubuque,2015,2,0,11,1,82,24,32,13,1,0,124,95,15,2,9,1,26,2
153302,Emmaus Bible College,2015,0,1,1,1,2,3,1,2,0,0,12,32,0,2,2,0,0,0
153320,Faith Baptist Bible College and Theological Seminary,2015,0,0,0,2,0,0,0,0,0,0,30,35,1,1,0,3,0,0
153366,Graceland University-Lamoni,2015,1,0,3,3,30,13,42,10,5,0,62,76,8,7,12,7,5,5
153375,Grand View University,2015,0,1,5,2,14,2,6,6,0,0,90,118,5,8,2,1,6,1
153384,Grinnell College,2015,0,0,15,14,14,12,9,16,0,0,103,134,11,14,9,15,40,36
153427,Orion Technical College,2015,0,0,0,0,6,1,8,2,0,0,37,23,0,0,0,2,0,0
153603,Iowa State University,2015,10,6,126,89,95,72,156,165,6,2,2651,2038,76,79,216,140,183,92
153658,University of Iowa,2015,2,8,101,117,83,124,204,263,0,2,1508,1856,57,97,23,11,209,181
153825,Loras College,2015,0,0,0,2,4,2,16,14,0,0,163,161,9,4,6,4,2,2
153834,Luther College,2015,1,0,2,6,10,10,18,14,0,1,232,285,9,0,0,0,21,14
153861,Maharishi International University,2015,0,0,1,0,2,0,0,2,0,0,7,6,1,0,0,0,0,2
153977,Mercy College of Health Sciences,2015,0,0,0,1,1,1,0,1,0,0,9,24,0,0,0,2,0,0
154004,Morningside University,2015,0,0,3,1,2,0,10,24,0,0,129,159,7,7,5,7,19,7
154013,Mount Mercy University,2015,1,4,1,4,5,9,1,1,0,0,38,141,2,5,2,3,9,6
154022,Ashford University,2015,4,7,0,4,76,144,14,36,0,2,75,250,6,12,2,3,1,0
154095,University of Northern Iowa,2015,1,0,10,17,16,31,22,42,0,0,581,987,16,35,39,58,13,6
154101,Northwestern College,2015,0,0,2,0,6,0,6,3,0,0,75,140,4,2,2,10,7,3
154174,Palmer College of Chiropractic,2015,0,0,0,0,0,0,0,0,0,0,0,2,0,0,0,0,0,0
154235,Saint Ambrose University,2015,0,1,0,5,12,7,21,23,0,0,146,190,5,9,10,8,7,1
154262,St Luke's College,2015,0,0,0,0,0,0,0,2,0,0,0,3,0,0,0,0,0,0
154350,Simpson College,2015,1,0,2,1,2,0,11,6,1,0,121,161,3,5,6,2,0,0
154493,Upper Iowa University,2015,0,0,0,0,29,24,4,3,0,0,84,79,3,3,2,1,7,7
154518,Waldorf University,2015,1,0,2,1,22,5,11,6,1,0,48,64,11,4,11,7,5,0
154527,Wartburg College,2015,0,0,2,3,13,9,4,2,0,0,124,141,7,2,15,20,16,8
154590,William Penn University,2015,2,0,5,0,79,12,14,11,2,0,95,49,1,4,12,4,17,5
154688,Baker University,2015,2,0,1,1,7,7,7,8,1,1,54,70,4,6,4,4,3,2
154712,Benedictine College,2015,0,2,1,3,10,4,12,14,3,1,183,234,16,12,0,10,2,1
154721,Bethany College,2015,3,0,1,1,24,9,24,8,0,0,60,36,4,1,0,0,0,0
154749,Bethel College-North Newton,2015,1,0,0,3,13,2,10,2,0,0,40,50,4,3,2,0,0,0
154855,Central Christian College of Kansas,2015,0,5,0,0,30,24,9,13,0,0,49,40,2,1,2,1,0,0
155007,Donnelly College,2015,0,0,1,3,5,7,9,32,0,0,0,3,0,2,0,0,0,0
155025,Emporia State University,2015,3,3,2,4,18,12,23,37,0,1,172,341,25,45,6,4,18,17
155061,Fort Hays State University,2015,1,5,2,4,19,13,39,59,0,0,295,416,13,17,5,5,10,6
155070,Barclay College,2015,1,0,0,0,0,1,1,1,0,0,13,17,1,1,0,0,1,0
155089,Friends University,2015,1,1,1,1,12,2,5,4,0,0,47,54,17,9,6,4,0,0
155140,Haskell Indian Nations University,2015,83,89,0,0,0,0,0,0,0,0,0,0,0,0,0,0,0,0
155177,Hesston College,2015,0,0,1,2,5,3,13,4,0,0,42,54,2,4,0,0,9,10
155283,Concorde Career College-Kansas City,2015,0,0,1,1,4,42,0,16,0,0,5,34,0,5,1,6,0,0
155308,Kansas Christian College,2015,0,0,1,0,0,0,0,0,0,0,0,2,0,0,0,0,0,0
155317,University of Kansas,2015,3,12,78,102,84,92,156,176,0,0,1358,1558,98,120,12,17,99,67
155335,Newman University,2015,1,2,6,10,2,6,9,12,0,0,31,61,2,4,0,0,3,13
155399,Kansas State University,2015,6,11,27,25,61,54,139,129,2,2,1472,1351,55,70,19,13,81,42
155414,Kansas Wesleyan University,2015,1,1,0,0,12,3,13,5,1,0,57,56,4,2,0,2,1,0
155496,Manhattan Christian College,2015,0,0,1,1,6,0,5,3,0,0,29,30,0,1,1,2,0,0
155511,McPherson College,2015,1,0,1,0,12,8,14,7,0,0,96,47,3,0,0,0,3,2
155520,MidAmerica Nazarene University,2015,3,0,1,0,19,10,9,5,0,1,49,70,2,4,11,6,0,0
155627,Ottawa University-Ottawa,2015,3,4,0,1,16,4,14,4,1,1,56,34,9,2,7,4,0,0
155681,Pittsburg State University,2015,7,8,8,5,21,22,34,32,1,1,401,411,37,40,0,1,11,5
155812,University of Saint Mary,2015,0,0,0,1,11,4,22,9,2,0,39,39,2,1,3,0,1,1
155900,Southwestern College,2015,1,0,0,0,15,3,3,6,0,0,21,29,1,1,1,0,9,0
155937,Sterling College,2015,1,1,3,1,17,1,10,14,0,0,45,47,0,0,0,1,0,0
155973,Tabor College,2015,0,0,1,0,19,3,9,10,0,0,43,46,4,2,2,0,10,1
156082,Washburn University,2015,1,4,1,9,29,10,18,36,0,0,219,321,16,20,25,30,7,11
156125,Wichita State University,2015,5,2,47,52,28,44,80,84,0,0,360,442,32,35,9,5,35,10
156189,Alice Lloyd College,2015,1,2,0,0,5,2,1,1,0,0,93,104,1,1,1,0,1,0
156213,Asbury University,2015,0,0,2,3,9,6,0,0,0,1,103,152,12,9,3,3,6,4
156286,Bellarmine University,2015,1,1,3,8,7,22,4,4,1,0,186,423,10,18,5,9,3,2
156295,Berea College,2015,2,0,2,2,18,50,25,24,0,0,120,127,11,15,1,4,16,15
156356,Brescia University,2015,1,0,0,0,7,11,3,3,0,0,46,64,0,2,3,7,1,0
156365,Campbellsville University,2015,0,0,1,0,42,15,8,9,3,2,166,207,4,4,1,1,35,10
156408,Centre College,2015,0,0,7,9,10,9,8,11,0,0,156,119,7,4,2,2,12,18
156417,Clear Creek Baptist Bible College,2015,0,0,0,0,0,0,0,0,0,0,7,2,1,0,4,1,2,0
156471,Galen College of Nursing-Louisville,2015,0,0,0,0,0,2,1,0,0,0,3,10,0,3,0,4,0,0
156541,University of the Cumberlands,2015,0,0,1,0,24,9,1,2,0,0,165,171,9,7,13,13,16,2
156620,Eastern Kentucky University,2015,3,4,9,8,87,89,34,41,0,1,942,1376,45,42,16,11,15,6
156745,Georgetown College,2015,0,1,1,2,15,7,2,1,0,0,88,131,7,10,7,8,2,0
157030,Kentucky Mountain Bible College,2015,0,0,0,0,1,0,0,0,0,0,8,5,0,0,0,0,1,0
157058,Kentucky State University,2015,0,1,3,1,64,70,4,5,0,0,20,21,2,4,3,5,0,0
157076,Kentucky Wesleyan College,2015,0,2,0,0,22,5,1,0,0,0,70,70,0,0,3,4,0,0
157085,University of Kentucky,2015,6,8,53,67,179,237,109,155,1,2,1628,2273,106,134,51,62,57,39
157100,Kentucky Christian University,2015,0,0,0,0,10,2,1,1,0,0,39,33,0,0,11,7,2,1
157216,Lindsey Wilson College,2015,0,1,0,2,46,16,1,0,0,0,117,187,9,6,51,83,0,0
157289,University of Louisville,2015,1,0,46,60,111,142,60,50,0,0,1091,1003,66,80,0,1,10,14
157377,Midway University,2015,0,0,0,0,0,2,0,2,0,0,0,56,0,5,0,1,0,0
157386,Morehead State University,2015,1,2,2,5,23,29,13,13,0,0,496,812,23,24,6,2,40,8
157401,Murray State University,2015,0,2,3,5,51,53,8,25,0,0,463,716,19,31,8,22,35,18
157447,Northern Kentucky University,2015,3,3,10,7,65,117,33,47,0,0,853,939,43,45,4,6,24,6
157535,University of Pikeville,2015,1,0,2,1,40,11,3,3,1,1,109,132,0,0,0,0,4,6
157748,The Southern Baptist Theological Seminary,2015,0,0,4,3,3,0,2,2,0,0,61,53,0,0,3,4,0,1
157757,Spalding University,2015,1,0,2,1,10,20,0,0,1,0,43,86,2,5,5,3,0,0
157793,Sullivan University,2015,0,1,1,1,18,40,0,0,0,0,54,90,5,8,11,11,1,0
157809,Thomas More University,2015,1,0,0,0,16,1,5,1,1,0,112,123,6,3,3,2,2,0
157818,Transylvania University,2015,0,0,1,1,5,10,15,9,0,0,103,138,3,11,4,1,4,4
157863,Union College,2015,0,0,0,0,31,10,5,1,0,0,69,65,8,4,2,0,14,3
157951,Western Kentucky University,2015,6,1,19,19,153,203,54,66,1,0,945,1394,45,67,7,5,68,15
158477,Centenary College of Louisiana,2015,0,0,3,0,8,13,5,7,1,0,48,57,6,5,0,0,1,3
158802,Dillard University,2015,0,0,0,0,61,210,1,0,0,0,0,0,1,3,7,8,4,1
159009,Grambling State University,2015,0,0,0,0,292,284,8,5,0,0,2,1,3,10,3,1,1,7
159382,Louisiana State University-Alexandria,2015,15,26,5,3,33,38,10,1,0,0,118,162,3,8,2,8,27,5
159391,Louisiana State University and Agricultural & Mechanical College,2015,11,17,117,113,268,484,167,179,5,3,1837,2239,37,51,23,20,29,19
159416,Louisiana State University-Shreveport,2015,1,2,1,6,26,40,6,9,0,1,80,104,8,20,9,28,2,4
159568,Louisiana Christian University,2015,2,0,0,0,69,18,4,3,0,1,58,51,1,0,0,0,1,3
159647,Louisiana Tech University,2015,2,4,16,11,152,123,52,27,1,1,744,600,35,25,80,49,6,5
159656,Loyola University New Orleans,2015,2,1,8,13,28,98,38,83,0,0,146,198,8,18,4,9,4,3
159717,McNeese State University,2015,2,1,4,6,104,160,19,25,2,1,348,549,17,36,0,0,124,22
159939,University of New Orleans,2015,2,1,51,37,73,94,68,66,0,1,206,205,25,26,5,6,33,6
159948,New Orleans Baptist Theological Seminary,2015,1,0,2,1,15,1,1,0,0,0,34,9,0,0,4,0,0,0
159966,Nicholls State University,2015,6,13,4,11,100,130,16,30,0,1,302,521,13,30,2,3,5,12
159993,University of Louisiana at Monroe,2015,4,6,9,18,96,205,12,18,0,0,306,546,11,37,9,20,57,22
160038,Northwestern State University of Louisiana,2015,8,14,2,4,133,238,35,44,0,1,230,437,24,32,5,3,11,7
160065,University of Holy Cross,2015,0,0,0,3,1,13,1,5,0,0,6,30,0,0,2,8,0,0
160074,Franciscan Missionaries of Our Lady University,2015,0,0,0,1,1,9,0,24,0,0,4,30,0,0,0,1,0,0
160409,Saint Joseph Seminary College,2015,0,0,1,0,1,0,1,0,0,0,14,0,0,0,0,0,0,0
160612,Southeastern Louisiana University,2015,2,1,11,10,191,324,78,112,1,1,570,848,50,70,11,9,10,7
160621,Southern University and A & M College,2015,7,0,1,0,437,665,0,1,0,0,11,3,11,22,3,6,5,5
160630,Southern University at New Orleans,2015,0,0,0,1,50,125,0,3,0,0,3,3,0,0,4,10,0,0
160658,University of Louisiana at Lafayette,2015,6,8,28,31,273,461,65,69,1,1,944,1125,37,57,14,14,11,5
160755,Tulane University of Louisiana,2015,1,0,20,43,33,26,44,66,2,0,512,758,26,38,36,62,18,34
160904,Xavier University of Louisiana,2015,2,0,26,33,125,425,14,15,1,1,6,8,4,21,0,0,1,2
160959,College of the Atlantic,2015,0,0,1,0,0,1,0,3,0,0,16,43,0,2,0,0,4,11
160977,Bates College,2015,2,0,4,13,16,12,22,23,0,0,175,186,12,10,0,0,21,20
161004,Bowdoin College,2015,0,1,17,19,18,11,23,29,0,0,161,155,17,16,2,4,14,13
161022,Maine College of Health Professions,2015,0,0,0,0,0,0,0,0,0,0,1,2,0,0,0,0,0,0
161086,Colby College,2015,1,1,15,19,7,5,21,18,1,1,154,166,10,9,11,8,29,32
161217,University of Maine at Augusta,2015,3,2,0,2,2,0,2,3,0,0,63,147,2,1,4,6,0,0
161226,University of Maine at Farmington,2015,1,3,0,3,3,4,4,8,0,0,123,277,4,2,7,7,1,0
161235,University of Maine at Fort Kent,2015,1,0,0,0,1,0,2,0,0,0,31,69,3,2,0,4,7,1
161253,University of Maine,2015,3,12,21,17,36,13,47,27,0,0,898,798,29,32,31,30,7,16
161299,Maine Maritime Academy,2015,2,1,2,3,6,1,5,0,0,0,140,30,0,0,14,3,0,0
161341,University of Maine at Presque Isle,2015,3,0,1,0,5,2,2,2,0,0,52,93,2,2,4,1,7,8
161457,University of New England,2015,2,2,10,9,4,5,1,0,0,0,159,382,2,8,9,29,1,1
161509,Maine College of Art & Design,2015,0,1,0,1,1,0,2,4,0,0,27,61,3,2,2,3,0,3
161518,Saint Joseph's College of Maine,2015,3,1,3,1,1,1,2,0,0,1,64,102,0,0,31,67,0,0
161554,University of Southern Maine,2015,2,2,2,5,18,23,15,9,0,0,224,316,6,16,9,10,3,2
161563,Thomas College,2015,0,2,4,1,10,3,3,2,0,0,97,93,6,5,18,11,1,0
161572,Unity Environmental University,2015,0,2,2,0,0,0,0,3,0,0,96,87,2,5,0,0,1,0
161873,University of Baltimore,2015,0,0,3,5,21,39,6,3,0,1,32,15,3,8,0,0,1,0
162007,Bowie State University,2015,0,0,4,1,194,285,9,14,0,0,2,5,13,15,6,7,0,4
162061,Capitol Technology University,2015,1,0,4,1,26,6,7,1,0,0,29,2,2,1,2,0,0,0
162210,Washington Adventist University,2015,0,0,7,2,14,25,6,10,1,0,37,15,0,0,16,7,1,0
162283,Coppin State University,2015,0,0,0,1,48,131,7,6,0,0,4,2,1,6,2,1,18,15
162584,Frostburg State University,2015,2,3,3,4,216,178,38,23,0,0,215,180,23,23,4,3,15,1
162654,Goucher College,2015,0,0,1,14,18,32,15,20,0,2,76,168,5,9,8,9,5,7
162760,Hood College,2015,0,0,2,8,14,26,14,15,0,0,61,86,3,16,0,6,2,4
162928,Johns Hopkins University,2015,1,3,161,187,45,53,105,79,2,0,232,227,36,24,38,33,64,78
163046,Loyola University Maryland,2015,0,0,15,35,31,47,50,52,1,0,311,441,12,26,1,2,3,5
163204,University of Maryland Global Campus,2015,0,1,5,5,30,25,11,17,1,0,28,48,5,12,5,6,0,2
163268,University of Maryland-Baltimore County,2015,0,2,191,183,121,120,50,29,1,1,414,219,39,24,41,29,55,24
163286,University of Maryland-College Park,2015,2,2,407,317,199,277,192,174,5,0,1172,888,95,69,32,29,59,39
163295,Maryland Institute College of Art,2015,0,1,6,42,4,16,3,27,1,0,54,126,6,22,0,8,17,78
163338,University of Maryland Eastern Shore,2015,1,0,5,3,372,477,13,23,0,2,21,26,15,19,2,3,13,16
163453,Morgan State University,2015,1,2,1,1,399,550,13,29,0,1,1,9,17,17,14,6,85,13
163462,Mount St. Mary's University,2015,0,1,9,9,38,50,23,27,0,0,149,166,14,14,4,0,2,0
163532,Ner Israel Rabbinical College,2015,0,0,0,0,0,0,0,0,0,0,29,0,0,0,0,0,5,0
163578,Notre Dame of Maryland University,2015,0,3,0,10,0,29,0,12,0,0,0,34,0,0,0,2,0,3
163851,Salisbury University,2015,3,9,12,37,51,79,28,30,2,2,365,512,4,6,21,19,2,4
163912,St. Mary's College of Maryland,2015,0,1,2,11,17,18,15,23,0,0,105,169,10,10,8,2,1,1
163976,St. John's College,2015,1,0,3,2,3,1,3,3,0,0,37,28,1,0,3,1,8,8
164076,Towson University,2015,0,0,59,110,122,307,72,121,1,0,638,1028,49,73,29,54,17,28
164155,United States Naval Academy,2015,0,0,60,26,67,18,106,34,7,1,530,204,65,34,9,3,9,3
164173,Stevenson University,2015,0,1,4,14,64,127,14,29,1,1,170,244,15,29,7,11,2,0
164216,Washington College,2015,2,2,6,8,9,24,2,0,0,0,128,160,0,0,7,9,24,10
164270,McDaniel College,2015,0,0,5,9,34,43,22,15,0,0,130,128,0,0,15,17,0,2
164368,Hult International Business School,2015,0,0,0,0,2,0,0,1,0,0,0,0,0,0,4,10,65,41
164447,American International College,2015,1,1,2,3,50,47,29,30,1,0,53,51,0,1,26,25,8,9
164465,Amherst College,2015,0,1,30,37,23,27,25,40,0,0,107,108,11,16,4,5,26,17
164492,Anna Maria College,2015,1,2,2,4,24,13,12,26,0,0,51,87,1,3,4,2,0,0
164562,Assumption University,2015,0,0,5,6,18,17,15,27,0,1,160,278,5,4,12,7,8,7
164580,Babson College,2015,0,0,27,52,11,11,11,33,0,1,119,84,4,6,18,17,54,80
164614,Boston Baptist College,2015,0,0,0,0,0,0,1,0,0,0,6,3,0,0,0,0,0,0
164632,Bay Path University,2015,0,0,0,7,0,20,0,41,0,0,0,91,0,8,0,11,0,0
164739,Bentley University,2015,0,0,37,35,15,15,33,30,0,1,372,210,10,5,15,14,75,48
164748,Berklee College of Music,2015,0,1,18,14,40,16,39,20,1,0,224,104,15,13,63,30,164,118
164872,Boston Architectural College,2015,0,0,0,2,2,0,1,0,0,0,5,4,1,0,3,0,8,12
164924,Boston College,2015,1,0,123,97,47,43,104,111,0,1,718,727,32,44,50,56,57,99
164988,Boston University,2015,0,2,172,304,40,102,155,301,4,4,497,890,40,77,53,103,387,499
165015,Brandeis University,2015,0,0,46,72,12,31,34,32,0,0,156,216,13,16,6,6,66,96
165024,Bridgewater State University,2015,2,3,17,19,68,65,44,78,0,0,471,651,27,29,10,6,3,0
165167,Cambridge College,2015,0,0,0,1,1,1,1,1,0,0,0,0,0,0,0,0,3,0
165264,Laboure College of Healthcare,2015,0,0,0,0,0,0,0,0,0,0,0,1,0,0,0,0,0,0
165334,Clark University,2015,1,2,11,42,9,23,18,40,0,0,122,229,2,9,23,32,57,49
165529,Curry College,2015,0,1,6,10,33,25,26,28,0,2,188,224,10,7,14,14,11,1
165574,Dean College,2015,1,0,1,3,92,20,32,17,1,1,100,96,5,11,34,17,29,13
165644,Eastern Nazarene College,2015,0,0,1,2,8,11,9,7,0,0,38,24,3,3,4,1,0,1
165662,Emerson College,2015,0,0,14,33,12,15,35,78,0,0,249,343,12,28,6,5,28,57
165671,Emmanuel College,2015,0,1,5,24,6,20,9,54,0,0,97,289,2,12,5,21,4,6
165699,Endicott College,2015,1,0,3,4,8,3,17,11,0,2,255,427,4,3,14,21,8,8
165802,Fisher College,2015,0,0,1,2,16,20,21,22,0,0,17,39,0,8,43,64,18,7
165820,Fitchburg State University,2015,0,1,9,15,23,50,40,73,0,0,279,267,7,10,3,1,2,1
165866,Framingham State University,2015,1,2,10,11,38,43,47,72,1,0,196,373,13,22,8,4,2,1
165884,Benjamin Franklin Cummings Institute of Technology,2015,1,1,6,0,56,3,51,5,3,0,48,2,7,0,10,0,0,0
165936,Gordon College,2015,0,0,11,17,8,12,12,26,0,0,108,202,4,13,0,0,11,13
166018,Hampshire College,2015,0,0,4,5,5,8,19,27,0,0,82,154,10,20,0,11,13,12
166027,Harvard University,2015,1,3,137,177,42,67,89,87,0,0,339,284,44,49,62,60,138,80
166054,Hellenic College-Holy Cross Greek Orthodox School of Theology,2015,0,0,0,0,0,0,1,0,0,0,19,8,1,0,1,1,0,0
166124,College of the Holy Cross,2015,2,0,14,29,16,12,27,40,0,0,259,255,7,11,15,23,12,16
166391,Lasell University,2015,0,0,1,13,11,19,25,21,0,0,110,230,2,12,9,11,17,8
166452,Lesley University,2015,0,0,5,14,9,11,7,33,0,0,53,216,6,11,0,5,1,1
166513,University of Massachusetts-Lowell,2015,3,0,87,63,35,27,90,61,0,0,721,358,33,19,39,15,32,12
166629,University of Massachusetts-Amherst,2015,0,4,272,231,61,80,129,163,3,0,1563,1482,55,69,128,135,181,136
166638,University of Massachusetts-Boston,2015,0,0,128,111,96,137,100,151,1,0,250,260,22,30,20,33,119,80
166656,MCPHS University,2015,1,0,63,135,18,45,5,40,0,1,77,247,6,6,3,12,54,68
166674,Massachusetts College of Art and Design,2015,0,1,5,21,6,3,6,18,0,1,50,152,1,2,0,15,1,10
166683,Massachusetts Institute of Technology,2015,0,1,123,176,41,20,109,45,0,0,197,192,45,34,7,10,66,39
166692,Massachusetts Maritime Academy,2015,0,0,2,1,4,0,14,2,0,0,301,36,7,2,15,0,1,0
166850,Merrimack College,2015,1,0,7,6,21,6,26,24,0,1,309,356,8,7,19,13,16,8
166911,Montserrat College of Art,2015,0,0,0,2,0,0,2,2,0,0,5,20,0,1,15,33,1,0
166939,Mount Holyoke College,2015,0,0,0,41,0,32,0,43,0,1,0,237,0,16,0,7,0,135
167057,The New England Conservatory of Music,2015,0,0,0,7,3,3,2,1,0,0,19,9,5,4,1,0,18,14
167260,Nichols College,2015,0,0,3,3,17,4,17,7,0,0,169,85,9,5,0,0,6,0
167288,Massachusetts College of Liberal Arts,2015,0,3,1,5,11,25,9,23,0,0,74,107,0,6,0,5,0,1
167358,Northeastern University,2015,3,0,196,220,55,88,95,123,0,0,719,558,54,67,68,81,230,240
167394,College of Our Lady of the Elms,2015,0,0,1,1,8,8,3,13,0,0,36,100,0,0,2,10,0,0
167598,Regis College,2015,0,0,5,4,17,42,4,33,0,0,34,112,0,0,5,5,2,3
167729,Salem State University,2015,0,3,11,19,27,60,48,86,0,0,287,480,16,25,3,6,8,3
167783,Simmons University,2015,0,0,0,49,0,28,0,35,0,1,0,318,0,17,0,7,0,16
167792,Bard College at Simon's Rock,2015,0,0,11,8,1,5,2,4,0,0,24,37,3,3,2,4,4,8
167835,Smith College,2015,0,1,0,61,0,44,0,69,0,0,0,249,0,32,0,56,0,97
167899,Springfield College,2015,1,0,3,8,13,13,31,19,1,0,209,221,1,5,5,10,6,0
167987,University of Massachusetts-Dartmouth,2015,4,2,33,26,101,149,78,80,0,0,490,355,29,26,22,15,4,2
167996,Stonehill College,2015,0,0,7,6,19,14,18,12,0,0,201,345,6,8,2,11,2,5
168005,Suffolk University,2015,2,2,41,65,30,63,69,102,0,1,260,370,12,24,19,21,155,89
168148,Tufts University,2015,0,0,64,98,22,21,27,47,0,0,467,367,23,26,29,23,69,75
168218,Wellesley College,2015,0,1,0,117,0,32,0,79,0,0,0,206,0,26,0,49,0,83
168227,Wentworth Institute of Technology,2015,4,0,74,20,31,10,22,9,0,0,476,120,42,5,50,17,61,24
168254,Western New England University,2015,2,3,16,17,22,16,37,22,2,0,350,188,3,5,15,6,13,2
168263,Westfield State University,2015,1,1,12,11,25,28,42,72,0,0,451,544,31,37,19,16,1,1
168281,Wheaton College (Massachusetts),2015,0,0,7,16,10,17,13,22,0,0,101,156,8,6,0,3,22,36
168342,Williams College,2015,0,1,41,35,27,24,26,41,0,0,153,130,10,17,0,0,24,22
168421,Worcester Polytechnic Institute,2015,3,3,33,22,23,9,57,47,0,0,484,236,19,11,23,7,86,30
168430,Worcester State University,2015,0,1,18,14,21,21,29,47,0,1,243,357,12,13,9,16,2,4
168528,Adrian College,2015,1,0,0,0,43,11,11,11,1,0,185,163,13,6,44,13,0,0
168546,Albion College,2015,1,0,5,3,28,27,13,17,0,0,165,154,6,4,10,8,6,8
168591,Alma College,2015,1,1,1,1,14,7,7,14,0,0,105,161,1,0,4,12,5,2
168607,Alpena Community College,2015,4,1,0,0,5,0,3,1,0,1,150,138,0,0,4,2,0,0
168740,Andrews University,2015,0,0,29,26,20,35,16,16,0,0,27,55,4,3,4,3,13,14
168786,Aquinas College,2015,0,2,3,4,7,6,8,11,0,0,100,190,7,7,6,12,2,3
168847,Baker College,2015,3,6,7,12,102,139,34,43,0,2,658,892,27,75,0,0,0,0
169080,Calvin University,2015,1,0,15,20,14,20,20,26,0,0,295,372,19,32,12,14,33,48
169248,Central Michigan University,2015,8,11,16,30,110,172,77,95,3,0,1120,1611,69,92,9,18,2,5
169327,Cleary University,2015,0,0,0,1,2,0,2,0,0,0,21,18,0,0,3,1,3,0
169363,Concordia University Ann Arbor,2015,0,0,0,0,13,0,2,1,0,0,64,54,3,5,4,2,0,0
169442,College for Creative Studies,2015,0,1,5,7,9,14,6,5,1,0,60,88,3,12,11,15,16,6
169479,Davenport University,2015,1,2,4,4,44,12,1,1,0,1,240,167,28,13,14,9,8,12
169716,University of Detroit Mercy,2015,0,3,12,21,20,29,16,23,1,0,115,204,10,13,12,9,9,6
169798,Eastern Michigan University,2015,4,6,23,41,229,428,72,105,0,0,709,1024,58,89,11,8,15,15
169910,Ferris State University,2015,4,1,15,12,83,114,55,49,1,1,711,757,38,43,6,1,26,10
169983,Kettering University,2015,1,0,22,3,5,2,20,6,0,0,264,54,9,1,23,5,15,4
170000,Grace Christian University,2015,3,0,0,1,14,23,2,2,0,0,49,47,4,1,1,2,0,1
170037,Cornerstone University,2015,1,0,2,1,7,10,4,14,1,0,95,160,4,4,0,0,7,6
170082,Grand Valley State University,2015,6,4,38,52,91,134,70,135,1,1,1266,2094,60,102,0,1,16,21
170091,Great Lakes Christian College,2015,0,0,0,0,4,3,0,0,0,0,20,18,0,0,0,0,0,0
170240,Henry Ford College,2015,3,6,25,9,143,208,17,10,1,1,348,315,18,22,116,115,26,10
170286,Hillsdale College,2015,0,0,0,0,0,0,0,0,0,0,0,0,0,0,177,185,0,0
170301,Hope College,2015,0,0,10,17,7,14,27,35,0,0,272,384,9,8,0,0,1,2
170444,Jackson College,2015,4,0,12,4,109,135,17,25,0,1,206,292,24,30,18,27,0,1
170532,Kalamazoo College,2015,0,0,10,19,8,11,17,19,0,0,100,120,3,12,5,13,16,11
170639,Lake Superior State University,2015,14,10,2,0,1,3,7,3,0,0,172,182,0,0,3,1,12,12
170675,Lawrence Technological University,2015,2,1,7,1,22,7,18,2,0,0,174,66,7,1,8,2,17,5
170806,Madonna University,2015,0,0,1,0,16,4,4,2,1,0,27,105,2,3,2,7,1,3
170967,Rochester University,2015,0,3,0,2,13,12,1,0,0,0,34,46,0,3,3,8,20,9
170976,University of Michigan-Ann Arbor,2015,5,4,432,385,102,195,166,176,0,1,1814,1904,116,134,196,177,135,108
171100,Michigan State University,2015,4,13,207,204,216,433,168,200,2,1,2450,2825,84,154,23,20,577,410
171128,Michigan Technological University,2015,0,2,6,6,10,3,15,11,0,0,820,312,18,14,18,12,24,5
171137,University of Michigan-Dearborn,2015,0,4,55,33,46,37,29,34,1,0,373,273,20,16,12,13,7,6
171146,University of Michigan-Flint,2015,0,1,5,15,37,109,10,14,0,0,139,182,12,17,6,6,23,12
171456,Northern Michigan University,2015,12,11,1,4,25,15,20,34,0,0,494,661,32,44,16,23,19,5
171483,Northwestern Michigan College,2015,5,3,2,2,5,4,6,15,0,0,220,197,7,12,6,8,4,0
171492,Northwood University,2015,0,1,1,0,20,9,4,6,1,0,182,88,4,3,3,2,8,3
171571,Oakland University,2015,6,3,60,66,96,161,43,47,0,2,844,1069,45,56,24,36,14,16
171599,The University of Olivet,2015,0,0,0,1,33,6,13,7,0,0,94,70,9,2,1,1,2,0
171881,Kuyper College,2015,0,0,1,0,2,0,0,0,0,0,13,21,2,0,2,1,0,1
172033,Sacred Heart Major Seminary,2015,0,0,0,0,0,0,1,0,0,0,1,0,0,0,2,0,1,1
172051,Saginaw Valley State University,2015,1,2,0,8,44,44,38,33,1,0,411,634,20,17,42,29,163,70
172200,Schoolcraft Community College District,2015,4,1,21,17,42,62,24,17,1,1,339,299,14,18,28,8,8,8
172264,Siena Heights University,2015,0,1,0,0,24,8,9,13,0,0,44,75,3,1,69,51,5,1
172334,Spring Arbor University,2015,0,1,1,2,14,10,1,6,0,0,96,140,7,5,5,1,0,1
172644,Wayne State University,2015,2,7,119,134,130,205,69,91,0,0,640,713,38,59,22,30,31,30
172699,Western Michigan University,2015,8,3,23,28,173,268,107,108,2,0,1053,997,57,57,7,7,33,22
172866,Academy College,2015,0,0,1,0,0,0,0,0,0,0,2,0,0,0,0,0,0,0
173045,Augsburg University,2015,5,5,17,27,25,38,13,24,0,1,116,107,2,7,34,35,11,11
173124,Bemidji State University,2015,1,8,1,2,8,2,8,7,0,0,288,348,8,16,13,3,10,5
173142,Bethany Lutheran College,2015,0,0,0,1,5,0,2,3,0,0,50,62,1,0,1,2,4,3
173160,Bethel University,2015,0,1,8,20,6,8,13,30,0,0,187,238,8,8,30,51,2,4
173258,Carleton College,2015,0,0,11,20,13,9,20,19,0,0,144,149,15,18,5,7,34,27
173300,Concordia College at Moorhead,2015,1,2,3,8,5,7,5,2,0,1,168,250,7,4,14,35,3,5
173328,Concordia University-Saint Paul,2015,0,0,10,16,19,20,7,5,0,0,56,67,10,5,2,1,9,2
173452,Martin Luther College,2015,0,0,3,0,4,0,1,1,0,0,76,83,0,0,0,1,1,2
173647,Gustavus Adolphus College,2015,0,1,11,17,7,7,17,19,1,0,220,262,9,5,0,1,19,18
173665,Hamline University,2015,1,1,8,26,12,26,11,28,0,0,147,215,8,17,7,5,0,1
173902,Macalester College,2015,0,1,11,24,7,7,10,22,0,0,153,206,17,18,1,0,33,72
173920,Minnesota State University-Mankato,2015,6,6,45,61,48,63,62,58,0,1,766,1035,34,52,23,14,70,36
174020,Metropolitan State University,2015,0,0,12,14,11,8,1,2,0,0,5,7,0,4,1,0,5,3
174066,University of Minnesota-Twin Cities,2015,2,7,240,304,91,109,101,106,2,2,1909,2308,116,120,15,13,164,147
174075,University of Minnesota-Crookston,2015,1,0,4,0,14,3,4,10,1,0,84,83,2,6,3,0,8,3
174127,Minneapolis College of Art and Design,2015,0,1,3,4,5,3,2,4,0,0,24,74,2,14,1,6,2,0
174154,Herzing University-Minneapolis,2015,0,0,0,2,0,1,0,1,0,0,1,3,0,0,1,1,0,0
174233,University of Minnesota-Duluth,2015,0,4,42,36,29,26,34,26,0,0,878,833,27,26,4,4,10,8
174251,University of Minnesota-Morris,2015,14,15,8,10,5,8,4,15,0,0,112,162,15,25,0,0,14,8
174358,Minnesota State University Moorhead,2015,1,2,4,5,3,4,7,12,0,1,192,353,16,17,7,13,43,36
174437,North Central University,2015,0,0,4,4,3,6,4,7,0,0,73,95,5,3,7,7,1,1
174491,University of Northwestern-St Paul,2015,0,0,4,13,7,5,9,12,0,0,168,199,4,11,0,2,4,2
174507,Northwestern Health Sciences University,2015,0,0,0,0,0,0,0,0,0,0,0,1,0,0,1,1,0,0
174525,Oak Hills Christian College,2015,0,1,0,0,0,0,0,1,0,0,6,9,1,0,0,0,0,0
174747,College of Saint Benedict,2015,0,4,0,34,0,19,0,51,0,0,0,351,0,0,0,0,0,14
174783,Saint Cloud State University,2015,3,5,80,84,65,56,29,40,1,0,535,696,34,25,10,10,70,42
174792,Saint Johns University,2015,5,0,18,0,16,0,41,0,2,0,357,0,0,0,0,0,11,0
174817,Saint Mary's University of Minnesota,2015,0,0,0,0,8,10,4,2,0,0,94,113,0,4,15,19,5,3
174844,St Olaf College,2015,1,1,17,41,11,10,24,19,0,1,255,289,9,15,2,3,32,33
174862,Crown College,2015,0,0,3,2,6,1,10,6,1,0,47,65,3,2,1,1,1,1
174899,The College of Saint Scholastica,2015,0,1,2,7,2,5,8,10,0,0,123,241,5,18,0,3,9,5
174914,University of St Thomas,2015,2,0,31,26,16,15,31,30,0,0,577,595,30,23,7,6,17,13
175005,St Catherine University,2015,0,3,0,67,0,40,0,38,0,1,0,222,0,17,0,16,0,5
175014,Rasmussen University-Minnesota,2015,1,0,0,1,5,9,0,0,0,0,8,36,0,1,3,3,0,0
175078,Southwest Minnesota State University,2015,1,0,5,4,19,4,7,10,0,0,136,194,7,5,7,4,27,15
175227,Dunwoody College of Technology,2015,3,1,9,0,7,2,8,1,0,0,138,15,4,1,13,1,0,0
175272,Winona State University,2015,2,7,13,24,11,20,19,29,1,1,455,953,16,29,2,8,21,7
175342,Alcorn State University,2015,0,0,0,0,228,338,0,1,1,0,5,6,8,9,0,0,0,2
175421,Belhaven University,2015,0,0,0,3,42,31,3,11,0,0,44,82,6,6,11,12,13,5
175430,Blue Mountain Christian University,2015,0,0,0,0,7,0,0,1,0,0,24,23,1,0,0,0,0,0
175616,Delta State University,2015,2,0,5,0,41,60,3,4,0,0,74,116,1,2,0,1,5,8
175856,Jackson State University,2015,1,0,2,2,480,667,3,5,0,0,7,12,4,16,0,0,17,6
175980,Millsaps College,2015,0,3,2,1,13,29,0,1,0,0,97,64,0,0,4,2,3,3
176017,University of Mississippi,2015,7,8,32,39,139,249,57,82,0,2,1379,1786,34,53,0,0,17,20
176035,Mississippi University for Women,2015,0,0,0,1,14,92,0,1,0,0,9,61,0,0,0,0,46,22
176044,Mississippi Valley State University,2015,0,0,0,0,170,166,0,5,0,0,8,2,0,1,8,9,0,0
176053,Mississippi College,2015,2,0,0,7,51,54,8,10,0,0,146,283,4,7,1,0,9,11
176080,Mississippi State University,2015,5,10,27,20,347,485,41,42,1,2,1151,1227,32,37,1,5,23,8
176318,Rust College,2015,0,0,0,0,101,137,0,0,0,0,1,0,0,0,0,0,1,2
176336,Southeastern Baptist College,2015,0,0,0,0,4,0,0,0,0,0,1,0,0,0,0,0,0,0
176372,University of Southern Mississippi,2015,6,2,5,12,142,355,14,38,1,1,288,568,13,29,4,1,21,15
176406,Tougaloo College,2015,0,0,0,0,56,98,0,0,0,0,0,0,0,0,0,0,0,0
176479,William Carey University,2015,1,0,1,0,13,13,2,1,0,0,45,86,0,0,0,3,10,6
176628,Avila University,2015,0,0,1,1,28,15,8,11,0,0,50,71,6,7,0,0,2,2
176664,Mission University,2015,0,1,0,0,2,0,1,3,0,1,35,41,2,2,0,0,0,0
176770,Cox College,2015,0,0,0,1,0,1,0,0,0,0,0,4,0,0,0,1,0,0
176789,Calvary University,2015,0,0,0,0,0,0,0,0,0,0,13,15,0,0,0,0,0,0
176910,Central Christian College of the Bible,2015,0,0,0,0,3,0,0,2,0,0,19,14,3,1,0,0,0,0
176947,Central Methodist University-College of Liberal Arts and Sciences,2015,0,2,1,1,10,6,5,3,0,0,110,102,6,7,8,6,9,5
176965,University of Central Missouri,2015,3,0,3,5,86,121,27,39,1,2,522,704,31,58,11,12,13,3
177038,Cleveland University-Kansas City,2015,0,0,0,0,0,0,0,0,0,0,0,1,0,0,1,1,0,0
177065,Columbia College,2015,1,4,2,2,53,90,15,23,1,2,131,168,8,7,2,8,21,24
177083,Conception Seminary College,2015,0,0,0,0,0,0,3,0,0,0,16,0,0,0,0,0,0,0
177117,Cottey College,2015,0,2,0,5,0,13,0,10,0,1,0,103,0,5,0,0,0,14
177144,Culver-Stockton College,2015,0,0,0,1,32,15,6,5,1,0,64,107,4,2,0,0,22,1
177214,Drury University,2015,1,2,1,1,5,6,1,8,0,0,163,154,7,8,0,0,12,6
177339,Evangel University,2015,1,4,0,6,10,6,1,0,1,0,119,169,1,2,23,19,0,0
177418,Fontbonne University,2015,0,0,0,5,3,16,1,2,1,0,60,76,4,2,0,0,6,2
177542,Hannibal-LaGrange University,2015,1,0,0,1,6,4,2,3,1,0,46,76,3,4,0,0,4,2
177551,Harris-Stowe State University,2015,1,1,1,1,72,144,3,4,0,0,6,4,3,7,5,13,0,0
177746,Kansas City Art Institute,2015,0,0,1,5,5,6,3,5,0,0,20,73,5,13,3,7,0,0
177940,Lincoln University,2015,2,0,0,1,201,210,3,5,0,0,42,56,15,17,16,12,3,2
177968,Lindenwood University,2015,1,3,2,4,39,59,22,34,3,6,290,361,9,13,105,84,104,78
178059,Maryville University of Saint Louis,2015,1,1,2,10,7,8,8,7,0,1,96,204,7,3,6,9,6,5
178208,Midwestern Baptist Theological Seminary,2015,0,0,0,1,0,1,0,0,0,0,19,11,0,0,1,0,0,0
178244,Missouri Baptist University,2015,3,0,0,1,25,17,1,3,1,0,91,79,11,7,8,6,3,0
178341,Missouri Southern State University,2015,5,17,6,6,33,30,17,24,3,0,280,402,6,16,13,17,5,4
178369,Missouri Valley College,2015,0,2,1,1,70,17,6,6,0,1,109,92,6,10,49,26,30,8
178387,Missouri Western State University,2015,1,0,1,9,39,45,2,1,0,0,246,380,14,19,21,17,1,7
178396,University of Missouri-Columbia,2015,10,7,87,66,203,297,127,130,1,2,2258,2554,104,110,3,11,39,26
178402,University of Missouri-Kansas City,2015,0,1,44,75,45,77,34,70,1,1,205,335,19,40,10,10,35,19
178411,Missouri University of Science and Technology,2015,8,2,30,12,31,13,37,17,0,0,949,280,31,8,30,8,15,3
178420,University of Missouri-St Louis,2015,0,2,11,5,25,66,11,9,1,0,124,165,7,12,12,10,25,16
178615,Truman State University,2015,1,1,10,21,21,30,17,17,0,0,386,617,23,27,9,7,35,36
178624,Northwest Missouri State University,2015,2,5,5,5,59,63,29,42,1,1,391,650,19,29,12,11,51,32
178679,Ozark Christian College,2015,0,0,1,0,3,1,4,2,0,0,49,68,5,4,1,0,1,1
178697,College of the Ozarks,2015,0,1,0,2,2,1,1,3,3,0,137,190,1,2,0,0,1,0
178721,Park University,2015,0,0,0,1,12,21,8,18,0,2,26,42,2,4,3,6,7,17
178767,Stevens-The Institute of Business & Arts,2015,0,0,0,0,0,3,0,1,0,0,0,4,0,0,0,0,0,0
178891,Ranken Technical College,2015,3,0,4,0,63,4,5,0,0,0,257,6,7,1,7,0,0,0
179043,Rockhurst University,2015,1,0,5,4,8,4,19,17,0,1,78,142,4,12,8,10,3,2
179159,Saint Louis University,2015,0,0,76,124,22,28,44,53,0,0,439,689,38,35,7,9,38,22
179265,University of Health Sciences and Pharmacy in St. Louis,2015,0,1,17,22,3,5,1,2,1,0,47,73,1,3,1,4,3,4
179326,Southwest Baptist University,2015,2,0,0,2,30,4,12,5,0,0,133,232,5,4,4,3,0,0
179548,Stephens College,2015,0,2,0,0,0,24,0,14,0,0,0,130,0,17,0,2,0,1
179557,Southeast Missouri State University,2015,2,3,6,14,68,100,15,16,0,0,510,731,5,10,6,5,55,18
179566,Missouri State University-Springfield,2015,4,7,20,29,54,138,34,68,0,1,983,1685,50,73,10,10,18,19
179867,Washington University in St Louis,2015,0,1,150,166,40,81,65,84,0,0,474,436,30,45,8,16,59,66
179894,Webster University,2015,0,0,6,2,26,19,7,21,0,0,112,176,9,8,9,9,3,5
179946,Westminster College,2015,3,0,0,1,14,16,5,1,2,1,71,77,1,1,6,0,25,20
179955,William Jewell College,2015,1,0,2,2,5,1,7,2,0,0,86,113,7,5,4,0,7,3
179964,William Woods University,2015,0,1,1,0,1,0,0,0,0,0,15,79,0,1,29,55,1,1
180106,Carroll College,2015,1,2,1,3,3,1,8,11,0,1,141,176,8,8,9,8,5,1
180179,Montana State University Billings,2015,13,10,4,0,2,2,12,31,0,2,230,276,8,12,1,2,7,3
180258,University of Providence,2015,2,1,2,2,5,2,5,7,1,0,54,51,5,9,6,3,8,0
180416,Montana Technological University,2015,2,2,0,0,1,0,3,3,0,0,169,61,0,0,11,3,17,2
180461,Montana State University,2015,12,13,11,12,7,4,45,49,3,1,1242,945,78,52,8,12,38,14
180489,The University of Montana,2015,22,27,5,8,12,6,42,37,5,5,550,711,35,44,49,55,9,5
180522,Montana State University-Northern,2015,21,12,0,0,6,0,2,2,1,0,120,41,2,1,7,1,0,3
180595,Rocky Mountain College,2015,0,4,0,0,3,0,6,9,0,1,85,106,5,4,4,2,9,1
180647,Salish Kootenai College,2015,69,41,0,0,0,0,1,2,0,0,12,13,0,0,0,0,0,0
180692,The University of Montana-Western,2015,6,3,1,1,4,0,4,8,0,0,106,154,3,8,3,3,0,0
180814,Bellevue University,2015,0,0,2,0,2,3,9,8,0,0,10,17,0,2,5,2,0,0
180832,Clarkson College,2015,0,0,0,0,0,0,1,3,0,0,1,25,0,1,0,2,0,0
180878,Bryan College of Health Sciences,2015,0,0,0,1,0,0,0,0,0,0,4,38,0,0,0,0,0,0
180948,Chadron State College,2015,5,6,1,0,19,4,15,17,1,4,130,180,8,7,1,3,4,8
180984,Concordia University-Nebraska,2015,2,1,1,3,11,2,21,6,0,1,108,149,0,0,24,14,4,0
181002,Creighton University,2015,2,6,48,71,10,6,45,52,1,2,325,416,20,31,3,5,16,6
181020,Doane University,2015,0,0,0,4,14,0,15,11,0,0,155,114,8,3,1,0,3,2
181127,Hastings College,2015,2,0,1,0,8,1,21,11,2,0,113,118,3,3,2,0,7,0
181215,University of Nebraska at Kearney,2015,0,1,2,3,18,5,33,70,0,0,276,467,12,12,0,1,18,13
181297,Nebraska Methodist College of Nursing & Allied Health,2015,0,0,0,0,0,0,0,0,0,0,2,26,0,2,0,2,0,0
181330,Midland University,2015,0,0,0,0,2,0,0,0,0,0,3,3,88,61,87,60,6,0
181394,University of Nebraska at Omaha,2015,3,2,22,52,46,71,134,171,2,2,548,701,36,51,14,20,44,26
181446,Nebraska Wesleyan University,2015,0,1,3,6,5,1,13,19,1,0,172,192,6,6,3,6,4,1
181464,University of Nebraska-Lincoln,2015,4,2,62,51,74,82,151,149,2,1,1823,1791,78,78,34,22,127,72
181534,Peru State College,2015,1,4,2,0,24,3,10,7,0,1,85,105,0,1,0,1,5,0
181604,College of Saint Mary,2015,0,1,0,1,0,5,0,19,0,0,0,49,0,1,0,0,0,1
181738,Union Adventist University,2015,0,1,3,7,4,12,14,23,0,1,32,52,1,9,0,1,6,6
181783,Wayne State College,2015,0,2,2,2,16,14,17,29,0,0,208,308,12,10,0,2,5,3
181853,York University,2015,0,1,2,2,18,2,12,13,0,0,40,20,0,0,0,0,0,0
182005,College of Southern Nevada,2015,5,11,61,73,91,88,261,311,18,10,231,271,55,62,64,78,2,2
182281,University of Nevada-Las Vegas,2015,5,4,287,366,103,179,431,655,26,27,449,638,162,233,3,6,40,44
182290,University of Nevada-Reno,2015,11,17,162,182,74,100,331,404,17,18,1043,1127,113,118,40,32,12,17
182306,Great Basin College,2015,5,5,1,1,0,2,33,31,1,0,104,79,4,5,14,5,0,0
182500,Truckee Meadows Community College,2015,5,7,18,24,11,5,126,148,0,0,176,194,11,16,5,4,2,3
182564,Western Nevada College,2015,4,4,3,0,4,3,41,48,3,1,104,99,3,12,11,8,0,0
182634,Colby-Sawyer College,2015,2,6,2,4,8,13,5,6,0,0,66,143,0,0,2,4,4,2
182670,Dartmouth College,2015,8,19,84,94,46,28,45,50,2,3,290,269,27,31,12,11,46,47
182795,Franklin Pierce University,2015,0,1,2,2,22,20,12,14,1,0,157,153,10,7,4,11,5,3
182917,Magdalen College,2015,0,0,2,0,0,0,1,2,0,0,9,20,0,0,0,0,0,0
182980,New England College,2015,2,1,2,2,52,53,23,26,1,0,112,120,1,3,6,9,9,4
183026,Southern New Hampshire University,2015,5,11,8,25,115,380,81,201,3,5,577,1126,14,44,60,103,24,7
183044,University of New Hampshire-Main Campus,2015,1,4,39,39,28,17,47,68,0,0,1224,1515,31,34,75,73,12,14
183062,Keene State College,2015,0,2,5,10,5,7,16,28,2,0,339,458,6,16,14,9,1,0
183071,University of New Hampshire at Manchester,2015,0,1,2,1,0,0,1,2,0,0,20,27,1,0,1,0,1,0
183080,Plymouth State University,2015,4,2,11,14,15,19,2,8,1,1,527,591,10,12,49,54,17,6
183211,Rivier University,2015,1,0,0,7,3,4,2,7,0,1,44,92,3,10,1,8,0,0
183239,Saint Anselm College,2015,0,0,0,2,11,2,4,13,0,0,188,283,3,3,9,7,2,1
183257,University of New Hampshire College of Professional Studies Online,2015,0,0,0,1,1,1,2,0,0,0,20,38,0,0,0,2,0,0
183275,Thomas More College of Liberal Arts,2015,0,1,0,0,0,0,0,0,0,0,8,5,0,0,0,0,0,0
183789,Berkeley College-Woodland Park,2015,1,1,2,6,45,92,79,161,2,1,32,25,0,0,42,134,0,0
183822,Bloomfield College,2015,0,0,1,2,68,148,57,89,1,2,10,13,2,2,7,9,6,14
183910,Caldwell University,2015,0,0,1,5,18,29,19,49,0,0,25,90,0,0,15,71,13,12
183974,Centenary University,2015,0,1,0,1,12,20,11,21,0,0,56,79,0,0,13,10,0,1
184348,Drew University,2015,0,0,5,15,10,26,11,13,0,0,94,122,4,14,12,14,7,9
184603,Fairleigh Dickinson University-Metropolitan Campus,2015,1,0,16,12,36,49,84,139,0,0,50,61,1,13,9,16,19,13
184612,Felician University,2015,2,0,5,8,18,52,28,68,0,1,14,59,0,1,13,23,3,1
184694,Fairleigh Dickinson University-Florham Campus,2015,0,1,14,15,42,46,57,68,0,2,166,189,12,11,27,38,1,3
184773,Georgian Court University,2015,1,0,1,3,9,19,6,10,0,1,28,63,1,1,2,3,0,1
184782,Rowan University,2015,4,1,69,39,89,96,138,133,1,3,876,579,37,31,68,34,16,8
184959,Eastwick College-Ramsey,2015,0,0,1,2,3,7,4,8,0,0,12,14,0,0,1,0,0,0
185129,New Jersey City University,2015,2,0,31,20,77,109,148,182,4,2,77,76,8,10,4,7,15,15
185262,Kean University,2015,1,2,25,27,126,182,217,293,1,1,179,209,23,19,61,101,7,16
185572,Monmouth University,2015,0,2,20,21,31,30,63,97,0,0,313,482,7,14,20,20,3,5
185590,Montclair State University,2015,0,1,82,97,135,256,312,553,4,4,479,780,24,58,104,178,7,24
185828,New Jersey Institute of Technology,2015,0,1,165,61,48,8,165,35,3,0,318,88,14,5,34,9,29,17
186131,Princeton University,2015,0,2,143,146,39,50,78,64,2,0,308,245,19,27,10,9,95,80
186186,Rabbinical College of America,2015,0,0,0,0,0,0,0,0,0,0,37,0,0,0,0,0,5,0
186201,Ramapo College of New Jersey,2015,1,3,36,48,17,25,51,46,0,0,276,338,2,2,30,28,21,4
186283,Rider University,2015,0,1,19,27,66,72,59,64,0,0,212,283,14,16,8,6,7,7
186371,Rutgers University-Camden,2015,0,0,28,45,25,35,32,41,0,0,86,93,6,12,4,7,3,5
186380,Rutgers University-New Brunswick,2015,1,1,918,986,164,289,382,459,6,7,1273,1143,113,132,51,36,365,276
186399,Rutgers University-Newark,2015,1,0,142,151,84,114,128,171,2,3,158,129,12,18,10,11,23,35
186432,Saint Peter's University,2015,1,1,18,27,63,94,82,149,2,1,41,44,3,9,11,12,3,7
186584,Seton Hall University,2015,2,3,65,93,38,51,127,142,1,0,361,376,23,23,31,21,25,22
186618,Saint Elizabeth University,2015,0,1,0,1,0,50,0,28,0,0,0,10,0,4,0,6,0,1
186867,Stevens Institute of Technology,2015,0,0,59,22,7,3,50,32,0,0,344,117,0,0,11,10,24,7
186876,Stockton University,2015,1,2,28,39,23,41,53,82,1,1,306,521,11,21,8,11,1,1
186900,Talmudical Academy-New Jersey,2015,0,0,0,0,0,0,0,0,0,0,16,0,0,0,0,0,1,0
187134,The College of New Jersey,2015,0,5,61,105,42,46,78,115,6,0,379,552,0,2,23,30,2,5
187444,William Paterson University of New Jersey,2015,1,1,41,67,106,162,167,196,1,0,279,232,24,22,16,5,4,3
187596,Navajo Technical University,2015,104,115,0,1,0,0,1,0,0,0,0,0,0,0,1,1,0,1
187648,Eastern New Mexico University-Main Campus,2015,1,5,1,1,31,10,133,142,1,3,101,147,9,7,3,1,2,3
187745,Institute of American Indian and Alaska Native Culture and Arts Development,2015,14,16,0,0,1,0,0,1,0,0,0,1,0,0,0,0,0,0
187897,New Mexico Highlands University,2015,9,10,0,0,14,6,90,98,1,1,27,22,3,3,1,1,6,6
187967,New Mexico Institute of Mining and Technology,2015,10,4,6,3,1,1,76,33,0,0,137,33,16,2,5,2,6,3
187985,University of New Mexico-Main Campus,2015,38,76,57,92,25,39,721,986,5,1,484,576,48,69,10,12,32,18
188030,New Mexico State University-Main Campus,2015,23,17,8,10,36,24,515,616,0,1,251,307,20,33,17,21,50,29
188058,Northern New Mexico College,2015,3,6,0,0,5,0,46,42,0,0,3,4,7,2,0,0,0,0
188182,University of the Southwest,2015,0,0,0,0,8,7,23,27,0,0,1,0,0,0,16,6,0,0
188304,Western New Mexico University,2015,4,4,5,1,25,4,74,77,0,1,24,27,1,1,6,3,4,0
188340,Vaughn College of Aeronautics and Technology,2015,0,0,17,0,34,8,71,6,3,0,20,2,2,1,67,4,14,0
188429,Adelphi University,2015,0,1,45,68,18,31,41,88,0,0,146,315,7,15,18,28,17,16
188517,Bryant & Stratton College-Albany,2015,1,0,0,0,3,7,1,8,0,0,4,13,1,0,0,0,0,0
188526,Albany College of Pharmacy and Health Sciences,2015,0,0,13,16,1,2,2,3,0,0,61,83,1,2,1,0,2,1
188641,Alfred University,2015,1,2,8,3,25,23,25,25,0,0,131,138,4,4,32,22,5,4
188854,American Musical and Dramatic Academy,2015,0,0,3,2,20,46,40,92,2,0,61,169,9,33,6,23,1,24
189088,Bard College,2015,3,2,3,13,14,15,4,4,0,0,134,149,0,0,15,39,23,38
189097,Barnard College,2015,0,2,0,88,0,45,0,86,0,1,0,307,0,42,0,1,0,54
189228,Berkeley College-New York,2015,0,0,5,9,40,58,43,63,0,1,17,27,0,0,66,88,48,44
189282,Mount Sinai Phillips School of Nursing,2015,0,0,0,0,0,0,0,0,1,1,0,0,0,0,0,0,0,0
189413,Boricua College,2015,0,0,0,0,6,22,31,75,0,0,0,1,0,0,0,0,0,0
189565,Bryant & Stratton College-Syracuse North,2015,0,0,0,0,0,1,0,0,0,0,6,15,0,1,0,0,0,0
189583,Bryant & Stratton College-Buffalo,2015,0,0,0,0,15,28,0,8,0,0,1,3,2,1,0,0,0,0
189592,Bryant & Stratton College-Greece,2015,0,0,0,0,1,4,1,5,0,0,1,9,0,2,0,0,0,0
189705,Canisius University,2015,0,0,5,8,29,46,21,25,0,1,203,219,2,5,6,11,13,11
189857,Central Yeshiva Tomchei Tmimim Lubavitz,2015,0,0,0,0,0,0,0,0,0,0,61,0,0,0,0,0,1,0
190044,Clarkson University,2015,1,2,9,6,6,6,17,16,0,0,486,184,14,7,16,4,11,7
190099,Colgate University,2015,1,1,8,17,18,23,40,46,1,0,221,286,17,14,11,14,26,29
190114,Metropolitan College of New York,2015,0,0,1,2,7,25,1,10,0,0,1,2,0,1,5,9,7,3
190150,Columbia University in the City of New York,2015,4,2,147,152,54,59,104,109,2,0,267,206,56,37,15,14,130,98
190372,The Cooper Union for the Advancement of Science and Art,2015,0,0,31,8,5,1,11,11,0,0,48,28,19,6,11,5,39,10
190415,Cornell University,2015,7,8,281,364,103,120,230,207,1,3,624,565,60,83,96,139,116,173
190503,Culinary Institute of America,2015,1,2,22,22,15,25,48,55,1,0,110,145,3,19,5,5,26,20
190512,CUNY Bernard M Baruch College,2015,1,1,305,262,64,71,129,118,0,2,260,154,16,12,0,0,32,41
190549,CUNY Brooklyn College,2015,1,0,191,167,77,93,110,139,2,0,225,240,14,14,0,0,29,25
190558,College of Staten Island CUNY,2015,3,1,163,155,188,247,282,351,3,1,497,454,9,20,0,0,37,42
190567,CUNY City College,2015,0,0,342,274,87,91,217,211,2,0,154,124,18,15,0,0,35,37
190594,CUNY Hunter College,2015,1,0,342,457,60,99,201,302,10,9,211,343,12,39,0,0,27,55
190600,CUNY John Jay College of Criminal Justice,2015,2,2,108,129,69,108,250,425,0,2,146,167,16,9,0,0,16,30
190637,CUNY Lehman College,2015,0,1,30,47,44,102,108,195,2,0,18,24,0,4,0,0,15,20
190646,CUNY Medgar Evers College,2015,0,1,7,11,255,493,60,124,1,1,5,7,4,5,0,0,16,23
190655,CUNY New York City College of Technology,2015,7,8,490,277,534,351,758,425,6,3,159,88,24,15,0,0,83,51
190664,CUNY Queens College,2015,2,2,250,267,34,52,139,163,1,5,241,270,12,14,0,0,30,54
190691,CUNY York College,2015,5,12,114,144,112,215,91,186,5,6,25,26,6,15,0,0,14,19
190716,D'Youville  University,2015,0,1,3,4,4,9,1,2,0,0,49,147,0,3,1,6,2,0
190725,Daemen University,2015,0,0,4,5,15,33,16,20,0,0,81,194,1,5,2,4,3,1
190752,Yeshiva of Far Rockaway Derech Ayson Rabbinical Seminary,2015,0,0,0,0,0,0,0,0,0,0,11,0,0,0,0,0,0,0
190761,Dominican University New York,2015,0,0,4,11,23,46,59,92,0,0,36,47,3,9,16,15,1,1
190983,Elmira College,2015,0,0,2,6,4,6,2,5,0,0,64,135,1,4,3,8,11,4
191126,Fashion Institute of Technology,2015,1,3,13,125,13,64,32,180,1,2,73,551,9,40,0,0,16,118
191205,Five Towns College,2015,2,0,4,1,19,10,14,5,1,0,34,11,5,2,5,3,0,0
191241,Fordham University,2015,1,0,86,160,29,42,129,177,0,3,514,752,26,40,24,39,64,105
191515,Hamilton College,2015,0,0,8,25,14,11,16,25,0,0,157,132,8,12,12,21,12,20
191533,Hartwick College,2015,1,0,4,4,18,16,6,10,0,1,74,115,0,0,20,16,3,3
191621,Hilbert College,2015,0,0,0,0,8,3,0,3,0,0,56,63,2,8,2,7,0,0
191630,Hobart William Smith Colleges,2015,1,2,10,15,28,13,15,16,0,0,244,218,0,0,15,10,21,23
191649,Hofstra University,2015,3,4,71,86,40,85,81,136,3,6,398,563,18,28,24,29,42,31
191676,Houghton University,2015,0,0,6,5,5,3,2,2,0,1,73,124,3,5,1,1,15,20
191931,Iona University,2015,0,0,14,11,50,32,103,109,0,1,216,232,3,9,20,12,16,10
191968,Ithaca College,2015,1,0,24,41,53,66,51,98,0,0,548,737,21,43,40,54,15,16
192004,Jamestown Business College,2015,0,1,0,0,2,2,3,5,0,0,18,55,3,2,1,0,0,0
192040,Jewish Theological Seminary of America,2015,0,0,0,1,0,0,1,0,0,0,18,16,0,0,0,2,0,1
192110,The Juilliard School,2015,0,0,2,10,4,3,5,4,0,0,18,17,4,6,0,1,16,20
192165,Kehilath Yakov Rabbinical Seminary,2015,0,0,0,0,0,0,0,0,0,0,48,0,0,0,0,0,0,0
192192,Keuka College,2015,1,1,2,3,15,22,5,9,0,0,62,170,0,7,6,14,1,0
192271,LIM College,2015,0,3,0,19,1,30,3,50,0,0,8,123,2,9,0,8,1,10
192323,Le Moyne College,2015,1,0,7,10,11,19,19,26,0,2,204,290,3,10,14,13,3,2
192448,Long Island University,2015,0,0,7,13,32,24,31,35,0,0,78,146,5,7,43,56,12,22
192624,Machzikei Hadath Rabbinical College,2015,0,0,0,0,0,0,0,0,0,0,33,0,0,0,0,0,1,0
192703,Manhattan College,2015,0,2,27,25,13,24,96,103,1,0,287,263,6,12,6,4,17,14
192712,Manhattan School of Music,2015,0,0,7,5,1,0,0,0,0,0,20,17,3,1,5,1,22,30
192749,Manhattanville College,2015,0,1,2,5,12,34,24,71,0,1,61,130,4,9,24,26,28,18
192785,Maria College of Albany,2015,0,0,2,0,1,4,0,1,0,0,0,22,0,3,3,18,0,0
192819,Marist College,2015,0,1,11,24,28,18,47,53,0,0,382,583,9,14,4,7,15,13
192864,Marymount Manhattan College,2015,0,1,6,13,3,35,25,55,0,0,68,261,3,3,2,10,5,24
193016,Mercy University,2015,1,2,9,28,45,110,98,256,1,5,83,163,3,5,40,68,3,5
193052,Mesivta Torah Vodaath Rabbinical Seminary,2015,0,0,0,0,0,0,0,0,0,0,6,0,0,0,0,0,0,0
193070,Mesivtha Tifereth Jerusalem of America,2015,0,0,0,0,0,0,0,0,0,0,19,0,0,0,0,0,0,0
193247,Mirrer Yeshiva Cent Institute,2015,0,0,0,0,0,0,0,0,0,0,49,0,0,0,0,0,3,0
193292,Molloy College,2015,3,4,11,21,10,35,32,64,1,2,92,241,2,3,6,9,1,1
193308,Monroe College,2015,1,4,2,5,203,254,155,216,2,0,10,10,0,0,8,6,63,48
193353,Mount Saint Mary College,2015,1,0,1,9,13,17,25,50,0,0,73,197,2,5,10,14,0,5
193399,University of Mount Saint Vincent,2015,0,0,6,13,14,14,48,124,0,0,25,49,5,7,5,7,1,3
193584,Nazareth University,2015,0,2,1,13,20,20,9,23,0,0,103,288,3,6,9,17,4,1
193654,The New School,2015,0,0,22,96,28,53,42,120,0,2,108,313,14,46,10,30,87,291
193900,New York University,2015,4,3,572,655,91,231,320,455,3,6,788,1011,85,164,163,206,495,634
193973,Niagara University,2015,0,4,2,5,13,26,13,27,0,0,167,288,5,14,25,32,12,9
194091,New York Institute of Technology,2015,2,1,116,66,51,23,80,40,2,1,133,50,17,8,43,16,34,16
194116,New York School of Interior Design,2015,0,0,0,0,0,0,0,0,0,0,0,2,0,0,0,2,0,0
194310,Pace University,2015,2,3,66,101,51,134,89,191,1,1,387,687,30,50,21,33,96,109
194392,Paul Smiths College of Arts and Science,2015,2,0,0,2,6,4,7,7,1,0,125,67,1,5,11,6,2,1
194499,Plaza College,2015,0,0,5,22,15,59,16,61,0,0,6,24,5,21,0,0,0,0
194569,Davis College,2015,0,0,0,1,0,0,1,1,0,0,13,12,2,0,0,0,2,0
194578,Pratt Institute-Main,2015,0,2,14,71,19,31,19,68,0,0,80,250,5,17,7,24,68,159
194657,Rabbinical Academy Mesivta Rabbi Chaim Berlin,2015,0,0,0,0,0,0,0,0,0,0,31,0,0,0,0,0,0,0
194666,Rabbinical College Bobover Yeshiva Bnei Zion,2015,0,0,0,0,0,0,0,0,0,0,57,0,0,0,0,0,0,0
194736,Rabbinical College of Long Island,2015,0,0,0,0,0,0,0,0,0,0,36,0,0,0,0,0,0,0
194763,Rabbinical Seminary of America,2015,0,0,0,0,0,0,0,0,0,0,90,0,0,0,0,0,0,0
194824,Rensselaer Polytechnic Institute,2015,1,1,74,45,36,16,88,42,0,0,536,234,64,54,11,8,125,44
194958,Roberts Wesleyan University,2015,0,0,1,4,5,8,2,6,0,0,54,118,2,9,1,2,6,5
195003,Rochester Institute of Technology,2015,4,0,182,86,95,56,179,78,1,0,1389,534,71,42,36,15,80,54
195030,University of Rochester,2015,1,0,81,91,34,33,71,51,1,1,331,297,25,16,55,43,136,133
195128,Russell Sage College,2015,0,0,1,8,11,22,3,33,0,0,21,135,3,5,3,15,0,2
195164,St Bonaventure University,2015,0,0,9,9,15,13,14,6,0,0,135,131,3,10,18,16,7,4
195173,St. Francis College,2015,1,2,14,14,33,55,44,75,0,0,98,119,3,9,26,22,9,9
195216,St Lawrence University,2015,2,0,0,12,10,7,14,21,0,0,241,299,5,15,1,2,22,28
195234,The College of Saint Rose,2015,0,0,7,7,34,85,14,45,0,0,101,229,18,47,11,20,6,7
195243,St. Thomas Aquinas College,2015,0,0,1,0,23,14,39,29,0,0,55,73,1,1,12,12,11,1
195304,Sarah Lawrence College,2015,0,0,6,13,5,10,9,30,0,0,50,134,9,19,7,13,10,38
195438,Sh'or Yoshuv Rabbinical College,2015,0,0,0,0,0,0,0,0,0,0,7,0,0,0,0,0,0,0
195474,Siena College,2015,0,1,9,19,19,19,34,37,0,0,284,305,5,12,0,2,4,3
195526,Skidmore College,2015,0,0,17,20,9,19,23,36,0,0,153,265,12,18,8,15,35,56
195544,St. Joseph's University-New York,2015,1,1,5,20,10,25,28,58,0,1,88,206,4,5,21,34,0,0
195720,St. John Fisher University,2015,0,0,5,12,8,11,11,14,0,0,192,285,4,4,4,2,0,0
195809,St. John's University-New York,2015,1,3,177,293,243,406,104,158,7,6,489,603,68,120,192,227,69,85
196006,SUNY College of Technology at Alfred,2015,1,1,5,1,92,38,71,30,1,0,526,238,21,9,7,3,5,4
196015,SUNY College of Technology at Canton,2015,7,3,3,1,58,61,45,44,1,1,189,190,5,9,9,6,4,9
196024,SUNY College of Technology at Delhi,2015,0,0,4,1,81,61,90,71,1,0,273,178,11,16,6,9,4,5
196033,SUNY College of Agriculture and Technology at Cobleskill,2015,2,1,4,4,49,48,42,52,0,0,233,250,9,17,0,1,3,3
196042,Farmingdale State College,2015,2,1,37,28,42,32,97,80,2,1,396,236,13,8,0,3,11,8
196051,SUNY Morrisville,2015,2,2,3,4,71,76,33,31,1,0,298,236,25,8,2,4,9,7
196060,University at Albany,2015,3,2,130,113,153,236,207,246,2,1,688,589,30,29,21,33,61,44
196079,Binghamton University,2015,0,1,207,202,57,58,152,128,1,0,813,682,28,30,16,12,102,105
196088,University at Buffalo,2015,2,5,370,226,133,124,155,104,1,4,1101,661,51,38,131,78,222,201
196097,Stony Brook University,2015,1,0,440,358,94,96,129,139,3,1,501,356,37,26,111,87,273,184
196103,SUNY College of Environmental Science and Forestry,2015,1,0,5,12,3,2,7,13,0,0,125,121,5,5,8,10,1,0
196112,SUNY Polytechnic Institute,2015,0,0,24,8,12,3,28,6,0,0,189,64,5,1,0,0,7,0
196121,SUNY Brockport,2015,0,1,8,10,40,74,42,51,0,0,354,460,18,16,15,37,9,9
196130,SUNY Buffalo State University,2015,3,7,36,32,289,419,154,191,0,0,262,345,25,31,0,2,21,18
196149,State University of New York at Cortland,2015,1,1,6,10,43,34,74,98,0,1,368,488,12,18,26,34,0,0
196158,SUNY at Fredonia,2015,1,6,9,11,15,42,38,53,0,0,261,438,4,12,8,10,5,5
196167,SUNY College at Geneseo,2015,2,1,35,54,8,16,42,68,0,0,352,628,15,24,18,36,10,15
196176,State University of New York at New Paltz,2015,0,1,28,62,19,38,78,138,1,0,214,427,11,17,9,14,8,4
196185,SUNY Oneonta,2015,1,2,11,23,9,22,52,87,0,1,305,565,7,20,4,7,9,5
196194,State University of New York at Oswego,2015,0,1,27,32,46,86,98,109,1,1,526,490,17,27,2,2,11,5
196200,SUNY College at Potsdam,2015,1,6,9,12,46,73,61,114,0,0,198,262,5,16,20,23,1,1
196219,SUNY at Purchase College,2015,3,5,10,19,34,48,44,64,1,0,169,259,13,22,19,51,6,11
196237,SUNY Old Westbury,2015,0,1,21,23,42,77,28,50,0,0,47,52,4,8,7,7,3,2
196246,State University of New York at Plattsburgh,2015,0,1,9,16,41,59,53,83,1,0,247,336,7,12,20,22,26,29
196264,Empire State University,2015,0,1,2,3,15,30,9,15,0,0,32,34,3,3,1,1,3,4
196291,SUNY Maritime College,2015,1,0,17,3,8,1,32,6,0,0,222,23,10,2,4,1,3,1
196413,Syracuse University,2015,7,7,132,153,106,137,143,187,0,0,915,1026,44,63,43,63,206,246
196431,Talmudical Seminary Oholei Torah,2015,0,0,0,0,0,0,0,0,0,0,44,0,0,0,0,0,0,0
196583,Torah Temimah Talmudical Seminary,2015,0,0,0,0,0,0,0,0,0,0,21,0,0,0,0,0,0,0
196592,Touro University,2015,0,1,5,10,9,52,8,25,1,0,60,149,1,2,1,5,2,9
196653,Trocaire College,2015,1,1,0,0,3,22,2,11,0,0,6,56,0,0,2,6,0,0
196866,Union College,2015,0,0,15,19,15,13,20,20,0,0,219,183,10,5,0,0,31,18
197018,United Talmudical Seminary,2015,0,0,0,0,0,0,6,0,0,0,412,0,0,0,0,0,49,0
197027,United States Merchant Marine Academy,2015,7,0,12,4,4,1,18,3,0,0,128,36,0,0,12,1,0,0
197036,United States Military Academy,2015,10,0,46,26,114,37,117,30,11,1,606,155,39,17,10,1,13,3
197045,Utica University,2015,2,5,7,9,65,49,34,45,0,1,175,208,12,11,4,5,9,4
197133,Vassar College,2015,0,0,35,46,6,20,25,45,0,0,187,213,13,32,1,0,18,26
197142,Villa Maria College,2015,0,0,1,0,22,24,6,8,0,0,17,47,3,6,0,0,0,0
197151,School of Visual Arts,2015,0,0,29,85,15,25,22,17,0,0,70,146,0,0,6,13,57,211
197197,Wagner College,2015,0,1,6,8,21,9,14,37,0,0,92,169,6,8,10,19,8,7
197221,Webb Institute,2015,0,0,3,1,0,0,0,0,0,0,14,5,2,0,0,1,0,0
197230,Wells College,2015,0,1,1,2,11,24,9,21,0,0,27,57,0,0,7,8,0,0
197285,The College of Westchester,2015,1,0,2,1,24,49,45,54,0,0,6,9,2,4,2,5,0,0
197601,Yeshiva Karlin Stolin,2015,0,0,0,0,0,0,0,0,0,0,28,0,0,0,0,0,0,0
197647,Yeshiva Derech Chaim,2015,0,0,0,0,0,0,0,0,0,0,20,0,0,0,0,0,2,0
197674,Yeshiva of Nitra Rabbinical College,2015,0,0,0,0,0,0,0,0,0,0,55,0,0,0,0,0,1,0
197692,Yeshivath Shaar Hatorah,2015,0,0,0,0,0,0,0,0,0,0,29,0,0,0,0,0,0,0
197708,Yeshiva University,2015,0,0,0,0,0,0,1,0,0,0,276,238,1,0,0,0,12,11
197735,Yeshivath Viznitz,2015,0,0,0,0,0,0,0,0,0,0,106,0,0,0,0,0,2,0
197744,Yeshivath Zichron Moshe,2015,0,0,0,0,0,0,0,0,0,0,11,0,0,0,0,0,1,0
197869,Appalachian State University,2015,6,3,23,52,46,65,54,76,2,3,1063,1465,53,61,19,38,7,11
197911,Barton College,2015,0,1,0,2,15,19,10,4,1,0,30,77,2,3,14,28,9,3
197984,Belmont Abbey College,2015,2,1,4,2,13,7,0,3,0,0,98,49,0,0,58,63,7,1
197993,Bennett College,2015,0,1,0,0,0,124,0,5,0,1,0,0,0,5,0,22,0,0
198066,Brevard College,2015,1,1,0,0,32,11,3,4,0,0,88,86,1,3,7,4,4,1
198109,Cabarrus College of Health Sciences,2015,0,0,0,0,0,0,0,2,0,0,2,15,0,0,0,0,0,0
198136,Campbell University,2015,2,4,4,9,34,93,28,43,0,0,248,340,12,19,54,50,9,7
198215,Catawba College,2015,0,0,0,1,32,12,13,11,1,0,103,115,10,6,0,0,3,4
198303,Chowan University,2015,0,3,0,0,214,199,10,17,0,0,30,40,8,18,1,3,7,2
198385,Davidson College,2015,2,2,13,9,16,19,25,17,0,0,188,158,5,13,0,10,17,16
198419,Duke University,2015,1,7,206,159,71,91,75,86,0,2,427,364,16,20,25,21,78,97
198464,East Carolina University,2015,9,19,53,69,235,341,97,160,1,2,1300,1755,52,68,26,40,12,5
198507,Elizabeth City State University,2015,0,0,1,0,102,116,2,6,0,0,10,6,0,1,10,10,0,0
198516,Elon University,2015,1,0,12,29,39,46,29,57,1,0,528,696,16,33,4,4,11,18
198543,Fayetteville State University,2015,8,14,4,2,192,317,11,23,2,0,14,14,0,1,8,17,0,0
198561,Gardner-Webb University,2015,2,3,3,5,43,34,3,9,0,0,98,181,0,0,28,51,0,0
198598,Greensboro College,2015,0,1,0,0,49,37,7,2,0,1,64,44,9,7,4,2,0,0
198613,Guilford College,2015,0,1,3,11,45,18,14,12,0,0,104,86,4,7,0,4,1,1
198677,Heritage Bible College,2015,0,0,0,0,0,1,1,0,0,0,3,0,0,0,0,0,0,0
198695,High Point University,2015,1,4,11,15,27,50,27,26,0,0,411,627,27,64,7,7,25,33
198756,Johnson C Smith University,2015,0,2,0,0,140,155,1,11,0,0,0,1,3,6,4,7,1,3
198808,Lees-McRae College,2015,0,0,0,1,15,11,9,3,0,1,56,77,0,4,10,9,1,0
198835,Lenoir-Rhyne University,2015,3,1,1,3,51,32,18,17,0,0,103,173,8,7,7,7,14,3
198862,Livingstone College,2015,1,0,0,0,137,145,1,1,0,0,0,1,0,0,75,60,0,0
198899,Mars Hill University,2015,3,3,3,4,69,41,9,8,0,0,100,127,7,6,3,2,0,0
198950,Meredith College,2015,0,5,0,15,0,52,0,19,0,0,0,310,0,18,0,5,0,14
198969,Methodist University,2015,2,2,0,0,90,48,22,13,0,0,130,83,27,8,25,9,29,22
198978,Miller-Motte College-Wilmington,2015,0,9,1,2,59,266,2,7,0,0,24,93,1,10,1,4,0,0
199032,Montreat College,2015,0,2,2,2,7,6,4,3,0,0,51,52,3,1,10,6,5,0
199069,University of Mount Olive,2015,1,3,2,0,22,26,6,5,0,0,57,79,7,10,17,13,20,8
199102,North Carolina A & T State University,2015,2,4,7,1,669,862,20,47,1,0,31,12,38,54,4,12,4,5
199111,University of North Carolina Asheville,2015,3,4,3,12,22,22,20,22,0,0,215,358,9,17,10,13,2,2
199120,University of North Carolina at Chapel Hill,2015,6,16,191,250,90,210,109,177,2,2,1068,1495,68,97,68,104,52,68
199139,University of North Carolina at Charlotte,2015,3,5,124,83,172,240,137,138,2,1,1242,998,81,66,37,38,57,14
199148,University of North Carolina at Greensboro,2015,5,4,68,80,234,625,89,184,1,1,424,843,54,92,3,5,29,16
199157,North Carolina Central University,2015,1,3,5,4,303,615,20,28,0,1,19,6,23,45,6,21,1,0
199184,University of North Carolina School of the Arts,2015,3,0,0,5,11,9,6,7,0,0,67,72,3,6,2,2,5,1
199193,North Carolina State University at Raleigh,2015,9,7,101,103,103,144,90,114,1,1,1740,1475,98,91,40,37,134,71
199209,North Carolina Wesleyan University,2015,1,3,0,0,81,42,3,2,0,0,54,28,5,5,26,28,34,8
199218,University of North Carolina Wilmington,2015,6,11,26,34,38,37,50,90,0,0,586,939,25,54,43,68,5,11
199272,William Peace University,2015,0,3,0,3,42,40,5,10,0,2,32,56,1,2,8,13,2,1
199281,University of North Carolina at Pembroke,2015,77,105,13,11,190,257,35,54,0,0,179,222,17,33,8,9,3,3
199306,Pfeiffer University,2015,0,0,0,2,16,13,3,3,0,0,38,50,4,3,8,11,6,3
199412,Queens University of Charlotte,2015,0,3,1,5,8,28,11,14,0,1,63,116,1,4,1,3,14,8
199458,Mid-Atlantic Christian University,2015,0,0,0,0,7,3,1,0,0,0,13,25,0,1,1,4,0,0
199582,Saint Augustine's University,2015,0,0,0,0,109,95,0,1,0,0,0,3,0,0,2,1,0,0
199607,Salem College,2015,0,1,0,6,0,29,0,36,0,0,0,100,0,10,0,2,0,0
199643,Shaw University,2015,0,0,0,0,54,67,0,1,0,0,0,0,0,0,120,153,4,0
199698,St. Andrews University,2015,1,1,1,1,12,3,1,2,0,0,21,50,1,1,16,15,12,6
199759,Southeastern Baptist Theological Seminary,2015,1,0,2,2,4,0,2,1,0,0,48,33,0,0,3,2,1,0
199847,Wake Forest University,2015,1,2,30,25,38,44,42,38,0,0,422,470,21,21,0,0,54,76
199865,Warren Wilson College,2015,2,1,0,4,7,8,7,14,0,0,48,89,2,5,1,3,3,1
199962,Wingate University,2015,0,2,4,4,33,49,10,18,0,0,163,293,22,26,9,18,7,6
199971,Carolina Christian College,2015,0,0,0,0,0,0,0,0,0,0,0,0,0,0,2,0,0,0
199999,Winston-Salem State University,2015,2,2,1,1,210,513,10,26,0,1,17,12,11,37,2,17,1,2
200004,Western Carolina University,2015,3,9,11,11,44,43,48,58,0,0,564,702,46,50,13,12,4,6
200013,Rasmussen University-North Dakota,2015,0,2,0,0,0,0,0,0,0,0,4,8,0,1,1,2,0,0
200022,Bismarck State College,2015,11,6,1,1,14,5,4,9,0,0,411,290,11,12,8,3,2,1
200059,Dickinson State University,2015,2,1,0,1,4,0,3,16,0,0,69,77,2,6,0,2,6,9
200086,Nueta Hidatsa Sahnish College,2015,16,8,1,0,2,1,0,2,0,0,0,2,0,0,1,0,0,0
200156,University of Jamestown,2015,0,1,3,2,11,2,8,11,0,1,80,97,0,0,0,0,10,5
200217,University of Mary,2015,1,5,1,0,3,4,12,9,1,0,114,223,3,3,14,11,0,1
200226,Mayville State University,2015,0,1,0,0,19,0,9,3,1,0,45,46,5,1,1,0,3,1
200253,Minot State University,2015,1,3,2,1,8,2,9,14,1,3,92,119,8,10,1,0,22,18
200280,University of North Dakota,2015,8,10,17,8,17,8,37,15,0,1,794,816,29,29,13,11,36,19
200332,North Dakota State University-Main Campus,2015,9,10,19,16,40,18,24,26,1,0,1242,999,40,38,19,13,8,7
200466,Sitting Bull College,2015,24,19,0,0,0,0,0,0,0,0,1,3,0,0,0,0,0,0
200484,Trinity Bible College and Graduate School,2015,0,1,0,0,7,0,3,1,0,0,13,16,0,0,1,0,3,0
200527,Turtle Mountain Community College,2015,49,59,0,0,1,2,0,0,0,0,2,2,0,0,0,0,0,0
200554,United Tribes Technical College,2015,23,32,0,0,0,0,0,4,0,0,1,1,1,3,0,0,0,0
200572,Valley City State University,2015,0,1,0,1,8,1,7,4,0,0,69,74,1,2,1,3,1,0
200785,Herzing University-Akron,2015,0,0,0,0,8,15,0,1,0,0,6,19,0,0,0,3,0,0
200800,University of Akron Main Campus,2015,5,1,30,57,227,281,61,47,0,3,1537,1234,84,108,39,34,47,8
200873,Allegheny Wesleyan College,2015,0,0,0,0,0,0,0,0,0,0,3,9,0,0,0,0,0,0
201061,Art Academy of Cincinnati,2015,0,1,0,1,3,1,0,4,0,1,13,32,0,1,0,0,0,1
201104,Ashland University,2015,0,2,2,5,30,14,10,14,0,1,186,282,13,8,4,12,1,3
201177,Aultman College of Nursing and Health Sciences,2015,0,0,0,0,0,0,0,0,0,0,1,11,0,0,0,0,0,0
201195,Baldwin Wallace University,2015,1,0,3,9,37,41,26,22,0,0,289,282,21,24,2,2,5,2
201371,Bluffton University,2015,0,0,0,0,17,9,10,5,0,0,83,80,5,3,3,2,0,0
201441,Bowling Green State University-Main Campus,2015,3,4,6,17,121,204,62,78,0,1,1022,1586,74,82,29,37,25,24
201469,Bryant & Stratton College-Parma,2015,0,0,0,2,0,0,0,3,0,0,1,4,0,1,0,0,0,0
201548,Capital University,2015,2,0,4,7,39,39,16,18,0,0,199,278,15,22,6,16,3,7
201645,Case Western Reserve University,2015,1,0,124,151,35,23,47,34,2,1,344,229,33,26,7,12,114,75
201654,Cedarville University,2015,1,1,7,5,4,4,14,12,0,0,348,374,17,18,2,1,7,4
201690,Central State University,2015,1,0,0,0,215,275,2,0,0,0,1,1,4,4,3,2,1,1
201821,The Christ College of Nursing and Health Sciences,2015,0,0,0,1,0,0,0,1,0,0,2,35,0,1,0,3,0,0
201885,University of Cincinnati-Main Campus,2015,3,1,68,80,126,145,57,77,0,2,1798,1515,53,75,121,118,98,57
201946,University of Cincinnati-Clermont College,2015,2,0,5,6,12,4,7,8,0,0,213,223,7,4,20,16,0,1
201955,University of Cincinnati-Blue Ash College,2015,3,2,12,21,130,193,16,20,1,1,258,325,17,25,32,31,12,9
201964,Ohio Christian University,2015,1,0,1,1,31,65,2,3,0,0,76,110,3,8,25,43,0,0
202046,Cleveland Institute of Art,2015,0,0,2,5,11,8,0,1,0,0,44,71,7,6,0,0,4,9
202073,Cleveland Institute of Music,2015,1,0,0,0,0,0,0,0,0,0,1,2,0,0,22,22,11,8
202134,Cleveland State University,2015,2,1,36,23,95,170,46,72,1,1,571,639,30,53,20,16,50,21
202170,Columbus College of Art & Design,2015,0,0,3,8,13,18,0,11,0,0,49,109,2,11,0,6,1,12
202480,University of Dayton,2015,0,3,13,15,31,36,44,37,2,1,876,890,27,25,14,2,95,33
202514,Defiance College,2015,1,0,0,1,18,3,6,3,0,0,76,66,6,1,0,0,0,1
202523,Denison University,2015,0,0,10,18,18,20,23,31,0,0,194,228,15,13,5,6,27,25
202763,The University of Findlay,2015,0,0,2,2,29,8,10,9,0,0,175,456,11,10,1,1,0,0
202806,Franklin University,2015,0,0,0,0,2,1,0,0,0,0,2,2,0,0,0,0,3,1
202903,Gods Bible School and College,2015,0,1,0,0,1,2,1,0,0,0,17,23,0,0,0,0,0,1
202912,Good Samaritan College of Nursing and Health Science,2015,0,0,0,0,0,0,0,0,0,0,1,13,0,0,0,0,0,0
203085,Heidelberg University,2015,1,0,4,3,22,8,8,1,0,0,110,93,7,4,8,3,0,0
203128,Hiram College,2015,0,0,1,2,16,5,7,2,0,0,50,55,5,1,10,5,1,0
203368,John Carroll University,2015,0,0,4,9,24,11,14,9,0,0,325,328,5,9,2,4,3,12
203447,Kent State University at Ashtabula,2015,0,0,0,1,2,3,5,10,0,0,58,95,1,3,0,0,0,0
203465,Kent State University at Stark,2015,2,2,2,3,14,19,2,7,0,0,183,252,11,10,5,9,0,0
203474,Kent State University at Trumbull,2015,0,0,0,0,12,12,1,10,0,0,73,95,5,7,4,5,0,0
203483,Kent State University at Tuscarawas,2015,0,0,0,0,1,1,0,1,0,0,74,113,3,2,5,4,0,0
203492,Kent State University at Salem,2015,0,0,0,1,0,2,0,2,0,0,61,94,0,1,0,2,0,0
203517,Kent State University at Kent,2015,1,3,23,50,94,252,57,92,0,3,1132,2163,57,112,42,71,77,51
203526,Kent State University at Geauga,2015,0,1,1,2,20,17,4,6,0,0,90,115,3,3,6,2,0,0
203535,Kenyon College,2015,0,0,5,15,9,13,12,26,0,0,170,185,9,15,4,9,8,12
203544,Kettering College,2015,0,0,0,1,1,0,1,2,0,0,6,45,1,0,1,0,0,1
203580,Lake Erie College,2015,0,0,0,2,20,4,1,5,0,0,87,74,4,5,5,0,6,1
203757,Lourdes University,2015,1,0,0,0,1,9,8,9,0,0,34,73,2,5,0,0,5,2
203775,Malone University,2015,1,0,1,1,18,7,2,2,0,0,73,126,9,3,0,0,0,0
203845,Marietta College,2015,1,0,3,0,18,5,5,2,0,0,123,76,6,3,9,0,26,6
203960,Mercy College of Ohio,2015,0,0,0,0,1,1,0,4,0,0,6,36,0,2,0,2,0,0
204006,Miami University-Hamilton,2015,0,1,8,4,27,21,8,14,1,1,213,242,10,15,9,7,0,0
204015,Miami University-Middletown,2015,0,1,2,4,10,10,4,3,0,0,110,98,5,7,4,4,11,6
204024,Miami University-Oxford,2015,3,7,36,47,53,65,74,120,1,0,1470,1505,49,67,12,3,169,125
204176,Mount Carmel College of Nursing,2015,0,0,0,3,0,7,0,0,0,0,3,72,0,1,0,2,0,0
204185,University of Mount Union,2015,6,3,0,2,32,11,5,8,0,0,232,216,9,9,4,2,0,0
204194,Mount Vernon Nazarene University,2015,0,0,1,0,8,4,7,4,1,0,122,187,7,9,0,4,0,2
204200,Mount St. Joseph University,2015,1,0,0,0,27,14,0,0,0,0,136,123,9,6,5,3,0,1
204264,Muskingum University,2015,0,0,2,0,24,2,10,1,0,0,141,151,14,6,0,0,3,6
204468,Notre Dame College,2015,0,1,1,1,78,38,13,7,0,1,94,75,15,6,5,4,4,0
204486,University of Northwestern Ohio,2015,4,1,1,0,23,11,25,8,3,1,654,118,0,0,280,41,14,8
204501,Oberlin College,2015,0,0,9,10,22,18,26,32,0,1,217,295,25,40,4,6,27,43
204617,Ohio Dominican University,2015,0,0,1,4,26,19,6,9,0,0,81,83,6,3,10,0,0,0
204635,Ohio Northern University,2015,0,0,3,4,19,5,3,1,0,0,300,192,11,9,12,10,8,8
204671,Ohio State University-Lima Campus,2015,0,1,5,2,8,9,6,8,0,1,149,131,4,5,3,3,0,0
204680,Ohio State University-Mansfield Campus,2015,1,0,10,9,40,36,10,9,0,0,194,173,11,9,5,7,0,0
204699,Ohio State University-Marion Campus,2015,1,0,11,6,9,4,8,7,0,1,155,148,9,5,6,3,0,3
204705,Ohio State University-Newark Campus,2015,0,4,46,21,94,79,28,22,0,1,438,377,33,29,16,13,0,0
204796,Ohio State University-Main Campus,2015,1,8,255,223,124,189,142,159,2,2,2462,2542,94,121,179,141,200,179
204857,Ohio University-Main Campus,2015,2,3,13,20,103,110,68,90,3,2,1731,1977,85,121,15,12,41,23
204909,Ohio Wesleyan University,2015,0,0,3,10,25,16,13,14,0,0,145,136,17,10,9,15,10,8
204936,Otterbein University,2015,0,0,3,7,16,22,5,7,0,0,163,285,18,20,3,8,2,3
205027,Pontifical College Josephinum,2015,0,0,1,0,0,0,1,0,0,0,13,0,0,0,0,0,1,0
205124,Rabbinical College Telshe,2015,0,0,0,0,0,0,0,0,0,0,8,0,0,0,0,0,0,0
205203,University of Rio Grande,2015,0,1,0,1,13,9,0,3,0,0,69,137,0,1,12,14,5,0
205443,Shawnee State University,2015,8,7,2,3,37,29,5,2,1,0,320,403,13,14,13,15,3,1
205957,Franciscan University of Steubenville,2015,0,0,1,4,2,2,18,26,0,0,163,219,5,9,3,1,2,1
206048,Tiffin University,2015,0,0,0,1,45,19,12,8,0,1,90,97,6,6,75,74,36,8
206084,University of Toledo,2015,4,2,30,26,207,225,84,82,3,0,1102,1103,69,62,78,77,74,34
206279,Union Institute & University,2015,0,0,0,0,1,2,0,0,0,0,0,3,0,0,0,0,0,0
206349,Ursuline College,2015,0,0,0,0,0,26,1,5,0,0,2,63,0,10,1,5,0,1
206394,The North Coast College,2015,0,0,0,0,1,3,0,0,0,0,0,5,0,2,0,0,0,0
206437,Walsh University,2015,2,0,1,2,11,12,4,6,0,0,123,211,8,9,16,14,10,10
206507,Wilmington College,2015,1,1,1,0,17,7,2,2,0,0,106,120,8,1,4,7,0,0
206525,Wittenberg University,2015,1,1,1,2,25,21,9,5,0,0,173,215,22,14,1,0,3,0
206589,The College of Wooster,2015,3,1,6,24,32,22,17,11,0,0,173,202,0,0,4,6,39,26
206604,Wright State University-Main Campus,2015,2,1,26,26,127,229,49,43,1,1,787,860,55,74,4,3,27,10
206613,Wright State University-Lake Campus,2015,0,0,1,0,6,2,3,0,0,0,122,114,2,2,2,0,0,0
206622,Xavier University,2015,0,0,14,20,39,68,35,31,0,0,401,478,12,21,5,7,13,5
206695,Youngstown State University,2015,2,0,18,17,101,115,43,46,1,0,692,720,51,36,36,38,18,5
206817,Bacone College,2015,36,15,4,1,23,6,17,4,0,0,15,8,8,1,14,9,5,0
206835,Oklahoma Wesleyan University,2015,13,8,2,1,22,8,12,5,0,2,62,49,0,0,2,0,2,1
206862,Southern Nazarene University,2015,4,0,2,2,19,9,22,15,1,1,87,83,11,12,6,3,3,4
206914,Cameron University,2015,14,22,2,3,23,50,41,57,3,2,131,199,31,38,7,16,33,16
206941,University of Central Oklahoma,2015,31,43,21,46,97,139,99,167,1,2,481,760,120,156,0,1,75,59
207041,East Central University,2015,35,43,0,1,17,9,16,28,2,0,176,194,40,32,6,10,94,38
207157,Randall University,2015,4,1,0,0,5,4,6,2,0,0,35,27,2,1,1,0,1,1
207209,Langston University,2015,4,5,0,0,259,350,3,5,0,0,5,7,0,1,0,0,2,2
207254,Spartan College of Aeronautics and Technology,2015,6,0,16,0,62,8,17,2,0,0,113,12,19,1,232,35,2,0
207263,Northeastern State University,2015,59,89,6,6,11,10,17,25,0,0,156,204,89,110,3,1,14,6
207306,Northwestern Oklahoma State University,2015,13,8,0,5,20,6,13,19,1,1,90,94,1,1,8,7,25,18
207324,Oklahoma Christian University,2015,2,3,3,5,8,16,13,14,0,0,165,176,16,16,0,0,0,0
207351,Oklahoma Panhandle State University,2015,4,5,1,2,25,4,14,24,0,0,82,58,11,8,3,6,0,0
207388,Oklahoma State University-Main Campus,2015,75,86,32,30,91,86,174,145,5,1,1328,1428,197,228,1,3,33,10
207397,Oklahoma State University-Oklahoma City,2015,6,8,9,14,17,23,29,36,0,0,109,95,43,47,4,16,0,0
207403,Oklahoma Baptist University,2015,14,24,1,8,30,18,10,18,0,1,140,242,13,10,5,10,5,6
207458,Oklahoma City University,2015,3,5,1,1,4,11,12,25,0,2,66,151,12,15,0,0,8,4
207500,University of Oklahoma-Norman Campus,2015,72,74,133,132,66,75,143,179,3,0,1173,1323,139,171,39,64,86,43
207564,Oklahoma State University Institute of Technology,2015,45,22,3,1,21,12,30,11,0,0,219,65,37,17,11,3,4,0
207582,Oral Roberts University,2015,3,4,5,5,36,38,13,15,0,0,87,121,21,26,11,13,20,12
207661,Rogers State University,2015,19,45,0,5,13,12,15,22,0,0,132,215,58,106,2,1,9,4
207722,University of Science and Arts of Oklahoma,2015,6,13,4,1,1,5,5,6,0,0,17,69,0,0,0,0,11,2
207847,Southeastern Oklahoma State University,2015,54,78,1,1,28,6,15,18,0,0,102,111,6,10,0,0,9,3
207856,Southwestern Christian University,2015,1,6,1,1,10,5,9,6,1,0,23,19,5,3,5,3,16,3
207865,Southwestern Oklahoma State University,2015,23,25,10,10,20,13,47,49,0,0,258,338,38,47,11,8,23,19
207971,University of Tulsa,2015,6,7,16,22,26,13,32,17,0,0,225,222,0,0,2,1,94,27
208646,Eastern Oregon University,2015,2,1,1,0,8,3,12,7,3,0,81,144,11,8,13,8,7,2
208725,New Hope Christian College-Eugene,2015,0,0,0,1,1,0,1,3,0,1,9,7,0,1,0,0,0,0
208822,George Fox University,2015,3,5,15,19,9,7,30,40,6,0,186,246,24,25,3,10,13,12
209056,Lewis & Clark College,2015,1,5,21,21,14,6,36,39,2,0,147,262,10,16,13,21,10,30
209065,Linfield University,2015,1,4,7,13,10,6,27,54,5,1,100,168,20,37,6,6,5,4
209241,Mount Angel Seminary,2015,0,0,2,0,0,0,8,0,1,0,2,0,0,0,0,0,0,0
209287,Multnomah University,2015,0,0,0,1,4,1,5,2,0,0,19,22,0,2,0,0,0,0
209409,Bushnell University,2015,2,1,1,2,2,3,3,0,1,6,20,39,0,2,1,0,0,0
209506,Oregon Institute of Technology,2015,0,2,9,5,2,1,20,19,1,3,128,103,10,9,3,1,6,2
209542,Oregon State University,2015,10,5,168,150,35,19,175,196,9,3,1156,1057,159,137,6,9,25,21
209551,University of Oregon,2015,8,7,96,139,38,37,177,329,9,11,1047,1449,111,167,19,27,199,177
209603,Pacific Northwest College of Art,2015,0,1,1,3,0,0,0,4,0,0,10,40,2,6,0,1,2,0
209612,Pacific University,2015,1,2,20,32,5,3,35,42,11,9,96,126,28,40,8,15,4,2
209807,Portland State University,2015,8,6,68,107,27,32,95,168,7,4,353,540,38,78,17,12,49,43
209825,University of Portland,2015,0,2,50,64,9,4,34,66,6,10,214,366,37,32,6,13,17,11
209922,Reed College,2015,0,1,13,16,8,6,16,32,0,1,118,140,12,25,3,6,11,12
210146,Southern Oregon University,2015,0,6,3,9,12,12,46,59,2,0,185,316,30,62,22,15,7,1
210304,Warner Pacific University,2015,0,3,7,5,4,7,8,21,1,0,6,22,1,1,2,3,1,0
210331,Corban University,2015,1,1,6,13,2,2,0,2,0,0,64,144,7,8,8,17,0,0
210401,Willamette University,2015,1,1,29,24,4,10,29,32,0,2,136,182,20,34,8,6,0,3
210429,Western Oregon University,2015,4,8,22,40,26,20,39,84,13,17,212,364,0,1,10,32,8,11
210492,Bryn Athyn College of the New Church,2015,0,0,0,3,9,9,5,4,0,0,29,27,0,1,0,2,1,0
210571,Albright College,2015,2,4,3,6,54,75,17,38,0,0,112,152,1,6,4,5,8,6
210669,Allegheny College,2015,0,1,7,7,23,23,15,26,0,1,155,178,15,8,7,4,14,5
210739,DeSales University,2015,0,0,1,3,3,5,27,35,0,0,147,198,1,6,1,2,0,0
210775,Alvernia University,2015,0,1,3,7,14,14,11,14,0,0,97,221,3,4,4,6,0,2
211024,Clarks Summit University,2015,0,0,0,1,4,2,1,1,0,0,29,34,0,1,0,0,0,0
211088,Arcadia University,2015,0,0,12,24,29,31,21,41,0,0,120,270,7,23,6,8,3,3
211273,Bryn Mawr College,2015,0,0,0,62,0,19,0,27,0,0,0,143,0,21,0,32,0,81
211291,Bucknell University,2015,0,0,24,38,22,18,41,38,0,0,330,337,10,28,0,1,29,22
211352,Cabrini University,2015,0,0,3,5,38,84,9,33,0,2,75,110,3,12,6,12,0,0
211431,Carlow University,2015,0,1,0,3,5,23,1,7,0,0,19,134,1,11,0,12,0,2
211440,Carnegie Mellon University,2015,1,0,225,251,48,25,107,50,0,0,237,172,33,27,46,38,156,159
211468,Cedar Crest College,2015,0,1,0,8,0,28,0,33,0,0,0,107,0,0,0,2,0,0
211477,Central Penn College,2015,1,0,0,1,14,15,1,2,0,0,14,15,0,0,1,1,0,0
211556,Chatham University,2015,1,3,3,3,8,10,8,4,0,0,30,119,4,5,2,4,2,4
211583,Chestnut Hill College,2015,0,0,2,3,18,14,8,19,1,1,47,67,4,8,5,5,2,2
211608,Cheyney University of Pennsylvania,2015,0,1,0,0,36,40,1,4,0,0,1,0,3,2,6,6,0,0
211893,Curtis Institute of Music,2015,0,0,1,3,0,0,1,0,0,0,5,6,0,0,0,0,3,2
211981,Delaware Valley University,2015,0,1,3,7,44,13,24,16,0,0,132,212,0,0,7,11,1,0
212009,Dickinson College,2015,1,0,8,22,16,13,21,31,0,0,215,286,9,17,4,5,34,49
212054,Drexel University,2015,1,1,261,255,68,81,97,65,9,11,807,586,33,58,30,20,202,135
212106,Duquesne University,2015,0,0,19,25,39,38,16,37,0,1,397,750,17,41,6,11,10,11
212115,East Stroudsburg University of Pennsylvania,2015,1,1,12,7,107,134,75,90,0,1,311,450,33,36,3,1,4,5
212133,Eastern University,2015,0,0,2,1,22,26,31,50,0,0,80,148,1,1,0,4,7,1
212197,Elizabethtown College,2015,0,1,3,12,7,12,6,14,1,0,156,275,3,7,0,0,4,3
212577,Franklin and Marshall College,2015,0,0,12,18,18,17,21,23,1,0,169,171,5,9,16,19,38,55
212601,Gannon University,2015,0,1,3,7,20,16,10,17,0,0,169,280,5,10,14,17,37,8
212656,Geneva College,2015,0,0,0,1,6,1,1,1,0,1,162,131,6,7,5,6,2,2
212674,Gettysburg College,2015,1,0,6,14,7,10,17,26,0,0,255,270,9,12,6,8,27,31
212805,Grove City College,2015,0,0,3,6,2,0,4,5,0,0,240,254,16,11,0,0,3,3
212832,Gwynedd Mercy University,2015,0,0,1,9,10,35,5,8,0,0,50,85,0,0,9,26,0,0
212911,Haverford College,2015,1,0,19,21,17,13,17,11,0,0,88,103,3,3,9,7,18,16
212984,Holy Family University,2015,0,0,4,8,10,21,5,21,0,0,54,163,0,0,14,41,0,0
213011,Immaculata University,2015,0,0,2,0,7,7,5,11,0,0,45,102,1,4,0,1,1,2
213020,Indiana University of Pennsylvania-Main Campus,2015,2,1,15,14,167,214,59,82,0,0,748,1099,50,84,4,5,13,9
213251,Juniata College,2015,1,0,5,11,5,6,3,6,0,0,118,161,4,6,6,3,6,15
213303,Keystone College,2015,2,0,1,0,13,12,4,14,0,0,71,133,2,5,9,16,0,0
213321,King's College,2015,1,0,1,9,17,5,27,20,0,0,195,193,6,6,14,11,10,2
213349,Kutztown University of Pennsylvania,2015,4,1,11,13,100,85,55,78,0,2,621,770,27,43,20,17,7,5
213358,La Roche University,2015,0,1,1,1,7,28,4,6,0,0,69,96,1,6,2,6,43,20
213367,La Salle University,2015,0,1,15,22,59,91,27,54,1,1,194,191,8,12,35,84,11,9
213376,Lackawanna College,2015,0,1,2,2,52,12,19,14,0,0,84,79,3,4,4,0,0,0
213385,Lafayette College,2015,0,0,12,16,19,16,16,21,0,0,203,242,7,9,18,20,40,33
213400,Lancaster Bible College,2015,1,0,1,1,9,6,5,2,0,0,56,57,6,1,14,26,0,0
213507,Lebanon Valley College,2015,0,0,7,4,9,9,10,17,0,0,173,202,6,4,6,6,1,1
213543,Lehigh University,2015,0,2,52,48,30,9,60,55,2,0,438,345,23,23,35,15,68,56
213598,Lincoln University,2015,0,0,0,0,162,263,3,2,1,0,2,3,1,5,0,0,0,11
213668,Lycoming College,2015,1,0,1,2,21,18,11,25,0,0,106,87,7,8,23,14,15,8
213774,Manor College,2015,0,5,1,1,30,38,2,9,0,0,11,29,3,4,5,3,0,0
213826,Marywood University,2015,0,0,1,9,2,5,3,20,0,0,78,212,3,4,9,15,5,3
213987,Mercyhurst University,2015,2,4,4,6,24,19,7,12,0,0,173,257,0,0,10,10,24,35
213996,Messiah University,2015,0,1,6,10,12,10,13,20,0,0,213,346,5,14,3,8,14,16
214041,Millersville University of Pennsylvania,2015,0,1,13,19,44,70,34,61,0,0,447,573,26,30,3,5,1,0
214069,Misericordia University,2015,0,2,1,4,11,6,5,6,0,0,132,257,6,4,0,0,0,0
214148,Moore College of Art and Design,2015,0,0,0,4,0,26,0,5,0,0,0,48,0,8,0,4,0,1
214157,Moravian University,2015,0,0,1,4,21,8,16,24,1,0,172,198,7,6,17,15,29,4
214166,Mount Aloysius College,2015,0,0,0,1,10,6,0,0,0,0,80,207,0,0,10,33,14,3
214175,Muhlenberg College,2015,0,1,5,17,13,10,18,26,1,0,158,246,3,7,15,28,15,19
214272,Neumann University,2015,0,0,2,2,28,68,0,0,0,1,94,139,4,16,13,28,3,3
214883,Peirce College,2015,0,0,0,0,5,10,0,0,0,0,2,1,0,0,0,0,0,0
214971,Pennsylvania Academy of the Fine Arts,2015,0,0,1,3,2,1,0,3,0,0,5,14,3,3,0,1,1,0
215053,Pennsylvania College of Art and Design,2015,0,0,2,3,4,4,1,3,0,0,16,27,1,4,0,6,0,0
215062,University of Pennsylvania,2015,2,1,199,275,61,104,140,120,0,1,517,480,39,50,58,47,138,145
215105,University of the Arts,2015,2,1,2,4,20,42,7,26,0,1,84,159,13,12,5,8,5,13
215114,Cairn University-Langhorne,2015,1,0,4,0,19,12,5,5,0,0,55,52,2,1,0,0,2,1
215266,University of Pittsburgh-Bradford,2015,0,4,4,2,22,23,14,4,0,0,120,136,1,5,5,6,7,2
215275,University of Pittsburgh-Greensburg,2015,0,0,11,8,11,16,10,12,0,0,164,137,8,16,7,1,4,3
215284,University of Pittsburgh-Johnstown,2015,1,0,6,6,9,17,4,6,0,0,333,259,15,10,19,21,10,8
215293,University of Pittsburgh-Pittsburgh Campus,2015,1,2,170,240,88,91,61,85,2,1,1421,1479,74,85,24,26,93,67
215415,Pittsburgh Technical College,2015,2,0,3,1,54,42,3,1,1,0,318,164,31,25,38,11,0,0
215442,Point Park University,2015,1,2,3,3,16,48,3,7,0,1,158,294,15,14,0,0,17,6
215637,Walnut Hill College,2015,0,0,3,4,59,64,5,9,0,0,76,92,6,5,2,7,1,0
215655,Robert Morris University,2015,0,0,5,7,31,24,16,9,0,0,345,340,22,15,5,6,28,12
215691,Rosemont College,2015,0,0,4,2,17,50,1,6,0,0,14,25,4,7,2,3,0,0
215743,Saint Francis University,2015,1,0,4,3,21,6,1,0,0,2,125,212,3,6,13,12,3,0
215770,Saint Joseph's University,2015,1,1,13,23,18,33,25,53,1,2,428,508,8,21,9,11,13,9
215798,Saint Vincent College,2015,2,2,1,5,16,9,9,4,0,0,214,165,0,0,8,8,0,1
215929,University of Scranton,2015,0,2,13,15,7,18,45,52,3,3,308,386,6,16,10,16,4,5
215947,Seton Hill University,2015,0,0,3,0,20,16,10,4,0,0,91,226,5,7,3,1,4,2
216010,Shippensburg University of Pennsylvania,2015,1,3,10,9,73,106,38,25,1,2,507,554,25,19,5,4,3,0
216038,Slippery Rock University of Pennsylvania,2015,0,2,1,12,30,41,21,29,0,0,516,775,36,35,6,4,10,5
216047,Saint Charles Borromeo Seminary-Overbrook,2015,0,0,2,0,0,0,7,0,0,0,14,0,0,0,0,0,0,0
216278,Susquehanna University,2015,0,0,7,8,24,26,18,32,0,0,249,271,4,17,0,0,4,6
216287,Swarthmore College,2015,0,0,38,40,14,13,24,24,0,1,80,86,9,18,6,2,23,29
216311,Talmudical Yeshiva of Philadelphia,2015,0,0,0,0,0,0,0,0,0,0,35,0,0,0,0,0,1,0
216339,Temple University,2015,4,2,250,304,204,404,120,211,1,2,1303,1368,60,108,113,147,158,133
216357,Thiel College,2015,0,0,3,2,19,7,4,1,0,0,97,58,7,3,4,2,0,0
216524,Ursinus College,2015,0,0,4,13,15,24,10,18,0,0,164,148,6,9,6,4,5,3
216542,University of Valley Forge,2015,0,1,0,0,12,3,8,12,0,0,35,40,3,4,0,1,0,0
216597,Villanova University,2015,0,0,56,68,46,49,62,81,0,0,563,693,12,27,10,7,14,11
216667,Washington & Jefferson College,2015,0,3,4,5,17,10,4,10,0,1,162,127,7,11,5,8,7,8
216694,Waynesburg University,2015,0,0,0,2,6,1,1,5,0,0,140,182,9,5,3,1,0,1
216764,West Chester University of Pennsylvania,2015,0,1,15,23,83,168,68,91,2,0,681,1150,35,52,3,2,1,6
216807,Westminster College,2015,0,0,3,0,8,3,1,2,0,0,85,122,1,2,39,31,2,0
216852,Widener University,2015,1,0,19,20,48,73,21,25,0,0,263,315,6,15,9,9,18,4
216931,Wilkes University,2015,3,1,14,13,16,20,15,19,0,0,224,210,5,10,5,6,14,6
217013,Wilson College,2015,0,0,0,2,2,4,3,8,0,0,15,64,0,4,1,6,2,5
217059,York College of Pennsylvania,2015,1,0,5,8,30,24,27,34,2,0,338,373,19,24,5,2,3,3
217156,Brown University,2015,3,6,110,118,35,65,74,105,0,0,348,345,53,67,36,66,79,103
217165,Bryant University,2015,2,1,21,23,17,14,34,25,3,0,395,267,3,6,15,7,46,29
217235,Johnson & Wales University-Providence,2015,0,0,0,1,100,181,82,128,0,1,430,678,88,128,13,16,24,27
217305,New England Institute of Technology,2015,2,0,4,4,15,3,50,12,0,0,214,61,6,4,31,5,6,0
217402,Providence College,2015,1,1,2,9,13,22,36,59,1,7,356,447,4,11,11,30,8,15
217420,Rhode Island College,2015,2,5,9,22,33,74,70,166,0,0,188,439,4,16,16,40,1,2
217484,University of Rhode Island,2015,3,7,54,58,75,72,105,189,0,1,932,1228,37,39,63,79,26,21
217493,Rhode Island School of Design,2015,0,1,24,66,6,7,11,28,0,0,42,96,8,15,5,28,46,81
217518,Roger Williams University,2015,0,1,3,6,5,5,29,40,0,0,364,470,12,11,17,28,25,7
217536,Salve Regina University,2015,1,0,0,4,1,12,10,19,0,1,110,357,10,9,2,14,2,4
217606,Northpoint Bible College,2015,0,1,0,0,1,1,1,4,0,0,20,21,0,3,1,1,1,4
217624,Allen University,2015,0,0,0,0,85,83,0,0,0,0,3,0,0,0,0,0,1,0
217633,Anderson University,2015,3,1,2,2,17,21,4,17,0,0,169,398,7,4,10,10,0,0
217688,Charleston Southern University,2015,1,3,4,7,88,101,6,19,1,2,153,294,11,17,18,21,0,3
217721,Benedict College,2015,1,0,0,0,349,300,1,0,0,0,2,3,0,0,0,0,0,0
217749,Bob Jones University,2015,1,0,1,7,3,4,17,21,0,4,188,266,6,12,24,14,20,11
217776,Southern Wesleyan University,2015,0,0,0,0,26,16,11,6,0,0,61,56,3,3,0,1,0,4
217819,College of Charleston,2015,1,3,11,33,60,107,35,78,1,0,573,1212,17,74,3,4,6,11
217864,Citadel Military College of South Carolina,2015,0,0,7,0,47,15,34,2,4,0,430,26,19,2,4,0,6,6
217873,Claflin University,2015,5,6,6,2,127,293,1,3,0,0,2,0,0,1,0,0,1,2
217882,Clemson University,2015,4,2,54,48,131,138,60,49,1,0,1376,1442,43,67,4,2,6,12
217891,Clinton College,2015,0,0,0,0,35,40,0,0,0,0,0,0,0,0,0,0,0,0
217907,Coker University,2015,0,0,2,0,27,28,13,3,0,0,63,56,9,11,0,3,6,0
217925,Columbia International University,2015,1,0,0,0,2,3,1,3,0,0,31,45,0,3,0,0,5,1
217934,Columbia College,2015,0,3,0,1,0,63,0,10,0,0,0,92,0,7,0,3,0,6
217961,Converse University,2015,0,0,0,3,0,16,0,11,0,0,0,159,0,5,0,15,0,3
217998,Erskine College,2015,2,2,3,0,17,12,7,1,1,2,79,62,0,0,20,9,0,0
218061,Francis Marion University,2015,0,3,3,5,81,255,8,4,0,0,153,182,5,20,1,4,10,3
218070,Furman University,2015,0,2,6,7,21,20,10,21,0,0,222,283,9,4,8,11,19,25
218229,Lander University,2015,0,1,1,1,41,106,2,2,0,0,92,254,4,11,9,18,14,3
218238,Limestone University,2015,0,1,0,0,129,55,13,8,0,0,132,65,0,0,4,3,12,10
218399,Morris College,2015,0,0,0,0,115,94,0,4,0,0,0,0,0,0,0,0,0,0
218414,Newberry College,2015,2,0,0,0,53,12,10,5,0,0,75,85,4,9,2,2,4,4
218441,North Greenville University,2015,2,1,3,1,34,11,9,6,0,0,213,206,0,0,18,22,2,0
218539,Presbyterian College,2015,0,1,0,1,30,17,4,4,0,0,90,106,6,0,2,0,0,1
218645,University of South Carolina Aiken,2015,1,0,3,1,33,113,14,11,0,1,123,218,8,14,4,3,20,8
218654,University of South Carolina Beaufort,2015,0,1,1,5,27,91,13,23,0,0,81,184,5,14,10,8,3,5
218663,University of South Carolina-Columbia,2015,3,7,73,87,129,167,102,110,5,2,1882,2296,68,121,19,23,37,25
218724,Coastal Carolina University,2015,3,4,12,8,244,181,45,70,1,1,736,909,51,66,5,4,8,11
218733,South Carolina State University,2015,0,0,1,0,249,232,0,1,0,0,1,3,0,2,0,0,1,0
218742,University of South Carolina-Upstate,2015,1,3,9,10,63,210,18,30,0,0,156,236,14,22,4,5,7,7
218919,Voorhees University,2015,0,0,1,0,41,51,2,0,0,0,2,0,0,0,3,1,0,3
218964,Winthrop University,2015,0,4,2,4,87,257,11,36,0,0,187,433,17,37,1,2,7,3
218973,Wofford College,2015,0,1,4,2,26,12,8,4,0,0,173,185,4,13,3,0,4,3
219000,Augustana University,2015,0,1,0,3,2,4,3,6,0,0,106,195,7,6,0,0,19,15
219046,Black Hills State University,2015,5,9,1,1,10,1,12,15,0,0,161,242,17,14,0,2,5,1
219082,Dakota State University,2015,4,2,2,1,8,0,6,4,0,0,187,91,9,5,0,0,1,4
219091,Dakota Wesleyan University,2015,0,2,0,0,0,1,6,4,0,0,81,72,3,4,0,0,3,1
219198,Mount Marty University,2015,1,3,0,1,1,0,2,6,0,1,27,58,0,0,1,0,0,0
219204,National American University-Rapid City,2015,0,1,0,0,0,2,0,2,0,0,8,11,0,0,0,0,0,1
219259,Northern State University,2015,5,4,0,3,6,0,8,6,0,0,96,124,8,7,1,0,5,4
219277,Oglala Lakota College,2015,52,50,0,0,0,0,0,1,0,0,1,0,0,0,0,0,0,0
219347,South Dakota School of Mines and Technology,2015,2,2,1,1,4,1,17,4,2,0,339,99,16,5,0,0,9,0
219356,South Dakota State University,2015,14,20,9,17,20,8,24,18,1,0,894,975,22,25,2,1,58,23
219374,Sinte Gleska University,2015,6,16,0,0,0,0,0,0,0,0,0,1,0,0,0,0,0,0
219383,University of Sioux Falls,2015,0,1,1,3,6,2,0,0,0,0,116,132,3,8,0,2,0,0
219471,University of South Dakota,2015,10,24,6,4,25,8,18,27,0,1,382,615,21,27,2,5,11,13
219505,American Baptist College,2015,0,0,0,0,6,5,0,0,0,0,0,0,0,0,0,0,0,0
219602,Austin Peay State University,2015,3,0,5,5,104,181,35,32,1,0,339,457,37,54,12,12,0,4
219639,Baptist Health Sciences University,2015,0,0,0,1,0,10,3,2,0,0,5,37,0,0,0,0,0,0
219709,Belmont University,2015,4,2,6,14,28,38,20,45,1,0,414,707,18,39,10,28,3,10
219718,Bethel University,2015,4,0,0,2,97,67,3,2,1,0,142,130,2,5,16,7,12,1
219790,Bryan College-Dayton,2015,1,0,0,1,4,0,1,2,0,0,62,74,2,5,0,2,10,0
219806,Carson-Newman University,2015,3,1,1,1,37,14,9,9,0,0,146,240,10,8,3,1,9,5
219833,Christian Brothers University,2015,3,1,12,12,30,42,12,9,0,0,78,51,6,10,15,12,12,6
219949,Cumberland University,2015,1,0,1,0,26,4,2,2,0,0,47,65,0,0,20,19,8,5
219976,Lipscomb University,2015,1,0,6,13,13,26,12,29,0,0,177,326,9,14,10,10,7,9
220075,East Tennessee State University,2015,2,3,17,14,103,85,30,30,0,1,679,867,30,42,12,12,31,18
220181,Fisk University,2015,0,0,1,0,46,140,5,2,0,0,0,2,0,4,2,6,0,0
220206,Welch College,2015,0,0,1,0,0,1,0,1,0,0,18,21,0,2,0,0,0,0
220215,Freed-Hardeman University,2015,0,0,0,2,6,5,4,4,0,0,104,153,1,2,4,5,1,1
220473,Johnson University,2015,0,0,0,0,2,2,3,2,0,0,79,65,2,0,3,5,1,2
220516,King University,2015,0,0,0,2,9,6,8,2,1,1,50,72,2,3,2,0,8,3
220552,South College,2015,0,1,1,0,3,8,1,0,0,0,54,122,0,6,0,1,0,0
220598,Lane College,2015,0,0,0,0,263,169,0,1,0,1,1,4,5,0,0,0,0,0
220604,Le Moyne-Owen College,2015,0,0,0,0,70,112,0,1,0,0,0,0,0,0,0,0,0,0
220613,Lee University,2015,3,3,2,4,14,23,6,12,2,0,221,453,8,12,9,27,15,12
220631,Lincoln Memorial University,2015,1,0,1,1,9,7,0,0,0,0,63,138,2,6,5,8,10,4
220701,The University of Tennessee Southern,2015,0,0,1,0,34,21,3,2,0,0,62,114,0,0,1,2,9,5
220710,Maryville College,2015,1,0,0,4,46,12,3,3,1,0,108,127,15,6,1,1,6,4
220862,University of Memphis,2015,3,2,35,34,259,392,48,76,0,0,520,521,44,54,17,18,15,11
220978,Middle Tennessee State University,2015,3,7,38,44,289,479,69,81,3,1,775,802,36,54,6,1,81,24
221351,Rhodes College,2015,1,1,10,17,19,19,13,21,1,0,193,218,11,11,1,7,10,9
221519,The University of the South,2015,0,1,0,6,6,11,18,16,0,0,177,208,10,3,0,1,9,3
221661,Southern Adventist University,2015,2,0,21,33,28,38,38,69,2,1,120,134,13,15,0,0,11,10
221731,Tennessee Wesleyan University,2015,0,0,0,3,16,6,6,0,0,0,47,108,1,4,2,6,7,6
221740,The University of Tennessee-Chattanooga,2015,1,2,17,26,81,131,32,45,0,0,578,850,25,38,11,11,1,4
221759,The University of Tennessee-Knoxville,2015,9,4,96,69,157,167,67,96,2,2,1757,1856,62,76,91,104,52,33
221768,The University of Tennessee-Martin,2015,1,1,3,0,38,80,14,19,0,0,331,460,11,16,0,0,19,17
221838,Tennessee State University,2015,2,1,3,4,367,778,9,9,0,0,31,60,6,17,2,5,68,21
221847,Tennessee Technological University,2015,1,0,16,9,45,28,24,29,0,1,692,570,69,43,3,0,40,7
221892,Trevecca Nazarene University,2015,0,0,2,1,15,13,27,41,0,0,96,134,5,5,1,3,6,5
221953,Tusculum University,2015,0,0,0,0,52,20,5,4,0,0,81,93,8,4,4,2,5,5
221971,Union University,2015,0,0,2,2,3,5,2,7,0,0,112,174,3,6,5,8,6,3
221999,Vanderbilt University,2015,4,2,128,87,64,91,72,90,2,2,402,368,38,42,49,45,56,65
222178,Abilene Christian University,2015,2,4,2,8,37,54,66,150,1,1,236,406,29,31,6,5,14,17
222831,Angelo State University,2015,4,3,4,5,62,49,180,293,0,1,298,366,20,14,0,0,21,16
222877,Arlington Baptist University,2015,0,1,0,0,8,1,8,2,0,1,5,7,0,0,0,1,0,0
222983,Austin College,2015,4,0,9,25,15,10,30,36,0,1,86,83,3,8,23,12,3,7
222992,Austin Community College District,2015,13,7,42,44,67,51,334,366,2,0,477,416,55,56,40,40,47,42
223117,Baptist Missionary Association Theological Seminary,2015,0,0,0,0,0,0,0,0,0,0,0,0,0,0,0,0,1,0
223232,Baylor University,2015,4,6,102,108,71,120,198,294,1,1,927,1305,73,97,4,11,44,27
223463,Remington College-Dallas Campus,2015,0,0,2,2,19,52,27,64,0,0,8,23,3,5,0,0,0,0
223506,Brazosport College,2015,1,1,3,1,6,6,38,42,0,0,56,56,1,1,0,1,0,0
224004,Concordia University Texas,2015,1,5,3,3,31,18,9,23,0,0,59,74,4,1,14,9,0,0
224147,Texas A & M University-Corpus Christi,2015,3,2,33,36,70,113,390,688,0,2,352,451,13,11,5,13,31,15
224226,Dallas Baptist University,2015,2,5,1,10,18,20,29,33,1,0,131,246,0,0,0,0,0,0
224244,Dallas Christian College,2015,2,0,1,0,5,13,4,5,0,1,12,11,4,0,0,0,0,1
224323,University of Dallas,2015,1,1,6,11,4,2,28,62,1,0,114,135,8,3,3,5,5,4
224527,East Texas Baptist University,2015,0,1,0,1,47,22,10,20,1,0,106,126,4,3,0,0,0,1
224545,Texas A&M University-Texarkana,2015,1,0,0,2,8,16,18,23,0,0,39,37,1,4,1,5,1,0
224554,Texas A & M University-Commerce,2015,7,1,12,12,127,141,95,120,0,0,181,177,45,49,8,8,1,0
224660,Western Technical College,2015,0,0,0,0,6,1,9,2,0,0,6,1,0,0,0,0,0,0
224679,Western Technical College,2015,0,0,0,0,8,1,115,27,1,0,35,0,2,0,1,1,0,0
225201,Hallmark University,2015,1,0,0,2,4,3,29,11,0,0,18,8,2,1,0,0,0,0
225247,Hardin-Simmons University,2015,1,1,2,1,18,3,36,33,0,1,132,150,12,10,6,3,1,1
225399,Houston Christian University,2015,0,2,20,25,31,57,80,127,0,1,41,76,9,15,22,29,4,5
225414,University of Houston-Clear Lake,2015,0,1,10,14,4,8,35,43,0,0,52,49,4,5,0,0,2,1
225432,University of Houston-Downtown,2015,0,0,50,55,29,33,201,310,0,0,27,24,3,2,5,2,20,29
225502,University of Houston-Victoria,2015,0,1,3,4,34,39,69,70,0,0,31,22,2,3,0,2,3,2
225511,University of Houston,2015,7,4,579,580,208,214,631,553,4,5,470,376,70,78,17,20,102,92
225548,Howard Payne University,2015,0,0,1,0,23,8,30,31,1,0,100,65,10,2,5,4,0,0
225575,Huston-Tillotson University,2015,0,0,0,0,48,53,26,9,0,0,6,1,0,1,0,0,2,0
225627,University of the Incarnate Word,2015,2,1,5,4,26,25,190,327,2,0,63,80,6,11,26,55,29,16
225885,Jarvis Christian University,2015,0,0,0,0,69,108,11,35,0,2,6,13,0,0,0,3,4,0
226091,Lamar University,2015,3,5,21,28,178,275,128,127,1,1,285,294,17,22,32,52,12,10
226134,Laredo College,2015,1,0,0,0,0,1,396,326,0,0,8,7,1,0,1,1,4,1
226152,Texas A & M International University,2015,0,0,3,1,1,2,396,522,0,0,5,14,1,1,0,1,11,5
226231,LeTourneau University,2015,0,0,5,1,9,3,18,12,0,0,133,59,3,6,13,1,9,1
226383,Lubbock Christian University,2015,0,4,1,1,3,3,36,46,0,2,74,103,0,0,0,0,1,1
226471,University of Mary Hardin-Baylor,2015,1,5,5,7,55,55,55,109,0,1,147,266,7,8,0,0,3,1
226587,McMurry University,2015,2,0,2,0,40,20,55,32,0,0,79,56,2,1,0,0,7,1
226806,Midland College,2015,1,0,0,2,11,18,107,130,0,1,93,94,3,10,5,3,0,0
226833,Midwestern State University,2015,3,5,10,10,66,45,94,109,0,0,174,246,13,17,1,1,18,8
226879,Wade College,2015,0,1,0,3,4,15,2,7,0,1,2,10,0,0,2,3,0,0
227216,University of North Texas,2015,3,7,184,194,247,342,558,660,6,3,958,1077,104,124,12,15,60,63
227331,Our Lady of the Lake University,2015,0,2,1,1,9,17,66,170,0,0,22,10,1,3,0,2,2,0
227368,The University of Texas Rio Grande Valley,2015,0,0,29,37,6,11,1527,1944,1,1,43,30,5,8,10,18,63,45
227429,Paul Quinn College,2015,0,0,0,0,52,67,28,15,0,0,1,1,0,0,0,0,2,0
227526,Prairie View A & M University,2015,4,1,12,9,530,921,37,45,1,0,9,14,4,6,1,0,9,5
227757,Rice University,2015,2,1,129,120,31,31,81,46,1,0,192,163,14,27,6,11,54,58
227845,Saint Edward's University,2015,2,4,3,10,5,21,101,211,1,0,142,259,11,28,8,3,36,28
227863,University of St Thomas,2015,0,1,15,23,5,11,25,86,0,0,20,28,2,2,0,4,7,8
227881,Sam Houston State University,2015,5,6,10,29,147,350,264,482,1,0,404,702,27,48,8,13,6,12
228042,Schreiner University,2015,0,0,3,2,7,8,51,65,0,0,82,64,4,3,0,0,0,0
228149,St. Mary's University,2015,2,0,5,4,10,12,183,255,0,1,34,36,3,2,0,0,24,18
228246,Southern Methodist University,2015,2,4,54,43,25,27,66,65,0,2,489,445,31,24,0,0,46,47
228325,Nelson University,2015,2,2,0,2,26,7,31,32,0,1,69,92,3,3,0,0,0,0
228343,Southwestern University,2015,0,0,4,13,11,5,27,63,0,0,99,103,10,14,2,1,4,3
228431,Stephen F Austin State University,2015,2,8,9,16,158,289,135,275,0,0,442,813,35,51,3,2,6,4
228459,Texas State University,2015,6,8,40,85,203,371,759,1333,2,6,943,1563,65,126,1,4,9,12
228468,Southwestern Adventist University,2015,0,1,2,0,6,12,35,44,2,1,14,6,2,0,4,8,4,6
228486,Southwestern Christian College,2015,0,0,0,0,22,18,4,2,0,0,0,0,1,0,0,0,4,4
228501,Sul Ross State University,2015,2,0,0,1,30,13,81,80,1,0,55,40,7,2,0,0,1,0
228529,Tarleton State University,2015,2,8,3,11,64,109,127,234,2,2,452,740,20,39,8,8,1,1
228705,Texas A & M University-Kingsville,2015,0,2,8,4,64,35,491,415,1,1,132,80,4,1,2,2,16,5
228723,Texas A & M University-College Station,2015,8,12,353,302,142,206,1077,1214,3,9,2575,2838,110,136,3,4,20,16
228769,The University of Texas at Arlington,2015,3,3,240,218,113,194,399,416,3,2,442,372,58,48,23,24,86,67
228778,The University of Texas at Austin,2015,4,4,860,904,121,228,723,955,7,3,1392,1698,108,152,32,25,181,169
228787,The University of Texas at Dallas,2015,2,1,504,471,42,64,252,169,2,3,609,291,66,47,28,28,47,30
228796,The University of Texas at El Paso,2015,2,2,8,19,49,34,1165,1440,2,2,74,68,10,13,7,7,86,73
228802,The University of Texas at Tyler,2015,0,3,17,15,12,27,64,59,0,0,165,230,7,13,66,80,6,3
228875,Texas Christian University,2015,5,6,22,35,46,60,74,137,3,2,605,980,1,2,5,11,42,39
228884,Texas College,2015,0,0,0,0,92,41,4,1,0,0,0,0,0,1,0,0,0,0
228981,Texas Lutheran University,2015,1,0,2,0,33,6,76,60,0,0,105,101,0,0,8,1,0,2
229018,The University of Texas Permian Basin,2015,0,1,11,3,21,4,125,126,1,1,91,73,2,0,3,3,8,2
229027,The University of Texas at San Antonio,2015,4,3,168,198,179,305,1185,1470,4,4,594,529,61,92,16,12,46,28
229063,Texas Southern University,2015,9,18,5,15,469,702,41,54,0,2,20,22,0,0,2,2,12,18
229115,Texas Tech University,2015,11,13,76,58,160,133,611,539,1,3,1673,1514,29,39,24,15,107,73
229160,Texas Wesleyan University,2015,0,0,2,4,9,26,36,55,0,0,35,37,4,9,1,1,102,44
229179,Texas Woman's University,2015,0,3,14,83,13,243,51,384,0,1,19,270,3,34,2,6,1,5
229267,Trinity University,2015,1,3,15,21,13,12,69,66,0,0,147,182,4,20,7,7,17,18
229355,Tyler Junior College,2015,6,7,12,12,370,417,219,284,6,1,457,531,40,56,10,8,19,9
229780,Wayland Baptist University,2015,3,0,0,0,33,9,42,39,0,1,68,44,5,2,11,2,4,4
229814,West Texas A & M University,2015,3,3,10,10,52,31,189,224,1,0,329,457,19,18,13,8,8,7
229887,Wiley University,2015,1,2,0,0,63,68,3,2,0,1,1,2,0,0,0,0,4,4
230038,Brigham Young University,2015,7,3,43,57,16,12,104,158,15,15,1822,2403,89,126,28,39,33,66
230047,Brigham Young University-Hawaii,2015,2,1,4,9,1,0,7,38,7,21,63,226,17,33,1,3,36,46
230171,Utah Tech University,2015,6,2,2,11,31,17,97,113,10,5,365,680,33,29,1,5,17,17
230366,Eagle Gate College-Murray,2015,0,0,0,0,0,1,1,5,0,1,7,27,0,1,2,14,0,0
230597,Snow College,2015,10,7,3,7,24,10,33,30,32,17,450,758,9,7,2,2,19,25
230603,Southern Utah University,2015,10,11,9,9,17,17,39,65,8,14,356,696,3,1,38,45,39,26
230728,Utah State University,2015,56,70,13,17,19,14,123,162,8,12,1412,2125,37,66,75,55,17,11
230737,Utah Valley University,2015,5,9,4,16,12,12,199,194,14,6,904,1145,48,59,271,213,35,19
230764,University of Utah,2015,5,12,109,101,16,17,180,223,11,17,1141,989,77,100,10,6,41,31
230782,Weber State University,2015,7,5,12,15,37,21,127,170,11,7,487,589,43,30,171,353,23,23
230807,Westminster University,2015,1,2,5,5,4,2,18,32,0,0,151,197,14,15,2,1,6,9
230816,Bennington College,2015,0,0,1,4,1,4,7,13,0,1,43,94,4,9,4,9,10,11
230852,Champlain College,2015,0,0,4,6,12,6,16,9,0,0,268,149,10,11,35,26,1,0
230889,Goddard College,2015,0,0,0,0,0,0,0,0,0,0,3,1,0,0,1,1,0,0
230959,Middlebury College,2015,0,0,12,26,13,10,27,40,0,0,175,192,17,14,3,2,24,34
230995,Norwich University,2015,2,1,15,7,14,4,34,17,1,0,344,93,23,17,13,1,6,2
231059,Saint Michael's College,2015,0,0,2,6,4,8,10,7,0,1,182,219,1,4,3,3,10,3
231095,Sterling College,2015,0,2,0,0,0,1,0,1,0,0,7,10,0,0,2,1,1,0
231165,Vermont State University,2015,3,1,2,0,0,0,4,0,0,0,132,51,5,2,10,0,1,1
231174,University of Vermont,2015,3,1,23,38,13,18,41,57,0,0,833,1174,21,56,24,50,13,22
231420,Averett University,2015,1,1,1,0,64,35,3,7,0,0,73,69,0,0,0,0,8,3
231554,Bluefield University,2015,0,0,0,0,29,4,4,1,0,0,52,43,1,1,2,2,8,3
231581,Bridgewater College,2015,1,0,7,3,47,24,13,18,0,0,163,210,12,22,9,8,3,2
231624,William & Mary,2015,0,1,52,76,28,75,43,80,0,0,401,494,26,40,39,57,48,57
231651,Regent University,2015,1,0,1,4,11,32,7,17,0,0,75,105,10,32,0,1,1,4
231712,Christopher Newport University,2015,2,5,10,28,44,50,14,24,0,1,386,500,17,37,42,58,1,5
231785,Bryant & Stratton College-Virginia Beach,2015,0,0,0,0,16,23,0,2,0,0,1,1,0,1,0,0,0,1
232025,Emory & Henry University,2015,1,1,1,3,30,10,7,10,0,0,104,99,7,6,17,7,0,0
232043,Eastern Mennonite University,2015,1,0,4,3,12,23,13,12,0,0,73,86,9,8,3,2,3,2
232089,Ferrum College,2015,1,0,0,1,122,62,8,6,0,0,103,81,17,17,1,0,3,0
232186,George Mason University,2015,4,2,276,274,142,246,158,219,3,5,681,613,83,98,96,153,56,45
232256,Hampden-Sydney College,2015,1,0,3,0,14,0,4,0,0,0,245,1,12,0,25,0,0,0
232265,Hampton University,2015,0,5,1,1,290,600,2,5,0,1,1,10,0,0,0,0,5,6
232308,Hollins University,2015,0,2,0,3,0,28,0,12,0,0,0,120,0,16,0,6,0,9
232423,James Madison University,2015,3,4,71,120,96,125,98,178,3,3,1276,2004,79,106,50,90,44,55
232557,Liberty University,2015,6,11,15,40,111,105,83,103,3,1,923,1217,39,47,397,443,91,77
232566,Longwood University,2015,2,2,2,12,27,79,16,32,0,0,209,531,12,33,17,25,6,4
232609,University of Lynchburg,2015,2,2,6,2,14,35,12,16,0,0,175,226,11,16,5,3,1,1
232672,Mary Baldwin University,2015,0,2,0,5,0,53,0,12,0,1,0,79,0,11,0,10,0,3
232681,University of Mary Washington,2015,0,1,8,22,28,31,21,49,0,1,237,449,24,35,14,21,5,5
232706,Marymount University,2015,0,1,14,16,18,43,23,48,0,3,64,102,2,5,6,10,15,18
232797,American National University,2015,0,0,0,0,2,3,0,0,0,0,1,13,1,1,3,4,0,0
232937,Norfolk State University,2015,0,1,1,1,161,230,2,7,0,0,10,7,9,23,1,1,4,1
232982,Old Dominion University,2015,5,2,66,54,369,531,127,129,4,3,521,461,97,128,204,193,14,19
233277,Radford University,2015,1,4,15,15,120,204,60,98,1,0,519,774,61,56,13,9,9,1
233295,Randolph-Macon College,2015,1,0,2,5,21,16,13,14,0,1,140,167,9,9,0,1,2,3
233301,Randolph College,2015,1,1,1,2,9,20,6,9,0,0,29,88,2,7,2,1,3,3
233374,University of Richmond,2015,1,1,19,30,17,25,25,32,0,1,241,253,17,20,22,23,38,41
233426,Roanoke College,2015,1,1,0,2,9,18,12,17,0,0,178,243,7,9,0,0,6,4
233541,Shenandoah University,2015,1,0,1,5,19,11,12,13,0,0,86,141,11,7,60,75,1,3
233611,Southern Virginia University,2015,1,2,0,2,4,2,4,8,0,0,90,101,4,10,5,1,1,0
233684,Strayer University-Virginia,2015,0,0,3,0,14,11,5,5,0,0,19,10,7,0,3,1,5,0
233718,Sweet Briar College,2015,0,1,0,1,0,3,0,3,0,0,0,14,0,2,0,0,0,0
233897,University of Virginia's College at Wise,2015,0,0,1,0,30,6,2,1,0,0,92,131,0,1,14,13,0,0
233921,Virginia Polytechnic Institute and State University,2015,4,4,351,247,121,115,192,177,5,0,2229,1920,141,136,139,102,340,92
234030,Virginia Commonwealth University,2015,3,6,278,352,253,535,121,214,1,2,703,1127,77,154,10,29,74,45
234076,University of Virginia-Main Campus,2015,3,3,247,265,103,141,86,127,0,1,956,1140,66,92,114,141,98,89
234085,Virginia Military Institute,2015,3,1,10,4,24,6,25,4,0,0,316,29,5,1,0,0,6,0
234155,Virginia State University,2015,1,3,2,1,315,395,4,9,0,0,9,4,0,0,11,10,0,1
234164,Virginia Union University,2015,0,1,2,1,165,250,0,1,0,0,9,4,0,0,9,14,0,0
234173,Virginia Wesleyan University,2015,0,1,0,4,43,62,9,15,0,0,59,102,5,10,13,21,2,2
234207,Washington and Lee University,2015,0,0,7,8,4,9,6,6,0,0,203,164,4,7,3,7,14,12
234669,Bellevue College,2015,1,0,48,29,23,9,29,34,2,1,91,97,16,20,18,9,1,0
234696,Bellingham Technical College,2015,1,0,0,2,0,0,6,3,0,0,13,11,1,1,2,1,0,0
234827,Central Washington University,2015,8,6,26,23,32,34,121,154,14,7,458,456,67,68,66,83,17,5
234845,Centralia College,2015,1,1,4,3,2,2,20,20,1,1,120,114,11,8,5,6,0,0
234933,Clark College,2015,1,2,16,17,6,9,47,40,0,3,238,324,34,51,24,14,1,0
234951,Clover Park Technical College,2015,0,2,7,12,11,23,10,21,3,2,70,56,10,15,7,4,1,0
234979,Columbia Basin College,2015,0,2,10,8,5,3,140,160,1,0,154,181,13,18,22,17,0,0
235024,Cornish College of the Arts,2015,0,0,4,6,3,3,8,12,0,2,33,68,5,7,10,16,1,1
235097,Eastern Washington University,2015,5,10,27,34,31,28,106,170,8,2,437,670,59,76,3,1,26,2
235103,Edmonds College,2015,1,0,41,27,20,8,21,20,0,0,87,73,18,20,17,8,0,0
235167,The Evergreen State College,2015,4,4,5,14,11,8,33,45,1,3,165,220,20,38,4,2,0,0
235237,Pierce College District,2015,4,0,11,14,20,24,12,25,2,3,64,108,14,44,14,10,0,0
235316,Gonzaga University,2015,4,5,26,51,6,8,64,87,2,4,460,472,48,43,19,26,4,6
235334,Grays Harbor College,2015,3,2,1,2,4,0,11,18,1,0,80,81,13,8,5,6,0,0
235343,Green River College,2015,6,2,36,22,24,12,32,40,2,2,165,158,33,36,25,18,0,0
235422,Heritage University,2015,5,8,1,0,0,0,33,38,0,0,2,5,0,1,2,0,2,5
235431,Highline College,2015,1,1,37,33,17,33,29,33,5,3,59,85,29,37,11,14,0,1
235699,Lake Washington Institute of Technology,2015,1,0,5,4,2,1,7,4,2,0,49,38,1,1,8,3,0,0
236072,North Seattle College,2015,0,0,4,8,7,3,9,6,1,1,34,16,10,12,10,7,0,0
236133,Northwest University,2015,0,5,3,6,4,7,8,13,0,2,50,86,3,7,3,1,2,3
236188,Olympic College,2015,1,1,9,13,11,1,10,13,2,0,119,129,18,25,9,10,4,6
236230,Pacific Lutheran University,2015,6,3,26,35,9,8,21,33,3,4,151,269,21,31,3,3,9,7
236258,Peninsula College,2015,4,1,0,2,3,2,15,8,1,2,43,42,5,10,6,7,12,14
236328,University of Puget Sound,2015,1,1,14,22,1,2,15,31,2,1,178,308,16,27,14,16,1,2
236382,Renton Technical College,2015,2,1,12,4,3,8,9,11,0,2,30,15,5,6,4,8,1,1
236452,Saint Martin's University,2015,2,4,7,5,4,5,10,20,2,1,47,55,3,7,2,3,2,0
236504,South Seattle College,2015,0,0,22,13,17,13,20,10,2,0,42,21,7,6,8,4,1,0
236513,Seattle Central College,2015,0,1,21,17,10,9,12,11,0,0,42,32,17,14,7,5,0,1
236577,Seattle Pacific University,2015,1,3,23,44,4,17,22,52,2,6,114,306,13,55,2,5,8,9
236595,Seattle University,2015,1,1,58,121,13,13,34,74,2,6,179,353,18,52,10,19,20,18
236638,Skagit Valley College,2015,1,1,6,6,4,4,40,37,0,2,133,138,13,18,0,4,10,10
236692,Spokane Community College,2015,6,10,7,7,10,12,34,35,1,6,383,382,31,26,42,30,14,5
236708,Spokane Falls Community College,2015,6,10,19,11,20,16,60,54,2,5,379,509,41,39,19,26,12,4
236753,Tacoma Community College,2015,0,8,32,31,33,46,37,58,1,9,231,273,39,53,72,81,20,17
236887,Walla Walla Community College,2015,2,1,3,1,6,1,48,45,3,3,135,106,17,12,8,8,2,0
236896,Walla Walla University,2015,0,1,14,4,9,3,37,30,3,4,117,120,0,0,6,9,1,1
236939,Washington State University,2015,14,14,130,133,74,95,319,436,8,19,1278,1472,191,220,51,45,80,46
236948,University of Washington-Seattle Campus,2015,12,13,772,915,59,89,219,279,15,17,1298,1423,205,257,18,25,546,569
236975,Wenatchee Valley College,2015,0,3,0,5,3,0,76,92,0,1,85,111,7,8,6,6,0,0
237011,Western Washington University,2015,3,6,115,128,30,33,91,162,2,8,805,1112,105,152,5,16,6,4
237039,Whatcom Community College,2015,0,1,4,8,3,3,26,22,0,0,85,102,17,13,10,6,0,0
237057,Whitman College,2015,0,2,6,13,3,3,7,14,0,0,111,142,12,18,4,5,7,17
237066,Whitworth University,2015,1,5,17,20,4,12,14,32,1,0,137,274,18,29,2,4,6,7
237109,Yakima Valley College,2015,0,5,1,0,4,2,50,83,1,0,56,61,5,9,8,5,0,0
237136,Appalachian Bible College,2015,0,0,0,0,1,0,0,0,0,0,20,22,0,0,0,0,0,0
237181,Bethany College,2015,1,0,0,1,42,4,7,6,0,0,66,36,3,2,29,17,6,0
237215,Bluefield State University,2015,0,0,0,1,9,4,1,2,0,0,101,140,2,4,0,2,1,0
237312,University of Charleston,2015,0,2,1,2,29,16,0,0,0,1,74,137,0,0,12,11,21,10
237330,Concord University,2015,2,1,0,3,22,7,2,1,3,2,168,231,0,0,1,0,5,4
237358,Davis & Elkins College,2015,0,0,1,0,15,3,0,0,0,0,41,85,0,0,27,31,6,1
237367,Fairmont State University,2015,0,2,1,3,37,16,12,9,0,0,297,391,15,11,6,3,5,1
237385,Glenville State University,2015,0,0,2,0,38,11,4,0,0,0,106,104,0,1,9,10,2,0
237525,Marshall University,2015,2,4,7,6,67,69,22,27,1,2,641,968,27,32,9,7,5,4
237686,West Virginia University at Parkersburg,2015,0,0,0,0,2,3,1,1,0,0,119,141,6,8,4,5,0,0
237701,Potomac State College of West Virginia University,2015,4,3,3,0,91,64,10,9,0,2,186,197,3,2,1,2,2,2
237783,Salem University,2015,0,1,2,1,28,21,13,13,0,1,30,28,1,2,7,8,6,1
237792,Shepherd University,2015,1,1,5,8,55,22,4,16,0,1,211,281,11,12,2,1,0,0
237899,West Virginia State University,2015,1,0,0,0,48,23,1,2,0,0,97,118,26,20,6,9,1,4
237932,West Liberty University,2015,0,1,1,0,6,3,1,0,0,0,82,183,1,2,61,61,0,2
237950,West Virginia University Institute of Technology,2015,1,2,1,0,23,6,8,3,0,0,105,69,9,4,0,2,24,6
237969,West Virginia Wesleyan College,2015,0,0,0,1,29,16,9,3,1,0,118,180,2,9,2,2,16,4
238032,West Virginia University,2015,4,2,25,33,114,81,88,86,3,2,2019,1914,86,89,11,7,166,39
238078,Wheeling University,2015,0,1,2,0,12,10,6,1,0,0,72,59,1,4,5,3,6,2
238193,Alverno College,2015,0,1,0,15,0,36,0,69,0,1,0,90,0,12,0,1,0,0
238324,Bellin College,2015,0,0,0,0,0,0,1,2,0,0,2,22,0,1,0,0,0,0
238333,Beloit College,2015,0,0,3,15,22,7,15,20,1,0,117,120,8,6,8,15,20,15
238458,Carroll University,2015,0,0,8,21,9,6,20,45,1,0,190,400,5,16,4,6,9,15
238476,Carthage College,2015,3,0,11,10,30,11,18,21,1,0,262,309,10,17,30,12,5,1
238616,Concordia University-Wisconsin,2015,1,0,4,12,9,6,6,3,1,0,196,332,17,12,6,2,11,4
238661,Edgewood College,2015,0,0,0,6,3,6,4,18,0,1,57,183,1,7,1,3,6,2
238980,Lakeland University,2015,5,2,2,5,32,11,8,9,0,0,79,45,0,0,5,2,0,1
239017,Lawrence University,2015,0,2,6,16,2,5,9,11,0,0,116,157,4,5,4,1,26,30
239071,Maranatha Baptist University,2015,0,0,1,1,2,0,2,6,0,0,76,82,3,2,1,0,0,1
239080,Marian University,2015,1,0,0,3,12,12,11,12,0,0,78,149,0,2,1,0,1,0
239105,Marquette University,2015,2,1,55,86,37,41,90,123,1,0,558,728,34,51,1,1,33,30
239309,Milwaukee Institute of Art & Design,2015,0,2,2,2,8,8,11,18,0,0,26,83,9,6,0,0,0,2
239318,Milwaukee School of Engineering,2015,2,1,21,6,1,6,19,10,0,0,259,89,9,4,41,10,14,2
239390,Mount Mary University,2015,0,0,0,15,0,36,0,25,0,0,0,50,0,11,0,4,0,5
239512,Northland College,2015,0,2,0,1,0,0,4,5,0,0,58,45,1,2,0,4,5,1
239628,Ripon College,2015,1,1,1,0,2,4,6,7,0,0,98,81,3,2,0,0,9,1
239716,Saint Norbert College,2015,3,3,5,5,4,4,11,18,0,0,239,283,4,8,2,4,6,2
240107,Viterbo University,2015,0,0,0,1,3,4,5,7,0,0,61,188,3,4,0,3,0,1
240189,University of Wisconsin-Whitewater,2015,2,2,18,14,40,30,78,78,1,0,860,760,135,141,0,1,8,11
240268,University of Wisconsin-Eau Claire,2015,1,0,20,47,24,5,26,38,0,1,700,1305,26,29,1,1,5,6
240277,University of Wisconsin-Green Bay,2015,3,2,9,12,12,4,16,24,0,1,198,436,5,20,0,0,9,9
240329,University of Wisconsin-La Crosse,2015,3,1,24,27,14,9,33,52,0,0,717,1123,34,23,0,1,4,3
240338,Wisconsin Lutheran College,2015,0,0,0,2,8,5,9,2,0,0,99,128,4,3,1,4,2,0
240365,University of Wisconsin-Oshkosh,2015,3,2,14,35,20,37,29,48,0,1,543,768,24,17,0,2,6,4
240374,University of Wisconsin-Parkside,2015,0,1,7,8,22,33,41,58,0,0,175,209,12,12,0,0,2,3
240392,Herzing University-Madison,2015,0,1,1,1,5,45,2,4,0,0,14,34,1,2,10,15,0,1
240417,University of Wisconsin-Stout,2015,3,0,32,33,21,17,23,14,0,0,732,627,19,17,0,0,14,2
240426,University of Wisconsin-Superior,2015,1,3,1,2,3,3,5,8,1,0,95,157,8,3,2,0,36,28
240444,University of Wisconsin-Madison,2015,8,5,142,197,58,69,129,166,5,2,2318,2428,95,128,5,3,264,236
240453,University of Wisconsin-Milwaukee,2015,2,5,122,105,87,127,191,197,1,4,984,1171,77,87,3,2,65,31
240462,University of Wisconsin-Platteville,2015,1,0,16,5,23,7,34,22,0,0,992,453,18,14,2,2,11,8
240471,University of Wisconsin-River Falls,2015,0,1,15,18,11,12,14,15,0,0,330,591,15,18,1,0,4,2
240480,University of Wisconsin-Stevens Point,2015,6,5,19,24,49,34,35,60,0,1,698,748,31,27,0,0,12,13
240727,University of Wyoming,2015,2,6,7,13,19,4,68,74,1,2,620,651,39,38,59,36,17,18
240736,American Samoa Community College,2015,0,0,1,1,0,0,0,0,85,158,0,1,0,0,0,0,6,12
240754,University of Guam,2015,1,0,110,139,3,0,2,0,86,118,6,5,0,0,7,8,4,1
240790,Northern Marianas College,2015,0,0,50,56,0,1,0,0,40,60,1,1,16,23,1,3,5,4
241100,American University of Puerto Rico,2015,0,0,0,0,0,0,65,43,0,0,0,0,0,0,0,0,0,0
241128,American University of Puerto Rico,2015,0,0,0,0,0,0,80,83,0,0,0,0,0,0,0,0,0,0
241191,Universidad Adventista de las Antillas,2015,0,0,0,0,0,1,66,144,0,0,1,0,0,0,0,0,1,3
241216,Atlantic University,2015,0,0,0,0,0,0,202,79,0,0,0,0,0,0,0,0,0,0
241225,Universidad Central de Bayamon,2015,0,0,0,0,0,0,66,92,0,0,0,0,0,0,0,0,0,0
241304,Columbia Central University-Caguas,2015,0,0,0,0,0,0,76,123,0,0,0,0,0,0,0,0,0,0
241331,Albizu University-San Juan,2015,0,0,0,0,0,0,7,30,0,0,1,1,0,0,5,6,0,0
241377,Caribbean University-Bayamon,2015,0,0,0,0,0,0,113,136,0,0,0,0,0,0,0,0,0,0
241386,Caribbean University-Carolina,2015,0,0,0,0,0,0,6,43,0,0,0,0,0,0,0,0,0,0
241395,Pontifical Catholic University of Puerto Rico-Arecibo,2015,0,0,0,0,0,0,24,41,0,0,0,0,0,0,0,0,0,0
241410,Pontifical Catholic University of Puerto Rico-Ponce,2015,0,0,0,0,0,1,395,553,0,0,1,1,0,0,0,3,0,1
241517,CEM College-San Juan,2015,0,0,0,0,0,0,47,86,0,0,0,0,0,0,0,0,0,0
241614,Universidad Teologica del Caribe,2015,0,0,0,0,0,0,17,13,0,0,0,0,0,0,0,0,0,0
241720,Colegio Universitario de San Juan,2015,0,0,0,0,0,0,107,101,0,0,0,0,0,0,0,0,0,0
241739,Universidad Ana G. Mendez-Cupey Campus,2015,0,0,0,0,0,0,745,1305,0,0,0,0,0,0,0,0,0,0
241766,Puerto Rico Conservatory of Music,2015,0,0,0,0,0,0,16,6,0,0,0,0,0,0,0,0,1,0
241836,EDP University of Puerto Rico Inc-San Sebastian,2015,0,0,0,0,0,0,69,97,0,0,0,0,0,0,0,0,0,0
241951,Escuela de Artes Plasticas y Diseno de Puerto Rico,2015,0,0,0,0,0,0,26,64,0,0,1,0,0,0,0,0,0,0
242112,Huertas College,2015,0,0,0,0,0,0,115,133,0,0,0,0,0,0,0,0,0,0
242121,Humacao Community College,2015,0,0,0,0,0,0,38,84,0,0,0,0,0,0,0,0,0,0
242617,Inter American University of Puerto Rico-San German,2015,0,2,0,0,1,4,433,455,0,0,0,0,0,0,0,0,0,0
242626,Inter American University of Puerto Rico-Aguadilla,2015,0,1,0,0,0,1,417,422,0,0,0,1,0,0,0,0,0,0
242635,Inter American University of Puerto Rico-Arecibo,2015,2,2,1,0,0,0,304,412,0,0,3,5,0,0,0,0,0,0
242644,Inter American University of Puerto Rico-Barranquitas,2015,0,0,0,0,0,0,211,297,0,0,0,0,0,0,0,0,0,0
242653,Inter American University of Puerto Rico-Metro,2015,1,2,0,0,1,3,284,374,1,0,0,5,0,0,0,0,0,0
242662,Inter American University of Puerto Rico-Ponce,2015,2,0,1,0,0,0,394,527,0,0,0,1,0,0,0,0,0,0
242680,Inter American University of Puerto Rico-Fajardo,2015,0,0,0,0,0,0,201,262,0,0,0,0,0,0,0,0,0,0
242699,Inter American University of Puerto Rico-Guayama,2015,1,0,0,0,0,0,92,163,0,0,0,0,0,0,0,0,0,0
242705,Inter American University of Puerto Rico-Bayamon,2015,4,6,0,0,3,2,497,422,2,1,7,6,0,0,0,0,0,0
242972,NUC University,2015,0,0,0,0,0,0,135,279,0,0,0,0,0,0,0,0,0,0
243106,University of Puerto Rico-Aguadilla,2015,2,2,1,0,0,0,326,425,0,0,2,6,1,6,0,0,0,0
243115,University of Puerto Rico-Arecibo,2015,0,0,0,0,0,0,398,546,0,0,0,0,0,0,0,0,0,0
243133,University of Puerto Rico-Bayamon,2015,0,0,0,0,0,0,592,562,0,0,0,0,0,0,0,0,0,0
243142,University of Puerto Rico-Carolina,2015,0,0,0,0,2,1,348,543,0,0,3,13,2,6,0,0,0,0
243151,University of Puerto Rico at Cayey,2015,0,0,0,0,0,0,279,547,0,0,0,0,0,0,0,0,0,0
243179,University of Puerto Rico-Humacao,2015,0,2,0,0,0,0,321,588,0,0,2,9,3,5,33,20,0,0
243188,University of Puerto Rico-Utuado,2015,0,0,0,0,0,0,250,282,0,0,7,4,1,5,8,7,0,0
243197,University of Puerto Rico-Mayaguez,2015,0,0,0,0,0,0,1194,1033,0,0,0,0,0,0,72,69,0,0
243212,University of Puerto Rico at Ponce,2015,0,0,0,0,0,0,399,528,0,0,0,0,0,0,0,0,0,0
243221,University of Puerto Rico-Rio Piedras,2015,2,4,1,0,0,2,935,1582,0,0,15,25,3,16,46,61,0,0
243346,Universidad Ana G. Mendez-Carolina Campus,2015,0,0,0,0,0,0,798,1044,0,0,0,0,0,0,0,0,0,0
243443,Universidad del Sagrado Corazon,2015,0,0,0,0,0,0,213,374,0,0,0,0,0,0,0,0,0,0
243568,Universidad Central Del Caribe,2015,0,0,0,0,0,0,3,20,0,0,0,0,0,0,0,0,0,0
243577,Universidad Politecnica de Puerto Rico,2015,0,0,0,0,0,0,267,55,0,0,0,1,0,0,0,0,0,0
243586,Pontifical Catholic University of Puerto Rico-Mayaguez,2015,0,0,0,0,0,0,79,126,0,0,0,0,0,0,0,0,0,0
243601,Universidad Ana G. Mendez-Gurabo Campus,2015,0,0,0,0,0,0,1026,1198,0,0,0,0,0,0,0,0,0,0
243638,College of Micronesia-FSM,2015,0,0,0,0,0,0,0,0,226,270,0,0,0,0,0,0,0,0
243665,University of the Virgin Islands,2015,0,1,2,1,97,190,14,20,0,0,3,7,0,1,10,8,3,5
243744,Stanford University,2015,3,4,189,196,48,59,117,113,5,1,323,302,78,98,4,2,100,77
243780,Purdue University-Main Campus,2015,6,2,361,193,96,99,171,136,5,3,2473,1955,94,85,157,85,683,379
243823,Parker University,2015,0,0,0,0,0,1,0,0,0,0,0,1,0,1,1,1,0,0
243832,EDP University of Puerto Rico Inc-San Juan,2015,0,0,0,0,0,0,43,73,0,0,0,0,0,0,0,0,0,0
244233,City College-Hollywood,2015,0,1,0,0,3,12,2,6,0,0,1,1,0,1,0,0,0,0
245652,St. John's College,2015,0,0,1,2,0,0,7,2,0,0,22,15,1,2,1,1,7,15
245953,Mid-America Christian University,2015,2,3,1,0,11,21,9,12,1,0,41,42,2,4,1,4,0,0
247065,Beckfield College-Florence,2015,0,0,1,0,0,3,0,0,0,0,3,21,0,0,0,0,0,0
247649,Landmark College,2015,0,0,2,0,2,2,2,0,0,0,42,22,1,0,10,5,1,1
247773,Yeshiva Gedolah of Greater Detroit,2015,0,0,0,0,0,0,0,0,0,0,14,0,0,0,0,0,0,0
248934,ECPI University,2015,10,10,8,15,259,349,57,85,0,4,303,272,15,28,6,10,0,0
251312,South University-Columbia,2015,0,0,0,0,4,8,1,2,0,0,2,6,0,0,0,0,0,0
260789,Platt College-Los Angeles,2015,0,0,4,6,0,1,16,47,0,0,1,20,0,3,0,2,0,0
260813,Platt College-Aurora,2015,0,0,0,1,0,0,0,0,0,0,1,0,0,0,0,0,0,0
262086,University of Massachusetts Global,2015,0,0,0,0,0,1,2,3,0,1,1,3,0,0,0,1,0,0
262129,New College of Florida,2015,0,0,4,6,2,3,11,24,0,0,71,122,2,5,5,1,1,4
363907,Caribbean University-Ponce,2015,0,0,0,0,0,0,47,22,0,0,0,0,0,0,0,0,0,0
363916,Caribbean University-Vega Baja,2015,0,0,0,0,0,0,27,19,0,0,0,0,0,0,0,0,0,0
363934,University of Advancing Technology,2015,1,0,1,0,12,3,16,2,0,0,40,5,6,3,15,4,0,0
366003,South Florida Bible College and Theological Seminary,2015,0,0,0,0,0,0,0,0,0,0,0,0,0,0,1,1,2,2
366252,Pennsylvania College of Technology,2015,1,0,4,0,30,12,29,14,1,0,735,283,15,3,9,5,4,0
366340,Stone Child College,2015,16,22,0,0,0,0,0,0,0,0,0,2,0,0,0,0,0,0
366711,California State University-San Marcos,2015,1,4,111,144,30,35,337,726,1,2,212,289,51,76,32,38,17,17
367884,Hodges University,2015,0,0,2,1,7,9,19,40,1,0,21,19,1,0,0,2,0,0
368452,Nossi College of Art and Design,2015,1,0,0,0,6,4,2,3,0,0,13,28,0,0,0,0,0,0
369516,Bryan University,2015,0,1,0,0,8,6,0,0,0,0,7,16,1,0,0,0,0,0
372073,Fremont University,2015,0,0,2,5,4,8,9,10,0,0,1,2,1,1,4,0,0,0
375230,Yeshiva Gedolah Imrei Yosef D'spinka,2015,0,0,0,0,0,0,0,0,0,0,10,0,0,0,0,0,0,0
376224,CEM College-Humacao,2015,0,0,0,0,0,0,34,77,0,0,0,0,0,0,0,0,0,0
376385,Universal Technology College of Puerto Rico,2015,0,0,0,0,0,0,94,130,0,0,0,0,0,0,0,0,0,0
376695,College of the Marshall Islands,2015,0,0,0,0,0,0,0,0,145,128,0,0,0,0,0,0,0,0
377546,Northwest College of Art & Design,2015,1,1,1,0,0,0,1,1,0,0,4,20,0,0,0,0,0,0
377555,University of Washington-Bothell Campus,2015,2,1,113,93,24,29,58,48,0,5,131,109,16,27,4,3,6,8
377564,University of Washington-Tacoma Campus,2015,2,1,44,62,16,27,28,54,4,5,63,90,16,28,0,3,3,1
377661,Valley College-Martinsburg,2015,0,0,0,0,1,2,0,1,0,0,9,18,0,1,0,0,0,0
380359,Bay Mills Community College,2015,11,19,1,1,0,1,0,0,0,0,10,14,0,0,0,0,0,0
380377,Northwest Indian College,2015,20,52,0,0,1,1,2,0,0,0,1,0,3,1,0,0,0,0
380438,Provo College,2015,0,0,0,0,1,2,0,7,0,0,10,28,1,0,2,2,0,0
384254,Beacon College,2015,0,0,2,0,4,4,4,2,0,0,25,15,1,0,0,0,2,1
384412,University of the Potomac-Washington DC Campus,2015,0,1,0,0,4,12,0,0,0,0,2,0,2,1,1,0,0,1
384421,Rabbi Jacob Joseph School,2015,0,0,0,0,0,0,0,0,0,0,25,0,0,0,0,0,0,0
385619,Everglades University,2015,3,2,5,2,50,60,48,52,0,2,177,185,7,7,6,6,0,0
386472,Herzing University-Orlando,2015,0,0,0,0,1,1,0,3,0,0,0,1,0,0,1,0,0,0
388520,College of Biblical Studies-Houston,2015,0,0,0,0,1,0,1,0,0,1,2,0,0,0,0,0,0,0
392257,The College of Health Care Professions-Northwest,2015,1,2,3,8,34,333,45,389,0,2,10,208,3,20,4,13,0,0
399869,Southern California Institute of Technology,2015,0,0,27,1,10,0,70,0,4,0,38,1,2,0,4,0,0,0
399911,Soka University of America,2015,0,0,5,13,2,1,1,17,0,0,7,17,1,9,1,2,24,27
401223,World Mission University,2015,0,0,1,0,0,0,0,0,0,0,0,0,0,0,0,0,0,1
404338,Schiller International University,2015,0,0,1,1,0,1,0,0,0,0,2,0,0,0,1,0,2,0
405854,Rabbinical College of Ohr Shimon Yisroel,2015,0,0,0,0,0,0,0,0,0,0,48,0,0,0,0,0,0,0
406033,Galen College of Nursing-San Antonio,2015,0,0,1,3,2,8,5,29,0,0,8,35,0,3,0,3,0,0
408844,Florida National University-Main Campus,2015,1,0,1,0,13,8,97,228,0,0,4,1,0,1,0,0,16,2
409315,South Texas College,2015,1,1,3,4,1,0,1201,1269,0,0,34,27,1,1,11,14,0,0
409698,California State University-Monterey Bay,2015,1,1,18,32,39,54,131,325,2,1,107,170,19,71,16,26,13,23
413413,Capella University,2015,0,0,0,0,0,0,0,0,0,0,2,1,0,0,1,0,0,0
413617,College of Menominee Nation,2015,10,15,0,0,0,1,0,1,1,0,6,4,0,0,1,0,0,0
414595,Pacific College of Health and Science,2015,0,0,0,0,0,1,0,4,0,0,0,0,1,0,0,0,0,0
414878,Trine University-Regional/Non-Traditional Campuses,2015,0,0,0,0,0,0,0,0,0,0,1,1,0,0,0,0,0,0
417734,Southeast Missouri Hospital College of Nursing and Health Sciences,2015,0,0,0,0,0,0,0,0,0,0,0,1,0,0,0,0,0,0
417752,Messenger College,2015,0,0,0,0,0,0,2,1,0,0,6,3,0,0,1,0,0,0
418126,New York College of Health Professions,2015,0,0,1,0,3,1,2,6,0,0,3,2,0,0,0,0,0,0
420024,Centura College-Chesapeake,2015,0,0,0,0,3,19,0,2,0,0,1,4,3,3,0,1,0,0
420042,University of Phoenix-Hawaii,2015,0,0,1,0,0,0,0,0,0,0,0,0,0,0,0,3,0,0
420325,Yeshiva D'monsey Rabbinical College,2015,0,0,0,0,0,0,0,0,0,0,4,0,0,0,0,0,0,0
421878,Eastern International College-Jersey City,2015,0,0,0,2,1,8,1,29,0,0,1,14,0,0,0,0,0,0
422695,Pacific College,2015,0,0,1,1,0,1,3,16,0,0,0,0,0,1,0,0,0,0
426314,Embry-Riddle Aeronautical University-Worldwide,2015,0,0,0,0,7,1,2,0,0,0,44,3,3,0,13,1,1,0
430184,Strayer University-Maryland,2015,0,0,1,0,15,8,2,4,0,0,6,1,0,1,1,2,2,1
430670,San Juan Bautista School of Medicine,2015,0,0,0,0,0,0,3,5,0,0,0,0,0,0,0,0,0,0
432384,Platt College-Ontario,2015,0,1,1,0,3,2,4,30,1,0,2,9,1,0,0,0,0,0
433004,American University of Health Sciences,2015,0,0,0,0,0,0,0,0,0,0,0,0,0,1,0,0,0,0
433174,Carolinas College of Health Sciences,2015,0,0,0,0,1,0,0,0,0,0,2,1,0,0,0,0,0,0
433387,Western Governors University,2015,0,1,3,0,5,2,7,4,0,0,60,60,2,2,0,3,0,0
433420,California Aeronautical University,2015,0,0,0,0,1,0,3,7,0,0,4,0,0,0,0,2,0,0
433536,Herzing University-New Orleans,2015,0,0,0,0,4,14,0,2,1,0,0,7,2,0,2,0,0,0
433660,Florida Gulf Coast University,2015,4,3,17,20,53,87,210,263,0,3,809,993,31,55,17,12,16,20
434900,Dewey University-Carolina,2015,0,0,0,0,0,0,26,102,0,0,0,0,0,0,0,0,0,0
434937,Yeshiva College of the Nations Capital,2015,0,0,0,0,0,0,0,0,0,0,7,0,0,0,0,0,0,0
436429,Los Angeles Film School,2015,1,0,7,2,65,18,60,22,1,0,60,14,31,9,136,28,31,11
436614,International Baptist College and Seminary,2015,0,0,0,0,0,0,0,0,0,0,1,0,0,0,0,0,2,0
437097,University of Management and Technology,2015,0,0,0,0,0,0,0,1,0,0,0,0,0,0,0,0,0,0
438586,American InterContinental University-Atlanta,2015,1,0,0,1,9,8,0,0,0,0,2,3,0,0,0,0,0,0
439190,Cascadia College,2015,1,0,12,16,5,2,13,14,0,0,68,64,11,13,16,12,0,0
439701,The King's University,2015,0,0,1,0,0,0,2,1,0,0,6,14,2,0,0,0,0,0
439862,Pacific Islands University,2015,0,0,0,0,0,0,0,0,1,3,0,0,0,0,0,0,0,0
439871,PCI College,2015,0,0,0,0,0,0,2,4,0,0,1,0,0,0,0,0,0,0
440396,New Saint Andrews College,2015,0,0,0,0,0,0,0,0,0,0,6,9,0,0,8,14,5,0
440651,Atenas College,2015,0,0,0,0,0,0,56,140,0,0,0,0,0,0,0,0,0,0
440794,Pillar College,2015,0,0,0,1,4,5,7,18,0,0,3,1,0,0,1,0,0,0
441229,Smith Chason College,2015,0,0,3,4,7,17,15,50,0,0,16,53,0,0,0,0,0,0
441690,Universidad Pentecostal Mizpa,2015,0,0,0,0,0,0,6,4,0,0,0,0,0,0,0,0,0,0
441900,Nevada State University,2015,0,0,9,11,2,11,28,75,0,3,19,48,6,13,3,14,0,0
441937,California State University-Channel Islands,2015,0,1,19,35,6,19,123,385,0,0,78,123,19,34,13,16,0,0
441982,Franklin W Olin College of Engineering,2015,0,0,7,5,0,0,2,2,0,0,16,23,5,1,4,5,4,2
442356,Saint Joseph's University - Lancaster,2015,0,0,0,5,0,4,0,7,0,0,8,70,0,1,0,5,0,0
442426,St Louis College of Health Careers-Fenton,2015,0,0,0,0,1,8,0,1,0,0,0,6,0,1,0,1,0,0
442569,University of Arkansas Grantham,2015,0,2,3,0,194,457,12,11,2,1,57,54,6,4,257,477,0,0
442639,University of the Potomac-VA Campus,2015,0,0,2,0,0,1,0,0,0,0,1,1,0,0,0,0,2,0
442930,University of Antelope Valley,2015,0,0,0,0,5,4,7,21,0,2,5,6,0,0,0,0,0,0
443049,Faith International University,2015,0,0,0,4,1,2,0,0,0,0,0,0,0,0,0,0,0,0
443331,West Coast University-Los Angeles,2015,0,0,1,3,0,0,0,1,0,0,0,1,0,0,0,0,0,0
443340,Williamson Christian College,2015,0,0,0,1,0,0,0,0,0,0,1,0,0,0,0,0,0,0
443410,DigiPen Institute of Technology,2015,0,1,3,2,0,1,8,0,0,0,55,22,4,3,57,19,13,6
443562,Dewey University-Hato Rey,2015,0,0,0,0,0,0,59,121,0,0,0,0,0,0,0,0,0,0
443599,American College of Healthcare Sciences,2015,0,0,0,0,0,0,0,0,0,0,0,1,0,0,0,0,0,0
443766,Strayer University-Tennessee,2015,0,0,0,0,2,4,1,0,0,0,3,2,0,0,0,0,1,0
443784,Strayer University-Pennsylvania,2015,0,0,0,0,4,4,3,2,0,0,1,1,0,0,1,0,0,0
444088,Brookline College-Albuquerque,2015,4,1,0,0,1,1,9,23,0,0,5,5,0,1,0,0,0,0
444398,Baptist University of the Americas,2015,0,0,0,0,1,0,9,5,0,0,1,1,0,0,0,0,0,0
444413,Beis Medrash Heichal Dovid,2015,0,0,0,0,0,0,0,0,0,0,43,0,0,0,0,0,0,0
444778,Charlotte Christian College and Theological Seminary,2015,0,0,0,0,3,0,0,0,0,0,0,0,0,0,0,0,0,0
444787,Nightingale College,2015,0,0,0,0,1,0,0,4,0,0,4,20,0,0,0,3,0,0
445027,American InterContinental University System,2015,4,2,0,0,79,97,8,14,2,5,77,148,8,13,19,57,0,0
445133,American InterContinental University-Houston,2015,0,0,0,0,3,6,1,2,0,0,0,1,0,0,10,15,0,0
445188,University of California-Merced,2015,1,1,191,174,19,42,413,548,11,7,119,63,35,23,8,1,46,80
445267,Central Methodist University-College of Graduate and Extended Studies,2015,0,0,0,0,0,0,1,0,0,0,1,1,0,0,0,0,0,0
445692,Neumont College of Computer Science,2015,1,1,6,0,5,4,13,3,0,0,71,7,6,2,43,7,0,0
445708,Johnson & Wales University-Charlotte,2015,0,0,0,1,89,229,18,29,0,0,82,172,21,42,5,6,2,4
446048,Ave Maria University,2015,1,1,2,5,15,5,24,22,0,0,92,98,0,0,11,24,3,0
446233,Ecclesia College,2015,0,2,0,1,3,2,5,3,1,0,48,22,1,1,0,0,0,1
446385,Los Angeles College of Music,2015,0,0,5,0,0,1,14,1,0,0,15,10,1,2,2,0,18,5
446525,SAE Institute of Technology-Nashville,2015,0,0,0,0,15,3,1,1,0,0,30,7,2,0,0,1,0,0
446561,Stanbridge University,2015,0,0,5,8,0,4,3,33,0,2,2,28,0,0,6,27,0,0
446604,Uta Mesivta of Kiryas Joel,2015,0,0,0,0,0,0,5,0,0,0,290,0,0,0,0,0,0,0
446640,Harrisburg University of Science and Technology,2015,0,1,4,2,28,28,6,13,0,0,15,10,4,5,1,0,0,0
447050,United States University,2015,0,0,0,0,2,1,2,2,0,0,0,0,0,1,1,3,1,0
447263,Joyce University of Nursing and Health Sciences,2015,0,0,0,0,0,0,2,2,0,0,6,13,0,1,0,1,0,0
447421,Eagle Gate College-Layton,2015,0,0,0,2,1,0,0,3,0,0,6,11,0,1,1,3,0,0
447689,Georgia Gwinnett College,2015,2,1,83,88,309,495,148,245,2,1,288,299,39,41,7,3,10,16
447953,SUM Bible College and Theological Seminary,2015,0,0,2,1,5,1,17,10,0,0,31,17,1,0,3,2,0,0
449038,Strayer University-Florida,2015,0,0,1,0,8,2,3,4,0,0,8,0,0,0,2,0,1,0
449135,Dewey University-Juana Díaz,2015,0,0,0,0,0,0,16,50,0,0,0,0,0,0,0,0,0,0
449339,American Public University System,2015,0,0,1,1,19,12,5,8,1,0,27,42,0,1,13,6,0,1
449384,Gnomon,2015,0,0,1,0,0,0,1,0,0,0,2,0,0,0,0,0,0,1
449658,Bais Medrash Toras Chesed,2015,0,0,0,0,0,0,0,0,0,0,28,0,0,0,0,0,0,0
449764,Visible Music College,2015,0,0,0,0,2,4,3,0,0,1,5,1,0,0,0,0,1,0
449870,University of the West,2015,0,0,0,0,0,0,1,3,0,0,0,1,0,0,0,0,1,0
449898,South University-Tampa,2015,0,0,0,0,3,4,0,4,0,0,2,1,0,0,0,0,1,0
450298,Strayer University-Delaware,2015,0,0,0,0,0,1,0,0,0,0,0,1,1,0,0,0,0,0
450377,Strayer University-Alabama,2015,0,0,0,0,1,0,0,0,0,0,0,0,0,0,0,0,0,0
450571,Rasmussen University-Wisconsin,2015,1,0,0,0,2,0,0,0,0,1,3,13,0,1,0,3,0,0
450933,Columbia Southern University,2015,2,1,1,1,37,39,13,3,1,2,87,62,5,4,4,1,0,0
451103,Miami Regional University,2015,0,0,0,1,1,10,104,230,0,0,1,0,0,0,0,2,0,0
451370,Yeshivas Be'er Yitzchok,2015,0,0,0,0,0,0,0,0,0,0,9,0,0,0,0,0,0,0
451398,Yeshiva Toras Chaim,2015,0,0,0,0,0,0,0,0,0,0,57,0,0,0,0,0,2,0
451404,Talmudical Seminary of Bobov,2015,0,0,0,0,0,0,0,0,0,0,79,0,0,0,0,0,0,0
451556,Southwest University at El Paso,2015,0,0,0,0,0,2,60,105,0,0,0,3,0,0,0,0,0,0
451750,Bryant & Stratton College-Wauwatosa,2015,0,0,0,2,2,3,0,3,0,0,0,5,2,1,0,0,0,0
451866,Remington College-Shreveport Campus,2015,0,0,0,0,9,39,0,2,0,0,2,15,1,3,0,0,0,0
453163,Strayer University-North Carolina,2015,0,0,0,0,6,9,1,1,0,0,3,2,1,2,0,0,0,0
453215,Strayer University-New Jersey,2015,0,0,0,0,4,2,0,0,0,0,0,1,0,0,0,0,0,0
454227,Chamberlain University-Illinois,2015,0,0,0,6,0,1,0,1,0,0,1,5,0,0,1,0,0,0
454236,Chamberlain University-Ohio,2015,0,0,0,1,1,3,0,0,0,0,0,13,0,1,0,1,0,0
454245,Chamberlain University-Arizona,2015,0,0,0,0,0,0,0,0,0,0,0,3,0,0,0,0,0,0
454786,Laurus College,2015,0,1,1,0,2,2,6,8,0,0,5,6,0,0,3,4,0,1
455257,Yeshiva of Machzikai Hadas,2015,0,0,0,0,0,0,0,0,0,0,85,0,0,0,0,0,0,0
455770,Providence Christian College,2015,0,1,0,1,1,4,5,10,0,2,14,15,0,2,0,0,3,2
456481,Polytechnic University of Puerto Rico-Miami,2015,0,0,0,0,0,0,1,0,0,0,0,0,0,0,0,0,0,0
456490,Polytechnic University of Puerto Rico-Orlando,2015,0,0,0,0,0,0,1,1,0,0,0,0,0,0,0,0,0,0
456621,Strayer University-West Virginia,2015,0,0,0,0,1,0,0,0,0,0,2,0,0,0,0,0,0,0
456959,University of Minnesota-Rochester,2015,0,0,2,9,1,4,1,5,0,0,17,46,1,1,0,0,1,0
457129,Chamberlain University-Florida,2015,0,0,0,0,0,1,0,1,0,0,0,2,0,0,0,0,0,0
457226,Horizon University,2015,0,0,0,0,0,0,1,0,0,0,0,0,0,0,0,0,0,0
457299,Angeles College,2015,0,0,19,58,1,1,1,6,0,0,0,2,1,0,0,0,0,0
457484,Pacific Rim Christian University,2015,0,0,1,1,0,1,0,0,0,0,2,1,0,4,0,0,0,1
458113,Ascent College,2015,0,0,0,0,1,0,0,0,0,0,1,0,0,0,0,0,0,0
458210,West Coast University-Orange County,2015,0,1,3,6,0,0,2,3,0,0,1,2,0,0,0,0,0,0
458229,West Coast University-Ontario,2015,0,0,1,1,0,1,0,0,0,0,1,3,0,2,1,0,0,0
458919,Strayer University-Georgia,2015,0,0,0,0,21,14,5,0,1,1,7,7,0,1,2,1,0,0
458955,Strayer University-Mississippi,2015,0,0,0,0,1,0,0,0,0,0,0,0,0,0,0,0,0,0
458964,Strayer University-South Carolina,2015,0,1,0,0,1,9,2,1,0,0,2,4,0,0,1,0,0,0
458973,Strayer University-Texas,2015,0,0,0,0,7,6,2,1,0,0,4,1,0,0,0,0,1,0
459204,Unitek College,2015,1,3,45,144,7,28,14,63,4,9,10,46,6,30,57,214,6,6
459213,Gurnick Academy of Medical Arts,2015,1,3,6,30,0,2,2,30,2,3,2,18,4,2,1,0,0,0
459259,South University-Richmond,2015,0,1,0,0,3,6,0,0,0,0,1,3,0,0,0,1,0,0
459268,South University-Virginia Beach,2015,0,0,0,0,1,1,0,0,0,0,1,2,0,0,0,0,0,0
459727,Touro University Worldwide,2015,0,0,0,0,0,1,0,0,0,0,1,11,0,0,0,0,1,0
459842,Herzing University-Kenosha,2015,0,0,0,1,3,4,2,1,1,0,5,9,0,0,0,0,0,0
459851,Herzing University-Brookfield,2015,0,0,0,0,1,4,1,2,0,0,1,8,0,0,1,0,0,0
459994,Strayer University-Global Region,2015,0,0,0,1,4,6,0,0,0,0,6,7,2,0,1,1,0,0
460349,Johnson & Wales University-Online,2015,0,0,0,0,0,0,0,0,0,0,1,0,0,0,0,0,0,0
460871,Chamberlain University-Virginia,2015,0,0,0,0,1,1,0,0,0,0,0,2,0,0,0,0,0,0
461023,National Paralegal College,2015,0,1,0,0,1,4,0,3,0,2,1,36,0,0,3,13,0,0
461032,Carolina College of Biblical Studies,2015,0,0,0,0,1,1,0,0,0,0,1,0,0,0,0,0,0,0
461148,New York Film Academy,2015,6,4,36,32,23,15,10,16,2,1,80,54,0,0,0,0,0,0
461528,Manna University,2015,0,1,0,0,0,5,1,1,0,0,11,7,0,1,0,0,0,0
461759,Simmons College of Kentucky,2015,0,0,0,0,20,10,0,0,0,0,1,0,0,0,0,0,0,0
461795,North American University,2015,0,0,2,1,14,3,32,18,0,0,5,2,0,1,0,0,23,10
461847,Keser Torah-Mayan Hatalmud,2015,0,0,0,0,0,0,0,0,0,0,2,0,0,0,0,0,0,0
461883,Millennia Atlantic University,2015,0,0,0,0,0,0,0,1,0,0,0,0,0,0,0,0,4,4
462354,John Paul the Great Catholic University,2015,0,0,0,2,1,0,10,7,1,0,16,15,1,2,4,4,0,0
466921,Chamberlain University-Missouri,2015,0,0,0,0,0,0,0,0,0,0,2,2,0,0,0,0,0,0
466930,Chamberlain University-Texas,2015,0,0,0,0,0,0,0,0,0,0,0,3,0,0,0,0,0,0
469416,Dewey University-Manati,2015,0,0,0,0,0,0,34,117,0,0,0,0,0,0,0,0,0,0
474863,Los Angeles Pacific University,2015,0,0,0,1,0,4,3,5,0,0,2,9,0,0,1,0,0,0
475121,South University-Savannah Online,2015,0,3,2,5,54,156,13,47,2,2,56,164,0,0,31,15,0,2
475608,Criswell College,2015,0,0,0,0,0,0,0,0,0,0,5,2,0,0,0,0,0,0
475732,Chamberlain University-Georgia,2015,0,0,0,1,0,1,0,1,0,0,0,1,0,0,0,1,0,0
475741,Chamberlain University-Indiana,2015,0,0,0,0,0,0,0,1,0,0,0,0,0,0,0,0,0,0
476601,Bais HaMedrash and Mesivta of Baltimore,2015,0,0,0,0,0,0,0,0,0,0,21,0,0,0,0,0,1,0
476692,Yeshiva Gedolah Zichron Leyma,2015,0,0,0,0,0,0,0,0,0,0,6,0,0,0,0,0,1,0
476717,Be'er Yaakov Talmudic Seminary,2015,0,0,0,0,0,0,0,0,0,0,149,0,0,0,0,0,2,0
480073,South University-Austin,2015,0,0,0,0,0,1,0,5,0,0,1,1,0,0,0,0,0,0
480091,Bryant & Stratton College-Online,2015,2,1,1,1,13,40,2,10,0,0,15,89,2,8,1,0,0,0
480198,Warner Pacific University Professional and Graduate Studies,2015,0,0,0,0,2,2,0,2,0,0,1,4,0,0,2,0,0,0
480204,Platt College-Riverside,2015,0,0,0,0,1,7,7,28,0,0,2,16,0,0,0,0,0,0
480657,Rasmussen University-Kansas,2015,0,1,0,0,0,0,0,0,0,0,0,3,0,0,0,0,0,0
480781,California Miramar University,2015,0,0,0,0,0,0,0,0,0,0,0,1,0,0,2,1,0,1
480985,Midwives College of Utah,2015,0,0,0,0,0,2,0,1,0,0,0,6,0,0,0,0,0,0
481058,Grace Mission University,2015,0,0,0,3,0,0,0,0,0,0,0,0,0,0,0,0,2,4
481225,Mid-South Christian College,2015,0,0,0,0,0,1,0,0,0,0,0,0,0,0,0,0,0,0
481401,Grace School of Theology,2015,0,0,0,0,1,0,0,0,0,0,0,0,0,0,0,0,0,0
481410,Yeshiva Gedolah Kesser Torah,2015,0,0,0,0,0,0,0,0,0,0,21,0,0,0,0,0,0,0
481438,Yeshiva Yesodei Hatorah,2015,0,0,0,0,0,0,0,0,0,0,17,0,0,0,0,0,0,0
482149,Augusta University,2015,1,0,29,42,46,137,23,35,1,1,148,248,18,31,3,4,5,7
482158,Middle Georgia State University,2015,0,0,23,7,269,426,22,27,2,0,278,310,22,29,0,0,11,9
482228,Veritas Baptist College,2015,0,0,0,1,1,0,0,0,0,0,3,1,0,0,0,0,0,0
482413,DeVry College of New York,2015,0,0,3,2,7,9,3,2,1,0,5,2,0,0,0,0,2,0
482422,DeVry University-Arizona,2015,0,0,0,0,2,2,14,11,0,0,13,2,0,0,0,0,0,0
482431,DeVry University-California,2015,1,0,10,1,6,2,35,28,3,0,12,9,1,2,4,8,1,3
482459,DeVry University-Florida,2015,0,0,0,0,0,2,3,3,0,0,2,5,0,0,1,0,1,0
482468,DeVry University-Georgia,2015,0,0,0,1,6,9,0,1,0,1,5,4,0,0,3,3,0,1
482477,DeVry University-Illinois,2015,0,2,6,7,14,25,23,20,0,1,49,98,2,2,14,17,3,3
482547,DeVry University-Nevada,2015,0,0,0,0,0,0,0,0,0,0,0,0,1,0,0,0,0,0
482556,DeVry University-New Jersey,2015,0,0,2,1,4,4,19,4,0,0,21,1,0,0,3,2,0,0
482565,DeVry University-North Carolina,2015,0,0,0,0,0,1,1,0,0,0,1,0,0,0,0,0,0,0
482574,DeVry University-Ohio,2015,0,0,0,0,11,2,2,0,0,0,20,10,0,0,1,0,0,0
482635,DeVry University-Texas,2015,0,0,1,0,2,0,2,2,1,0,2,0,0,0,0,0,0,0
482653,DeVry University-Virginia,2015,0,0,0,0,0,0,0,0,0,0,0,0,0,0,1,0,0,0
482680,University of North Georgia,2015,4,4,60,44,80,69,180,221,3,2,1183,1500,39,46,24,20,25,18
482699,South Georgia State College,2015,2,1,3,3,162,221,24,42,0,0,171,245,7,11,7,9,1,1
482936,Florida Polytechnic University,2015,1,0,16,3,16,3,65,16,2,0,227,31,5,0,4,1,2,0
483018,Antioch College,2015,0,3,0,2,1,3,1,7,0,0,11,24,1,2,0,1,0,0
483124,Arizona State University Digital Immersion,2015,9,14,36,26,64,66,144,175,3,3,301,313,28,43,11,6,5,3
484473,University of Florida-Online,2015,1,0,6,12,11,8,18,38,0,1,49,83,5,8,3,2,1,0
484613,University of Phoenix-Arizona,2015,0,1,6,11,202,632,66,192,3,8,191,618,10,35,1323,3547,25,36
484631,University of Phoenix-California,2015,0,0,1,1,1,3,1,5,0,0,1,3,0,0,17,26,0,2
484710,University of Phoenix-Nevada,2015,0,0,0,1,0,0,0,0,0,0,0,0,0,0,1,7,0,0
484756,University of Phoenix-Texas,2015,0,0,0,0,2,3,0,2,0,0,0,2,0,0,3,15,1,0
484871,Rabbinical College Ohr Yisroel,2015,0,0,0,0,0,0,0,0,0,0,26,0,0,0,0,0,0,0
484905,University of North Texas at Dallas,2015,0,0,1,3,15,22,49,104,0,1,2,9,1,1,0,3,0,3
485111,Georgia Military College,2015,19,9,17,12,319,395,51,71,0,0,333,352,12,10,26,21,1,1
485272,West Coast University-Miami,2015,0,0,0,0,0,0,0,2,0,0,0,1,0,0,0,0,0,0
485546,California Intercontinental University,2015,0,0,0,0,0,0,0,0,0,0,0,2,0,0,0,0,0,0
485768,Atlantis University,2015,0,0,25,6,3,1,15,5,0,0,2,3,0,0,0,0,30,10
485999,Bet Medrash Gadol Ateret Torah,2015,0,0,0,0,0,0,0,0,0,0,23,0,0,0,0,0,0,0
486017,Yeshiva Ohr Yisrael,2015,0,0,0,0,0,0,0,0,0,0,1,0,0,0,0,0,0,0
486026,Yeshiva Sholom Shachna,2015,0,0,0,0,0,0,0,0,0,0,28,0,0,0,0,0,0,0
486053,Bethlehem College & Seminary,2015,0,1,0,1,0,0,0,0,0,0,11,10,0,0,0,0,0,0
486196,Beth Medrash Meor Yitzchok,2015,0,0,0,0,0,0,0,0,0,0,52,0,0,0,0,0,0,0
486239,San Ignacio University,2015,0,0,0,0,0,0,19,22,0,0,0,0,0,0,0,0,1,0
486284,Bethany Global University,2015,0,0,0,0,0,1,0,1,0,0,9,33,0,0,3,4,0,1
486354,United International College,2015,0,0,0,0,0,0,1,0,0,0,0,0,0,0,0,0,1,3
486488,California Jazz Conservatory,2015,0,0,0,0,0,0,0,0,0,0,1,0,0,0,0,0,0,0
486840,Kennesaw State University,2015,6,9,122,94,428,470,221,219,4,2,1558,1423,105,101,37,44,24,20
486901,Milligan University,2015,0,1,0,4,5,4,3,10,0,0,71,83,0,2,0,0,2,2
486938,Chamberlain University-Nevada,2015,0,0,0,1,0,0,0,0,0,0,0,0,0,1,0,0,0,0
486956,Chamberlain University-New Jersey,2015,0,0,0,0,0,0,0,0,0,0,0,1,0,0,0,0,0,0
487524,Husson University,2015,2,2,3,5,19,5,3,3,0,2,216,241,4,3,8,3,3,2
487603,Northwest University-Center for Online and Extended Education,2015,0,0,0,0,1,2,7,3,0,0,19,20,2,2,15,4,0,0