unitid,institution name,year,EF2013A_RV.American Indian or Alaska Native men,EF2013A_RV.American Indian or Alaska Native women,EF2013A_RV.Asian men,EF2013A_RV.Asian women,EF2013A_RV.Black or African American men,EF2013A_RV.Black or African American women,EF2013A_RV.Hispanic men,EF2013A_RV.Hispanic women,EF2013A_RV.Native Hawaiian or Other Pacific Islander men,EF2013A_RV.Native Hawaiian or Other Pacific Islander women,EF2013A_RV.White men,EF2013A_RV.White women,EF2013A_RV.Two or more races men,EF2013A_RV.Two or more races women,EF2013A_RV.Race/ethnicity unknown men,EF2013A_RV.Race/ethnicity unknown women,EF2013A_RV.Nonresident alien men,EF2013A_RV.Nonresident alien women
100654,Alabama A & M University,2013,0,1,1,0,512,530,5,8,2,0,6,13,0,0,6,4,0,0
100663,University of Alabama at Birmingham,2013,1,2,69,73,137,249,17,23,0,0,431,620,26,50,7,9,9,9
100690,Amridge University,2013,0,0,0,0,0,1,0,0,0,0,0,1,0,0,0,1,0,0
100706,University of Alabama in Huntsville,2013,6,4,14,9,26,44,6,9,0,0,305,166,7,6,8,3,15,10
100724,Alabama State University,2013,1,1,3,1,546,837,8,7,1,0,8,9,6,16,5,3,43,25
100751,The University of Alabama,2013,13,17,35,40,215,392,93,149,3,3,2286,2845,70,106,0,0,105,56
100830,Auburn University at Montgomery,2013,3,1,6,9,72,158,4,2,1,0,187,207,4,14,1,2,9,5
100858,Auburn University,2013,11,22,51,47,104,126,36,54,0,0,1548,1636,0,0,16,21,14,10
100937,Birmingham-Southern College,2013,2,2,6,7,32,13,9,4,0,0,150,125,2,2,1,1,0,0
101116,South University-Montgomery,2013,0,0,0,0,5,13,0,0,0,1,2,6,0,0,0,0,0,0
101189,Faulkner University,2013,1,1,0,0,48,23,2,8,0,0,87,90,3,5,6,4,5,4
101365,Herzing University-Birmingham,2013,0,0,0,0,3,14,0,1,0,0,4,2,0,1,0,0,0,0
101435,Huntingdon College,2013,0,2,0,0,31,21,5,3,0,0,95,80,4,2,12,4,1,1
101453,Heritage Christian University,2013,0,0,0,0,0,0,0,0,0,0,5,2,0,0,0,0,0,0
101480,Jacksonville State University,2013,3,4,2,5,135,115,9,4,0,0,373,435,0,0,10,12,20,15
101587,University of West Alabama,2013,2,0,2,0,61,101,6,6,0,0,73,89,4,4,7,18,0,2
101675,Miles College,2013,0,0,0,0,233,158,2,0,0,0,7,1,1,2,0,0,0,0
101693,University of Mobile,2013,0,3,0,0,14,11,1,6,0,0,72,117,5,4,4,5,10,6
101709,University of Montevallo,2013,0,2,1,3,20,51,4,7,0,0,137,261,1,10,7,11,2,2
101879,University of North Alabama,2013,5,15,2,5,75,84,15,19,0,0,246,404,20,20,20,13,5,5
101912,Oakwood University,2013,1,1,0,0,127,181,8,8,0,0,2,2,0,0,2,9,11,12
102049,Samford University,2013,0,3,3,6,21,17,18,44,0,0,210,417,1,0,0,0,10,5
102094,University of South Alabama,2013,6,4,21,30,209,251,17,37,0,0,500,652,28,38,9,9,14,9
102234,Spring Hill College,2013,0,1,1,1,21,43,14,23,0,0,121,172,2,7,9,11,4,2
102270,Stillman College,2013,0,0,0,0,74,80,1,1,0,0,2,5,0,0,0,0,0,0
102298,Talladega College,2013,0,0,2,1,108,98,4,0,1,2,7,15,3,0,11,4,0,0
102368,Troy University,2013,7,4,5,4,193,258,14,31,0,0,392,574,19,31,26,24,18,13
102377,Tuskegee University,2013,0,0,2,0,169,288,0,2,0,0,1,1,0,0,71,110,1,0
102553,University of Alaska Anchorage,2013,43,69,60,81,18,20,44,79,2,5,326,421,64,99,32,25,14,9
102580,Alaska Bible College,2013,0,0,0,0,0,0,0,1,0,0,5,5,0,1,0,0,0,0
102614,University of Alaska Fairbanks,2013,34,60,5,5,6,4,17,15,1,1,180,141,10,8,146,134,4,4
102632,University of Alaska Southeast,2013,6,11,1,2,0,0,6,4,2,3,35,28,3,5,25,28,0,0
102669,Alaska Pacific University,2013,1,1,1,0,0,0,2,1,0,0,10,10,2,2,0,1,0,0
102845,Charter College,2013,15,34,4,12,28,29,78,238,26,47,132,319,16,52,3,20,0,0
104090,Brookline College-Phoenix,2013,5,30,0,5,22,75,22,76,0,2,27,88,1,9,2,27,2,9
104151,Arizona State University Campus Immersion,2013,26,32,314,237,114,120,702,666,6,3,2075,1647,179,155,19,20,547,252
104179,University of Arizona,2013,25,39,189,204,95,118,678,903,5,5,1550,1800,123,166,22,28,226,96
104586,Embry-Riddle Aeronautical University-Prescott,2013,0,2,18,4,4,2,10,3,2,4,193,72,41,16,31,14,25,2
104717,Grand Canyon University,2013,5,13,14,26,45,74,180,360,2,10,243,416,27,53,31,55,0,0
105297,Dine College,2013,80,129,1,0,0,0,0,0,0,0,0,0,0,0,0,0,0,0
105330,Northern Arizona University,2013,36,59,45,49,70,90,398,519,10,9,1068,1611,116,165,10,8,61,24
105534,Pima Medical Institute-Tucson,2013,2,5,5,13,9,15,37,142,1,0,38,122,4,18,1,4,0,0
105589,Prescott College,2013,0,0,0,0,0,2,1,3,0,0,8,20,0,0,2,4,0,0
105899,Arizona Christian University,2013,1,1,1,1,1,2,6,6,0,1,20,31,3,4,4,8,0,0
106245,University of Arkansas at Little Rock,2013,1,1,7,7,63,122,17,33,0,0,105,116,58,70,0,0,18,15
106306,Arkansas Baptist College,2013,0,0,0,0,128,53,0,1,0,0,24,0,0,0,0,0,0,0
106342,Lyon College,2013,5,0,1,1,4,4,1,4,0,0,62,78,0,0,8,4,1,1
106397,University of Arkansas,2013,18,25,42,50,108,91,145,173,4,0,1619,1812,62,83,8,11,27,22
106412,University of Arkansas at Pine Bluff,2013,0,1,0,0,287,245,4,4,0,0,3,7,0,0,1,2,1,2
106458,Arkansas State University,2013,2,3,9,3,87,131,17,15,0,0,516,684,20,32,2,3,32,19
106467,Arkansas Tech University,2013,6,12,12,9,113,68,50,65,1,0,626,662,19,20,0,0,12,3
106485,University of Arkansas at Monticello,2013,0,1,1,0,103,111,7,11,0,0,173,169,6,18,13,9,1,0
106704,University of Central Arkansas,2013,8,7,14,15,176,298,42,61,2,3,538,853,34,43,18,21,24,20
106713,Central Baptist College,2013,0,0,0,0,11,6,1,0,0,0,45,52,0,2,0,0,2,0
106810,Crowley's Ridge College,2013,1,0,0,0,1,0,1,1,0,0,22,18,0,0,0,0,0,0
107044,Harding University,2013,4,10,1,2,34,13,12,14,0,1,369,504,12,7,4,2,22,19
107071,Henderson State University,2013,0,0,2,0,89,125,6,13,0,0,179,231,21,24,0,0,8,0
107080,Hendrix College,2013,5,5,8,17,7,16,11,11,0,0,156,161,6,10,13,7,12,5
107141,John Brown University,2013,2,3,0,5,1,3,3,12,0,0,106,130,7,5,1,3,12,10
107512,Ouachita Baptist University,2013,0,0,3,1,31,16,2,12,0,0,143,183,0,0,0,0,1,1
107558,University of the Ozarks,2013,0,0,0,0,8,4,4,9,0,0,47,60,8,3,2,2,3,9
107600,Philander Smith University,2013,0,0,0,0,29,93,1,0,0,0,0,2,0,0,0,0,9,0
107877,Williams Baptist University,2013,1,0,0,0,3,1,8,1,0,0,47,93,0,0,0,0,0,0
107983,Southern Arkansas University Main Campus,2013,1,3,1,2,74,86,7,4,4,3,205,252,0,0,0,0,11,5
108092,University of Arkansas-Fort Smith,2013,20,21,20,31,18,34,41,61,0,0,408,510,39,42,0,0,12,8
108232,Academy of Art University,2013,3,0,36,20,26,24,32,58,4,1,56,68,17,26,46,41,83,126
109350,Antelope Valley Community College District,2013,0,1,17,16,96,71,241,266,0,1,106,114,25,17,3,4,0,0
109651,Art Center College of Design,2013,1,0,21,47,1,0,4,11,0,0,14,13,2,3,2,4,16,25
109785,Azusa Pacific University,2013,0,1,37,61,7,28,91,192,5,7,205,418,47,81,1,7,14,15
109819,Bakersfield College,2013,4,3,33,27,29,30,479,595,0,1,151,167,23,23,4,1,5,3
110060,Bethesda University,2013,0,0,3,6,0,0,21,9,0,0,0,0,0,0,7,7,6,4
110097,Biola University,2013,0,1,46,91,8,11,39,102,1,2,195,318,17,32,6,7,7,17
110219,Bryan University,2013,0,0,0,2,28,21,8,14,1,0,26,49,0,6,2,1,0,0
110361,California Baptist University,2013,1,5,19,21,17,47,122,241,8,8,184,217,17,24,8,16,5,7
110370,California College of the Arts,2013,0,1,13,33,5,3,5,24,0,1,22,41,0,0,6,12,22,44
110404,California Institute of Technology,2013,0,0,68,51,3,1,22,3,0,0,46,21,8,3,0,0,13,9
110413,California Lutheran University,2013,3,2,23,27,14,5,56,77,1,4,134,160,1,3,8,12,7,3
110422,California Polytechnic State University-San Luis Obispo,2013,2,3,284,272,25,12,341,322,5,0,1519,1369,188,166,118,93,31,15
110468,Alliant International University-San Diego,2013,0,0,0,0,1,1,3,12,0,0,2,4,0,0,1,0,0,1
110486,California State University-Bakersfield,2013,2,2,28,38,35,50,281,482,0,1,64,89,11,23,65,103,25,24
110495,California State University-Stanislaus,2013,3,2,45,75,6,19,209,418,3,5,96,183,9,32,5,28,18,25
110510,California State University-San Bernardino,2013,0,3,56,74,37,89,551,1025,2,5,109,138,27,44,17,37,48,57
110529,California State Polytechnic University-Pomona,2013,3,3,452,331,59,63,688,656,3,3,309,277,70,62,47,46,50,47
110538,California State University-Chico,2013,6,8,56,72,26,30,306,458,1,3,468,588,49,82,41,54,47,21
110547,California State University-Dominguez Hills,2013,0,0,49,56,69,136,350,638,0,4,23,27,9,21,6,13,25,34
110556,California State University-Fresno,2013,6,7,254,279,54,52,566,1000,1,6,276,316,42,78,45,58,58,68
110565,California State University-Fullerton,2013,3,3,428,507,41,67,834,1201,2,5,369,475,86,122,38,59,161,111
110574,California State University-East Bay,2013,0,0,95,190,66,153,189,409,8,13,50,85,28,55,16,27,53,40
110583,California State University-Long Beach,2013,1,4,439,577,50,91,642,1034,5,3,362,422,97,144,33,54,56,105
110592,California State University-Los Angeles,2013,0,2,198,207,26,61,810,1236,1,2,48,49,8,28,23,27,66,103
110608,California State University-Northridge,2013,2,4,323,297,144,285,1201,1845,0,9,426,466,75,115,65,71,242,190
110617,California State University-Sacramento,2013,2,5,319,428,92,126,404,697,18,23,313,404,90,111,49,58,19,44
110635,University of California-Berkeley,2013,0,3,846,854,39,45,212,337,4,8,623,572,84,102,49,63,422,414
110644,University of California-Davis,2013,9,1,642,1027,25,65,287,621,10,14,501,941,94,189,38,42,283,274
110653,University of California-Irvine,2013,3,5,953,1242,42,51,529,820,13,13,320,356,64,79,48,37,428,446
110662,University of California-Los Angeles,2013,2,6,734,995,58,113,385,750,6,12,678,889,118,175,53,60,361,289
110671,University of California-Riverside,2013,2,4,856,809,65,102,595,883,6,11,276,202,79,80,34,6,87,90
110680,University of California-San Diego,2013,2,2,1037,1010,32,38,351,459,9,14,570,519,117,131,55,32,438,402
110705,University of California-Santa Barbara,2013,1,2,426,386,41,58,484,692,2,3,840,852,196,237,51,67,127,132
110714,University of California-Santa Cruz,2013,0,2,318,335,31,53,447,690,1,7,500,508,102,132,30,21,67,51
111081,California Institute of the Arts,2013,1,0,5,16,7,6,7,8,1,1,28,40,14,12,1,1,8,16
111188,California State University Maritime Academy,2013,0,1,11,1,2,0,29,6,0,0,114,11,14,3,6,1,0,0
111948,Chapman University,2013,1,4,45,96,2,16,57,112,2,2,316,466,27,50,12,27,18,31
111966,Charles R Drew University of Medicine and Science,2013,0,0,0,0,0,2,0,0,0,0,0,0,0,2,0,0,0,0
112075,Concordia University-Irvine,2013,1,0,10,17,4,3,23,59,0,0,53,80,3,6,33,66,10,5
112084,San Diego Christian College,2013,0,0,0,1,3,8,9,6,0,1,17,31,2,3,21,21,1,1
112260,Claremont McKenna College,2013,0,0,9,18,9,12,27,25,0,0,74,60,12,11,7,10,27,36
112394,University of Silicon Valley,2013,0,1,11,6,0,1,8,2,1,0,14,11,6,5,4,3,0,0
112570,California College of ASU,2013,0,0,0,0,3,7,9,3,0,0,14,2,3,0,0,0,1,2
113236,Cypress College,2013,0,1,133,120,22,21,179,275,3,2,102,108,15,23,21,20,14,25
113582,Design Institute of San Diego,2013,0,0,0,1,0,0,0,3,0,0,2,9,0,0,0,1,0,3
113698,Dominican University of California,2013,1,2,19,46,6,11,21,57,1,1,23,76,2,8,9,19,1,3
114354,FIDM-Fashion Institute of Design & Merchandising,2013,0,0,6,48,5,31,23,99,1,2,22,177,2,13,3,35,6,44
114433,Feather River Community College District,2013,3,2,1,1,32,6,14,6,1,0,53,63,0,1,1,4,10,5
114716,Foothill College,2013,2,0,136,73,17,17,115,141,3,4,136,111,23,28,1,5,242,146
114813,Fresno Pacific University,2013,0,3,2,4,2,5,21,61,1,0,30,68,1,4,3,0,4,1
115409,Harvey Mudd College,2013,1,0,23,21,3,1,19,10,0,0,40,44,8,9,4,3,16,15
115755,California State Polytechnic University-Humboldt,2013,1,6,20,22,22,33,179,345,2,2,235,326,41,49,24,34,2,1
115773,Humphreys University-Stockton and Modesto Campuses,2013,0,0,3,0,3,0,3,9,0,1,4,4,0,0,1,4,0,0
116846,American Jewish University,2013,0,0,0,0,0,0,0,0,0,0,2,2,0,0,3,0,0,0
117104,Life Pacific University,2013,0,0,0,1,3,1,9,10,0,1,25,23,1,1,0,1,0,0
117140,University of La Verne,2013,1,0,10,21,14,13,125,166,0,3,81,72,15,13,2,4,8,13
117168,Laguna College of Art and Design,2013,0,0,11,10,2,0,7,5,0,0,6,22,0,0,0,3,1,0
117557,Lincoln University,2013,0,0,0,0,0,0,0,0,0,0,3,1,0,0,0,0,3,2
117575,Southern California Seminary,2013,0,0,0,0,0,0,0,0,0,0,2,0,0,0,0,0,0,0
117627,La Sierra University,2013,1,0,44,28,7,20,65,167,4,7,14,37,11,11,1,1,21,27
117751,The Master's University and Seminary,2013,0,0,5,11,0,1,5,11,0,1,54,71,9,7,4,3,3,3
117946,Loyola Marymount University,2013,1,1,79,100,27,50,101,177,1,1,270,360,51,55,0,0,36,30
118693,Menlo College,2013,0,0,6,7,7,3,17,15,1,1,23,10,10,4,7,3,14,6
118912,MiraCosta College,2013,3,1,38,45,28,24,236,272,1,4,359,261,46,48,18,26,20,29
118976,Modesto Junior College,2013,3,5,39,40,30,28,400,404,5,9,266,290,37,39,20,14,0,0
119173,Mount Saint Mary's University,2013,0,1,13,89,0,22,6,372,0,3,0,20,0,6,0,21,0,1
119270,Musicians Institute,2013,5,1,11,4,36,3,49,12,2,0,110,21,24,4,25,2,103,28
119605,National University,2013,0,0,3,9,5,8,19,20,2,2,31,25,2,6,2,4,2,3
119775,Newschool of Architecture and Design,2013,0,0,1,1,0,0,4,6,0,0,2,3,1,0,0,0,6,2
120166,San Francisco Bay University,2013,0,0,0,2,0,0,0,0,0,0,1,0,0,0,0,0,29,15
120184,Notre Dame de Namur University,2013,0,0,14,10,7,6,17,55,0,3,13,19,2,4,4,8,4,6
120254,Occidental College,2013,0,0,39,47,9,17,29,47,1,0,124,147,14,33,4,9,13,15
120403,Otis College of Art and Design,2013,1,1,14,33,2,6,6,16,0,1,8,23,5,8,1,2,13,20
120537,Hope International University,2013,1,0,2,0,2,2,7,8,2,0,8,17,9,15,2,1,0,0
120865,Pacific Union College,2013,0,0,34,29,7,16,50,63,2,1,24,49,14,19,11,10,3,2
120883,University of the Pacific,2013,1,2,155,218,11,16,77,88,8,4,107,110,32,25,31,24,30,19
121150,Pepperdine University,2013,2,1,52,81,22,30,51,85,0,2,143,197,16,33,7,24,15,22
121257,Pitzer College,2013,0,0,4,12,7,4,18,21,0,0,55,65,13,27,9,6,12,12
121309,Point Loma Nazarene University,2013,3,2,8,25,3,5,46,80,4,2,140,274,20,32,1,0,0,0
121345,Pomona College,2013,0,0,28,30,9,9,22,32,0,0,88,81,15,19,11,18,15,19
121619,Santa Ana College,2013,1,0,49,27,11,4,477,487,2,2,51,16,7,8,15,8,19,25
121691,University of Redlands,2013,3,2,21,25,6,5,53,81,1,3,171,205,13,30,20,15,2,6
121886,Rio Hondo College,2013,0,0,44,25,1,5,424,414,0,0,19,9,7,9,3,1,5,0
122375,San Diego Mesa College,2013,4,3,88,82,58,39,273,273,4,4,221,192,40,50,10,5,32,34
122409,San Diego State University,2013,4,7,297,344,53,79,551,708,10,9,731,1005,147,192,51,84,93,67
122436,University of San Diego,2013,6,4,36,44,15,20,85,167,2,1,263,405,37,57,18,27,31,20
122506,San Francisco Conservatory of Music,2013,0,0,1,2,0,1,1,0,0,0,5,4,4,2,1,2,3,7
122597,San Francisco State University,2013,3,6,414,612,57,103,414,738,10,16,274,434,71,154,23,45,77,99
122612,University of San Francisco,2013,0,1,82,128,7,31,72,168,4,7,95,205,27,59,6,24,120,110
122685,San Joaquin Valley College-Visalia,2013,0,1,1,2,6,24,16,40,0,0,6,29,3,7,1,9,1,2
122728,William Jessup University,2013,1,0,1,6,7,1,9,17,0,1,36,74,3,3,0,0,1,0
122755,San Jose State University,2013,3,2,786,623,86,61,461,536,13,8,362,283,103,93,45,40,84,55
122931,Santa Clara University,2013,0,0,93,118,20,31,107,109,1,2,311,286,41,49,36,43,23,21
122977,Santa Monica College,2013,1,1,162,128,143,114,571,583,5,0,345,334,56,74,7,7,268,303
123165,Scripps College,2013,0,0,0,39,0,7,0,21,0,0,0,142,0,25,0,26,0,12
123280,Shasta Bible College and Graduate School,2013,0,0,0,0,0,0,1,1,0,1,4,2,0,0,1,0,0,0
123299,Shasta College,2013,13,11,18,11,12,2,78,61,3,4,274,308,34,25,7,6,0,0
123457,Simpson University,2013,3,5,2,10,0,2,11,19,0,0,24,63,0,0,3,7,0,0
123509,Skyline College,2013,1,0,149,84,11,8,88,96,3,3,55,38,9,15,5,3,18,12
123554,Saint Mary's College of California,2013,1,3,41,48,4,11,64,94,3,3,102,165,19,20,17,17,4,6
123563,Solano Community College,2013,1,1,59,54,54,60,100,140,2,5,105,105,38,46,3,3,4,5
123572,Sonoma State University,2013,4,6,24,58,20,29,170,353,0,3,294,564,32,74,30,64,13,29
123651,Vanguard University of Southern California,2013,1,0,2,2,4,13,51,121,0,4,49,108,5,12,5,13,0,0
123952,Southern California Institute of Architecture,2013,0,0,2,0,0,0,0,0,0,0,5,5,0,0,0,0,14,6
123961,University of Southern California,2013,0,0,291,310,56,64,174,201,2,2,575,559,57,100,41,43,222,223
124292,Thomas Aquinas College,2013,0,0,0,0,0,0,10,8,0,0,28,31,3,3,2,1,1,1
125231,Walden University,2013,0,0,0,0,0,0,0,0,0,1,0,1,0,1,0,0,0,0
125471,West Los Angeles College,2013,0,0,5,7,45,41,79,100,0,0,21,14,5,3,2,7,7,2
125727,Westmont College,2013,0,0,9,13,1,0,15,23,0,0,73,111,4,10,7,7,3,3
125763,Whittier College,2013,1,3,18,30,4,13,69,119,0,0,65,81,2,12,0,1,11,11
125897,Woodbury University,2013,0,0,6,4,2,2,12,15,0,0,11,22,1,3,0,0,9,9
126076,Yeshiva Ohr Elchonon Chabad West Coast Talmudical Seminary,2013,0,0,0,0,0,0,0,0,0,0,43,0,0,0,0,0,3,0
126182,Adams State University,2013,4,6,4,2,28,9,88,91,2,1,127,111,15,12,8,5,0,0
126562,University of Colorado Denver/Anschutz Medical Campus,2013,0,1,81,97,15,31,84,141,2,1,235,279,23,37,3,5,32,14
126580,University of Colorado Colorado Springs,2013,2,1,21,25,23,41,132,150,1,6,498,479,59,57,3,2,9,6
126614,University of Colorado Boulder,2013,3,5,160,138,64,57,312,311,0,3,2238,1926,150,124,14,11,184,89
126669,Colorado Christian University,2013,0,2,4,1,2,6,13,18,0,1,97,181,5,22,6,2,0,0
126678,Colorado College,2013,0,4,15,14,5,8,27,29,0,0,147,180,14,34,0,3,16,26
126711,Colorado Mountain College,2013,3,3,2,2,3,0,34,28,1,1,193,97,4,2,17,12,0,0
126775,Colorado School of Mines,2013,0,0,30,13,4,1,45,23,0,1,530,202,47,16,2,2,24,14
126818,Colorado State University-Fort Collins,2013,7,9,33,68,38,49,235,287,1,0,1472,1735,56,115,90,86,22,19
126827,Colorado Technical University-Colorado Springs,2013,0,0,0,0,1,1,0,0,0,1,7,3,0,0,27,17,0,0
126942,Community College of Denver,2013,2,3,12,23,27,22,42,55,0,1,84,58,11,9,6,7,28,17
127060,University of Denver,2013,3,1,21,37,13,10,47,77,0,2,483,514,26,18,17,34,52,44
127185,Fort Lewis College,2013,70,97,2,4,6,0,51,53,0,2,286,202,27,30,18,13,1,0
127556,Colorado Mesa University,2013,6,6,15,15,62,25,187,176,6,7,703,724,49,60,13,19,2,6
127565,Metropolitan State University of Denver,2013,3,7,35,19,37,41,253,276,1,1,489,424,44,41,19,24,6,6
127653,Naropa University,2013,0,0,0,0,0,1,0,2,0,0,10,12,5,2,1,2,1,1
127714,Nazarene Bible College,2013,0,0,0,0,0,0,2,0,0,0,9,3,0,0,0,0,0,0
127741,University of Northern Colorado,2013,0,4,13,24,46,53,166,251,3,3,428,809,35,69,16,25,13,9
127820,Pikes Peak State College,2013,6,3,13,12,53,48,82,105,4,6,385,338,40,45,28,23,4,11
127884,Pueblo Community College,2013,4,7,1,0,5,0,51,57,2,0,115,116,5,3,22,6,0,0
127909,Red Rocks Community College,2013,2,1,8,6,6,1,37,36,1,0,208,153,8,7,9,10,6,6
127918,Regis University,2013,2,1,7,12,2,1,26,57,0,1,71,145,5,8,17,29,4,1
127945,Rocky Mountain College of Art and Design,2013,0,2,0,1,2,4,2,3,0,0,11,10,1,1,2,8,0,0
128106,Colorado State University Pueblo,2013,0,1,8,5,37,25,123,141,2,1,164,206,18,15,6,6,6,1
128328,United States Air Force Academy,2013,3,1,42,12,72,19,82,31,6,2,518,150,51,27,100,25,13,0
128391,Western Colorado University,2013,1,0,1,3,14,4,32,24,1,0,190,171,8,9,6,2,0,0
128498,Albertus Magnus College,2013,0,0,1,1,14,17,11,16,0,0,32,38,0,0,3,3,1,0
128744,University of Bridgeport,2013,2,8,5,6,86,148,35,74,0,1,50,72,0,2,0,0,30,19
128771,Central Connecticut State University,2013,3,2,22,14,83,65,77,92,1,0,442,406,20,22,10,4,9,6
128902,Connecticut College,2013,0,0,4,14,13,6,23,28,0,1,102,219,8,9,11,12,20,19
129020,University of Connecticut,2013,1,3,170,210,75,77,149,177,0,0,1169,1101,37,69,180,182,75,66
129154,Goodwin University,2013,0,1,1,1,4,28,2,23,0,1,12,40,0,3,0,0,0,0
129215,Eastern Connecticut State University,2013,0,2,13,14,24,32,38,58,0,1,254,304,6,14,73,123,6,1
129242,Fairfield University,2013,0,0,8,15,6,10,29,41,0,1,284,442,5,11,30,55,12,14
129525,University of Hartford,2013,8,6,21,17,120,118,82,90,1,0,348,324,20,22,23,29,22,16
129774,Mitchell College,2013,1,4,2,2,14,22,6,2,0,0,68,42,9,3,0,0,0,1
129941,University of New Haven,2013,1,4,11,19,33,57,44,82,2,1,229,270,0,6,179,164,52,5
130110,Paier College,2013,0,0,0,0,0,1,0,1,0,0,4,12,0,0,0,0,0,0
130183,Post University,2013,0,2,2,2,37,57,18,19,0,3,83,103,11,8,43,63,4,5
130226,Quinnipiac University,2013,2,0,12,34,35,52,55,84,0,1,496,877,20,30,14,31,28,24
130253,Sacred Heart University,2013,0,2,13,17,0,2,15,53,0,1,351,636,0,0,51,111,14,1
130314,University of Saint Joseph,2013,0,0,0,6,0,20,0,21,0,1,0,89,0,1,0,13,0,2
130493,Southern Connecticut State University,2013,0,1,12,13,69,138,56,139,0,0,255,506,7,26,47,87,3,2
130590,Trinity College,2013,1,0,15,11,17,15,15,16,0,0,211,185,9,9,17,26,32,25
130624,United States Coast Guard Academy,2013,1,0,7,3,1,2,17,6,0,0,96,54,10,9,3,0,5,3
130697,Wesleyan University,2013,0,1,19,29,14,34,37,33,2,0,190,208,21,24,23,37,38,31
130776,Western Connecticut State University,2013,0,0,13,21,43,64,59,69,1,0,254,238,3,4,8,7,0,0
130794,Yale University,2013,1,2,101,119,49,45,64,75,0,0,341,317,36,44,15,14,70,65
130907,Delaware Technical Community College-Terry,2013,0,2,5,7,57,76,23,13,0,0,128,180,9,9,5,5,3,1
130934,Delaware State University,2013,0,4,3,1,241,430,23,34,1,1,48,54,16,33,2,6,3,7
130943,University of Delaware,2013,2,1,97,113,122,139,167,225,1,1,1212,1817,57,101,28,19,54,54
130989,Goldey-Beacom College,2013,0,1,0,2,16,18,2,2,0,0,14,24,2,3,0,0,5,4
131113,Wilmington University,2013,4,1,2,4,59,52,6,7,0,0,89,94,0,0,13,13,16,8
131159,American University,2013,2,0,26,77,29,70,50,122,0,0,367,604,27,77,34,78,21,39
131283,The Catholic University of America,2013,0,1,18,18,24,18,51,55,0,0,268,308,21,23,3,2,15,11
131399,University of the District of Columbia,2013,1,0,1,1,73,79,12,11,0,0,5,2,0,1,26,24,5,0
131450,Gallaudet University,2013,0,1,2,2,15,11,9,22,0,1,53,63,3,8,0,0,4,6
131469,George Washington University,2013,1,1,95,134,51,56,82,86,1,0,672,779,38,55,26,44,112,115
131496,Georgetown University,2013,1,1,65,99,43,62,65,73,1,1,433,477,29,51,14,13,71,94
131520,Howard University,2013,10,24,7,15,393,1032,4,4,0,2,5,8,0,0,0,0,37,35
131803,Strayer University-District of Columbia,2013,0,0,0,0,2,0,0,0,0,0,2,2,0,0,0,0,2,2
131876,Trinity Washington University,2013,0,2,0,2,0,180,0,60,0,0,0,3,0,6,0,13,0,0
132408,Baptist University of Florida,2013,0,0,0,0,2,0,1,2,0,0,17,18,0,3,0,0,0,0
132471,Barry University,2013,0,1,3,4,55,148,54,117,0,0,38,54,4,8,15,15,24,22
132602,Bethune-Cookman University,2013,0,0,0,1,370,541,15,20,0,0,11,6,7,14,4,15,6,7
132657,Lynn University,2013,3,3,1,3,18,19,29,40,0,1,95,81,0,0,32,16,65,45
132693,Eastern Florida State College,2013,7,6,7,27,97,104,100,114,2,4,506,499,30,29,16,18,11,4
132709,Broward College,2013,4,4,58,61,602,755,666,749,3,7,380,357,55,43,82,74,54,49
132842,Albizu University-Miami,2013,0,0,0,0,0,1,3,4,0,0,1,0,0,0,0,0,0,0
132851,College of Central Florida,2013,1,1,12,8,62,63,64,75,0,0,213,309,0,0,2,4,5,8
132879,Johnson University Florida,2013,0,0,0,0,4,3,6,2,0,0,19,9,0,0,0,1,0,0
132903,University of Central Florida,2013,4,5,165,200,221,381,575,672,4,3,1537,1771,109,132,7,15,12,20
133021,Chipola College,2013,1,1,0,1,27,36,14,8,0,0,94,147,2,9,0,0,0,0
133386,Daytona State College,2013,2,2,17,13,93,111,103,123,0,2,456,499,16,19,17,13,9,2
133465,South University-West Palm Beach,2013,0,0,0,1,3,10,6,5,0,0,2,3,0,0,0,1,0,0
133492,Eckerd College,2013,1,3,2,4,3,9,11,26,0,0,126,223,9,10,1,4,9,11
133508,Florida SouthWestern State College,2013,1,5,16,10,114,146,223,307,0,5,398,455,12,13,23,24,17,10
133526,Edward Waters University,2013,0,0,0,0,107,71,8,0,0,0,8,2,0,0,4,4,0,0
133553,Embry-Riddle Aeronautical University-Daytona Beach,2013,2,1,36,5,51,9,24,15,1,0,440,91,66,15,68,24,73,20
133650,Florida Agricultural and Mechanical University,2013,1,1,3,8,430,768,5,7,0,0,24,22,0,0,0,0,2,2
133669,Florida Atlantic University,2013,2,4,46,60,210,327,338,468,2,4,748,830,61,85,32,45,17,19
133702,Florida State College at Jacksonville,2013,1,1,29,33,191,264,61,86,3,3,483,463,27,31,102,115,4,26
133711,Flagler College,2013,0,4,1,1,14,9,26,32,0,0,197,326,10,15,17,24,22,10
133809,Florida College,2013,1,1,1,1,6,1,7,3,0,2,76,87,6,3,0,0,1,0
133872,AdventHealth University,2013,0,1,2,2,2,10,3,10,0,0,1,10,1,2,1,0,0,0
133881,Florida Institute of Technology,2013,0,0,6,4,22,6,32,12,1,0,195,96,11,2,126,35,178,55
133951,Florida International University,2013,1,3,63,81,194,302,1367,1588,6,4,200,210,34,55,13,17,70,96
133960,The College of the Florida Keys,2013,1,1,1,1,2,8,16,19,0,0,50,38,0,2,2,2,0,0
133979,Florida Memorial University,2013,0,0,0,0,98,169,17,2,0,0,2,0,3,1,14,50,29,15
134079,Florida Southern College,2013,1,0,2,3,10,18,32,38,0,1,161,308,14,15,0,1,13,16
134097,Florida State University,2013,6,6,65,93,132,271,500,681,4,3,1649,2320,58,113,29,37,4,9
134130,University of Florida,2013,3,1,261,297,122,271,491,721,1,5,1609,2145,76,144,62,93,21,25
134237,Full Sail University,2013,18,4,29,8,475,176,177,48,6,1,920,261,307,114,138,39,63,23
134343,Gulf Coast State College,2013,3,0,11,8,35,35,17,20,0,0,181,190,8,13,6,9,0,0
134510,Hobe Sound Bible College,2013,0,0,0,0,4,0,0,0,0,0,5,7,0,0,1,0,0,2
134608,Indian River State College,2013,2,3,9,14,116,133,146,149,2,4,419,395,29,18,22,31,18,9
134945,Jacksonville University,2013,5,4,8,10,54,50,32,33,0,2,161,133,0,0,10,13,12,5
135081,Keiser University-Ft Lauderdale,2013,2,6,6,10,110,313,256,457,0,0,220,479,29,67,17,39,1,2
135160,Florida Gateway College,2013,1,0,1,1,19,23,3,10,0,0,92,158,1,0,7,2,0,0
135188,Lake-Sumter State College,2013,1,1,8,11,14,21,22,27,1,1,144,178,4,7,17,13,3,1
135364,Luther Rice College & Seminary,2013,0,0,0,0,1,0,0,0,0,0,2,0,0,0,0,0,0,0
135391,State College of Florida-Manatee-Sarasota,2013,3,2,14,17,45,65,75,105,0,0,311,357,17,14,40,42,8,6
135717,Miami Dade College,2013,5,1,39,31,569,760,2792,3375,1,1,217,166,20,29,124,140,205,263
135726,University of Miami,2013,2,0,66,67,70,107,160,158,1,1,490,511,30,31,77,74,126,144
136145,North Florida College,2013,2,1,0,1,15,31,6,6,0,0,33,69,0,1,0,0,0,3
136172,University of North Florida,2013,0,0,34,21,41,68,92,89,0,0,508,613,36,50,1,0,11,9
136215,Nova Southeastern University,2013,1,1,30,47,27,61,48,106,0,0,79,168,3,12,1,5,11,14
136233,Northwest Florida State College,2013,1,2,5,9,27,33,25,25,1,0,221,219,17,19,10,11,1,3
136330,Palm Beach Atlantic University,2013,3,1,4,3,14,41,21,59,1,1,141,254,5,13,0,0,5,12
136358,Palm Beach State College,2013,2,1,31,42,315,310,298,355,0,3,479,449,26,48,37,45,30,35
136400,Pasco-Hernando State College,2013,5,5,7,10,41,36,139,149,2,1,462,585,23,28,9,17,3,3
136473,Pensacola State College,2013,5,2,12,18,125,109,32,33,3,2,341,431,37,39,8,7,2,1
136516,Polk State College,2013,3,1,11,9,64,88,112,117,0,0,237,267,17,11,12,17,3,8
136774,Ringling College of Art and Design,2013,0,3,7,17,3,3,16,20,0,0,60,78,0,4,1,3,19,23
136950,Rollins College,2013,0,1,3,4,4,13,27,32,0,0,121,197,8,8,12,8,17,22
137032,Saint Leo University,2013,2,3,3,9,33,51,57,100,0,0,125,155,10,15,18,22,12,24
137078,St Petersburg College,2013,3,2,46,43,126,118,130,151,3,1,672,635,29,40,31,18,6,4
137096,Santa Fe College,2013,3,2,27,17,64,73,141,129,2,2,447,406,35,27,4,12,16,11
137209,Seminole State College of Florida,2013,5,1,32,25,138,190,284,268,1,1,557,491,40,42,17,7,19,22
137272,St. John Vianney College Seminary,2013,0,0,0,0,0,0,4,0,0,0,9,0,0,0,0,0,3,1
137281,Saint Johns River State College,2013,0,2,4,10,29,39,36,33,0,2,211,283,8,17,11,11,0,1
137315,South Florida State College,2013,0,0,1,2,15,24,47,49,1,1,89,93,3,2,3,6,1,2
137351,University of South Florida,2013,2,3,130,148,114,233,346,417,6,5,915,1129,64,107,13,30,75,78
137476,St. Thomas University,2013,0,0,0,1,14,33,40,50,0,0,7,9,1,1,2,5,12,19
137546,Stetson University,2013,4,2,6,13,38,39,42,61,1,1,220,333,17,22,6,10,18,19
137564,Southeastern University,2013,6,1,6,7,89,65,63,72,5,2,226,242,2,5,19,21,6,5
137759,Tallahassee Community College,2013,2,2,12,6,339,399,136,128,2,0,559,450,33,25,15,19,16,15
137777,Talmudic College of Florida,2013,0,0,0,0,0,0,2,0,0,0,1,0,0,0,0,0,1,0
137847,The University of Tampa,2013,5,1,8,20,24,49,70,118,0,0,401,579,15,32,70,83,73,42
137953,Trinity Baptist College,2013,1,0,1,0,14,8,4,2,0,0,21,12,1,1,1,0,3,1
137962,Trinity College of Florida,2013,0,0,0,0,6,2,4,0,0,0,6,5,0,0,0,0,1,0
138187,Valencia College,2013,6,7,109,104,481,615,916,1105,12,12,760,683,74,87,170,196,61,45
138275,Warner University,2013,0,0,0,1,39,24,14,9,0,0,42,40,0,0,1,0,1,0
138293,Webber International University,2013,0,0,1,2,36,12,31,8,0,0,71,25,10,0,4,1,4,0
138309,Rasmussen University-Florida,2013,2,3,1,2,14,34,8,10,1,1,26,101,1,6,11,20,0,0
138354,University of West Florida,2013,5,4,15,18,67,106,63,77,3,0,350,468,46,41,16,13,15,9
138558,Abraham Baldwin Agricultural College,2013,1,3,2,2,42,82,28,41,0,0,353,371,4,4,0,0,4,7
138600,Agnes Scott College,2013,0,0,0,17,0,83,0,25,0,0,0,70,0,14,0,7,0,36
138716,Albany State University,2013,0,1,0,0,147,320,2,6,0,0,7,0,0,0,11,14,0,0
138868,Point University,2013,2,1,0,1,45,23,6,5,1,0,58,24,13,4,8,0,0,0
138901,Atlanta Metropolitan State College,2013,0,0,2,1,89,147,1,5,1,1,4,3,0,1,0,1,2,7
138947,Clark Atlanta University,2013,0,1,2,0,167,475,0,1,0,0,1,0,0,0,25,91,2,2
139144,Berry College,2013,0,1,1,4,20,10,20,24,0,0,258,308,7,17,0,1,1,0
139153,Beulah Heights University,2013,0,0,1,1,22,31,0,1,0,0,0,1,0,0,0,0,0,0
139199,Brenau University,2013,0,0,0,2,0,52,0,17,0,0,1,112,0,9,0,0,0,8
139205,Brewton-Parker College,2013,0,0,0,1,33,22,8,2,0,0,48,26,0,1,4,1,1,0
139250,College of Coastal Georgia,2013,0,0,3,4,32,63,8,22,0,0,132,218,12,15,7,7,2,3
139311,Clayton  State University,2013,0,0,13,19,106,188,0,2,0,0,51,42,7,14,12,10,7,5
139366,Columbus State University,2013,1,2,9,12,103,257,37,39,0,0,232,272,15,30,0,0,8,9
139393,Covenant College,2013,1,0,3,7,3,6,7,4,0,1,112,141,1,2,0,0,2,5
139463,Dalton State College,2013,3,0,12,2,23,26,78,104,0,1,214,292,15,10,10,10,8,11
139579,South University-Savannah,2013,1,0,0,0,13,12,1,1,0,0,3,9,0,0,0,1,0,0
139621,East Georgia State College,2013,3,1,3,5,154,248,18,19,0,0,212,226,8,18,4,7,2,1
139630,Emmanuel University,2013,0,0,3,0,10,14,3,2,0,0,63,57,5,4,0,0,4,2
139658,Emory University,2013,1,0,175,189,39,115,56,91,0,0,350,436,26,33,20,30,132,160
139700,Georgia Highlands College,2013,2,2,7,4,76,110,39,59,1,0,302,373,15,15,2,3,5,3
139719,Fort Valley State University,2013,0,0,0,0,246,272,0,0,0,0,1,4,0,0,1,0,0,0
139755,Georgia Institute of Technology-Main Campus,2013,2,0,333,177,91,66,84,51,3,1,904,526,57,45,8,3,191,127
139764,Georgia Southwestern State University,2013,0,0,2,1,36,62,12,6,0,1,81,136,2,3,1,0,5,3
139861,Georgia College & State University,2013,0,0,9,15,20,26,32,45,2,0,457,740,16,20,1,0,5,7
139931,Georgia Southern University,2013,6,8,38,20,441,457,96,82,1,1,1179,1074,36,49,8,6,27,15
139940,Georgia State University,2013,1,2,289,290,439,846,164,212,0,0,428,414,96,119,17,20,28,23
139959,University of Georgia,2013,2,1,230,292,134,244,107,178,3,3,1451,2275,70,136,0,0,29,64
139968,Gordon State College,2013,2,0,5,4,195,321,10,22,0,0,193,280,18,17,3,1,1,0
140234,LaGrange College,2013,1,2,1,1,42,12,4,1,0,0,107,80,11,2,1,1,0,1
140252,Life University,2013,0,0,0,0,4,1,0,4,0,0,4,2,0,0,41,16,0,1
140340,Herzing University-Atlanta,2013,0,0,8,1,11,13,2,2,0,0,0,1,0,1,0,0,0,0
140447,Mercer University,2013,2,1,20,25,61,88,16,20,1,0,221,212,5,23,10,8,6,8
140553,Morehouse College,2013,0,0,0,0,462,0,1,0,0,0,0,0,6,0,5,0,9,0
140696,Oglethorpe University,2013,1,1,7,5,12,35,14,23,0,0,61,46,3,6,28,34,3,4
140720,Paine College,2013,0,0,1,0,157,70,4,0,0,0,4,2,2,2,5,2,1,2
140818,Piedmont University,2013,0,1,1,3,9,10,5,5,1,0,74,117,1,2,9,15,0,0
140872,Reinhardt University,2013,0,1,3,4,50,22,11,14,0,0,116,105,0,0,12,6,0,0
140951,Savannah College of Art and Design,2013,3,9,27,57,72,139,42,120,0,3,297,644,0,1,12,33,52,87
140960,Savannah State University,2013,1,4,0,0,473,662,15,18,1,2,25,9,15,31,3,4,0,1
140988,Shorter University,2013,1,1,1,1,43,24,8,5,0,0,96,96,2,4,8,9,6,2
141060,Spelman College,2013,0,1,0,0,0,512,0,2,0,0,0,0,0,24,0,6,0,13
141167,Thomas University,2013,1,0,1,0,2,13,2,2,1,0,20,9,0,0,7,3,9,0
141185,Toccoa Falls College,2013,0,1,5,9,8,9,0,4,0,0,54,71,0,0,0,0,1,1
141237,Truett McConnell University,2013,1,0,0,0,14,6,3,4,0,0,72,87,0,0,3,5,2,0
141264,Valdosta State University,2013,2,0,9,4,260,394,39,52,0,0,352,478,27,43,3,6,13,6
141325,Wesleyan College,2013,0,1,0,1,0,35,0,7,0,1,0,38,0,6,0,0,0,30
141334,University of West Georgia,2013,1,2,10,15,276,592,38,61,0,1,415,702,21,41,4,10,4,5
141361,Young Harris College,2013,0,0,0,1,13,20,4,11,0,0,133,220,3,3,8,3,0,0
141486,Chaminade University of Honolulu,2013,0,0,33,75,5,2,2,8,15,39,14,26,9,24,3,6,1,1
141565,University of Hawaii at Hilo,2013,1,1,36,51,2,3,26,49,20,28,35,66,49,106,1,2,3,10
141574,University of Hawaii at Manoa,2013,1,2,319,422,15,17,79,130,27,31,142,237,218,277,4,1,18,17
141644,Hawaii Pacific University,2013,1,2,17,49,10,8,26,61,4,8,52,101,30,89,3,1,19,35
141839,University of Hawaii Maui College,2013,0,0,46,75,2,2,16,38,16,26,24,34,73,72,0,0,4,3
141981,University of Hawaii-West Oahu,2013,0,0,37,60,2,1,7,12,3,5,1,8,29,49,0,0,0,0
142090,Boise Bible College,2013,0,1,0,0,1,0,4,1,1,0,26,12,1,0,0,0,0,0
142115,Boise State University,2013,1,8,22,16,23,17,99,158,3,1,696,836,46,74,9,7,51,12
142276,Idaho State University,2013,4,10,5,13,4,6,60,92,5,3,353,492,16,19,23,15,191,23
142285,University of Idaho,2013,6,4,5,14,20,7,66,91,1,4,638,601,34,32,10,11,29,17
142294,The College of Idaho,2013,0,0,3,2,3,1,17,23,0,0,99,105,3,5,8,4,10,8
142328,Lewis-Clark State College,2013,4,7,1,2,2,0,10,16,1,1,156,220,4,6,2,3,6,5
142461,Northwest Nazarene University,2013,0,1,2,4,1,1,10,17,0,1,73,106,3,6,4,16,3,1
142522,Brigham Young University-Idaho,2013,3,2,12,19,8,9,31,49,7,8,549,1283,40,141,0,0,36,37
142887,American Academy of Art College,2013,0,0,3,2,3,3,8,12,0,0,20,23,1,0,0,0,0,0
143048,School of the Art Institute of Chicago,2013,1,2,26,61,10,8,17,23,0,1,61,139,2,12,8,24,45,135
143084,Augustana College,2013,0,0,8,6,15,11,21,42,0,0,223,240,10,26,3,2,11,9
143118,Aurora University,2013,1,0,6,8,36,48,55,119,0,0,174,207,18,12,11,5,1,0
143288,Blackburn College,2013,0,0,0,0,1,4,3,0,0,0,49,55,0,3,0,0,0,0
143358,Bradley University,2013,0,0,12,22,20,36,18,45,0,2,400,404,50,63,2,2,6,0
144005,Chicago State University,2013,0,0,0,1,35,76,12,13,0,0,3,2,0,0,24,59,0,0
144050,University of Chicago,2013,1,4,133,134,40,44,70,52,2,0,352,265,13,16,79,84,91,46
144281,Columbia College Chicago,2013,3,5,24,38,134,225,72,114,1,2,489,627,46,76,90,122,29,28
144351,Concordia University-Chicago,2013,1,0,7,6,34,22,46,55,0,1,85,96,7,10,2,2,0,2
144740,DePaul University,2013,0,0,75,81,63,95,150,261,1,0,607,826,45,72,39,51,34,22
144883,East-West University,2013,0,0,11,8,50,76,13,10,0,0,0,2,0,0,4,4,0,0
144892,Eastern Illinois University,2013,3,0,4,6,115,199,40,53,0,1,324,517,6,26,10,15,6,4
144962,Elmhurst University,2013,0,0,8,14,16,17,35,51,0,0,153,178,13,12,5,4,0,0
144971,Eureka College,2013,0,0,0,3,8,6,1,1,0,0,44,61,2,5,1,4,1,1
145372,Greenville University,2013,0,0,1,2,18,13,18,4,0,0,99,96,5,2,3,3,6,7
145497,Hebrew Theological College,2013,0,0,0,0,0,0,0,0,0,0,29,311,0,0,0,0,0,0
145600,University of Illinois Chicago,2013,2,1,415,370,97,169,407,463,4,0,501,444,32,46,35,27,35,31
145619,Benedictine University,2013,0,0,48,60,21,25,49,53,2,1,129,143,0,0,26,56,5,5
145637,University of Illinois Urbana-Champaign,2013,2,3,762,482,164,268,380,364,4,3,1888,1578,122,93,20,18,774,396
145646,Illinois Wesleyan University,2013,0,0,12,5,7,18,11,26,0,0,189,187,13,10,3,4,20,22
145691,Illinois College,2013,0,1,2,2,25,26,21,7,0,0,87,82,3,4,0,3,2,5
145725,Illinois Institute of Technology,2013,2,1,52,20,22,6,60,13,0,0,142,42,0,1,9,2,68,24
145813,Illinois State University,2013,4,3,25,43,93,201,126,176,3,2,922,1287,33,44,5,3,2,6
146339,Judson University,2013,0,0,1,3,7,5,9,15,0,0,52,62,2,2,14,7,4,6
146427,Knox College,2013,0,0,14,14,14,21,19,34,0,0,67,109,8,11,6,21,21,21
146481,Lake Forest College,2013,3,0,7,13,17,10,27,45,0,0,105,116,7,7,7,11,9,15
146612,Lewis University,2013,0,0,8,20,15,11,58,78,1,0,206,251,19,17,0,3,6,1
146667,Lincoln Christian University,2013,0,1,3,3,5,5,1,1,0,1,33,25,0,0,0,1,0,0
146719,Loyola University Chicago,2013,0,2,113,251,17,58,126,225,3,4,503,976,38,74,10,12,37,48
147013,McKendree University,2013,2,2,3,1,36,16,11,11,0,0,111,140,7,6,19,13,5,4
147129,Methodist College,2013,0,0,0,0,0,1,0,0,0,0,1,10,0,2,0,0,0,0
147244,Millikin University,2013,1,1,0,4,28,31,9,26,0,0,153,168,10,11,3,2,2,1
147341,Monmouth College,2013,2,0,1,7,23,30,25,32,0,0,104,119,4,2,13,12,7,9
147369,Moody Bible Institute,2013,0,0,1,4,2,3,9,11,0,0,123,96,3,2,67,57,23,13
147536,National Louis University,2013,0,0,0,0,0,5,2,16,1,0,1,1,0,0,0,1,0,0
147660,North Central College,2013,0,0,1,4,7,11,30,25,0,0,202,204,9,12,5,8,4,7
147679,North Park University,2013,1,0,6,11,10,15,40,51,1,1,81,112,6,13,5,7,7,4
147703,Northern Illinois University,2013,1,5,55,47,327,422,218,217,2,1,585,593,38,59,20,19,15,6
147767,Northwestern University,2013,0,0,167,195,47,75,113,141,0,0,527,495,33,48,12,6,90,91
147776,Northeastern Illinois University,2013,1,2,35,50,26,50,168,226,2,3,68,71,5,5,15,15,7,15
147828,Olivet Nazarene University,2013,0,0,3,5,34,32,19,44,1,0,263,322,8,13,0,0,7,2
148016,Principia College,2013,1,1,0,0,1,1,1,2,1,0,40,46,3,3,1,2,6,16
148131,Quincy University,2013,0,2,1,2,24,7,6,7,1,0,100,101,1,2,14,6,1,0
148405,Rockford University,2013,0,0,0,1,12,3,3,3,0,0,18,41,3,13,4,2,0,0
148487,Roosevelt University,2013,1,1,5,8,25,42,51,64,0,0,62,119,5,10,8,9,11,8
148496,Dominican University,2013,0,0,1,8,10,15,99,172,0,1,72,114,0,4,0,1,0,0
148584,University of St Francis,2013,0,0,0,4,7,8,19,27,1,1,76,78,5,5,0,0,0,6
148627,Saint Xavier University,2013,1,1,7,9,35,69,62,162,0,0,96,120,4,10,7,8,0,0
148654,University of Illinois Springfield,2013,0,0,5,6,22,59,9,23,0,1,68,99,3,7,1,2,4,3
148876,St. Augustine College,2013,0,0,0,1,0,4,56,185,0,0,2,0,0,0,7,6,1,3
149222,Southern Illinois University-Carbondale,2013,5,0,25,10,333,415,134,129,0,0,738,650,51,55,1,0,38,7
149231,Southern Illinois University-Edwardsville,2013,7,1,15,10,128,254,40,47,0,1,615,728,23,33,5,12,6,5
149505,Trinity Christian College,2013,1,1,1,4,8,12,9,17,0,0,59,83,2,4,0,0,3,0
149514,Trinity International University-Illinois,2013,0,1,4,0,17,4,12,5,0,0,74,56,2,4,1,2,0,0
149639,VanderCook College of Music,2013,0,0,0,0,1,0,3,1,0,0,5,5,0,0,0,0,0,0
149772,Western Illinois University,2013,2,3,10,9,171,251,88,97,0,0,460,394,15,36,35,27,5,5
149781,Wheaton College,2013,0,0,27,31,8,10,7,27,0,0,220,217,12,20,0,0,7,11
150066,Anderson University,2013,1,2,1,4,11,8,4,6,1,2,147,220,1,1,4,8,3,10
150136,Ball State University,2013,0,0,10,21,96,172,75,104,1,1,1136,1830,34,61,16,28,10,10
150145,Bethel University,2013,0,0,0,3,8,6,11,8,1,1,74,125,4,3,0,0,1,0
150163,Butler University,2013,1,0,7,21,15,21,16,25,0,0,313,513,12,22,8,19,7,14
150172,Calumet College of Saint Joseph,2013,1,0,0,0,18,10,32,17,0,0,41,26,4,0,0,0,0,0
150400,DePauw University,2013,1,1,5,13,16,27,11,18,0,0,209,220,18,31,8,10,15,38
150455,Earlham College,2013,0,2,7,8,21,26,5,8,0,0,56,70,0,0,2,2,22,24
150534,University of Evansville,2013,0,1,4,3,8,10,11,9,0,1,164,241,5,14,11,14,33,14
150604,Franklin College,2013,0,1,1,0,10,4,3,6,0,0,109,115,6,2,4,5,2,4
150668,Goshen College,2013,0,0,0,0,7,4,10,19,0,0,46,64,3,2,1,1,7,3
150677,Grace College and Theological Seminary,2013,0,0,0,1,14,14,3,5,0,2,125,183,0,0,16,9,0,0
150756,Hanover College,2013,1,0,2,4,7,9,3,9,0,0,112,150,2,2,2,10,7,14
150774,Holy Cross College,2013,2,0,2,2,4,6,6,0,0,0,79,61,0,0,0,0,3,0
150941,Huntington University,2013,0,0,1,1,3,2,2,3,0,0,91,104,1,6,0,0,7,4
151102,Purdue University Fort Wayne,2013,0,1,13,18,36,37,40,59,0,0,608,694,16,31,2,1,11,10
151111,Indiana University-Indianapolis,2013,2,5,75,76,82,218,97,175,0,1,1070,1424,62,85,17,12,75,27
151263,University of Indianapolis,2013,1,1,6,4,21,31,10,25,0,0,173,378,6,13,31,56,23,21
151290,Indiana Institute of Technology,2013,0,0,1,0,80,141,10,11,0,1,154,106,17,8,12,16,9,5
151306,University of Southern Indiana,2013,1,0,9,5,29,46,10,7,1,0,607,890,15,27,12,17,8,4
151324,Indiana State University,2013,1,2,10,11,278,445,58,60,2,1,631,939,46,59,9,12,75,15
151333,Indiana University-Kokomo,2013,1,1,3,3,4,9,14,20,1,0,125,241,11,12,4,10,1,1
151342,Indiana University-South Bend,2013,0,2,3,12,13,24,27,51,0,0,251,388,17,17,4,5,17,4
151351,Indiana University-Bloomington,2013,2,6,170,152,118,195,172,196,2,4,2916,2729,121,148,31,21,327,273
151360,Indiana University-Northwest,2013,0,0,12,15,29,67,60,101,1,1,153,231,8,11,4,2,0,1
151379,Indiana University-Southeast,2013,0,2,4,9,21,27,12,13,0,1,304,474,16,17,1,3,4,1
151388,Indiana University-East,2013,0,1,1,1,6,2,4,6,1,0,131,215,6,7,2,3,0,0
151777,Manchester University,2013,1,1,2,7,7,13,10,14,0,1,151,141,7,4,0,0,4,4
151786,Marian University,2013,0,0,0,1,15,11,12,7,0,0,135,132,6,8,5,2,0,0
151801,Indiana Wesleyan University-Marion,2013,1,2,3,5,62,191,13,24,0,1,392,628,13,20,0,0,1,2
151810,Martin University,2013,0,0,0,0,8,15,0,0,0,0,0,0,0,0,0,0,0,0
151962,Mid-America College of Funeral Service,2013,0,0,0,0,1,1,0,0,0,0,9,5,0,0,0,0,0,0
152080,University of Notre Dame,2013,2,2,47,60,47,42,104,115,0,0,783,656,50,58,4,4,40,56
152099,Oakland City University,2013,0,1,0,0,4,4,1,1,0,0,22,30,0,1,7,14,13,1
152318,Rose-Hulman Institute of Technology,2013,0,0,16,4,9,3,12,3,1,0,331,93,17,7,0,0,49,14
152336,University of Saint Francis-Fort Wayne,2013,2,0,1,1,20,13,7,19,1,0,89,213,4,5,6,4,0,0
152381,Saint Mary-of-the-Woods College,2013,0,4,0,2,0,7,0,0,0,0,0,47,0,0,0,1,0,0
152390,Saint Mary's College,2013,0,0,0,7,0,6,0,63,0,0,0,321,0,16,0,17,0,7
152530,Taylor University,2013,0,1,9,5,6,4,7,10,1,0,161,233,1,3,0,2,13,3
152567,Trine University,2013,0,2,0,0,8,1,9,5,1,0,240,87,8,3,5,1,1,1
152600,Valparaiso University,2013,0,0,9,6,30,30,21,42,1,0,306,339,14,12,8,6,44,8
152637,Vincennes University,2013,4,2,4,3,221,203,36,20,3,1,945,658,43,25,51,33,4,3
152673,Wabash College,2013,1,0,16,0,16,0,19,0,0,0,171,0,7,0,3,0,8,0
152798,Allen College,2013,0,0,0,0,0,0,0,0,0,0,0,1,0,0,0,0,0,0
152992,Briar Cliff University,2013,2,0,2,2,18,0,14,6,0,0,66,62,0,0,0,0,5,3
153001,Buena Vista University,2013,0,0,3,3,5,4,14,11,1,0,94,108,3,3,6,4,2,8
153108,Central College,2013,1,0,2,2,6,1,6,5,0,0,133,139,3,1,7,3,0,0
153126,Clarke University,2013,1,2,0,2,6,2,8,4,0,0,40,114,0,0,0,0,2,0
153144,Coe College,2013,1,1,3,7,6,10,12,17,0,0,122,188,5,5,5,2,4,1
153162,Cornell College,2013,0,1,3,2,7,9,20,23,1,0,77,97,6,6,3,6,7,2
153241,Divine Word College,2013,0,0,6,0,0,0,3,0,0,0,0,0,0,0,0,0,2,0
153250,Dordt University,2013,0,0,1,3,5,1,8,2,5,4,168,143,0,0,4,0,18,16
153269,Drake University,2013,2,3,19,32,17,11,13,17,0,0,282,414,6,5,1,5,15,8
153278,University of Dubuque,2013,2,1,4,0,68,18,31,18,2,0,141,117,13,6,12,7,1,0
153302,Emmaus Bible College,2013,0,1,0,0,1,1,5,2,1,0,7,11,1,0,1,2,0,0
153320,Faith Baptist Bible College and Theological Seminary,2013,1,0,0,0,2,0,0,3,0,0,19,35,0,0,0,0,0,0
153366,Graceland University-Lamoni,2013,2,1,1,1,29,7,23,15,5,3,95,104,6,7,11,1,11,4
153375,Grand View University,2013,0,1,2,2,21,4,4,4,0,0,111,125,8,6,3,2,4,1
153384,Grinnell College,2013,0,1,8,22,13,16,20,20,0,0,102,133,7,8,4,4,29,36
153427,Orion Technical College,2013,0,0,1,0,2,4,4,2,0,0,31,38,1,2,1,2,0,0
153603,Iowa State University,2013,8,5,102,67,88,63,161,135,5,1,2528,2116,73,66,168,117,222,138
153658,University of Iowa,2013,3,4,75,68,57,84,138,181,3,2,1347,1657,56,79,78,61,176,201
153825,Loras College,2013,0,0,1,2,9,1,19,13,0,0,174,170,0,7,8,6,2,2
153834,Luther College,2013,0,2,6,9,6,4,13,11,0,0,223,303,5,7,0,0,20,18
153861,Maharishi International University,2013,1,0,1,0,1,0,2,0,0,0,1,2,0,2,2,0,1,5
153977,Mercy College of Health Sciences,2013,0,0,0,2,0,1,0,0,0,0,5,24,0,0,0,0,0,0
154004,Morningside University,2013,2,1,3,2,1,1,9,9,0,0,131,171,6,6,7,7,1,0
154013,Mount Mercy University,2013,0,1,0,2,3,3,1,2,0,0,24,99,0,2,2,2,10,3
154022,Ashford University,2013,2,7,1,2,110,191,12,56,2,3,110,323,5,11,1,9,14,7
154095,University of Northern Iowa,2013,1,1,3,12,21,16,22,22,0,2,556,963,18,22,9,9,6,6
154101,Northwestern College,2013,0,0,0,2,3,1,9,8,0,0,104,132,6,4,8,1,5,1
154174,Palmer College of Chiropractic,2013,0,0,0,0,1,0,0,1,0,0,0,3,0,0,0,0,0,0
154235,Saint Ambrose University,2013,0,1,4,5,22,8,15,15,0,0,174,270,8,6,10,12,9,2
154262,St Luke's College,2013,0,0,0,0,0,0,0,0,0,0,0,1,0,0,0,0,0,0
154350,Simpson College,2013,0,1,2,2,6,4,2,9,0,0,135,198,1,2,2,6,2,1
154493,Upper Iowa University,2013,1,0,1,1,10,13,3,4,0,0,95,83,3,2,2,3,17,3
154518,Waldorf University,2013,0,1,2,0,6,4,3,5,0,2,41,42,0,0,0,0,12,1
154527,Wartburg College,2013,0,0,1,1,21,15,8,8,0,0,137,184,4,7,3,2,33,27
154590,William Penn University,2013,0,0,3,1,57,11,9,8,0,0,75,55,3,7,8,3,18,6
154688,Baker University,2013,3,3,0,1,10,7,12,7,2,1,84,88,1,1,10,5,0,0
154712,Benedictine College,2013,0,1,2,1,7,3,10,15,0,0,187,230,10,6,7,3,9,3
154721,Bethany College,2013,0,0,0,1,31,4,17,7,0,0,64,0,5,6,0,49,0,0
154749,Bethel College-North Newton,2013,1,1,0,0,21,5,11,2,0,0,41,36,3,1,0,0,0,1
154855,Central Christian College of Kansas,2013,2,2,1,1,15,12,10,4,2,2,59,39,3,2,10,6,0,3
155007,Donnelly College,2013,0,1,6,6,9,9,18,36,0,0,3,8,1,2,0,0,5,1
155025,Emporia State University,2013,0,2,2,2,22,13,17,32,0,0,153,355,13,38,1,4,10,4
155061,Fort Hays State University,2013,4,4,2,6,35,10,54,53,4,0,317,452,9,20,1,5,3,2
155070,Barclay College,2013,0,0,0,0,3,1,3,0,0,0,11,14,0,1,0,4,0,0
155089,Friends University,2013,1,1,1,2,10,7,5,3,0,0,62,66,5,7,6,2,0,0
155140,Haskell Indian Nations University,2013,81,64,0,0,0,0,0,0,0,0,0,0,0,0,0,0,0,0
155177,Hesston College,2013,1,0,1,1,8,5,4,5,0,0,44,59,1,2,2,1,15,14
155283,Concorde Career College-Kansas City,2013,0,2,4,4,8,40,1,14,1,2,13,99,1,7,0,11,0,0
155317,University of Kansas,2013,9,5,77,77,87,112,126,165,1,2,1451,1505,86,113,15,17,34,16
155335,Newman University,2013,0,3,5,3,1,6,8,15,0,1,41,64,2,4,0,0,7,4
155399,Kansas State University,2013,6,9,25,22,75,79,104,114,0,0,1481,1527,50,74,27,28,92,42
155414,Kansas Wesleyan University,2013,1,0,1,0,11,4,14,7,0,0,43,58,3,5,0,0,4,0
155496,Manhattan Christian College,2013,0,0,1,0,1,0,2,3,0,1,23,14,1,1,14,11,0,1
155511,McPherson College,2013,0,0,1,0,17,8,9,6,1,0,64,51,6,6,0,0,1,0
155520,MidAmerica Nazarene University,2013,0,1,0,0,9,9,5,5,1,0,55,76,0,0,26,31,0,0
155627,Ottawa University-Ottawa,2013,3,4,1,2,7,1,5,3,0,0,63,44,0,0,9,2,0,0
155681,Pittsburg State University,2013,8,11,6,4,29,23,35,26,2,1,452,458,29,34,2,0,6,2
155812,University of Saint Mary,2013,2,1,0,0,5,5,10,10,0,0,26,36,1,2,4,2,0,0
155900,Southwestern College,2013,1,3,0,1,2,4,8,2,0,0,48,44,1,3,0,0,10,1
155937,Sterling College,2013,1,1,0,0,8,3,14,8,2,0,57,59,0,0,8,8,0,0
155973,Tabor College,2013,0,2,0,0,18,0,13,8,1,0,56,49,4,2,2,0,4,0
156082,Washburn University,2013,1,0,0,1,17,19,26,41,0,1,129,176,13,14,132,198,7,4
156125,Wichita State University,2013,4,1,44,46,25,32,62,72,0,3,396,422,29,30,6,2,25,19
156189,Alice Lloyd College,2013,0,0,0,0,1,1,0,0,0,0,78,105,1,0,1,1,1,0
156213,Asbury University,2013,0,0,1,2,6,6,0,0,0,1,102,177,7,10,1,5,0,4
156286,Bellarmine University,2013,2,1,6,9,8,16,7,15,0,0,231,352,6,7,1,6,6,1
156295,Berea College,2013,1,0,1,2,17,43,13,7,2,1,121,135,7,15,4,0,15,13
156356,Brescia University,2013,0,0,1,1,5,4,2,3,0,0,43,69,2,1,7,11,2,0
156365,Campbellsville University,2013,0,2,0,0,47,9,3,6,0,0,189,215,6,7,1,2,23,12
156408,Centre College,2013,0,0,4,10,10,10,2,4,0,0,151,146,7,6,2,1,9,15
156417,Clear Creek Baptist Bible College,2013,0,0,0,0,0,0,0,0,0,0,5,0,0,0,0,0,0,0
156471,Galen College of Nursing-Louisville,2013,0,1,0,1,3,15,0,3,0,0,6,43,0,0,0,3,0,0
156541,University of the Cumberlands,2013,0,2,0,1,41,7,8,5,0,0,187,190,9,4,4,2,21,7
156620,Eastern Kentucky University,2013,6,1,7,8,86,99,20,23,0,2,799,1176,40,43,28,16,18,8
156745,Georgetown College,2013,0,1,1,2,17,9,1,1,0,0,67,121,9,2,7,3,2,0
157030,Kentucky Mountain Bible College,2013,0,0,0,0,0,0,0,0,0,0,12,6,0,0,0,0,0,2
157058,Kentucky State University,2013,1,1,0,1,160,238,7,6,0,0,30,30,12,10,9,14,0,0
157076,Kentucky Wesleyan College,2013,0,0,1,0,25,8,1,1,0,0,53,64,0,0,7,3,0,0
157085,University of Kentucky,2013,1,2,54,65,163,258,96,104,0,1,1498,1944,76,117,65,81,66,28
157100,Kentucky Christian University,2013,0,0,0,0,17,3,1,0,0,0,50,38,0,0,15,3,2,0
157216,Lindsey Wilson College,2013,0,1,1,0,29,11,2,1,0,1,154,174,6,4,66,63,0,0
157289,University of Louisville,2013,2,2,47,49,109,173,45,61,2,0,1131,1034,59,64,6,5,13,5
157377,Midway University,2013,0,0,0,0,0,6,1,8,0,0,5,50,0,4,0,1,0,4
157386,Morehead State University,2013,2,2,3,1,44,38,14,11,1,2,629,891,18,20,4,6,4,1
157401,Murray State University,2013,1,1,2,5,51,77,15,20,0,0,516,765,17,14,11,10,49,15
157447,Northern Kentucky University,2013,8,2,11,8,72,118,29,47,3,0,799,1038,24,37,4,2,11,5
157535,University of Pikeville,2013,2,0,1,0,59,9,2,1,0,0,133,167,0,0,0,0,8,4
157748,The Southern Baptist Theological Seminary,2013,0,1,3,0,1,1,0,1,0,0,50,38,0,0,1,0,0,0
157757,Spalding University,2013,0,0,0,2,12,9,0,3,0,0,40,100,5,5,1,5,0,0
157793,Sullivan University,2013,1,1,2,2,30,46,0,0,0,0,42,103,5,7,29,34,0,0
157809,Thomas More University,2013,0,0,1,1,20,2,6,2,0,0,108,107,7,5,2,2,0,1
157818,Transylvania University,2013,0,1,2,4,5,6,7,10,0,0,104,112,6,7,10,3,4,8
157863,Union College,2013,0,0,0,0,14,6,3,1,0,0,76,113,4,2,0,0,18,2
157951,Western Kentucky University,2013,4,3,19,18,237,221,32,68,2,1,908,1250,31,57,9,13,165,27
158477,Centenary College of Louisiana,2013,1,1,1,3,9,12,3,3,0,0,38,47,4,4,0,0,0,1
158802,Dillard University,2013,0,0,0,0,51,148,1,1,0,0,0,0,0,0,3,11,6,3
159009,Grambling State University,2013,1,0,0,0,280,382,4,5,0,0,3,5,2,12,0,0,1,6
159382,Louisiana State University-Alexandria,2013,1,2,2,2,8,28,9,9,0,0,98,167,2,3,0,0,1,0
159391,Louisiana State University and Agricultural & Mechanical College,2013,5,11,111,110,263,445,141,174,4,5,1785,2192,67,110,0,4,42,29
159416,Louisiana State University-Shreveport,2013,3,2,2,4,27,38,3,10,0,1,87,121,7,6,7,9,4,3
159568,Louisiana Christian University,2013,2,0,0,0,59,20,3,0,0,0,77,94,0,2,1,0,6,1
159647,Louisiana Tech University,2013,5,3,2,4,122,74,10,4,0,0,647,453,21,25,64,45,10,15
159656,Loyola University New Orleans,2013,0,1,4,13,52,71,41,71,1,0,106,163,22,31,10,12,9,13
159717,McNeese State University,2013,4,1,4,8,87,159,19,21,1,2,357,576,11,30,0,1,19,12
159939,University of New Orleans,2013,2,0,44,36,71,78,44,60,0,0,222,189,17,18,8,5,28,20
159948,New Orleans Baptist Theological Seminary,2013,0,0,1,1,2,1,0,1,0,0,12,8,0,0,9,0,0,1
159966,Nicholls State University,2013,6,9,6,6,74,134,15,17,1,1,300,428,19,23,1,6,9,4
159993,University of Louisiana at Monroe,2013,2,2,5,12,120,252,10,22,1,2,270,510,14,29,5,21,26,15
160038,Northwestern State University of Louisiana,2013,6,9,1,3,125,227,41,58,0,0,231,386,17,24,5,15,5,7
160065,University of Holy Cross,2013,0,1,0,2,2,11,0,2,0,0,7,27,0,1,0,1,0,0
160074,Franciscan Missionaries of Our Lady University,2013,0,1,0,4,2,11,0,3,0,0,8,77,0,0,0,1,0,0
160409,Saint Joseph Seminary College,2013,0,0,0,0,1,0,3,0,0,0,10,0,0,0,0,0,0,0
160612,Southeastern Louisiana University,2013,2,4,5,11,170,279,58,113,3,1,639,912,34,82,15,8,24,10
160621,Southern University and A & M College,2013,2,0,1,0,397,647,2,5,0,1,17,6,9,14,1,1,0,1
160630,Southern University at New Orleans,2013,0,0,0,1,58,116,1,3,0,0,1,1,0,0,1,18,0,0
160658,University of Louisiana at Lafayette,2013,9,7,24,12,274,323,41,47,2,1,820,984,35,36,9,12,31,12
160755,Tulane University of Louisiana,2013,2,2,24,36,24,27,26,42,1,0,525,750,22,37,26,33,15,17
160904,Xavier University of Louisiana,2013,0,1,29,27,131,402,2,14,0,0,7,17,5,22,1,2,7,7
160959,College of the Atlantic,2013,0,0,0,3,2,2,5,5,0,0,26,43,0,1,0,0,4,12
160977,Bates College,2013,0,0,8,22,28,11,22,15,0,1,182,160,9,9,0,1,21,11
161004,Bowdoin College,2013,0,1,10,18,9,18,32,27,0,0,158,163,19,12,1,2,16,11
161022,Maine College of Health Professions,2013,0,0,0,0,0,0,0,0,0,0,0,2,0,0,0,0,0,0
161086,Colby College,2013,0,1,12,17,10,8,18,13,0,0,130,132,11,15,24,27,38,27
161217,University of Maine at Augusta,2013,1,10,2,0,3,1,1,2,0,0,74,150,3,5,13,7,1,0
161226,University of Maine at Farmington,2013,0,3,1,1,5,4,7,6,0,0,113,242,5,13,10,26,1,1
161235,University of Maine at Fort Kent,2013,3,1,1,0,1,3,0,2,0,0,38,91,0,1,1,2,4,7
161253,University of Maine,2013,12,13,19,7,29,25,36,31,0,0,936,794,31,35,65,73,22,20
161299,Maine Maritime Academy,2013,1,0,3,1,2,0,5,0,0,0,187,28,0,0,6,1,0,0
161341,University of Maine at Presque Isle,2013,1,4,0,0,2,1,1,1,0,0,62,83,4,2,3,5,3,6
161457,University of New England,2013,0,5,8,11,6,3,0,1,0,0,114,282,1,2,45,152,1,2
161509,Maine College of Art & Design,2013,0,0,0,1,1,1,1,9,0,0,22,60,1,6,0,1,0,0
161518,Saint Joseph's College of Maine,2013,0,1,1,2,1,2,1,0,0,0,31,90,0,0,68,107,0,0
161554,University of Southern Maine,2013,5,7,8,6,12,12,6,11,0,0,258,340,5,8,26,31,2,4
161563,Thomas College,2013,2,1,0,1,8,4,8,5,0,0,81,92,20,11,5,8,9,1
161572,Unity Environmental University,2013,9,0,3,0,1,1,1,5,0,0,69,53,0,4,0,0,0,0
161873,University of Baltimore,2013,0,0,5,6,51,87,3,10,1,0,27,27,6,9,0,1,0,3
162007,Bowie State University,2013,1,0,2,1,227,335,6,15,0,1,1,4,10,13,1,3,3,2
162061,Capitol Technology University,2013,0,0,2,0,17,2,4,3,0,0,19,3,0,1,0,0,0,0
162210,Washington Adventist University,2013,0,1,5,5,29,36,3,19,0,0,2,5,2,1,8,9,0,1
162283,Coppin State University,2013,0,0,0,0,85,203,4,5,0,0,1,4,5,5,2,11,10,18
162584,Frostburg State University,2013,0,1,6,6,172,153,31,31,1,0,257,181,17,16,5,2,8,2
162654,Goucher College,2013,1,0,3,14,7,25,7,24,0,0,96,184,3,12,7,12,5,1
162760,Hood College,2013,0,1,1,14,17,32,13,8,0,0,65,95,6,13,4,4,5,3
162928,Johns Hopkins University,2013,0,1,152,135,30,49,86,87,0,1,315,289,35,31,11,25,71,72
163046,Loyola University Maryland,2013,1,0,11,21,28,30,51,60,0,1,371,491,11,13,1,3,3,0
163204,University of Maryland Global Campus,2013,0,0,1,2,17,21,4,5,0,0,16,7,1,6,4,4,0,0
163268,University of Maryland-Baltimore County,2013,1,2,210,187,93,92,56,28,0,1,455,288,39,36,60,42,35,28
163286,University of Maryland-College Park,2013,0,0,379,302,219,301,200,190,1,1,1150,906,75,82,22,41,73,69
163295,Maryland Institute College of Art,2013,0,0,6,44,8,11,6,15,1,0,66,169,5,20,5,11,1,32
163338,University of Maryland Eastern Shore,2013,1,0,4,6,189,255,1,7,0,1,24,23,24,46,3,1,8,11
163453,Morgan State University,2013,0,1,2,0,338,423,11,23,0,1,3,2,9,19,7,16,20,11
163462,Mount St. Mary's University,2013,0,0,2,8,21,21,16,21,2,0,145,170,7,11,1,2,0,2
163532,Ner Israel Rabbinical College,2013,0,0,0,0,0,0,0,0,0,0,41,0,0,0,0,0,0,0
163578,Notre Dame of Maryland University,2013,0,3,0,18,0,20,0,6,0,0,0,53,0,0,0,2,0,2
163851,Salisbury University,2013,0,0,10,23,34,63,26,36,2,0,364,543,24,31,35,35,12,3
163912,St. Mary's College of Maryland,2013,1,0,6,9,16,21,12,21,0,0,104,163,5,9,11,4,1,0
163976,St. John's College,2013,0,1,2,3,1,2,3,4,0,0,50,33,3,1,2,1,9,7
164076,Towson University,2013,0,4,49,96,127,251,51,97,1,1,660,1135,39,73,44,82,24,13
164155,United States Naval Academy,2013,3,4,65,20,66,16,96,25,4,1,589,174,54,23,12,1,16,2
164173,Stevenson University,2013,0,2,12,8,69,155,12,24,0,1,174,235,7,18,18,17,0,0
164216,Washington College,2013,2,0,1,6,9,9,2,11,0,0,104,153,7,6,6,9,16,8
164270,McDaniel College,2013,1,0,4,12,27,35,14,18,0,1,172,150,0,0,8,11,0,0
164447,American International College,2013,1,0,0,2,67,53,11,13,1,1,61,79,9,19,14,13,0,0
164465,Amherst College,2013,0,0,31,30,22,35,30,33,0,0,108,89,10,16,8,10,22,22
164492,Anna Maria College,2013,0,0,0,4,18,11,4,10,1,0,55,111,3,5,12,8,0,0
164562,Assumption University,2013,1,0,9,4,20,12,14,31,0,0,145,196,6,8,18,31,2,5
164580,Babson College,2013,0,2,27,31,18,10,21,22,0,0,120,91,4,9,13,11,49,61
164614,Boston Baptist College,2013,0,0,0,0,0,0,2,0,0,0,8,4,0,0,1,2,0,0
164632,Bay Path University,2013,0,0,0,3,0,14,0,19,0,0,0,78,0,3,0,16,0,3
164739,Bentley University,2013,0,1,47,36,22,11,53,31,0,0,384,222,9,8,14,14,75,47
164748,Berklee College of Music,2013,0,2,19,13,40,14,43,26,1,0,250,113,28,23,66,36,153,82
164872,Boston Architectural College,2013,0,0,0,0,2,0,3,2,0,0,2,1,0,1,2,0,2,0
164924,Boston College,2013,1,2,122,115,42,44,75,139,0,0,689,739,32,34,48,73,56,94
164988,Boston University,2013,3,0,178,287,40,84,143,254,2,3,618,1015,46,122,66,162,349,435
165015,Brandeis University,2013,0,1,56,44,21,36,30,40,0,0,171,199,8,10,29,41,61,86
165024,Bridgewater State University,2013,1,1,15,17,50,68,45,61,0,1,446,691,12,34,5,2,2,0
165167,Cambridge College,2013,0,0,9,3,1,2,0,1,0,0,4,3,0,2,0,2,0,1
165264,Laboure College of Healthcare,2013,0,0,0,0,0,1,0,0,0,0,0,1,0,0,0,0,0,0
165334,Clark University,2013,0,0,8,25,4,22,23,30,0,1,154,219,8,9,10,30,25,46
165529,Curry College,2013,0,1,4,7,21,35,20,19,0,0,203,245,5,15,19,32,13,1
165574,Dean College,2013,1,2,2,5,94,23,26,11,1,0,114,111,9,9,30,24,40,26
165644,Eastern Nazarene College,2013,0,0,2,3,13,17,9,17,1,0,37,53,1,7,0,3,2,0
165662,Emerson College,2013,0,0,12,23,10,14,33,56,1,1,224,377,11,37,8,17,5,33
165671,Emmanuel College,2013,1,0,8,12,4,9,11,30,0,2,92,290,2,10,10,26,0,8
165699,Endicott College,2013,1,0,2,9,8,4,11,11,0,0,207,338,4,8,11,23,0,4
165802,Fisher College,2013,0,0,0,6,20,29,9,24,0,0,20,56,1,2,36,67,12,10
165820,Fitchburg State University,2013,0,0,11,7,18,27,33,46,0,0,260,339,11,16,4,13,4,1
165866,Framingham State University,2013,2,0,3,6,31,38,28,60,0,0,173,416,7,29,4,7,0,0
165884,Benjamin Franklin Cummings Institute of Technology,2013,0,0,12,0,52,9,50,2,0,0,38,1,7,1,8,1,1,0
165936,Gordon College,2013,1,2,4,15,9,9,9,22,0,2,135,224,2,10,0,0,15,18
166018,Hampshire College,2013,0,1,1,5,3,5,13,20,1,0,117,165,9,14,2,9,7,9
166027,Harvard University,2013,4,2,145,162,61,55,71,96,3,1,398,317,58,52,21,27,108,77
166054,Hellenic College-Holy Cross Greek Orthodox School of Theology,2013,0,0,0,0,0,0,0,0,0,0,10,4,0,0,0,0,0,2
166124,College of the Holy Cross,2013,1,0,19,24,8,13,41,35,0,0,258,241,11,9,24,26,6,3
166391,Lasell University,2013,0,0,2,13,6,25,28,18,0,0,94,221,5,11,20,27,7,7
166452,Lesley University,2013,0,0,3,11,5,5,9,31,0,1,47,162,3,8,6,23,1,2
166513,University of Massachusetts-Lowell,2013,0,0,94,53,35,29,73,65,0,0,728,386,28,14,67,31,16,5
166629,University of Massachusetts-Amherst,2013,0,5,205,203,73,75,110,110,3,0,1605,1483,52,83,256,241,102,77
166638,University of Massachusetts-Boston,2013,0,0,109,117,70,96,78,97,0,0,206,252,18,15,36,36,124,59
166656,MCPHS University,2013,1,3,101,166,19,33,9,15,0,0,117,313,2,4,8,16,53,52
166674,Massachusetts College of Art and Design,2013,0,0,3,21,2,4,8,21,0,0,68,178,1,1,10,29,5,15
166683,Massachusetts Institute of Technology,2013,4,0,124,166,37,15,129,59,0,0,214,202,30,29,13,8,58,27
166692,Massachusetts Maritime Academy,2013,9,2,9,0,4,1,1,0,0,0,246,47,0,0,9,3,0,1
166850,Merrimack College,2013,0,1,7,11,16,10,20,25,0,0,286,298,8,10,32,48,17,5
166911,Montserrat College of Art,2013,0,1,0,0,3,3,3,5,1,1,13,61,0,1,2,8,0,0
166939,Mount Holyoke College,2013,0,1,0,62,0,29,0,37,0,0,0,235,0,15,0,3,0,129
167057,The New England Conservatory of Music,2013,0,0,1,8,2,0,4,4,0,0,31,17,1,2,0,0,15,8
167260,Nichols College,2013,0,0,3,2,18,2,16,13,0,0,192,114,11,4,0,0,4,0
167288,Massachusetts College of Liberal Arts,2013,1,0,2,4,17,24,3,17,0,0,63,119,2,4,3,12,0,0
167358,Northeastern University,2013,0,0,130,180,41,50,97,139,0,0,688,737,45,75,100,127,245,237
167394,College of Our Lady of the Elms,2013,0,0,1,3,11,9,6,14,0,0,20,86,0,0,11,24,2,0
167598,Regis College,2013,0,1,3,21,11,52,10,27,0,1,24,93,1,7,4,8,1,2
167729,Salem State University,2013,1,1,7,33,30,34,40,98,0,0,293,481,6,14,8,13,6,9
167783,Simmons University,2013,0,1,0,46,0,19,0,26,0,0,0,217,0,6,0,20,0,3
167792,Bard College at Simon's Rock,2013,0,0,6,3,2,6,1,2,0,1,29,53,6,7,6,5,7,10
167835,Smith College,2013,0,1,0,90,0,26,0,63,0,0,0,261,0,30,0,64,0,108
167899,Springfield College,2013,0,1,1,0,20,10,25,5,0,1,196,224,12,5,1,3,6,0
167987,University of Massachusetts-Dartmouth,2013,1,0,33,24,82,119,72,79,1,0,544,393,33,33,47,33,3,1
167996,Stonehill College,2013,0,0,6,10,15,8,10,25,0,0,199,294,7,6,10,16,1,3
168005,Suffolk University,2013,0,2,46,78,23,51,55,94,0,0,171,278,6,17,63,106,108,61
168148,Tufts University,2013,0,0,68,94,20,29,39,32,0,0,392,348,23,32,41,58,67,64
168218,Wellesley College,2013,0,0,0,161,0,39,0,61,0,0,0,221,0,40,0,10,0,58
168227,Wentworth Institute of Technology,2013,4,1,43,12,26,6,14,6,0,0,456,95,22,5,90,30,54,13
168254,Western New England University,2013,0,0,8,12,26,19,31,30,0,0,343,195,3,5,5,3,6,3
168263,Westfield State University,2013,0,1,8,5,24,33,39,52,0,0,498,529,24,34,11,25,2,0
168281,Wheaton College (Massachusetts),2013,1,0,9,17,9,16,7,23,0,1,104,190,8,8,4,5,16,40
168342,Williams College,2013,0,1,25,31,19,19,32,37,0,0,160,142,18,23,0,0,19,18
168421,Worcester Polytechnic Institute,2013,4,0,41,20,16,6,57,45,0,0,427,205,20,18,73,34,99,38
168430,Worcester State University,2013,5,1,15,20,14,11,38,38,1,0,212,360,10,9,12,15,8,6
168528,Adrian College,2013,3,0,3,1,47,16,3,9,0,0,144,165,9,9,36,12,1,0
168546,Albion College,2013,1,0,5,3,5,5,5,10,1,0,136,153,4,3,6,6,1,2
168591,Alma College,2013,0,1,2,5,5,2,6,4,0,0,146,173,4,6,10,13,1,0
168607,Alpena Community College,2013,4,2,0,0,7,0,2,1,0,1,163,134,0,0,1,1,0,0
168740,Andrews University,2013,0,2,25,27,23,36,10,25,0,1,37,44,3,6,3,9,24,32
168786,Aquinas College,2013,0,2,1,4,7,4,10,15,0,0,115,212,4,7,2,6,0,1
168847,Baker College,2013,2,1,1,1,70,91,8,11,0,0,210,254,9,14,0,0,0,0
169080,Calvin University,2013,1,1,19,19,13,13,16,28,0,0,339,403,23,25,10,11,39,46
169248,Central Michigan University,2013,6,9,11,17,85,140,67,79,1,0,1066,1334,52,55,15,17,5,5
169327,Cleary University,2013,0,0,0,0,1,0,2,0,0,0,18,17,0,0,2,2,0,1
169363,Concordia University Ann Arbor,2013,0,3,1,0,22,6,4,0,0,0,61,66,10,0,7,4,0,0
169442,College for Creative Studies,2013,0,0,6,7,14,10,11,3,2,0,51,67,0,4,12,13,13,5
169479,Davenport University,2013,4,1,2,4,18,16,4,1,0,0,191,152,7,7,14,21,3,6
169716,University of Detroit Mercy,2013,1,0,6,12,17,27,12,9,0,0,113,170,10,18,27,47,11,11
169798,Eastern Michigan University,2013,1,5,20,29,259,390,59,77,0,0,739,1066,58,88,6,16,19,16
169910,Ferris State University,2013,4,9,8,6,82,90,31,35,0,0,746,819,45,44,19,12,23,9
169983,Kettering University,2013,0,0,13,1,9,6,14,5,0,0,240,51,17,1,7,2,7,2
170000,Grace Christian University,2013,0,0,0,1,4,7,3,1,0,0,46,49,2,2,0,1,0,0
170037,Cornerstone University,2013,1,0,0,2,11,11,7,3,0,1,125,181,0,2,0,0,7,5
170082,Grand Valley State University,2013,4,5,35,56,68,175,65,95,2,0,1371,2035,49,77,1,2,9,14
170091,Great Lakes Christian College,2013,0,0,0,0,7,0,0,0,0,0,14,13,1,1,3,0,0,0
170240,Henry Ford College,2013,6,2,28,17,179,237,18,20,1,0,392,396,20,34,95,109,8,2
170301,Hope College,2013,0,0,4,15,8,9,27,40,0,0,253,426,6,4,0,2,8,9
170444,Jackson College,2013,2,4,2,3,74,60,11,18,0,0,244,322,18,12,31,22,2,5
170532,Kalamazoo College,2013,2,0,13,16,4,15,17,14,0,0,134,147,10,14,21,14,14,18
170639,Lake Superior State University,2013,16,16,1,1,3,5,4,4,0,0,153,167,0,0,4,4,14,6
170675,Lawrence Technological University,2013,0,0,10,3,14,10,10,4,0,0,184,72,0,0,16,11,13,6
170806,Madonna University,2013,0,0,0,2,24,5,1,6,0,0,44,103,3,4,0,0,3,3
170967,Rochester University,2013,1,0,0,3,13,8,2,1,0,0,42,49,3,3,8,5,9,3
170976,University of Michigan-Ann Arbor,2013,4,3,386,379,105,140,140,138,1,2,1876,2036,84,121,256,257,153,95
171100,Michigan State University,2013,6,8,216,158,217,363,133,168,0,3,2408,2687,91,118,36,24,741,547
171128,Michigan Technological University,2013,2,1,10,4,7,2,24,7,1,0,824,265,25,11,28,13,22,6
171137,University of Michigan-Dearborn,2013,3,1,45,32,27,50,30,37,0,0,365,259,14,24,7,1,11,2
171146,University of Michigan-Flint,2013,2,2,6,4,25,86,8,16,0,0,175,213,9,18,18,9,66,8
171456,Northern Michigan University,2013,16,21,0,8,37,32,30,30,0,2,611,757,15,16,24,29,9,5
171483,Northwestern Michigan College,2013,2,2,6,5,1,7,7,7,0,1,249,243,8,9,11,10,1,3
171492,Northwood University,2013,2,0,1,0,23,2,7,4,5,2,130,101,4,4,4,0,5,4
171571,Oakland University,2013,1,9,61,64,90,121,43,41,2,2,758,1042,45,59,43,40,21,11
171599,The University of Olivet,2013,0,1,3,2,34,8,9,9,0,0,125,79,7,0,0,0,2,0
171881,Kuyper College,2013,0,0,1,1,1,0,1,0,0,0,13,17,0,2,0,1,0,0
172033,Sacred Heart Major Seminary,2013,0,0,0,0,0,0,0,0,0,0,0,0,0,0,0,0,1,0
172051,Saginaw Valley State University,2013,2,8,1,5,95,131,24,32,0,0,410,613,10,21,62,117,36,15
172200,Schoolcraft Community College District,2013,4,5,19,10,106,138,21,20,0,1,334,317,9,17,30,30,7,6
172264,Siena Heights University,2013,1,2,2,1,33,9,14,12,0,0,104,112,5,3,0,0,2,0
172334,Spring Arbor University,2013,2,0,1,3,9,18,5,7,0,0,91,199,5,9,7,7,4,0
172644,Wayne State University,2013,2,1,129,138,149,246,46,78,2,0,513,574,32,45,24,42,27,27
172699,Western Michigan University,2013,2,6,26,23,185,252,103,99,1,4,1125,1149,57,59,13,13,27,14
172866,Academy College,2013,0,0,0,0,2,0,0,0,0,0,6,1,0,0,0,0,0,0
173045,Augsburg University,2013,0,1,9,21,17,26,17,18,0,0,110,106,16,13,51,48,3,7
173124,Bemidji State University,2013,4,16,2,6,6,1,7,10,0,0,346,345,12,15,17,18,7,4
173142,Bethany Lutheran College,2013,1,1,0,1,5,0,1,3,0,0,53,64,1,4,5,4,0,3
173160,Bethel University,2013,0,0,4,10,8,8,6,16,0,0,202,340,4,7,2,1,0,2
173258,Carleton College,2013,1,1,21,36,11,11,18,16,1,1,167,160,16,9,4,6,20,28
173300,Concordia College at Moorhead,2013,3,5,6,5,9,4,10,9,0,0,226,353,3,5,16,19,4,7
173328,Concordia University-Saint Paul,2013,0,0,15,19,22,20,4,7,0,0,73,64,9,8,1,4,29,7
173452,Martin Luther College,2013,0,0,0,1,3,2,1,0,0,0,71,79,1,0,0,0,3,3
173647,Gustavus Adolphus College,2013,0,0,5,20,4,5,11,9,0,0,250,262,12,11,1,0,13,7
173665,Hamline University,2013,0,2,12,29,12,11,13,16,0,0,154,234,20,24,7,1,0,1
173902,Macalester College,2013,1,0,8,29,6,9,13,15,0,0,164,218,14,13,0,0,21,44
173920,Minnesota State University-Mankato,2013,4,4,41,74,67,73,41,60,0,1,818,1043,32,50,26,13,60,29
174020,Metropolitan State University,2013,0,0,19,14,3,2,0,2,0,0,9,3,2,1,0,1,7,1
174066,University of Minnesota-Twin Cities,2013,3,3,222,293,65,109,79,94,0,1,1996,2175,103,104,5,3,154,129
174075,University of Minnesota-Crookston,2013,0,1,0,0,7,1,3,3,2,0,79,83,5,2,3,3,3,5
174127,Minneapolis College of Art and Design,2013,0,2,3,5,2,0,2,4,0,0,22,49,0,0,5,21,0,0
174154,Herzing University-Minneapolis,2013,0,0,0,1,1,0,0,0,0,0,0,0,0,0,0,4,0,0
174233,University of Minnesota-Duluth,2013,2,2,30,29,26,20,18,26,1,0,938,852,36,35,3,1,23,8
174251,University of Minnesota-Morris,2013,7,16,7,5,5,6,6,12,0,0,138,205,22,31,0,0,3,5
174358,Minnesota State University Moorhead,2013,4,5,3,8,10,7,14,13,0,1,254,474,11,18,21,33,27,41
174437,North Central University,2013,0,0,2,0,5,0,11,10,0,1,75,114,4,5,5,13,1,0
174491,University of Northwestern-St Paul,2013,0,0,9,4,10,5,0,2,0,0,151,255,6,10,4,5,1,2
174507,Northwestern Health Sciences University,2013,0,1,1,0,1,0,0,1,0,0,2,3,0,0,0,0,0,0
174525,Oak Hills Christian College,2013,1,1,0,0,0,0,0,1,0,0,13,12,0,0,0,0,0,0
174747,College of Saint Benedict,2013,0,0,0,31,0,15,0,36,0,1,0,422,0,16,0,0,0,17
174783,Saint Cloud State University,2013,4,4,50,64,48,54,32,33,0,0,546,677,20,33,4,6,54,30
174792,Saint Johns University,2013,0,0,8,0,26,0,32,0,2,0,400,0,11,0,0,0,18,0
174817,Saint Mary's University of Minnesota,2013,1,1,1,3,8,4,11,17,0,0,82,108,1,1,27,31,7,4
174844,St Olaf College,2013,0,0,18,28,5,4,10,25,0,0,244,315,7,22,11,12,24,27
174862,Crown College,2013,1,0,6,4,18,9,14,4,1,0,65,64,1,1,0,0,6,4
174899,The College of Saint Scholastica,2013,0,4,4,7,5,9,3,9,0,0,109,245,1,5,2,2,13,13
174914,University of St Thomas,2013,0,2,22,24,14,7,37,26,0,0,608,555,16,20,8,10,12,7
175005,St Catherine University,2013,0,3,1,70,1,49,2,38,0,2,1,217,0,14,1,14,0,6
175014,Rasmussen University-Minnesota,2013,0,2,0,2,5,5,2,2,0,0,29,82,1,4,7,20,0,0
175078,Southwest Minnesota State University,2013,2,0,8,5,10,9,11,10,0,0,139,209,12,13,7,1,3,6
175227,Dunwoody College of Technology,2013,2,0,5,0,12,1,5,0,0,0,119,11,3,0,33,1,0,0
175272,Winona State University,2013,1,0,11,23,20,12,25,29,0,0,470,939,17,17,9,12,26,19
175342,Alcorn State University,2013,0,1,0,0,203,312,2,1,0,1,3,4,7,5,0,0,0,6
175421,Belhaven University,2013,0,0,1,4,34,18,11,5,0,0,46,76,3,3,6,10,0,0
175430,Blue Mountain Christian University,2013,0,0,0,1,6,1,1,0,0,0,29,41,0,1,0,0,1,0
175616,Delta State University,2013,0,0,1,2,57,100,6,4,1,0,78,117,1,1,0,0,6,7
175856,Jackson State University,2013,1,0,2,2,440,579,1,8,0,0,13,24,11,14,0,0,0,0
175980,Millsaps College,2013,2,1,3,4,11,9,5,1,0,0,71,59,0,1,2,0,2,0
176017,University of Mississippi,2013,4,5,25,24,160,326,51,64,4,2,1264,1512,24,46,0,0,33,20
176035,Mississippi University for Women,2013,0,0,0,2,8,67,0,0,0,0,15,78,1,1,0,0,5,5
176044,Mississippi Valley State University,2013,0,0,0,0,184,213,5,1,0,0,6,5,0,0,19,26,0,0
176053,Mississippi College,2013,3,1,6,7,62,28,8,8,0,0,194,243,6,11,2,3,3,3
176080,Mississippi State University,2013,6,6,16,15,323,438,32,42,1,3,1049,1138,23,26,6,1,13,11
176318,Rust College,2013,0,0,0,0,90,168,0,0,0,0,0,0,0,0,0,4,3,2
176336,Southeastern Baptist College,2013,0,0,0,0,2,1,0,0,0,0,3,1,0,0,0,0,0,0
176372,University of Southern Mississippi,2013,3,1,5,9,235,479,25,32,1,0,291,583,14,39,0,0,2,7
176406,Tougaloo College,2013,1,0,0,0,46,104,0,0,0,0,2,0,0,0,0,0,0,0
176479,William Carey University,2013,3,0,2,1,9,11,2,1,0,0,61,72,0,0,0,2,10,5
176628,Avila University,2013,0,2,2,0,9,8,5,14,0,0,34,95,4,5,0,0,3,1
176664,Mission University,2013,1,1,0,0,1,0,1,2,0,0,24,25,0,0,0,0,0,0
176770,Cox College,2013,0,1,0,0,0,0,0,0,0,0,0,6,0,0,0,0,0,0
176789,Calvary University,2013,0,0,0,0,5,1,0,0,0,0,9,21,1,0,0,0,0,0
176910,Central Christian College of the Bible,2013,0,0,0,0,0,1,1,0,0,0,20,25,1,1,0,0,0,0
176947,Central Methodist University-College of Liberal Arts and Sciences,2013,1,0,0,0,24,3,2,3,0,0,106,131,5,6,2,1,7,0
176965,University of Central Missouri,2013,0,2,6,6,47,122,27,22,0,0,508,601,27,38,154,156,17,13
177065,Columbia College,2013,0,3,1,4,70,135,22,25,2,3,132,221,7,14,10,16,3,3
177083,Conception Seminary College,2013,0,0,0,0,0,0,2,0,0,0,8,0,0,0,9,0,0,0
177117,Cottey College,2013,0,2,0,0,0,3,0,15,0,1,0,90,0,5,0,0,0,8
177144,Culver-Stockton College,2013,1,1,0,2,18,10,7,3,1,0,67,103,4,1,0,0,2,0
177214,Drury University,2013,3,1,3,4,9,7,2,7,0,0,147,218,3,3,0,0,18,8
177339,Evangel University,2013,3,0,1,7,18,11,9,14,0,0,150,206,7,10,10,12,0,0
177418,Fontbonne University,2013,0,0,1,0,5,3,1,1,0,0,50,83,2,0,0,0,8,3
177542,Hannibal-LaGrange University,2013,1,1,0,0,8,4,0,1,1,0,53,91,5,0,0,0,20,7
177551,Harris-Stowe State University,2013,2,1,0,1,56,93,1,0,0,0,8,1,2,6,4,4,3,0
177746,Kansas City Art Institute,2013,0,0,0,2,5,10,7,4,0,0,15,63,5,12,6,12,0,0
177940,Lincoln University,2013,0,0,0,0,109,137,1,3,0,0,65,61,2,3,8,7,2,2
177968,Lindenwood University,2013,3,3,6,3,62,66,42,25,3,1,322,395,15,15,90,97,100,63
178059,Maryville University of Saint Louis,2013,0,0,7,5,8,7,4,12,0,0,112,204,6,10,6,11,0,0
178208,Midwestern Baptist Theological Seminary,2013,0,0,0,0,0,0,1,0,0,0,19,13,0,0,0,1,0,0
178244,Missouri Baptist University,2013,0,2,2,0,29,10,1,9,0,0,84,85,4,9,11,11,4,3
178341,Missouri Southern State University,2013,12,11,10,7,36,28,14,13,0,2,245,346,1,1,16,10,6,4
178369,Missouri Valley College,2013,3,2,3,2,90,12,7,5,0,2,123,96,0,0,6,7,40,14
178387,Missouri Western State University,2013,2,2,4,6,64,40,7,2,0,1,279,379,13,15,9,14,1,7
178396,University of Missouri-Columbia,2013,7,6,72,60,206,371,119,120,0,1,2267,2505,86,119,16,10,55,40
178402,University of Missouri-Kansas City,2013,2,2,36,54,65,136,35,46,0,0,240,321,19,35,20,10,25,14
178411,Missouri University of Science and Technology,2013,0,0,24,15,38,13,25,3,0,1,797,223,26,14,37,11,12,5
178420,University of Missouri-St Louis,2013,2,5,28,32,17,53,7,9,0,1,96,160,5,8,7,8,18,8
178615,Truman State University,2013,1,1,8,16,12,16,22,21,2,0,459,669,7,20,6,9,25,31
178624,Northwest Missouri State University,2013,4,1,1,2,68,54,22,26,0,1,420,611,22,26,9,2,29,15
178679,Ozark Christian College,2013,1,0,0,1,1,0,4,1,0,0,76,79,9,3,0,0,0,0
178697,College of the Ozarks,2013,1,3,2,0,2,0,4,3,0,0,178,151,5,3,0,0,3,0
178721,Park University,2013,0,0,0,1,3,3,5,5,0,1,23,76,1,1,0,0,32,6
178767,Stevens-The Institute of Business & Arts,2013,0,0,0,0,0,4,0,0,0,0,0,0,0,0,0,0,0,0
178891,Ranken Technical College,2013,6,0,3,1,67,6,6,0,0,0,404,17,5,0,3,1,0,0
179043,Rockhurst University,2013,0,0,5,4,3,8,11,14,1,0,113,197,8,11,26,29,6,1
179159,Saint Louis University,2013,0,1,77,87,27,40,20,28,0,0,457,652,54,65,10,6,76,38
179265,University of Health Sciences and Pharmacy in St. Louis,2013,0,1,23,31,5,6,0,1,0,0,50,89,2,3,15,16,1,3
179326,Southwest Baptist University,2013,1,2,2,3,28,7,5,1,1,2,148,224,7,2,11,14,0,0
179548,Stephens College,2013,0,0,0,3,0,29,0,2,0,1,0,123,0,9,0,1,0,0
179557,Southeast Missouri State University,2013,2,5,7,9,72,123,9,21,0,0,560,698,0,0,5,10,36,26
179566,Missouri State University-Springfield,2013,5,8,11,25,67,99,35,57,1,3,865,1368,37,67,14,5,25,8
179867,Washington University in St Louis,2013,1,0,158,164,30,47,55,45,0,1,448,411,31,34,15,23,66,66
179894,Webster University,2013,0,0,8,7,33,25,16,17,0,1,157,157,11,10,20,21,2,2
179946,Westminster College,2013,2,4,3,1,8,5,5,8,0,0,86,86,1,2,5,3,27,20
179955,William Jewell College,2013,1,0,1,4,10,7,8,6,0,0,88,101,5,11,5,8,2,2
179964,William Woods University,2013,0,1,0,0,0,3,1,2,0,0,36,139,0,4,1,6,0,0
180106,Carroll College,2013,1,2,1,0,2,1,6,9,0,0,99,152,5,5,15,13,4,0
180179,Montana State University Billings,2013,17,21,4,2,4,3,21,28,0,0,243,293,10,8,3,2,4,3
180258,University of Providence,2013,4,4,0,0,3,0,4,8,0,0,40,70,3,2,3,5,4,0
180416,Montana Technological University,2013,5,1,0,1,0,0,0,1,0,0,164,73,0,0,11,1,4,1
180461,Montana State University,2013,20,17,17,13,14,3,49,25,0,1,1189,892,27,23,17,8,19,11
180489,The University of Montana,2013,26,34,15,16,11,6,33,38,1,3,649,806,29,43,19,25,21,8
180522,Montana State University-Northern,2013,10,6,0,0,0,0,3,0,0,0,116,26,1,0,8,6,0,3
180595,Rocky Mountain College,2013,3,3,1,1,5,3,5,6,0,1,99,86,7,7,1,0,8,2
180647,Salish Kootenai College,2013,39,42,0,0,0,0,2,1,0,0,12,11,0,0,0,0,0,0
180692,The University of Montana-Western,2013,0,2,1,0,2,0,3,5,0,0,111,115,3,2,4,2,0,0
180814,Bellevue University,2013,0,0,1,0,4,12,6,8,0,0,17,17,2,1,9,10,0,0
180832,Clarkson College,2013,0,0,0,0,0,1,0,1,0,0,2,28,0,0,0,0,0,0
180878,Bryan College of Health Sciences,2013,0,0,0,0,0,0,0,0,0,0,5,30,0,1,0,0,0,0
180948,Chadron State College,2013,1,1,2,2,6,1,19,11,0,0,133,180,12,5,52,24,2,7
180984,Concordia University-Nebraska,2013,2,0,0,0,17,2,11,3,0,0,106,115,1,1,10,7,6,0
181002,Creighton University,2013,1,3,43,51,7,8,31,49,1,4,261,428,21,24,3,9,13,6
181020,Doane University,2013,1,2,1,1,5,1,16,7,1,0,113,119,7,3,3,4,3,0
181127,Hastings College,2013,1,0,4,3,9,3,12,6,3,0,133,142,11,5,2,4,5,2
181215,University of Nebraska at Kearney,2013,1,0,2,7,16,3,36,50,2,1,322,477,7,9,1,0,36,37
181297,Nebraska Methodist College of Nursing & Allied Health,2013,0,0,0,0,0,1,0,4,0,0,4,27,0,1,0,0,0,0
181330,Midland University,2013,1,0,1,1,7,11,10,2,1,1,142,118,16,10,24,15,6,1
181394,University of Nebraska at Omaha,2013,1,4,23,28,44,68,110,143,1,2,563,611,36,50,32,17,36,25
181446,Nebraska Wesleyan University,2013,0,0,4,5,3,2,9,13,0,0,148,180,3,3,5,4,0,0
181464,University of Nebraska-Lincoln,2013,5,2,58,50,56,79,115,138,1,2,1821,1724,58,67,28,25,101,66
181534,Peru State College,2013,1,1,2,1,20,3,5,13,0,0,81,124,5,9,2,5,0,0
181604,College of Saint Mary,2013,0,0,0,2,0,6,0,12,0,0,0,65,0,3,0,0,0,1
181738,Union Adventist University,2013,0,1,1,3,13,6,8,13,0,2,34,56,13,12,1,1,6,8
181783,Wayne State College,2013,3,1,0,1,25,4,35,34,1,1,197,321,11,14,18,22,2,0
181853,York University,2013,0,2,1,0,15,3,3,0,0,0,30,31,0,0,3,6,0,0
182005,College of Southern Nevada,2013,5,9,74,68,108,97,215,257,11,12,272,293,60,57,60,78,29,62
182281,University of Nevada-Las Vegas,2013,3,2,263,353,101,175,405,636,27,20,491,646,137,230,10,23,26,37
182290,University of Nevada-Reno,2013,4,13,115,88,55,55,273,328,11,13,855,989,95,111,4,4,18,15
182306,Great Basin College,2013,1,1,0,0,2,2,21,19,1,1,63,48,6,2,1,2,0,0
182500,Truckee Meadows Community College,2013,9,5,28,18,8,9,90,104,0,0,149,160,14,13,7,8,0,1
182564,Western Nevada College,2013,6,3,0,2,4,1,23,43,2,1,108,110,7,6,3,10,0,0
182634,Colby-Sawyer College,2013,1,0,0,2,5,9,5,14,0,1,76,168,0,3,7,49,26,33
182670,Dartmouth College,2013,12,17,76,95,35,38,39,43,1,0,273,246,21,43,41,37,48,47
182795,Franklin Pierce University,2013,0,0,6,5,15,12,14,12,0,0,153,166,6,9,18,26,7,1
182980,New England College,2013,0,0,2,4,38,42,11,10,0,0,114,130,8,6,0,0,7,3
183026,Southern New Hampshire University,2013,1,4,6,12,34,60,20,24,1,1,341,449,10,9,139,202,30,27
183044,University of New Hampshire-Main Campus,2013,3,4,26,30,18,12,48,54,0,0,990,1136,19,36,198,281,6,8
183062,Keene State College,2013,0,1,6,7,6,2,13,23,0,0,429,605,8,20,47,87,0,0
183071,University of New Hampshire at Manchester,2013,0,0,1,0,0,0,1,5,0,0,37,32,0,6,4,3,0,0
183080,Plymouth State University,2013,1,0,10,6,14,6,18,22,0,0,411,380,6,7,14,13,12,3
183211,Rivier University,2013,0,0,1,1,2,6,3,10,0,1,40,130,2,4,5,11,0,0
183239,Saint Anselm College,2013,0,1,1,4,9,5,6,9,0,0,168,269,3,7,12,9,4,1
183257,University of New Hampshire College of Professional Studies Online,2013,0,0,0,1,1,1,0,0,0,0,8,44,0,2,2,11,0,0
183275,Thomas More College of Liberal Arts,2013,0,0,0,0,0,1,1,0,0,0,4,6,0,0,1,0,0,1
183789,Berkeley College-Woodland Park,2013,0,1,10,7,65,118,90,198,1,2,38,71,1,1,52,152,1,3
183822,Bloomfield College,2013,0,0,3,5,89,140,43,63,1,1,13,27,1,2,2,12,11,3
183910,Caldwell University,2013,0,0,0,0,1,0,3,3,0,0,5,17,0,0,67,232,12,9
183974,Centenary University,2013,2,0,0,2,11,16,15,10,0,0,45,81,2,1,4,17,0,0
184348,Drew University,2013,0,0,8,13,10,35,20,30,0,1,81,143,3,10,13,13,8,11
184603,Fairleigh Dickinson University-Metropolitan Campus,2013,0,1,12,12,36,79,76,153,1,4,56,54,3,9,13,24,27,17
184612,Felician University,2013,1,0,3,3,14,15,8,35,1,2,28,21,4,3,2,9,1,1
184694,Fairleigh Dickinson University-Florham Campus,2013,0,0,6,8,28,42,36,51,0,2,128,151,8,11,16,18,3,1
184773,Georgian Court University,2013,1,1,0,3,18,59,10,29,0,0,27,79,2,5,9,23,8,1
184782,Rowan University,2013,1,1,40,41,59,75,95,63,1,0,619,377,19,22,41,39,11,5
184959,Eastwick College-Ramsey,2013,0,0,1,2,1,20,4,19,0,0,3,19,0,0,0,2,0,0
185129,New Jersey City University,2013,0,1,28,22,39,90,93,144,0,0,60,45,3,7,22,20,3,0
185262,Kean University,2013,1,2,43,36,124,187,170,258,3,4,186,232,13,22,80,112,12,8
185572,Monmouth University,2013,0,1,9,20,31,26,43,64,0,0,278,378,8,15,8,13,4,8
185590,Montclair State University,2013,1,1,80,94,104,189,239,445,2,2,560,877,38,76,98,181,16,27
185828,New Jersey Institute of Technology,2013,0,0,170,58,51,13,148,39,0,1,285,61,31,8,51,11,19,11
186131,Princeton University,2013,1,0,127,144,49,56,66,58,0,1,306,256,22,24,9,13,75,77
186186,Rabbinical College of America,2013,0,0,0,0,2,0,0,0,0,0,15,0,0,0,0,0,2,0
186201,Ramapo College of New Jersey,2013,1,2,27,35,24,40,59,69,0,2,282,277,1,5,25,28,18,6
186283,Rider University,2013,2,2,18,23,31,64,39,79,2,0,231,335,10,26,8,8,16,15
186371,Rutgers University-Camden,2013,0,1,39,34,31,54,32,32,0,1,126,94,12,13,5,6,8,6
186380,Rutgers University-New Brunswick,2013,1,2,962,936,165,253,338,425,13,8,1388,1137,99,139,55,65,212,195
186399,Rutgers University-Newark,2013,2,0,143,127,53,79,89,112,1,1,166,95,21,15,19,16,26,20
186432,Saint Peter's University,2013,1,3,31,17,86,82,89,156,2,0,46,60,10,9,1,1,8,5
186584,Seton Hall University,2013,0,1,50,84,43,76,104,129,0,2,317,388,14,20,44,34,14,18
186618,Saint Elizabeth University,2013,0,1,0,4,0,55,0,19,0,0,0,27,0,8,0,5,0,5
186867,Stevens Institute of Technology,2013,0,0,28,21,8,7,37,26,0,0,300,98,0,0,53,27,12,5
186876,Stockton University,2013,0,0,22,36,12,37,44,80,0,1,334,446,6,22,9,16,0,1
186900,Talmudical Academy-New Jersey,2013,0,0,0,0,0,0,0,0,0,0,18,0,0,0,0,0,0,0
187134,The College of New Jersey,2013,2,1,58,83,29,34,77,107,0,2,345,572,5,2,27,55,1,2
187444,William Paterson University of New Jersey,2013,0,1,56,51,92,91,154,215,2,1,280,265,18,22,23,10,5,3
187596,Navajo Technical University,2013,147,139,0,0,0,0,2,1,0,0,0,0,0,0,0,3,0,0
187648,Eastern New Mexico University-Main Campus,2013,7,11,1,3,18,6,134,151,0,2,130,150,12,11,5,4,6,3
187745,Institute of American Indian and Alaska Native Culture and Arts Development,2013,5,10,0,0,0,0,0,1,0,0,0,0,0,0,0,0,0,1
187897,New Mexico Highlands University,2013,15,11,1,1,17,11,106,90,2,1,31,22,7,8,1,1,10,14
187967,New Mexico Institute of Mining and Technology,2013,7,4,10,2,1,2,63,22,0,0,139,46,19,0,0,0,1,0
187985,University of New Mexico-Main Campus,2013,70,79,45,59,43,45,733,1042,2,2,507,638,56,78,13,17,24,17
188030,New Mexico State University-Main Campus,2013,18,21,12,9,31,36,468,596,2,3,283,309,15,19,24,17,28,11
188058,Northern New Mexico College,2013,6,10,0,2,1,1,46,59,1,0,8,8,3,3,1,1,0,0
188182,University of the Southwest,2013,2,0,0,0,0,1,14,15,0,1,3,7,0,0,3,1,0,1
188304,Western New Mexico University,2013,6,2,1,2,22,7,96,115,0,1,35,41,0,0,3,5,6,0
188340,Vaughn College of Aeronautics and Technology,2013,1,0,41,3,53,9,84,12,5,2,28,3,19,3,11,0,4,0
188429,Adelphi University,2013,0,0,31,48,24,52,42,91,0,0,144,328,4,7,21,66,29,16
188517,Bryant & Stratton College-Albany,2013,0,1,1,1,6,11,0,5,0,1,10,21,1,4,0,0,0,0
188526,Albany College of Pharmacy and Health Sciences,2013,0,0,10,17,3,4,3,8,0,0,59,111,4,0,2,9,7,6
188641,Alfred University,2013,1,0,2,6,33,27,22,19,0,0,193,147,7,12,40,22,2,2
188854,American Musical and Dramatic Academy,2013,0,3,2,5,17,46,24,53,2,1,60,163,9,26,5,13,9,24
189088,Bard College,2013,3,0,12,12,16,21,0,1,0,0,144,165,0,0,34,37,20,24
189097,Barnard College,2013,0,0,0,81,0,42,0,74,0,0,0,308,0,31,0,0,0,37
189228,Berkeley College-New York,2013,4,3,8,5,72,117,78,111,0,1,12,23,0,0,59,93,61,57
189282,Mount Sinai Phillips School of Nursing,2013,0,0,0,0,0,1,0,0,0,0,0,1,0,0,0,0,0,0
189413,Boricua College,2013,0,0,0,1,11,31,42,132,0,0,0,3,0,0,0,0,0,0
189565,Bryant & Stratton College-Syracuse North,2013,0,0,0,0,0,1,1,0,0,0,5,13,2,1,6,12,0,0
189583,Bryant & Stratton College-Buffalo,2013,0,0,0,0,16,30,3,7,0,0,3,7,2,4,1,2,0,0
189592,Bryant & Stratton College-Greece,2013,0,0,0,0,7,4,6,2,0,0,9,16,0,2,0,0,0,0
189705,Canisius University,2013,0,1,8,8,16,42,15,24,0,2,242,249,4,7,21,22,13,6
189857,Central Yeshiva Tomchei Tmimim Lubavitz,2013,0,0,0,0,0,0,0,0,0,0,91,0,0,0,0,0,1,0
190044,Clarkson University,2013,0,0,15,11,8,9,19,13,0,1,442,183,11,6,16,7,11,5
190099,Colgate University,2013,1,0,7,16,14,15,25,36,0,0,203,307,9,23,17,11,43,32
190114,Metropolitan College of New York,2013,1,2,1,3,14,44,6,18,0,0,1,5,0,4,4,6,2,2
190150,Columbia University in the City of New York,2013,6,5,135,165,45,66,102,113,1,0,301,238,27,47,12,11,90,112
190372,The Cooper Union for the Advancement of Science and Art,2013,1,1,19,8,7,4,9,7,0,0,42,20,0,1,26,11,13,9
190415,Cornell University,2013,5,8,248,295,96,129,207,179,0,0,641,612,70,82,157,148,157,189
190503,Culinary Institute of America,2013,0,0,13,15,16,12,35,41,0,0,164,152,3,8,8,2,13,8
190512,CUNY Bernard M Baruch College,2013,4,1,282,273,53,44,87,50,1,1,216,118,7,14,0,0,52,42
190549,CUNY Brooklyn College,2013,1,5,134,168,55,109,73,113,4,4,217,249,8,10,0,0,17,16
190558,College of Staten Island CUNY,2013,4,3,140,190,191,310,247,339,1,3,572,556,16,15,0,0,21,22
190567,CUNY City College,2013,3,0,260,254,87,95,164,215,3,5,134,107,11,7,0,0,48,38
190594,CUNY Hunter College,2013,0,0,250,385,55,94,143,213,6,13,226,361,12,25,0,0,44,94
190600,CUNY John Jay College of Criminal Justice,2013,3,5,143,123,115,147,368,451,9,5,224,175,9,14,0,0,17,42
190637,CUNY Lehman College,2013,0,0,24,34,28,75,132,193,2,2,18,32,0,5,0,0,11,26
190646,CUNY Medgar Evers College,2013,3,5,8,13,249,514,45,124,2,1,4,5,6,5,0,0,1,9
190655,CUNY New York City College of Technology,2013,9,14,445,252,498,335,677,427,14,5,182,107,17,7,0,0,95,35
190664,CUNY Queens College,2013,0,2,217,232,28,38,104,132,4,5,229,266,10,9,0,0,30,44
190691,CUNY York College,2013,2,8,109,162,114,228,88,154,5,9,23,19,1,6,0,0,9,18
190716,D'Youville  University,2013,1,1,2,4,3,9,3,11,0,0,51,151,3,3,0,3,2,4
190725,Daemen University,2013,0,0,5,7,11,31,8,25,0,2,77,222,2,6,3,8,1,1
190752,Yeshiva of Far Rockaway Derech Ayson Rabbinical Seminary,2013,0,0,0,0,0,0,0,0,0,0,12,0,0,0,0,0,0,0
190761,Dominican University New York,2013,0,0,3,9,17,24,60,48,0,0,24,32,2,3,26,38,0,0
190983,Elmira College,2013,2,2,1,3,2,10,5,10,0,0,41,148,1,3,23,51,7,10
191126,Fashion Institute of Technology,2013,1,3,15,117,15,111,38,172,1,5,57,593,5,36,0,3,14,93
191205,Five Towns College,2013,0,1,2,0,18,12,14,8,0,0,54,22,6,2,6,5,0,0
191241,Fordham University,2013,2,1,93,99,26,36,102,147,1,1,541,651,24,42,28,29,58,63
191515,Hamilton College,2013,0,0,8,25,10,9,18,22,0,0,153,147,10,7,26,27,17,12
191533,Hartwick College,2013,2,3,3,4,25,18,19,19,0,0,140,214,0,0,21,48,9,3
191597,Helene Fuld College of Nursing,2013,0,0,0,0,1,4,0,0,0,0,0,1,0,0,0,0,0,0
191621,Hilbert College,2013,2,2,1,0,6,15,1,3,0,0,63,68,2,5,6,12,1,1
191630,Hobart William Smith Colleges,2013,2,0,6,18,13,10,19,31,1,0,201,226,0,0,35,42,17,17
191649,Hofstra University,2013,3,3,80,67,52,87,111,147,6,14,391,454,16,25,44,50,35,27
191676,Houghton University,2013,0,0,0,5,3,5,2,4,0,0,63,111,1,8,0,0,12,9
191931,Iona University,2013,2,2,10,8,49,43,79,115,0,2,227,267,6,11,30,49,13,9
191968,Ithaca College,2013,0,3,15,43,37,57,66,108,0,0,513,683,22,37,78,92,17,18
192004,Jamestown Business College,2013,0,2,0,0,1,1,1,5,0,0,20,35,1,2,0,0,0,0
192040,Jewish Theological Seminary of America,2013,0,0,0,0,0,0,0,0,0,0,11,15,0,0,3,2,1,1
192110,The Juilliard School,2013,0,0,3,11,2,1,2,3,0,0,38,15,3,2,0,3,10,16
192165,Kehilath Yakov Rabbinical Seminary,2013,0,0,0,0,0,0,0,0,0,0,44,0,0,0,0,0,0,0
192192,Keuka College,2013,3,0,1,1,4,13,7,6,0,1,42,133,1,5,3,13,3,4
192271,LIM College,2013,0,5,1,12,5,63,3,40,0,1,9,144,0,0,0,0,1,11
192323,Le Moyne College,2013,1,3,6,11,14,18,13,23,0,1,205,279,2,11,16,17,0,2
192448,Long Island University,2013,0,1,6,13,32,55,23,60,0,0,121,144,6,9,38,54,28,41
192624,Machzikei Hadath Rabbinical College,2013,0,0,0,0,0,0,0,0,0,0,27,0,0,0,0,0,0,0
192703,Manhattan College,2013,2,1,18,21,14,18,74,86,0,0,265,211,6,11,6,2,13,7
192712,Manhattan School of Music,2013,0,0,1,5,1,1,2,3,0,0,12,10,3,4,0,1,13,25
192749,Manhattanville College,2013,0,1,2,4,14,48,18,44,1,0,67,97,2,11,38,79,22,27
192785,Maria College of Albany,2013,0,0,0,0,0,3,0,2,0,0,5,12,0,0,0,7,0,0
192819,Marist College,2013,1,2,15,26,18,12,43,60,1,2,320,460,9,18,52,96,7,7
192864,Marymount Manhattan College,2013,1,8,5,8,10,23,18,57,0,1,47,163,0,0,7,24,13,12
193016,Mercy University,2013,0,1,13,16,59,139,95,258,1,2,58,128,5,13,10,24,0,1
193052,Mesivta Torah Vodaath Rabbinical Seminary,2013,0,0,0,0,0,0,0,0,0,0,17,0,0,0,0,0,0,0
193070,Mesivtha Tifereth Jerusalem of America,2013,0,0,0,0,0,0,0,0,0,0,12,0,0,0,0,0,0,0
193247,Mirrer Yeshiva Cent Institute,2013,0,0,0,0,0,0,0,0,0,0,34,0,0,0,0,0,0,0
193292,Molloy College,2013,1,1,12,23,17,33,24,53,1,1,97,196,1,4,11,20,0,0
193308,Monroe College,2013,2,2,6,7,237,321,190,247,2,2,15,10,0,0,5,1,38,22
193353,Mount Saint Mary College,2013,0,2,3,6,6,20,20,50,1,2,93,215,0,2,6,22,0,0
193399,University of Mount Saint Vincent,2013,1,0,10,28,13,39,43,112,1,0,34,76,7,13,4,3,1,1
193584,Nazareth University,2013,0,1,0,11,9,19,6,11,0,0,73,215,3,8,18,42,3,4
193654,The New School,2013,0,0,19,72,18,38,46,72,0,0,108,227,15,34,11,33,65,238
193900,New York University,2013,3,4,422,522,72,161,227,372,2,6,718,1113,70,154,151,283,402,486
193973,Niagara University,2013,4,4,8,4,25,26,11,22,0,0,214,331,9,11,8,4,15,2
194091,New York Institute of Technology,2013,1,0,48,25,24,10,77,33,1,1,72,28,3,1,228,141,52,30
194116,New York School of Interior Design,2013,0,0,0,0,0,2,0,2,0,0,1,9,0,0,0,0,0,7
194310,Pace University,2013,3,4,58,84,55,123,90,181,1,0,297,497,21,45,60,115,67,57
194392,Paul Smiths College of Arts and Science,2013,1,1,1,0,1,0,5,2,0,0,117,71,2,0,30,9,0,0
194499,Plaza College,2013,0,0,5,22,16,62,14,56,0,0,6,26,4,17,0,0,0,0
194569,Davis College,2013,0,0,0,0,1,2,0,0,0,0,12,19,0,1,0,0,3,0
194578,Pratt Institute-Main,2013,0,1,25,76,10,24,21,49,0,1,81,201,0,1,9,23,56,134
194657,Rabbinical Academy Mesivta Rabbi Chaim Berlin,2013,0,0,0,0,0,0,0,0,0,0,44,0,0,0,0,0,0,0
194666,Rabbinical College Bobover Yeshiva Bnei Zion,2013,0,0,0,0,0,0,0,0,0,0,36,0,0,0,0,0,0,0
194763,Rabbinical Seminary of America,2013,0,0,0,0,0,0,0,0,0,0,107,0,0,0,0,0,0,0
194824,Rensselaer Polytechnic Institute,2013,3,0,108,62,18,9,80,36,0,0,604,246,64,31,14,11,84,41
194958,Roberts Wesleyan University,2013,0,0,0,2,8,8,6,14,0,1,48,98,4,6,0,0,4,4
195003,Rochester Institute of Technology,2013,3,1,135,72,81,65,140,64,0,0,1321,570,54,36,57,31,89,49
195030,University of Rochester,2013,3,1,73,67,35,36,51,59,0,0,359,347,19,31,63,58,135,135
195128,Russell Sage College,2013,0,0,2,12,14,29,6,32,0,0,17,146,3,7,5,22,0,0
195164,St Bonaventure University,2013,0,1,8,14,13,10,21,15,0,0,144,134,7,4,30,26,7,4
195173,St. Francis College,2013,0,3,1,5,42,60,56,88,8,10,117,131,10,12,6,4,7,6
195216,St Lawrence University,2013,1,1,3,7,10,12,8,19,1,0,232,255,8,6,0,1,21,44
195234,The College of Saint Rose,2013,0,1,7,6,21,39,13,33,0,0,136,250,13,46,15,31,7,1
195243,St. Thomas Aquinas College,2013,0,1,3,6,10,23,36,47,0,0,73,83,5,3,22,15,5,0
195304,Sarah Lawrence College,2013,0,0,6,14,4,10,11,30,0,0,56,159,9,16,10,38,21,43
195438,Sh'or Yoshuv Rabbinical College,2013,0,0,0,0,0,0,0,0,0,0,16,0,0,0,0,0,0,0
195474,Siena College,2013,0,0,14,25,21,19,30,27,0,1,270,332,5,10,3,3,5,1
195526,Skidmore College,2013,0,0,18,18,10,10,24,35,0,0,169,265,7,19,8,22,25,30
195544,St. Joseph's University-New York,2013,0,0,7,13,12,18,24,49,0,0,125,229,3,4,17,43,0,0
195720,St. John Fisher University,2013,0,1,7,11,7,9,8,8,0,1,174,256,2,7,12,17,0,1
195809,St. John's University-New York,2013,2,6,222,334,229,337,178,250,4,9,489,417,59,72,25,22,73,61
196006,SUNY College of Technology at Alfred,2013,4,1,4,3,80,39,50,33,0,0,565,282,16,10,4,0,1,2
196015,SUNY College of Technology at Canton,2013,4,5,4,1,66,66,49,45,0,1,247,236,5,8,10,17,4,4
196024,SUNY College of Technology at Delhi,2013,1,0,5,5,84,72,90,70,0,0,336,194,16,12,12,11,5,5
196033,SUNY College of Agriculture and Technology at Cobleskill,2013,1,0,8,4,62,71,51,52,0,0,237,266,0,0,1,1,1,0
196042,Farmingdale State College,2013,1,1,41,36,56,51,104,95,2,1,412,265,13,14,1,1,6,6
196051,SUNY Morrisville,2013,3,5,5,5,107,92,45,34,0,0,280,231,10,9,5,2,6,2
196060,University at Albany,2013,0,2,158,106,142,208,190,198,2,0,751,558,34,37,29,28,69,52
196079,Binghamton University,2013,3,0,216,221,45,63,131,120,0,0,792,618,24,32,35,34,121,130
196088,University at Buffalo,2013,3,1,305,301,98,113,150,109,1,3,1000,740,53,41,166,128,210,214
196097,Stony Brook University,2013,0,3,428,334,64,79,139,84,2,0,568,357,32,42,174,103,185,114
196103,SUNY College of Environmental Science and Forestry,2013,0,0,0,6,3,1,2,4,0,0,126,104,4,2,10,17,3,6
196112,SUNY Polytechnic Institute,2013,0,0,11,2,16,3,22,2,0,0,156,47,8,1,0,0,4,3
196121,SUNY Brockport,2013,0,4,6,7,39,56,17,26,0,0,366,443,10,16,34,46,7,2
196130,SUNY Buffalo State University,2013,1,2,26,28,149,215,80,118,1,2,298,323,21,26,1,0,18,11
196149,State University of New York at Cortland,2013,1,0,6,9,26,33,76,102,0,0,315,507,12,11,45,57,2,4
196158,SUNY at Fredonia,2013,1,2,9,17,26,46,30,26,1,0,358,530,5,4,9,18,10,4
196167,SUNY College at Geneseo,2013,1,2,30,56,19,34,33,51,0,1,343,477,14,22,12,22,5,6
196176,State University of New York at New Paltz,2013,1,3,23,50,23,30,73,128,0,0,245,444,0,0,17,53,5,9
196185,SUNY Oneonta,2013,1,2,8,22,12,23,47,80,0,0,273,620,0,0,9,13,5,4
196194,State University of New York at Oswego,2013,0,3,12,21,46,65,67,105,1,1,506,626,17,22,0,2,10,0
196200,SUNY College at Potsdam,2013,2,8,4,9,31,44,42,58,1,0,211,314,9,12,29,38,2,4
196219,SUNY at Purchase College,2013,0,1,7,18,25,28,58,97,0,1,200,265,15,25,11,10,5,7
196237,SUNY Old Westbury,2013,2,1,28,27,50,92,38,59,0,1,35,45,6,9,6,5,4,7
196246,State University of New York at Plattsburgh,2013,2,2,11,15,24,38,38,66,1,0,258,383,3,9,18,27,32,26
196264,Empire State University,2013,0,1,2,2,13,32,10,20,0,2,34,56,1,5,1,0,4,5
196291,SUNY Maritime College,2013,0,0,13,1,4,0,28,9,0,0,228,25,7,0,9,0,2,4
196413,Syracuse University,2013,13,11,129,151,110,193,184,239,0,1,852,1020,23,52,50,78,184,186
196431,Talmudical Seminary Oholei Torah,2013,0,0,0,0,0,0,0,0,0,0,49,0,0,0,0,0,0,0
196583,Torah Temimah Talmudical Seminary,2013,0,0,0,0,0,0,0,0,0,0,53,0,0,0,0,0,0,0
196592,Touro University,2013,0,0,3,10,12,56,12,12,1,0,112,478,0,0,4,5,7,4
196653,Trocaire College,2013,0,2,2,0,0,22,1,10,0,0,11,56,0,0,0,18,0,0
196866,Union College,2013,0,0,12,20,12,13,21,14,0,0,216,192,7,6,0,0,23,23
197018,United Talmudical Seminary,2013,0,0,0,0,0,0,0,0,0,0,498,0,0,0,0,0,14,0
197027,United States Merchant Marine Academy,2013,1,0,11,4,7,1,19,5,0,0,139,30,0,0,1,0,0,0
197036,United States Military Academy,2013,8,0,53,13,76,15,110,23,7,4,673,119,38,10,9,1,17,0
197045,Utica University,2013,3,3,7,6,38,38,31,28,1,0,140,147,5,6,11,9,11,2
197133,Vassar College,2013,0,0,36,39,5,25,28,36,0,0,173,229,20,21,0,0,23,27
197142,Villa Maria College,2013,1,1,1,1,14,33,2,4,0,0,12,42,2,7,0,0,0,0
197151,School of Visual Arts,2013,2,4,30,74,26,25,22,21,3,1,102,169,0,0,4,8,55,109
197197,Wagner College,2013,1,0,4,7,15,10,14,26,0,0,100,183,3,7,15,27,11,7
197221,Webb Institute,2013,0,0,2,0,0,0,0,0,0,0,18,2,2,2,0,0,0,0
197230,Wells College,2013,0,0,1,3,13,11,5,10,0,0,32,70,0,3,1,6,3,3
197285,The College of Westchester,2013,1,0,2,1,30,40,64,56,1,0,13,14,2,3,3,2,0,0
197601,Yeshiva Karlin Stolin,2013,0,0,0,0,0,0,0,0,0,0,20,0,0,0,0,0,0,0
197647,Yeshiva Derech Chaim,2013,0,0,0,0,0,0,0,0,0,0,26,0,0,0,0,0,1,0
197674,Yeshiva of Nitra Rabbinical College,2013,0,0,0,0,0,0,0,0,0,0,69,0,0,0,0,0,0,0
197692,Yeshivath Shaar Hatorah,2013,0,0,0,0,0,0,0,0,0,0,24,0,0,0,0,0,0,0
197708,Yeshiva University,2013,0,0,1,0,0,0,0,2,0,0,443,380,1,0,0,0,20,13
197735,Yeshivath Viznitz,2013,0,0,0,0,0,0,0,0,0,0,107,0,0,0,0,0,4,0
197744,Yeshivath Zichron Moshe,2013,0,0,0,0,0,0,0,0,0,0,12,0,0,0,0,0,0,0
197869,Appalachian State University,2013,4,3,14,30,48,54,56,82,0,1,1104,1335,37,51,11,17,21,15
197911,Barton College,2013,0,3,0,2,16,29,5,6,0,1,45,81,0,5,6,13,3,0
197984,Belmont Abbey College,2013,1,0,1,4,16,15,0,1,0,0,91,69,0,0,40,44,2,1
197993,Bennett College,2013,0,1,0,0,0,157,0,2,0,0,0,0,0,2,0,30,0,2
198066,Brevard College,2013,1,3,0,0,22,8,1,0,0,0,106,64,6,4,8,2,14,3
198109,Cabarrus College of Health Sciences,2013,0,0,0,1,1,1,1,0,0,0,3,18,0,0,0,0,0,0
198136,Campbell University,2013,0,2,2,6,49,70,17,19,0,0,209,253,17,16,47,56,6,10
198215,Catawba College,2013,0,3,4,3,43,26,6,7,0,0,101,121,8,5,0,0,8,0
198303,Chowan University,2013,2,3,0,1,195,180,6,5,0,0,23,31,10,13,0,2,2,1
198385,Davidson College,2013,2,1,11,18,14,19,10,23,0,0,160,163,8,11,5,5,18,15
198419,Duke University,2013,4,8,182,173,64,99,59,60,0,0,424,435,9,13,14,21,85,80
198464,East Carolina University,2013,20,13,55,75,294,438,123,165,3,2,1249,1846,68,75,10,15,5,7
198507,Elizabeth City State University,2013,2,0,1,0,113,145,1,0,1,0,29,13,6,7,1,3,0,0
198516,Elon University,2013,0,3,9,24,43,35,30,53,1,0,480,734,12,25,3,3,7,13
198543,Fayetteville State University,2013,9,10,3,2,200,372,8,20,1,0,13,24,0,0,6,16,1,4
198561,Gardner-Webb University,2013,0,2,3,1,39,21,6,3,0,0,101,179,0,0,30,39,8,2
198598,Greensboro College,2013,1,0,4,1,42,23,5,4,0,0,54,50,4,3,7,3,0,0
198613,Guilford College,2013,0,0,6,9,49,18,13,20,0,1,145,106,6,6,0,1,7,5
198677,Heritage Bible College,2013,0,0,0,0,3,1,0,0,0,0,4,1,0,0,0,0,0,0
198695,High Point University,2013,8,11,5,11,28,47,21,33,0,0,407,567,0,1,3,3,9,8
198756,Johnson C Smith University,2013,0,0,0,1,76,108,8,12,0,0,0,1,5,4,3,8,2,4
198808,Lees-McRae College,2013,1,0,1,0,17,8,4,6,0,0,67,84,1,2,15,15,4,1
198835,Lenoir-Rhyne University,2013,1,0,2,2,40,21,6,11,0,0,87,125,4,6,2,2,2,0
198862,Livingstone College,2013,1,2,0,0,201,157,1,4,0,0,0,0,0,0,16,13,0,0
198899,Mars Hill University,2013,8,6,2,1,65,20,10,8,0,1,134,139,0,0,12,11,0,0
198950,Meredith College,2013,0,1,0,18,0,46,0,14,0,1,0,287,0,17,0,8,0,23
198969,Methodist University,2013,4,3,3,2,85,36,21,10,0,0,188,97,14,13,21,7,30,14
198978,Miller-Motte College-Wilmington,2013,0,1,0,0,23,91,0,3,0,0,26,115,1,6,0,9,0,0
199032,Montreat College,2013,4,0,1,2,9,4,2,0,0,0,28,29,0,1,7,6,8,2
199069,University of Mount Olive,2013,3,2,2,3,18,19,1,6,0,1,42,59,0,0,9,13,11,11
199102,North Carolina A & T State University,2013,1,3,7,3,676,867,28,26,0,0,28,13,29,58,2,3,15,9
199111,University of North Carolina Asheville,2013,2,3,4,3,8,10,8,12,0,0,189,295,8,17,16,17,2,0
199120,University of North Carolina at Chapel Hill,2013,12,10,172,233,98,205,94,183,0,2,1052,1447,54,108,82,111,34,46
199139,University of North Carolina at Charlotte,2013,4,3,78,66,140,217,105,107,2,1,1098,965,58,71,40,35,46,21
199148,University of North Carolina at Greensboro,2013,5,5,54,71,186,495,67,118,0,0,424,878,31,81,2,4,29,17
199157,North Carolina Central University,2013,2,1,1,5,261,542,15,19,0,0,14,6,12,29,6,8,0,1
199184,University of North Carolina School of the Arts,2013,0,0,0,1,9,4,7,10,0,0,78,87,5,2,3,2,0,2
199193,North Carolina State University at Raleigh,2013,15,8,97,95,102,114,75,81,1,4,1862,1463,70,96,28,36,92,59
199209,North Carolina Wesleyan University,2013,0,0,1,1,59,16,4,4,0,0,27,22,4,2,44,31,12,1
199218,University of North Carolina Wilmington,2013,5,7,23,31,36,59,54,82,1,2,523,954,28,48,28,39,5,10
199272,William Peace University,2013,0,1,2,3,43,71,1,10,0,0,64,87,4,13,14,18,0,0
199281,University of North Carolina at Pembroke,2013,47,95,12,10,164,221,27,34,0,1,177,200,9,15,7,9,1,4
199306,Pfeiffer University,2013,0,1,0,1,14,8,8,6,0,0,40,39,4,4,37,55,8,6
199412,Queens University of Charlotte,2013,0,4,1,5,11,24,4,16,0,0,56,123,2,14,13,24,13,5
199458,Mid-Atlantic Christian University,2013,1,0,1,0,5,2,0,0,0,0,6,23,0,0,0,0,0,0
199582,Saint Augustine's University,2013,0,0,0,0,170,149,1,0,0,0,1,1,0,0,0,1,0,0
199607,Salem College,2013,0,0,0,7,0,33,0,20,0,0,0,104,0,8,0,7,0,1
199643,Shaw University,2013,2,0,0,0,89,115,1,1,0,3,1,0,3,0,167,151,1,0
199698,St. Andrews University,2013,3,0,0,2,18,5,3,0,0,0,40,50,2,0,14,16,17,8
199759,Southeastern Baptist Theological Seminary,2013,0,0,0,2,0,1,2,1,0,0,31,26,0,0,0,0,0,0
199847,Wake Forest University,2013,2,0,21,26,39,35,32,48,0,0,442,480,20,21,0,0,30,34
199865,Warren Wilson College,2013,0,4,1,1,4,10,3,13,0,0,61,116,0,3,0,0,2,2
199962,Wingate University,2013,0,0,3,5,45,48,7,11,1,1,180,259,14,24,8,11,17,8
199971,Carolina Christian College,2013,0,0,1,0,1,0,0,0,0,0,0,0,0,0,0,0,0,0
199999,Winston-Salem State University,2013,2,2,0,0,179,438,3,13,0,0,19,16,7,23,6,9,2,5
200004,Western Carolina University,2013,4,3,7,8,41,40,45,63,3,0,541,785,23,35,5,3,7,1
200013,Rasmussen University-North Dakota,2013,1,0,0,1,0,0,0,0,0,0,5,11,0,0,10,18,0,0
200022,Bismarck State College,2013,13,10,0,2,14,8,6,3,0,0,441,315,14,13,2,5,1,0
200059,Dickinson State University,2013,0,0,1,0,5,0,8,5,0,0,62,60,4,5,2,1,7,3
200086,Nueta Hidatsa Sahnish College,2013,12,17,0,0,0,0,0,0,0,0,1,1,0,0,0,0,0,0
200156,University of Jamestown,2013,2,1,0,2,5,3,10,7,0,0,104,115,0,0,0,0,3,5
200217,University of Mary,2013,2,1,1,2,8,1,3,14,0,0,121,239,7,4,7,4,4,5
200226,Mayville State University,2013,1,0,0,0,18,0,9,4,1,0,46,48,3,1,0,0,1,0
200253,Minot State University,2013,1,4,1,3,8,6,7,8,0,1,97,157,6,13,2,0,12,23
200280,University of North Dakota,2013,8,11,15,8,16,8,20,14,2,0,901,757,41,19,11,9,31,17
200332,North Dakota State University-Main Campus,2013,3,5,13,17,22,14,21,26,1,0,1268,1015,31,28,18,13,17,12
200466,Sitting Bull College,2013,24,18,0,0,0,0,0,1,0,0,1,2,0,0,0,0,0,0
200484,Trinity Bible College and Graduate School,2013,3,2,0,0,2,1,1,0,0,0,23,10,0,0,0,0,0,1
200527,Turtle Mountain Community College,2013,47,59,0,0,0,0,0,0,0,0,1,2,0,0,0,0,0,0
200554,United Tribes Technical College,2013,51,53,0,0,3,0,0,0,0,0,3,2,0,0,0,0,0,0
200572,Valley City State University,2013,0,1,1,1,4,0,7,4,0,0,69,59,4,1,0,0,2,6
200785,Herzing University-Akron,2013,0,0,0,0,3,11,0,2,0,0,2,12,0,1,0,0,0,0
200800,University of Akron Main Campus,2013,4,1,44,45,257,287,49,49,2,0,1384,1153,93,75,53,48,30,15
200873,Allegheny Wesleyan College,2013,0,0,0,0,0,0,0,0,0,0,4,11,0,0,0,0,0,0
201061,Art Academy of Cincinnati,2013,1,0,0,1,2,3,2,1,0,0,15,28,0,0,1,0,0,0
201104,Ashland University,2013,1,0,0,0,27,10,7,6,1,0,193,354,7,3,0,0,6,6
201177,Aultman College of Nursing and Health Sciences,2013,0,0,0,0,0,0,0,0,0,0,1,0,0,1,0,0,0,0
201195,Baldwin Wallace University,2013,0,1,3,3,35,38,14,25,1,0,293,302,16,22,2,0,3,4
201371,Bluffton University,2013,0,0,1,1,16,2,5,6,0,0,121,88,5,0,3,2,0,0
201441,Bowling Green State University-Main Campus,2013,3,2,9,15,132,215,51,83,4,0,1056,1504,55,86,47,39,17,12
201469,Bryant & Stratton College-Parma,2013,0,1,1,0,0,4,1,4,0,0,3,16,1,2,0,0,0,0
201548,Capital University,2013,0,0,1,3,23,20,13,16,0,0,262,307,10,17,2,7,1,9
201645,Case Western Reserve University,2013,0,0,104,116,30,36,45,32,0,0,349,289,21,32,35,19,80,64
201654,Cedarville University,2013,0,1,7,9,5,3,8,15,0,0,323,361,12,19,1,1,11,3
201690,Central State University,2013,0,0,0,0,188,211,1,1,0,0,2,2,2,0,2,1,1,0
201821,The Christ College of Nursing and Health Sciences,2013,0,0,0,0,0,0,0,0,0,0,2,24,0,1,0,1,0,0
201885,University of Cincinnati-Main Campus,2013,3,6,60,80,114,162,48,51,0,0,1947,1537,67,78,49,47,108,74
201946,University of Cincinnati-Clermont College,2013,0,0,4,0,5,3,8,5,0,1,239,284,6,6,44,61,1,1
201955,University of Cincinnati-Blue Ash College,2013,2,0,13,9,81,155,11,15,1,0,239,304,18,20,13,17,15,8
201964,Ohio Christian University,2013,0,1,2,1,47,56,0,3,0,0,102,114,1,4,8,13,3,7
202046,Cleveland Institute of Art,2013,0,0,1,2,7,7,3,4,0,0,44,77,1,3,0,0,4,2
202073,Cleveland Institute of Music,2013,0,0,0,1,1,0,2,0,0,0,2,2,0,0,18,28,4,6
202134,Cleveland State University,2013,2,3,26,22,88,213,47,59,0,2,501,613,27,43,11,10,56,6
202170,Columbus College of Art & Design,2013,0,3,3,6,8,14,5,11,0,0,53,97,5,5,2,6,5,11
202480,University of Dayton,2013,0,0,9,13,16,20,23,25,0,0,703,752,8,8,14,10,137,45
202514,Defiance College,2013,6,1,1,2,34,8,8,3,0,0,98,69,2,0,3,2,1,2
202523,Denison University,2013,0,0,8,14,12,34,23,33,0,0,175,197,11,15,8,9,22,21
202763,The University of Findlay,2013,1,0,2,2,16,7,1,7,0,0,159,374,5,6,0,0,0,1
202806,Franklin University,2013,0,0,0,0,2,2,0,1,0,0,1,0,0,0,0,0,2,1
202903,Gods Bible School and College,2013,0,0,1,0,1,1,0,3,0,0,27,22,0,0,0,0,1,3
202912,Good Samaritan College of Nursing and Health Science,2013,0,0,0,0,0,0,0,0,0,0,1,15,0,0,0,0,0,0
203085,Heidelberg University,2013,1,1,4,1,25,5,3,2,0,0,108,136,7,15,28,15,0,0
203128,Hiram College,2013,0,0,2,3,27,18,11,6,1,1,78,87,8,2,22,9,7,5
203368,John Carroll University,2013,0,1,5,8,18,20,15,11,0,0,354,331,7,6,6,2,6,2
203447,Kent State University at Ashtabula,2013,2,0,0,1,3,6,2,6,0,0,52,73,2,2,0,2,0,0
203465,Kent State University at Stark,2013,0,2,0,2,14,27,7,7,0,0,209,282,14,20,11,9,0,0
203474,Kent State University at Trumbull,2013,0,0,0,1,12,18,1,3,1,0,84,147,0,5,4,3,0,0
203483,Kent State University at Tuscarawas,2013,0,0,2,1,2,0,3,1,0,0,99,137,3,3,2,5,0,0
203492,Kent State University at Salem,2013,1,0,0,0,1,0,0,4,0,1,43,116,1,3,0,4,0,0
203517,Kent State University at Kent,2013,2,2,24,38,114,264,45,85,2,1,1173,2070,67,121,57,66,109,53
203526,Kent State University at Geauga,2013,0,0,2,3,17,22,4,4,0,0,110,88,6,7,8,3,0,0
203535,Kenyon College,2013,0,0,6,15,11,7,13,13,0,0,161,182,12,15,8,13,9,15
203544,Kettering College,2013,0,0,0,0,0,2,0,1,0,0,4,48,0,2,0,1,0,0
203580,Lake Erie College,2013,1,1,0,0,27,5,1,2,0,0,78,74,4,1,3,2,5,2
203757,Lourdes University,2013,0,0,1,0,10,36,6,14,0,0,37,90,4,8,0,3,0,0
203775,Malone University,2013,0,0,0,3,15,6,6,8,0,0,121,144,5,3,1,0,1,1
203845,Marietta College,2013,1,0,7,1,23,2,7,5,0,0,165,112,11,5,13,7,16,10
203960,Mercy College of Ohio,2013,0,0,0,0,0,1,1,0,0,0,4,24,0,0,0,1,0,0
204006,Miami University-Hamilton,2013,1,1,4,6,18,22,4,15,0,0,247,290,9,10,8,7,1,2
204015,Miami University-Middletown,2013,0,0,0,1,17,6,7,2,0,0,134,174,3,8,5,2,0,0
204024,Miami University-Oxford,2013,2,3,28,42,58,47,78,85,0,0,1405,1574,62,76,3,1,102,71
204176,Mount Carmel College of Nursing,2013,0,0,0,0,0,6,1,0,0,0,6,70,0,3,0,0,0,0
204185,University of Mount Union,2013,0,3,1,1,34,11,10,7,0,0,203,233,18,6,14,6,3,2
204194,Mount Vernon Nazarene University,2013,0,0,1,2,0,4,3,10,0,1,95,156,3,4,13,9,0,0
204200,Mount St. Joseph University,2013,0,0,1,2,23,11,1,1,0,0,132,120,6,4,8,3,0,0
204264,Muskingum University,2013,0,0,1,2,33,5,7,3,0,0,142,178,9,6,0,0,8,9
204468,Notre Dame College,2013,2,1,4,4,66,34,3,1,2,0,103,81,0,5,10,6,6,2
204486,University of Northwestern Ohio,2013,4,0,1,1,28,11,22,9,0,0,701,129,1,0,314,43,17,17
204501,Oberlin College,2013,0,0,16,19,11,24,27,36,1,0,243,295,19,30,0,1,20,38
204617,Ohio Dominican University,2013,1,0,1,2,21,25,2,4,1,0,87,79,4,8,2,0,0,0
204635,Ohio Northern University,2013,0,0,4,5,16,5,5,7,0,0,264,281,5,8,1,0,4,8
204671,Ohio State University-Lima Campus,2013,1,1,3,3,9,13,6,8,0,0,165,150,10,1,6,5,0,0
204680,Ohio State University-Mansfield Campus,2013,0,1,6,5,24,22,9,6,0,0,194,183,6,13,7,10,0,0
204699,Ohio State University-Marion Campus,2013,0,1,23,12,5,11,7,5,0,0,162,143,7,10,10,10,0,0
204705,Ohio State University-Newark Campus,2013,2,4,23,19,83,92,25,17,1,0,391,311,20,30,22,16,0,0
204796,Ohio State University-Main Campus,2013,4,7,239,230,143,166,134,134,0,0,2429,2359,104,125,282,262,251,252
204857,Ohio University-Main Campus,2013,2,3,18,31,99,122,53,76,1,2,1711,1851,83,70,9,14,49,39
204909,Ohio Wesleyan University,2013,0,0,5,13,28,21,9,21,0,0,162,191,18,16,7,6,19,20
204936,Otterbein University,2013,0,1,4,6,8,13,11,5,0,0,171,308,8,10,7,12,1,3
205027,Pontifical College Josephinum,2013,0,0,0,0,0,0,3,0,0,0,9,0,0,0,0,0,2,0
205124,Rabbinical College Telshe,2013,0,0,0,0,0,0,0,0,0,0,13,0,0,0,0,0,0,0
205203,University of Rio Grande,2013,2,2,0,0,23,9,1,0,0,0,115,186,0,0,13,29,5,1
205443,Shawnee State University,2013,0,7,0,3,53,51,4,3,1,1,366,518,12,12,18,12,3,1
205957,Franciscan University of Steubenville,2013,1,1,2,6,1,0,20,28,0,0,115,265,7,4,1,4,3,0
206048,Tiffin University,2013,0,0,0,0,7,7,1,1,0,0,30,31,3,7,200,150,21,6
206084,University of Toledo,2013,3,7,32,34,257,343,67,95,0,2,1115,1076,50,69,13,26,65,23
206279,Union Institute & University,2013,0,0,0,0,2,3,0,2,0,0,2,3,0,0,0,0,0,0
206349,Ursuline College,2013,0,0,0,0,0,14,0,4,0,0,3,74,0,4,0,3,0,0
206394,The North Coast College,2013,0,0,0,0,0,3,0,0,0,0,1,5,1,0,0,0,0,0
206437,Walsh University,2013,0,0,0,3,16,6,11,11,0,0,153,221,9,10,21,17,6,8
206507,Wilmington College,2013,0,0,0,1,10,14,0,0,0,0,107,109,3,7,5,0,0,0
206525,Wittenberg University,2013,1,0,1,9,24,24,4,15,0,0,176,256,11,15,0,3,7,3
206589,The College of Wooster,2013,3,7,12,15,11,19,10,14,0,1,177,227,0,0,10,15,13,26
206604,Wright State University-Main Campus,2013,3,1,21,27,114,194,36,31,1,2,702,814,47,70,1,3,65,9
206613,Wright State University-Lake Campus,2013,0,0,1,3,2,0,2,1,0,0,103,92,1,0,0,0,0,0
206622,Xavier University,2013,1,0,15,22,57,69,32,26,1,1,344,450,21,29,82,110,13,11
206695,Youngstown State University,2013,4,2,8,16,148,139,35,52,2,0,665,773,40,42,28,19,5,7
206817,Bacone College,2013,34,25,7,5,44,18,13,1,1,0,31,13,8,2,25,10,0,0
206835,Oklahoma Wesleyan University,2013,4,4,0,0,13,6,9,11,0,0,52,52,6,7,0,1,10,2
206862,Southern Nazarene University,2013,10,4,2,6,32,8,10,14,0,1,91,95,0,0,1,3,6,0
206914,Cameron University,2013,25,30,2,9,54,91,40,62,1,3,162,230,36,51,5,6,14,8
206941,University of Central Oklahoma,2013,41,63,28,28,81,117,72,129,2,4,481,675,83,139,1,1,103,34
207041,East Central University,2013,33,44,1,2,23,7,17,20,0,1,135,202,28,44,9,7,17,6
207157,Randall University,2013,2,2,1,0,1,2,4,1,0,0,16,11,0,0,0,0,0,0
207209,Langston University,2013,1,2,0,1,259,307,5,5,1,0,6,9,0,0,0,0,1,0
207254,Spartan College of Aeronautics and Technology,2013,6,2,8,0,27,3,37,8,0,0,161,15,21,7,6,2,0,0
207263,Northeastern State University,2013,104,90,6,5,22,23,19,20,0,0,144,206,76,97,7,14,15,4
207306,Northwestern Oklahoma State University,2013,12,15,0,0,26,8,19,13,1,2,122,127,2,3,6,5,12,13
207324,Oklahoma Christian University,2013,4,1,0,2,4,2,4,4,0,0,252,253,0,0,0,0,0,0
207351,Oklahoma Panhandle State University,2013,9,6,1,1,36,2,28,16,0,0,81,78,2,3,2,5,1,0
207388,Oklahoma State University-Main Campus,2013,68,116,28,23,90,108,106,113,0,0,1282,1382,129,183,7,10,39,17
207397,Oklahoma State University-Oklahoma City,2013,8,7,4,4,39,44,34,42,0,0,130,128,23,35,16,10,0,0
207403,Oklahoma Baptist University,2013,8,14,1,3,15,17,13,16,0,0,142,254,23,54,3,0,10,5
207458,Oklahoma City University,2013,5,6,1,4,9,5,18,27,0,0,72,158,14,15,0,0,14,7
207500,University of Oklahoma-Norman Campus,2013,53,58,106,106,67,66,184,234,3,1,1175,1193,146,153,30,22,85,45
207564,Oklahoma State University Institute of Technology,2013,73,37,5,1,18,12,29,10,0,0,223,56,33,18,13,3,10,1
207582,Oral Roberts University,2013,4,7,4,3,32,35,17,20,0,0,92,97,14,7,9,13,20,19
207661,Rogers State University,2013,39,71,9,3,11,6,14,14,0,0,135,225,40,64,6,3,4,1
207722,University of Science and Arts of Oklahoma,2013,6,20,0,0,0,2,4,10,0,0,28,77,3,7,0,0,11,5
207847,Southeastern Oklahoma State University,2013,37,40,2,1,23,11,13,21,0,0,121,145,48,40,0,0,5,4
207856,Southwestern Christian University,2013,4,5,1,2,19,15,11,9,0,0,40,31,0,0,3,2,11,4
207865,Southwestern Oklahoma State University,2013,16,19,5,10,28,23,32,56,0,1,233,314,42,51,1,7,29,8
207971,University of Tulsa,2013,12,13,12,18,22,13,17,24,1,1,254,222,2,0,3,5,165,67
208646,Eastern Oregon University,2013,1,6,2,8,11,5,12,13,5,6,114,138,3,5,4,6,2,0
208725,New Hope Christian College-Eugene,2013,0,0,0,1,0,1,2,0,0,0,11,13,2,1,0,0,0,0
208822,George Fox University,2013,1,2,11,19,3,4,29,34,1,4,195,252,22,18,3,2,13,6
209056,Lewis & Clark College,2013,1,2,7,22,5,2,23,25,0,1,113,205,2,3,20,25,6,11
209065,Linfield University,2013,2,2,5,22,5,1,14,29,2,0,112,181,19,30,3,3,6,11
209241,Mount Angel Seminary,2013,0,0,1,0,0,0,8,0,1,0,4,0,0,0,0,0,1,0
209287,Multnomah University,2013,0,0,0,1,0,0,1,3,0,0,20,22,1,2,0,0,1,0
209409,Bushnell University,2013,0,3,0,3,0,2,3,5,0,1,12,51,0,1,0,1,0,0
209506,Oregon Institute of Technology,2013,1,2,10,5,3,2,25,17,2,1,140,107,14,7,4,0,1,1
209542,Oregon State University,2013,8,8,155,130,33,19,166,152,10,4,1229,1187,147,158,23,12,76,36
209551,University of Oregon,2013,9,11,79,145,42,43,169,242,6,14,1057,1363,110,174,23,11,223,192
209603,Pacific Northwest College of Art,2013,0,0,0,1,0,0,0,3,0,0,12,30,3,7,0,0,1,3
209612,Pacific University,2013,2,3,14,36,8,5,18,28,8,6,85,125,20,37,11,9,2,4
209807,Portland State University,2013,6,2,91,87,24,36,75,145,5,4,306,440,46,60,25,27,101,37
209825,University of Portland,2013,1,2,61,50,3,2,39,62,8,11,193,273,39,46,13,9,12,11
209922,Reed College,2013,0,1,9,13,3,5,20,23,0,0,104,96,12,16,6,12,18,16
210146,Southern Oregon University,2013,1,2,9,10,9,7,34,47,2,2,154,233,19,18,15,15,10,8
210304,Warner Pacific University,2013,0,1,1,3,3,4,5,8,1,0,14,18,3,6,5,2,0,0
210331,Corban University,2013,0,1,1,3,1,1,1,0,1,1,63,104,8,16,4,8,4,5
210401,Willamette University,2013,3,5,21,20,9,6,32,39,1,2,156,183,24,29,4,3,4,4
210429,Western Oregon University,2013,7,15,15,25,24,23,17,35,18,20,210,350,0,0,12,25,27,3
210492,Bryn Athyn College of the New Church,2013,0,0,1,2,9,9,0,3,0,0,29,25,0,0,0,0,2,0
210571,Albright College,2013,2,2,5,11,64,101,32,46,1,0,147,209,7,6,4,5,8,5
210669,Allegheny College,2013,0,0,7,6,9,15,23,18,0,0,233,241,10,14,1,1,10,13
210739,DeSales University,2013,1,0,6,9,6,3,20,29,0,0,156,186,0,0,0,1,0,0
210775,Alvernia University,2013,1,0,4,5,9,19,6,15,0,0,87,227,4,12,0,0,0,0
211024,Clarks Summit University,2013,0,0,1,0,0,1,0,1,0,0,41,52,0,0,0,1,1,1
211088,Arcadia University,2013,1,1,8,23,13,34,9,32,0,1,131,292,9,21,5,12,2,3
211273,Bryn Mawr College,2013,0,1,0,31,0,17,0,34,0,0,0,144,0,17,0,29,0,92
211291,Bucknell University,2013,1,0,18,22,15,15,28,27,0,0,335,380,19,17,2,1,31,22
211352,Cabrini University,2013,0,1,2,1,26,37,3,14,1,0,65,127,2,10,4,11,0,0
211431,Carlow University,2013,0,0,0,5,1,27,2,7,0,0,10,131,1,12,0,7,0,0
211440,Carnegie Mellon University,2013,1,0,189,187,47,28,75,38,0,0,275,215,32,31,42,39,139,104
211468,Cedar Crest College,2013,0,0,0,9,0,21,1,20,0,0,0,88,0,0,0,0,0,1
211477,Central Penn College,2013,0,0,0,0,30,26,0,0,0,0,13,17,0,2,1,6,0,0
211556,Chatham University,2013,0,1,0,5,0,10,0,1,0,0,0,61,0,2,0,2,0,10
211583,Chestnut Hill College,2013,2,0,2,6,14,19,8,15,0,0,44,61,4,8,4,1,0,2
211608,Cheyney University of Pennsylvania,2013,2,0,0,0,143,159,11,4,0,0,3,1,10,5,4,2,0,0
211893,Curtis Institute of Music,2013,0,0,3,2,0,0,1,0,0,0,5,4,0,0,0,0,5,9
211981,Delaware Valley University,2013,0,5,0,3,19,9,15,33,0,1,106,219,0,0,0,3,0,3
212009,Dickinson College,2013,0,1,6,10,13,14,20,12,0,0,192,270,10,11,5,11,24,27
212054,Drexel University,2013,2,3,251,223,85,83,95,80,14,17,911,569,54,48,21,23,320,223
212106,Duquesne University,2013,0,1,8,20,26,29,19,29,0,2,481,844,13,25,15,11,6,8
212115,East Stroudsburg University of Pennsylvania,2013,0,2,6,11,79,59,56,65,0,2,351,469,16,12,3,10,1,1
212133,Eastern University,2013,3,3,7,4,17,36,21,54,0,0,78,185,0,0,3,14,4,4
212197,Elizabethtown College,2013,1,0,1,8,3,11,8,10,0,1,195,270,3,3,0,0,13,3
212577,Franklin and Marshall College,2013,0,0,7,20,17,9,24,33,0,0,171,162,4,7,19,31,60,40
212601,Gannon University,2013,0,0,4,9,18,9,8,12,1,1,206,302,6,6,2,0,20,7
212656,Geneva College,2013,0,0,0,0,6,4,5,2,0,0,157,149,4,4,0,0,1,2
212674,Gettysburg College,2013,0,0,2,7,9,13,11,20,0,0,277,280,9,14,10,19,19,13
212805,Grove City College,2013,0,0,6,7,3,1,5,3,0,0,296,315,3,5,0,0,3,1
212832,Gwynedd Mercy University,2013,0,0,5,7,12,14,4,6,0,0,43,99,0,0,6,15,0,0
212911,Haverford College,2013,0,0,11,15,8,10,7,6,0,0,108,108,10,21,0,0,13,13
212984,Holy Family University,2013,0,0,3,9,8,14,6,18,0,0,49,119,0,0,9,53,0,0
213011,Immaculata University,2013,0,0,3,2,12,15,6,7,0,0,82,147,3,7,0,2,0,1
213020,Indiana University of Pennsylvania-Main Campus,2013,1,1,10,18,149,174,50,66,1,2,878,1269,47,54,9,7,15,5
213251,Juniata College,2013,0,0,3,11,5,4,7,9,0,0,113,141,7,6,25,31,15,14
213303,Keystone College,2013,1,0,1,1,14,25,6,8,1,0,84,147,1,3,13,5,1,0
213321,King's College,2013,1,0,3,10,9,5,24,29,0,0,209,159,9,7,18,16,0,1
213349,Kutztown University of Pennsylvania,2013,0,2,10,11,78,70,42,58,2,1,576,903,13,23,1,0,11,11
213358,La Roche University,2013,0,0,0,3,11,21,2,7,0,0,59,76,0,4,3,4,24,15
213367,La Salle University,2013,0,1,10,20,49,113,32,74,0,0,199,316,21,30,18,32,10,11
213376,Lackawanna College,2013,0,0,1,0,94,20,14,23,0,0,101,70,4,1,8,1,0,0
213385,Lafayette College,2013,0,0,7,11,16,21,23,25,0,0,227,183,8,2,20,31,28,33
213400,Lancaster Bible College,2013,0,0,2,1,5,5,0,0,0,0,44,74,2,1,0,0,0,0
213507,Lebanon Valley College,2013,1,1,1,7,13,2,13,7,0,0,147,188,6,5,10,14,0,0
213543,Lehigh University,2013,0,0,45,43,23,18,58,51,0,0,461,315,18,17,16,20,59,54
213598,Lincoln University,2013,0,0,0,0,106,169,3,3,0,0,1,0,3,5,17,13,5,6
213668,Lycoming College,2013,0,1,1,4,17,6,9,6,0,0,112,157,1,5,5,6,6,11
213774,Manor College,2013,0,0,1,3,34,32,9,9,0,0,12,39,1,7,4,6,0,0
213826,Marywood University,2013,0,1,0,4,5,4,12,12,1,0,95,223,5,7,14,17,3,2
213987,Mercyhurst University,2013,1,5,2,5,16,10,5,3,0,0,202,263,0,0,13,18,27,26
213996,Messiah University,2013,0,0,3,7,3,16,8,23,0,0,229,313,8,16,2,2,7,11
214041,Millersville University of Pennsylvania,2013,0,0,16,14,65,71,37,52,0,0,415,568,14,21,1,1,2,7
214069,Misericordia University,2013,0,1,4,3,6,2,5,7,0,0,152,238,4,5,0,0,0,1
214148,Moore College of Art and Design,2013,0,0,0,2,0,13,0,4,0,0,0,47,0,4,0,2,0,2
214157,Moravian University,2013,0,1,2,3,10,12,16,28,0,0,118,157,3,4,0,0,0,1
214166,Mount Aloysius College,2013,0,0,0,1,7,5,1,1,0,0,87,231,0,0,13,34,6,1
214175,Muhlenberg College,2013,0,0,6,15,8,3,20,19,0,0,155,280,5,9,17,35,4,3
214272,Neumann University,2013,0,0,2,3,31,75,2,16,1,0,91,143,6,7,44,73,4,3
214883,Peirce College,2013,0,0,0,0,3,5,0,1,0,0,1,2,0,0,0,0,0,0
214971,Pennsylvania Academy of the Fine Arts,2013,0,0,3,1,1,2,3,1,0,0,7,17,0,1,2,0,0,1
215053,Pennsylvania College of Art and Design,2013,0,1,0,0,4,1,0,0,0,0,10,25,0,4,3,3,0,0
215062,University of Pennsylvania,2013,2,1,200,251,84,89,90,138,1,1,556,492,38,45,56,56,125,128
215105,University of the Arts,2013,1,0,5,5,25,32,24,28,1,1,107,174,11,23,2,3,5,10
215114,Cairn University-Langhorne,2013,1,0,1,0,5,4,4,5,0,0,44,69,3,1,0,0,0,0
215266,University of Pittsburgh-Bradford,2013,1,0,8,4,33,34,11,12,0,1,117,133,5,2,3,9,10,6
215275,University of Pittsburgh-Greensburg,2013,1,0,5,9,10,13,10,13,1,0,145,160,6,5,2,2,3,1
215284,University of Pittsburgh-Johnstown,2013,0,0,7,3,6,14,4,3,0,1,338,277,7,7,5,4,8,4
215293,University of Pittsburgh-Pittsburgh Campus,2013,2,0,187,245,99,107,54,57,2,0,1355,1465,62,68,20,16,43,69
215415,Pittsburgh Technical College,2013,0,0,4,7,41,46,8,0,0,0,340,189,33,14,25,12,0,0
215442,Point Park University,2013,0,1,4,1,25,33,7,18,0,0,139,266,10,17,0,0,7,11
215637,Walnut Hill College,2013,0,0,4,0,37,39,13,15,0,0,86,123,4,5,3,4,0,0
215655,Robert Morris University,2013,0,1,6,5,40,31,13,9,1,0,357,324,19,14,11,6,129,22
215691,Rosemont College,2013,0,0,3,4,21,28,5,9,0,0,11,25,1,2,0,2,0,1
215743,Saint Francis University,2013,0,0,1,3,18,9,3,6,4,0,110,213,3,3,8,6,10,3
215770,Saint Joseph's University,2013,1,0,17,20,19,24,27,38,0,0,486,572,16,17,6,5,14,10
215798,Saint Vincent College,2013,1,0,9,8,16,16,12,8,1,1,183,188,1,2,10,13,1,2
215929,University of Scranton,2013,0,1,10,15,3,9,27,46,0,0,292,439,6,12,6,8,3,1
215947,Seton Hill University,2013,0,0,2,2,37,11,5,9,1,0,77,207,2,7,0,8,11,1
216010,Shippensburg University of Pennsylvania,2013,2,1,14,14,95,83,32,42,1,0,591,570,26,21,9,11,3,1
216038,Slippery Rock University of Pennsylvania,2013,1,1,4,4,27,51,14,16,0,0,487,735,20,26,6,9,4,3
216047,Saint Charles Borromeo Seminary-Overbrook,2013,0,0,0,0,0,0,0,0,0,0,10,0,0,0,0,0,0,0
216278,Susquehanna University,2013,0,0,5,6,18,26,17,21,0,0,210,261,6,11,0,0,4,4
216287,Swarthmore College,2013,0,0,38,32,10,10,23,33,0,0,82,78,15,17,9,9,17,15
216311,Talmudical Yeshiva of Philadelphia,2013,0,0,0,0,0,0,0,0,0,0,37,0,0,0,0,0,1,0
216339,Temple University,2013,0,2,231,258,148,311,110,125,1,4,1300,1393,49,94,71,66,113,104
216357,Thiel College,2013,0,0,0,3,15,9,2,2,0,0,97,114,2,3,39,17,0,0
216524,Ursinus College,2013,0,0,10,11,9,12,19,10,0,0,156,162,7,11,4,6,3,5
216542,University of Valley Forge,2013,0,0,0,1,12,10,9,8,1,0,34,40,2,1,7,9,0,0
216597,Villanova University,2013,0,0,69,71,22,35,54,52,0,1,608,663,17,17,14,17,9,10
216667,Washington & Jefferson College,2013,0,1,2,6,7,5,2,6,0,0,145,131,2,1,6,4,4,4
216694,Waynesburg University,2013,0,0,0,1,9,7,0,2,0,0,156,220,5,6,0,1,0,0
216764,West Chester University of Pennsylvania,2013,0,1,18,30,97,134,52,70,1,0,616,1195,24,52,0,0,2,0
216807,Westminster College,2013,1,1,0,2,5,6,1,2,0,0,96,145,3,7,13,20,0,0
216852,Widener University,2013,2,2,19,20,41,57,25,24,0,0,307,292,10,13,4,3,6,2
216931,Wilkes University,2013,1,1,8,10,10,8,15,16,0,0,239,234,10,4,6,3,16,3
217013,Wilson College,2013,0,0,0,1,0,2,0,2,0,0,2,36,0,0,0,24,0,3
217059,York College of Pennsylvania,2013,0,1,7,9,35,40,37,37,0,0,389,468,24,18,1,1,3,0
217156,Brown University,2013,3,5,104,117,56,61,77,117,0,2,343,277,34,50,52,69,85,90
217165,Bryant University,2013,1,1,25,25,18,14,37,21,1,0,390,293,0,0,2,5,36,21
217235,Johnson & Wales University-Providence,2013,0,1,3,2,82,149,77,130,0,0,446,804,60,88,18,27,35,35
217305,New England Institute of Technology,2013,3,0,8,1,18,5,53,12,0,0,253,70,8,3,45,10,5,4
217402,Providence College,2013,1,2,3,9,14,32,30,58,3,0,351,405,7,10,32,52,11,7
217420,Rhode Island College,2013,0,8,6,26,31,67,48,153,0,2,208,437,9,24,26,82,0,1
217484,University of Rhode Island,2013,3,4,48,62,66,71,100,161,0,0,926,1153,33,39,117,158,16,13
217493,Rhode Island School of Design,2013,0,1,22,63,7,6,11,33,0,0,49,91,8,11,6,25,41,81
217518,Roger Williams University,2013,0,2,4,7,4,10,24,41,0,0,361,453,6,10,53,71,42,14
217536,Salve Regina University,2013,0,0,2,5,0,5,12,19,0,0,99,274,5,8,12,19,2,1
217606,Northpoint Bible College,2013,0,0,1,0,1,0,10,5,1,1,11,11,0,0,0,1,0,0
217624,Allen University,2013,0,0,1,0,67,110,0,0,0,0,0,1,0,0,0,0,0,0
217633,Anderson University,2013,1,3,1,2,9,17,10,11,0,0,144,286,0,0,1,8,6,3
217688,Charleston Southern University,2013,2,7,3,5,91,111,5,16,0,2,115,261,5,12,7,9,2,3
217721,Benedict College,2013,0,0,3,2,301,245,2,0,0,0,1,0,0,0,0,0,0,0
217749,Bob Jones University,2013,1,2,2,8,0,3,26,20,5,2,224,311,8,7,13,15,10,10
217776,Southern Wesleyan University,2013,1,0,0,1,23,20,4,5,0,0,37,58,3,1,4,3,2,0
217819,College of Charleston,2013,1,3,16,31,36,92,36,63,1,2,567,1150,20,56,4,13,6,13
217864,Citadel Military College of South Carolina,2013,5,0,12,2,38,5,42,2,1,0,479,24,31,0,0,0,2,2
217873,Claflin University,2013,1,7,0,1,118,232,2,1,0,0,4,1,0,0,0,0,12,6
217882,Clemson University,2013,2,3,38,26,107,87,44,45,0,0,1442,1380,32,43,9,3,15,10
217891,Clinton College,2013,0,0,0,0,42,36,0,0,0,0,0,0,0,0,0,0,0,0
217907,Coker University,2013,0,1,0,0,31,30,3,3,1,0,71,88,9,1,0,1,5,1
217925,Columbia International University,2013,0,0,2,1,7,3,1,3,0,0,44,34,2,2,0,1,2,0
217934,Columbia College,2013,0,1,0,3,0,32,0,11,0,0,0,74,0,5,0,1,0,0
217961,Converse University,2013,0,0,0,0,0,23,0,11,0,0,0,140,0,10,0,44,0,3
217998,Erskine College,2013,0,1,3,1,17,18,7,4,1,0,66,68,0,0,10,11,0,0
218061,Francis Marion University,2013,1,2,4,4,77,272,4,9,0,0,137,221,1,1,0,3,6,1
218070,Furman University,2013,0,0,4,7,17,16,18,13,0,0,254,340,9,15,11,12,20,19
218229,Lander University,2013,1,2,0,1,44,109,4,3,0,0,94,219,3,13,5,11,5,2
218238,Limestone University,2013,0,0,0,0,136,47,11,3,0,0,142,70,1,3,5,1,21,8
218399,Morris College,2013,0,0,0,0,98,144,2,1,0,0,0,0,2,3,0,0,0,0
218414,Newberry College,2013,1,2,1,1,45,18,2,6,0,0,66,76,4,0,1,6,7,1
218441,North Greenville University,2013,1,3,1,0,26,6,4,3,1,2,203,220,0,0,20,12,1,0
218539,Presbyterian College,2013,0,0,2,2,25,14,3,2,0,0,107,132,1,2,1,1,2,2
218645,University of South Carolina Aiken,2013,0,1,1,3,52,123,9,18,0,1,127,213,11,14,5,10,5,1
218654,University of South Carolina Beaufort,2013,0,0,3,2,30,40,7,8,0,1,88,124,5,6,20,34,1,2
218663,University of South Carolina-Columbia,2013,4,5,56,75,132,177,88,127,2,4,1808,2239,70,101,43,35,21,16
218724,Coastal Carolina University,2013,5,6,10,3,222,197,31,53,3,0,615,807,46,62,4,5,9,6
218733,South Carolina State University,2013,1,0,0,2,274,258,0,2,0,0,1,6,0,0,3,9,3,0
218742,University of South Carolina-Upstate,2013,1,1,5,11,76,204,10,25,0,0,157,199,10,16,10,15,9,6
218919,Voorhees University,2013,0,0,0,0,57,76,2,1,0,0,1,0,0,0,0,0,1,0
218964,Winthrop University,2013,1,2,6,11,108,244,11,34,0,3,180,442,14,20,1,1,11,7
218973,Wofford College,2013,0,0,5,4,21,12,6,0,0,0,168,181,6,3,3,2,1,3
219000,Augustana University,2013,0,0,1,2,3,6,4,5,0,0,122,179,5,5,0,0,25,10
219046,Black Hills State University,2013,14,17,1,1,5,0,21,10,0,3,148,307,11,16,3,1,0,1
219082,Dakota State University,2013,2,1,2,0,5,0,4,6,1,0,165,82,11,1,3,2,1,0
219091,Dakota Wesleyan University,2013,4,0,0,0,1,1,9,1,0,0,73,70,4,2,0,0,2,1
219198,Mount Marty University,2013,2,3,0,0,0,0,4,3,1,1,29,59,0,0,3,2,0,0
219204,National American University-Rapid City,2013,0,2,0,0,0,1,0,0,0,1,2,5,0,2,0,0,0,0
219259,Northern State University,2013,3,3,1,2,4,3,6,8,1,0,145,183,6,1,0,0,3,0
219277,Oglala Lakota College,2013,83,97,0,0,2,0,1,1,0,0,1,1,0,0,0,0,0,0
219347,South Dakota School of Mines and Technology,2013,5,0,8,2,6,0,22,7,0,0,383,79,14,5,5,3,7,0
219356,South Dakota State University,2013,14,9,10,12,17,12,17,20,2,2,987,974,27,27,7,3,33,15
219374,Sinte Gleska University,2013,27,55,0,0,0,0,0,0,0,0,5,8,0,0,0,0,0,0
219383,University of Sioux Falls,2013,2,1,0,2,7,1,4,6,0,0,70,130,5,6,0,2,0,0
219471,University of South Dakota,2013,12,12,9,13,18,3,14,25,0,1,403,642,15,28,5,7,10,8
219505,American Baptist College,2013,0,0,0,0,5,3,0,1,0,0,0,0,0,0,0,0,0,0
219602,Austin Peay State University,2013,1,0,8,7,71,169,20,31,0,1,382,460,26,30,12,15,3,1
219639,Baptist Health Sciences University,2013,0,0,0,0,1,24,0,1,0,0,10,51,0,0,0,0,0,1
219709,Belmont University,2013,3,3,13,24,24,31,28,30,0,1,365,610,15,22,29,39,3,3
219718,Bethel University,2013,0,1,2,0,107,120,4,8,0,0,134,133,1,4,14,16,3,3
219790,Bryan College-Dayton,2013,0,1,0,1,4,3,2,0,0,2,79,88,1,3,0,0,3,0
219806,Carson-Newman University,2013,3,0,1,0,32,12,6,2,0,0,164,240,6,6,3,1,1,3
219833,Christian Brothers University,2013,1,1,10,14,29,35,17,9,0,0,71,51,6,4,0,3,6,5
219949,Cumberland University,2013,1,0,1,1,25,6,1,3,0,0,74,57,0,0,21,15,5,2
219976,Lipscomb University,2013,1,2,15,12,19,29,8,29,0,0,201,329,0,4,7,12,6,9
220075,East Tennessee State University,2013,0,3,14,14,64,81,20,21,0,2,631,879,26,36,16,10,15,17
220181,Fisk University,2013,0,0,2,0,56,135,2,5,0,0,1,2,2,4,11,10,0,0
220206,Welch College,2013,0,0,1,1,5,1,0,2,0,0,24,28,0,0,0,0,0,0
220215,Freed-Hardeman University,2013,0,0,0,2,9,11,2,1,0,0,121,193,4,5,2,1,3,1
220473,Johnson University,2013,0,0,0,0,2,0,2,2,0,0,72,72,2,5,0,0,2,3
220516,King University,2013,1,0,0,0,11,17,4,10,0,0,72,89,2,6,4,5,6,6
220552,South College,2013,0,0,1,0,1,12,2,2,0,0,39,123,0,2,1,0,0,0
220598,Lane College,2013,0,0,0,0,220,185,0,0,0,0,0,0,0,0,0,0,0,0
220604,Le Moyne-Owen College,2013,0,0,0,0,65,83,1,0,0,0,0,0,0,0,0,0,0,0
220613,Lee University,2013,1,2,3,8,15,17,16,21,1,0,238,424,2,4,13,21,15,7
220631,Lincoln Memorial University,2013,0,0,0,1,3,1,4,0,0,0,44,125,0,2,2,0,2,1
220701,The University of Tennessee Southern,2013,2,1,0,0,22,21,5,9,0,0,83,109,0,0,21,39,16,7
220710,Maryville College,2013,2,1,1,2,23,15,6,6,1,0,132,145,5,3,0,0,2,5
220862,University of Memphis,2013,3,2,30,46,205,414,56,51,2,0,490,631,38,44,0,1,3,9
220978,Middle Tennessee State University,2013,6,3,37,40,299,485,52,70,0,1,948,1002,47,72,5,5,39,18
221351,Rhodes College,2013,0,1,12,17,13,20,7,16,0,0,195,225,9,11,3,4,6,6
221519,The University of the South,2013,0,0,3,7,20,9,7,17,0,0,204,192,11,7,0,0,6,5
221661,Southern Adventist University,2013,1,2,23,25,16,27,38,58,3,3,109,124,4,18,0,0,13,16
221731,Tennessee Wesleyan University,2013,0,0,0,0,9,3,0,1,1,0,67,105,0,4,4,2,7,5
221740,The University of Tennessee-Chattanooga,2013,1,1,14,24,116,163,34,41,2,0,783,1034,31,58,15,13,4,1
221759,The University of Tennessee-Knoxville,2013,6,4,71,59,137,181,49,78,0,0,1676,1725,57,61,60,48,26,23
221768,The University of Tennessee-Martin,2013,1,0,3,0,85,132,15,19,0,0,455,522,14,22,0,0,27,6
221838,Tennessee State University,2013,1,3,5,5,440,706,5,9,0,0,38,55,0,0,1,4,51,3
221847,Tennessee Technological University,2013,1,0,19,10,64,39,38,23,0,0,918,803,64,33,3,1,127,18
221892,Trevecca Nazarene University,2013,1,2,1,2,7,3,4,7,0,0,88,118,5,3,2,1,1,0
221953,Tusculum University,2013,1,0,0,1,32,16,4,5,0,0,126,117,0,2,0,0,9,0
221971,Union University,2013,1,0,1,6,25,30,4,13,0,0,133,224,8,12,3,6,3,3
221999,Vanderbilt University,2013,7,3,91,77,63,76,59,77,0,3,424,433,31,54,59,59,50,47
222178,Abilene Christian University,2013,2,2,3,9,49,62,67,103,0,0,232,407,25,28,3,3,17,14
222831,Angelo State University,2013,2,0,4,3,57,65,188,244,0,0,288,308,20,22,0,0,4,2
222877,Arlington Baptist University,2013,0,0,0,0,3,3,4,1,0,0,18,14,0,0,0,0,0,0
222983,Austin College,2013,6,1,26,39,14,8,33,28,0,0,97,94,0,0,0,1,5,12
222992,Austin Community College District,2013,10,7,58,42,64,68,346,412,3,4,539,454,47,41,94,102,51,54
223232,Baylor University,2013,4,7,93,112,94,147,173,248,0,0,870,1213,68,94,2,2,36,26
223463,Remington College-Dallas Campus,2013,0,0,1,3,24,63,37,127,12,0,0,62,0,1,0,0,0,0
223506,Brazosport College,2013,0,0,1,1,14,9,50,33,0,0,79,67,4,4,0,0,0,0
224004,Concordia University Texas,2013,1,0,2,4,9,10,24,21,0,0,34,49,0,0,14,11,0,1
224147,Texas A & M University-Corpus Christi,2013,2,5,22,21,61,71,421,578,0,0,320,404,15,26,14,11,39,23
224226,Dallas Baptist University,2013,0,5,6,5,12,10,28,42,1,1,156,222,0,0,0,0,0,0
224244,Dallas Christian College,2013,0,0,0,0,7,3,8,4,0,0,7,13,0,1,0,0,0,0
224323,University of Dallas,2013,1,0,10,12,5,2,32,41,0,1,106,138,5,8,6,2,6,5
224527,East Texas Baptist University,2013,0,0,1,0,31,26,16,17,1,1,102,126,8,10,0,0,0,1
224545,Texas A&M University-Texarkana,2013,0,0,0,2,10,11,13,14,0,0,45,52,0,3,4,1,1,0
224554,Texas A & M University-Commerce,2013,5,1,13,7,131,147,61,72,0,0,170,214,30,37,19,10,2,1
224660,Western Technical College,2013,0,1,0,0,12,5,64,74,1,0,17,11,0,0,0,0,0,0
224679,Western Technical College,2013,0,0,2,0,7,1,99,25,1,0,26,0,0,0,0,0,0,0
225201,Hallmark University,2013,0,0,0,0,2,5,26,22,1,0,16,5,2,1,1,0,0,0
225247,Hardin-Simmons University,2013,0,1,0,2,17,5,41,31,1,0,142,155,5,6,0,0,6,1
225399,Houston Christian University,2013,2,2,25,58,54,60,51,82,0,0,64,92,10,13,20,15,6,13
225432,University of Houston-Downtown,2013,2,2,77,48,54,68,234,359,1,2,33,39,6,4,2,3,33,40
225502,University of Houston-Victoria,2013,1,0,2,1,22,43,61,78,0,1,24,39,0,2,0,2,5,0
225511,University of Houston,2013,1,1,455,450,145,182,485,493,4,6,459,352,50,74,12,23,66,63
225548,Howard Payne University,2013,1,0,1,1,38,6,47,30,0,0,118,91,3,4,1,1,0,0
225575,Huston-Tillotson University,2013,0,0,0,0,73,99,22,12,0,0,5,2,0,0,1,3,3,3
225627,University of the Incarnate Word,2013,1,1,8,13,48,41,229,412,0,4,56,101,7,20,5,15,27,9
225885,Jarvis Christian University,2013,1,0,0,0,76,67,7,2,0,0,4,0,0,0,0,0,0,0
226091,Lamar University,2013,0,1,32,18,188,273,80,110,0,0,314,321,22,15,6,1,9,10
226134,Laredo College,2013,0,0,0,0,2,0,487,453,0,1,7,4,0,2,2,5,0,1
226152,Texas A & M International University,2013,0,0,2,1,1,0,346,437,0,0,5,5,3,1,0,0,8,12
226231,LeTourneau University,2013,1,1,1,4,6,6,16,5,0,0,161,68,6,4,7,3,9,4
226383,Lubbock Christian University,2013,2,1,1,1,6,6,14,34,0,0,68,121,0,0,0,0,1,0
226471,University of Mary Hardin-Baylor,2013,2,1,3,2,53,35,49,102,2,2,136,247,7,11,2,11,5,2
226587,McMurry University,2013,0,2,0,1,35,14,30,28,1,0,63,69,3,1,0,0,1,1
226806,Midland College,2013,2,0,1,3,15,21,78,125,0,1,96,81,1,5,3,0,2,0
226833,Midwestern State University,2013,6,0,8,3,53,71,74,88,0,0,184,256,13,20,6,0,12,8
226879,Wade College,2013,0,1,0,1,1,18,6,4,0,0,1,10,0,1,0,0,0,0
227216,University of North Texas,2013,10,11,174,180,252,354,507,600,3,1,950,1150,93,93,16,25,50,49
227331,Our Lady of the Lake University,2013,2,2,2,2,7,15,82,165,0,0,5,13,0,0,15,25,0,0
227368,The University of Texas Rio Grande Valley,2013,0,1,28,35,10,9,1327,1688,2,1,40,35,2,8,19,18,19,27
227429,Paul Quinn College,2013,0,0,0,0,24,29,7,6,0,0,1,1,0,0,0,0,1,0
227526,Prairie View A & M University,2013,2,0,6,5,529,798,42,35,0,0,19,3,7,12,4,0,1,0
227757,Rice University,2013,0,0,104,108,20,34,86,76,0,0,209,149,22,21,4,8,66,69
227845,Saint Edward's University,2013,0,1,8,22,18,25,113,230,1,0,123,157,6,17,3,8,39,20
227863,University of St Thomas,2013,0,0,9,30,6,8,37,62,1,0,21,38,1,2,1,1,7,9
227881,Sam Houston State University,2013,0,7,13,16,182,352,213,401,1,2,426,640,35,41,7,11,15,13
228042,Schreiner University,2013,0,1,0,3,4,6,50,63,0,0,71,91,2,8,0,0,0,0
228149,St. Mary's University,2013,0,0,4,10,7,9,189,278,0,1,26,26,0,0,9,9,22,6
228246,Southern Methodist University,2013,2,2,51,49,38,36,60,86,0,0,483,503,22,30,1,1,35,29
228325,Nelson University,2013,1,3,1,2,25,8,42,40,1,1,89,103,4,3,3,3,1,0
228343,Southwestern University,2013,0,1,10,10,23,15,52,50,1,0,132,168,4,5,1,2,3,14
228431,Stephen F Austin State University,2013,2,2,11,16,150,315,160,254,0,1,436,769,31,61,6,3,5,5
228459,Texas State University,2013,4,7,26,48,173,322,762,1215,4,2,1031,1494,81,129,2,4,2,8
228468,Southwestern Adventist University,2013,0,1,2,4,11,5,38,53,0,1,18,19,3,3,1,1,0,7
228486,Southwestern Christian College,2013,0,0,0,0,26,25,2,3,0,1,0,0,0,0,0,0,1,2
228501,Sul Ross State University,2013,1,1,2,0,26,8,92,73,0,1,44,42,5,2,1,0,1,2
228529,Tarleton State University,2013,4,7,5,5,61,65,110,166,1,0,500,725,18,28,1,0,1,1
228705,Texas A & M University-Kingsville,2013,0,0,3,5,69,43,457,376,1,0,151,82,2,2,2,1,14,8
228723,Texas A & M University-College Station,2013,9,7,283,246,132,197,1038,1189,10,0,2788,2791,140,123,8,6,36,27
228769,The University of Texas at Arlington,2013,2,2,244,207,98,209,362,433,3,3,455,378,66,68,3,3,53,35
228778,The University of Texas at Austin,2013,3,3,713,733,97,189,687,931,2,4,1398,1845,109,152,19,15,97,121
228787,The University of Texas at Dallas,2013,2,2,430,344,52,39,207,144,3,0,464,274,62,46,27,15,45,37
228796,The University of Texas at El Paso,2013,2,4,8,15,48,36,1228,1330,4,1,64,65,16,9,10,4,57,60
228802,The University of Texas at Tyler,2013,0,2,20,19,19,39,65,62,0,1,179,239,26,26,1,2,0,1
228875,Texas Christian University,2013,8,9,13,29,47,52,81,133,3,1,518,903,3,2,21,42,34,36
228884,Texas College,2013,0,0,0,0,140,59,25,17,0,0,1,0,0,0,0,0,0,0
228981,Texas Lutheran University,2013,0,0,1,2,17,12,70,51,0,0,96,85,0,0,6,6,0,0
229018,The University of Texas Permian Basin,2013,1,1,4,6,4,6,79,109,0,1,49,47,0,0,1,1,2,3
229027,The University of Texas at San Antonio,2013,2,2,168,165,105,208,789,983,2,6,450,430,55,72,13,10,60,39
229063,Texas Southern University,2013,3,10,8,3,336,565,31,54,0,0,8,14,0,0,1,0,11,13
229115,Texas Tech University,2013,6,2,84,57,166,128,529,466,1,2,1507,1477,89,75,5,3,84,44
229160,Texas Wesleyan University,2013,0,0,1,3,15,29,31,26,0,0,25,34,5,12,0,2,66,17
229179,Texas Woman's University,2013,2,1,13,112,9,267,28,344,1,0,32,302,4,36,0,1,0,3
229267,Trinity University,2013,1,0,6,15,14,6,43,62,0,0,137,142,22,12,10,18,26,20
229355,Tyler Junior College,2013,4,9,10,4,388,446,215,230,4,0,490,498,51,47,16,17,12,11
229780,Wayland Baptist University,2013,3,0,0,1,38,8,67,32,0,0,74,43,12,3,18,5,6,5
229814,West Texas A & M University,2013,3,3,8,14,56,43,158,185,0,0,310,436,17,17,12,5,10,6
229887,Wiley University,2013,0,0,1,0,107,116,24,8,0,0,0,7,0,0,0,0,12,11
230038,Brigham Young University,2013,4,15,36,58,14,10,69,196,16,22,1080,2515,40,143,16,40,35,57
230047,Brigham Young University-Hawaii,2013,1,1,7,14,0,1,9,33,9,27,65,205,10,42,0,0,39,47
230171,Utah Tech University,2013,7,12,5,5,25,13,75,90,16,9,366,660,25,16,9,6,36,13
230366,Eagle Gate College-Murray,2013,0,0,0,1,2,0,0,9,1,4,17,24,0,0,0,2,0,0
230597,Snow College,2013,5,8,3,2,25,7,21,31,31,8,329,779,7,10,2,5,26,25
230603,Southern Utah University,2013,6,11,3,6,6,4,10,11,6,6,298,665,10,25,28,54,51,11
230728,Utah State University,2013,50,95,13,13,19,9,62,135,3,5,904,1849,36,52,133,136,32,18
230737,Utah Valley University,2013,8,20,17,17,13,13,145,186,12,15,819,1069,21,24,23,13,25,14
230764,University of Utah,2013,3,7,90,92,14,22,122,204,11,9,837,1007,71,81,10,7,128,75
230782,Weber State University,2013,10,4,13,12,34,7,100,114,5,7,429,583,27,42,144,278,16,12
230807,Westminster University,2013,0,2,7,0,2,3,23,26,0,0,144,167,5,10,17,17,11,12
230816,Bennington College,2013,3,3,1,6,0,1,0,7,0,0,31,67,0,4,1,4,5,7
230852,Champlain College,2013,1,1,0,2,7,6,15,10,1,0,240,149,11,10,80,51,6,4
230889,Goddard College,2013,0,0,0,0,0,1,0,0,0,0,1,0,0,0,0,0,0,0
230959,Middlebury College,2013,1,0,17,30,14,15,26,43,0,0,198,172,14,18,2,2,39,34
230995,Norwich University,2013,8,3,16,0,18,1,27,13,3,0,334,94,6,0,7,6,3,9
231059,Saint Michael's College,2013,0,0,3,5,2,8,10,12,0,0,199,242,4,8,2,0,5,6
231095,Sterling College,2013,0,0,0,0,1,0,0,0,0,0,6,9,0,0,1,0,0,0
231165,Vermont State University,2013,1,1,1,0,1,0,1,1,0,0,120,52,3,0,3,1,6,0
231174,University of Vermont,2013,2,2,24,46,16,15,55,84,0,0,927,1167,26,63,12,19,17,8
231420,Averett University,2013,2,2,1,0,53,17,6,5,0,0,74,64,0,0,0,0,8,3
231554,Bluefield University,2013,0,0,1,0,26,4,2,1,0,0,37,40,2,1,1,1,3,1
231581,Bridgewater College,2013,0,0,4,2,38,16,2,7,0,0,165,243,13,17,18,10,1,0
231624,William & Mary,2013,2,1,57,61,44,67,52,89,0,0,388,453,30,43,59,64,20,49
231651,Regent University,2013,0,3,1,5,14,12,5,10,1,1,51,84,8,14,2,6,1,0
231712,Christopher Newport University,2013,0,5,13,24,43,49,25,40,2,0,412,538,17,40,31,34,2,1
231785,Bryant & Stratton College-Virginia Beach,2013,0,0,0,2,26,26,0,3,0,1,5,11,1,1,0,0,0,0
232025,Emory & Henry University,2013,1,0,0,0,23,10,3,4,0,0,102,88,4,5,10,7,4,3
232043,Eastern Mennonite University,2013,0,0,1,3,11,7,10,17,0,0,75,88,4,4,2,2,3,5
232089,Ferrum College,2013,1,1,1,2,152,59,23,14,2,0,140,108,18,15,11,4,1,2
232186,George Mason University,2013,3,5,236,226,108,230,152,182,6,5,745,747,82,110,45,48,31,31
232256,Hampden-Sydney College,2013,1,0,8,0,17,0,6,0,0,0,240,0,16,0,4,0,0,0
232265,Hampton University,2013,0,2,2,4,291,634,2,7,0,0,4,8,0,0,0,0,1,0
232308,Hollins University,2013,0,1,0,6,0,15,0,9,0,0,0,104,0,5,0,1,0,5
232423,James Madison University,2013,2,3,82,89,64,106,87,134,3,2,1212,2098,63,83,23,49,50,49
232557,Liberty University,2013,6,13,7,24,192,212,18,31,1,4,841,1051,42,66,245,328,66,71
232566,Longwood University,2013,2,1,5,7,28,69,25,32,0,1,257,560,15,31,23,27,4,4
232609,University of Lynchburg,2013,2,1,3,2,29,49,16,22,0,0,147,209,6,12,5,6,3,0
232672,Mary Baldwin University,2013,0,1,0,9,0,78,0,24,0,1,0,93,0,10,0,1,0,0
232681,University of Mary Washington,2013,1,1,8,35,23,29,27,34,0,0,211,438,13,25,20,56,3,3
232706,Marymount University,2013,1,2,10,23,17,35,25,44,0,0,73,116,6,12,2,6,14,11
232797,American National University,2013,0,0,0,0,6,16,0,1,0,0,12,37,0,1,0,2,0,0
232937,Norfolk State University,2013,1,3,1,0,256,417,10,14,0,1,12,17,23,25,6,10,0,1
232982,Old Dominion University,2013,4,7,80,69,346,549,108,125,8,2,727,592,105,111,21,21,16,17
233277,Radford University,2013,1,2,12,12,111,143,68,64,1,3,608,790,44,96,12,13,3,3
233295,Randolph-Macon College,2013,0,0,2,4,19,16,11,9,0,0,153,142,5,7,4,1,2,7
233301,Randolph College,2013,0,4,2,3,2,12,4,6,0,0,58,114,3,3,0,0,3,2
233356,Bon Secours Memorial College of Nursing,2013,0,0,0,0,0,0,0,0,0,0,0,4,0,0,0,0,0,0
233374,University of Richmond,2013,0,2,19,30,19,17,26,45,0,0,234,215,12,25,43,41,38,39
233426,Roanoke College,2013,1,2,2,3,12,18,12,10,1,0,180,275,7,8,0,0,7,4
233541,Shenandoah University,2013,3,3,3,6,29,34,14,14,0,0,112,162,0,0,14,7,14,3
233611,Southern Virginia University,2013,6,7,2,3,9,4,2,2,2,3,67,115,0,0,0,0,2,0
233684,Strayer University-Virginia,2013,0,0,0,1,18,8,5,2,0,0,21,6,0,0,0,0,12,0
233718,Sweet Briar College,2013,0,0,0,7,0,20,0,17,0,0,0,138,0,9,0,1,0,5
233897,University of Virginia's College at Wise,2013,0,0,0,2,30,14,4,1,0,0,120,132,0,1,17,11,0,0
233921,Virginia Polytechnic Institute and State University,2013,7,2,263,194,111,72,164,124,6,4,2077,1718,118,109,118,71,144,58
234030,Virginia Commonwealth University,2013,2,3,232,287,169,440,103,171,5,3,751,950,90,141,17,25,75,49
234076,University of Virginia-Main Campus,2013,1,2,184,229,75,129,89,109,0,1,960,1183,69,85,91,108,87,114
234085,Virginia Military Institute,2013,0,0,18,1,17,3,17,5,2,0,317,33,7,1,0,0,0,0
234155,Virginia State University,2013,0,9,3,5,396,626,14,21,0,0,4,4,0,0,26,26,1,1
234164,Virginia Union University,2013,1,0,0,0,169,217,3,2,1,0,2,0,0,6,1,0,0,0
234173,Virginia Wesleyan University,2013,1,4,5,7,40,78,10,21,0,0,102,124,22,27,3,7,0,2
234207,Washington and Lee University,2013,0,0,10,14,3,6,11,6,0,0,215,192,1,8,2,6,3,3
234669,Bellevue College,2013,4,4,68,62,22,16,58,38,3,1,187,147,20,17,14,17,1,0
234696,Bellingham Technical College,2013,0,0,0,0,0,0,3,2,0,0,32,13,6,0,2,1,0,0
234827,Central Washington University,2013,3,6,30,18,23,14,96,122,3,2,443,488,51,58,58,69,1,1
234845,Centralia College,2013,5,0,2,2,2,2,18,15,1,0,128,144,8,7,6,5,4,6
234915,City University of Seattle,2013,0,0,0,0,1,0,0,0,0,0,3,0,0,0,0,0,2,0
234933,Clark College,2013,3,0,15,12,15,7,40,49,2,4,252,291,39,42,20,21,4,3
234951,Clover Park Technical College,2013,2,3,10,7,15,18,7,9,1,5,85,68,10,5,1,5,0,0
234979,Columbia Basin College,2013,3,3,10,7,4,1,138,148,0,2,175,177,17,19,12,6,0,1
235024,Cornish College of the Arts,2013,0,1,2,7,3,7,8,9,0,1,33,69,5,16,1,3,0,1
235097,Eastern Washington University,2013,4,9,12,30,25,30,85,126,3,2,399,605,41,54,8,5,24,7
235103,Edmonds College,2013,3,1,37,26,13,9,23,16,0,1,103,99,16,19,15,16,0,0
235167,The Evergreen State College,2013,4,2,3,10,7,8,17,26,0,1,148,184,15,25,26,18,1,2
235237,Pierce College District,2013,6,1,7,14,21,14,19,16,3,1,72,87,20,23,7,13,0,1
235316,Gonzaga University,2013,4,7,22,38,6,7,57,65,1,1,406,498,32,41,16,14,16,7
235334,Grays Harbor College,2013,0,2,2,1,1,0,14,15,1,0,82,96,18,12,1,1,0,0
235343,Green River College,2013,1,3,31,15,19,13,25,35,1,5,195,158,35,32,19,15,0,0
235422,Heritage University,2013,1,4,0,0,1,0,13,39,0,0,4,12,0,0,0,0,0,0
235431,Highline College,2013,2,3,21,33,22,15,22,27,0,5,56,66,12,20,9,16,0,1
235699,Lake Washington Institute of Technology,2013,0,1,7,4,0,3,5,6,0,1,60,52,5,7,9,4,0,0
236072,North Seattle College,2013,1,0,9,6,7,1,6,2,0,1,26,20,7,6,3,3,0,1
236133,Northwest University,2013,0,0,2,8,4,1,3,8,0,2,44,116,5,5,0,0,3,1
236188,Olympic College,2013,3,5,7,12,13,2,17,14,2,3,112,123,20,18,8,8,9,6
236230,Pacific Lutheran University,2013,0,4,12,37,9,19,24,32,1,1,172,275,18,34,0,4,2,4
236258,Peninsula College,2013,3,3,1,2,6,0,10,5,1,1,43,51,8,13,3,3,19,6
236328,University of Puget Sound,2013,1,0,24,38,2,2,21,22,0,0,214,279,25,33,2,5,2,0
236382,Renton Technical College,2013,0,0,11,9,5,7,12,6,0,2,33,31,10,1,5,2,0,0
236452,Saint Martin's University,2013,0,0,2,9,3,3,7,16,0,4,42,45,8,9,5,4,1,0
236504,South Seattle College,2013,4,0,22,13,14,19,17,10,0,1,31,22,16,9,7,6,1,1
236513,Seattle Central College,2013,0,1,8,10,12,11,5,3,1,0,30,27,7,10,1,5,1,0
236577,Seattle Pacific University,2013,1,0,30,53,4,17,24,47,1,0,161,335,19,60,0,1,4,8
236595,Seattle University,2013,2,4,69,101,8,12,48,63,7,2,165,292,32,46,26,40,21,20
236638,Skagit Valley College,2013,3,0,9,5,6,7,32,37,0,2,158,118,14,16,0,4,9,12
236692,Spokane Community College,2013,8,1,2,3,5,6,19,23,0,3,251,207,16,25,13,14,1,0
236708,Spokane Falls Community College,2013,7,3,3,6,10,3,31,28,3,0,290,332,23,34,10,11,13,1
236753,Tacoma Community College,2013,1,1,22,17,21,20,26,37,3,0,103,144,33,32,22,27,15,5
236887,Walla Walla Community College,2013,2,3,0,1,1,2,54,49,0,1,155,138,12,9,14,11,1,1
236896,Walla Walla University,2013,1,3,8,16,8,6,21,32,0,1,129,140,0,0,8,7,4,3
236939,Washington State University,2013,12,14,98,98,85,108,239,340,10,9,1210,1320,156,219,11,15,81,32
236948,University of Washington-Seattle Campus,2013,7,17,696,793,46,73,171,276,13,11,1285,1313,194,233,20,27,476,493
236975,Wenatchee Valley College,2013,1,6,1,0,1,1,78,93,1,0,127,124,11,9,5,3,0,0
237011,Western Washington University,2013,3,6,87,110,18,21,83,125,1,2,863,1178,101,145,7,5,6,3
237039,Whatcom Community College,2013,1,2,5,5,1,3,14,23,2,0,81,105,11,15,11,10,0,0
237057,Whitman College,2013,1,1,2,15,2,2,14,20,0,0,136,150,7,14,4,6,6,12
237066,Whitworth University,2013,2,3,8,11,5,5,14,30,2,4,176,290,19,14,0,1,7,2
237109,Yakima Valley College,2013,2,2,0,0,1,1,59,96,0,0,63,69,14,9,0,1,0,0
237136,Appalachian Bible College,2013,0,0,0,0,0,0,0,0,0,0,30,30,0,0,0,0,0,0
237181,Bethany College,2013,0,0,0,0,41,9,8,2,0,0,42,63,3,2,7,3,3,0
237215,Bluefield State University,2013,0,1,1,0,9,15,1,1,0,0,116,147,1,1,0,0,2,0
237312,University of Charleston,2013,3,2,1,1,31,14,3,3,0,0,58,123,0,0,6,14,12,0
237330,Concord University,2013,2,1,0,2,28,17,3,4,0,0,190,238,0,0,1,1,9,11
237358,Davis & Elkins College,2013,1,1,1,0,7,5,1,0,0,0,80,102,0,0,10,30,25,6
237367,Fairmont State University,2013,0,1,1,3,37,21,9,9,1,0,276,346,14,6,4,2,9,2
237385,Glenville State University,2013,0,0,1,0,31,6,2,1,0,0,121,106,1,1,7,3,0,0
237525,Marshall University,2013,1,1,6,7,72,54,17,27,0,0,644,921,21,42,8,11,6,5
237686,West Virginia University at Parkersburg,2013,1,0,1,0,4,5,0,1,0,0,187,240,8,6,1,2,0,0
237701,Potomac State College of West Virginia University,2013,4,2,1,3,90,57,14,10,1,1,206,222,5,2,1,1,2,2
237783,Salem University,2013,0,0,1,0,11,12,6,2,0,0,12,16,0,0,26,28,14,1
237792,Shepherd University,2013,2,1,7,8,53,22,12,7,0,1,219,336,0,2,3,2,1,0
237899,West Virginia State University,2013,1,1,1,0,33,20,0,0,0,0,107,108,0,0,67,62,1,2
237932,West Liberty University,2013,1,1,0,1,23,9,3,3,0,0,162,268,3,3,6,4,8,3
237950,West Virginia University Institute of Technology,2013,0,0,2,0,22,5,25,2,0,0,137,71,8,4,1,0,17,4
237969,West Virginia Wesleyan College,2013,0,0,0,0,37,11,7,3,0,0,175,192,8,13,2,2,14,7
238032,West Virginia University,2013,3,2,31,38,126,65,106,103,3,1,2089,1968,92,107,4,5,105,53
238078,Wheeling University,2013,1,0,1,1,14,5,13,3,1,0,123,78,1,0,2,4,1,2
238193,Alverno College,2013,0,3,0,11,0,36,0,55,0,0,0,92,0,4,0,0,0,1
238324,Bellin College,2013,0,0,0,0,0,0,0,1,0,0,1,39,0,0,0,0,0,0
238333,Beloit College,2013,2,1,3,4,16,5,16,10,0,1,84,138,0,3,1,1,4,10
238458,Carroll University,2013,1,1,9,11,1,9,14,39,1,0,193,379,4,4,1,4,1,6
238476,Carthage College,2013,1,1,4,2,23,11,11,19,0,0,298,299,11,11,16,7,0,0
238616,Concordia University-Wisconsin,2013,1,4,3,7,14,20,4,7,0,2,208,277,12,6,0,0,12,3
238661,Edgewood College,2013,0,0,3,3,7,5,7,12,0,0,58,170,4,8,3,9,4,5
238980,Lakeland University,2013,1,1,0,2,11,6,3,6,0,0,98,71,0,0,5,5,3,2
239017,Lawrence University,2013,1,2,7,11,3,4,15,11,1,0,125,143,6,11,4,2,17,29
239071,Maranatha Baptist University,2013,0,0,0,2,1,1,0,3,1,0,87,97,1,5,2,4,1,1
239080,Marian University,2013,1,2,0,3,9,11,6,13,0,0,52,144,0,0,0,2,4,1
239105,Marquette University,2013,2,3,32,54,24,36,90,91,0,1,705,776,43,58,4,1,41,28
239309,Milwaukee Institute of Art & Design,2013,0,1,1,6,6,5,10,17,0,0,28,68,3,9,1,0,0,2
239318,Milwaukee School of Engineering,2013,1,0,20,3,5,7,25,7,1,0,286,91,10,7,28,2,40,5
239390,Mount Mary University,2013,0,0,0,14,0,21,0,27,0,1,0,45,0,3,0,1,0,1
239512,Northland College,2013,0,1,1,0,1,1,5,1,0,0,56,53,3,3,7,8,0,0
239628,Ripon College,2013,0,0,0,3,0,2,11,10,0,0,94,97,0,4,3,1,8,5
239716,Saint Norbert College,2013,3,1,1,6,2,2,8,16,0,0,195,283,6,7,0,0,8,1
240107,Viterbo University,2013,0,0,1,3,5,5,3,6,0,0,69,197,4,8,0,0,2,0
240189,University of Wisconsin-Whitewater,2013,0,2,15,21,47,62,43,61,0,0,911,861,21,38,0,2,9,3
240268,University of Wisconsin-Eau Claire,2013,5,4,17,49,3,1,17,22,0,1,631,1204,15,25,1,1,8,10
240277,University of Wisconsin-Green Bay,2013,0,7,10,8,5,3,12,26,0,1,199,465,13,16,1,0,11,5
240329,University of Wisconsin-La Crosse,2013,3,3,26,30,2,9,31,28,1,0,747,1047,19,29,1,1,16,2
240338,Wisconsin Lutheran College,2013,0,0,1,1,12,2,13,5,0,0,74,109,4,4,0,2,2,0
240365,University of Wisconsin-Oshkosh,2013,4,4,21,33,14,15,26,37,0,1,600,927,17,28,0,0,3,0
240374,University of Wisconsin-Parkside,2013,0,0,16,8,27,35,30,42,3,1,231,255,9,18,0,0,5,6
240392,Herzing University-Madison,2013,0,0,0,2,4,11,1,3,0,0,19,17,1,3,10,54,0,0
240417,University of Wisconsin-Stout,2013,1,3,26,21,18,7,19,20,2,2,706,684,13,15,0,1,18,5
240426,University of Wisconsin-Superior,2013,0,2,1,1,1,1,9,2,0,0,101,163,2,8,2,0,12,13
240444,University of Wisconsin-Madison,2013,6,6,161,206,65,82,144,166,1,5,2390,2509,84,89,5,10,195,199
240453,University of Wisconsin-Milwaukee,2013,7,2,102,108,109,171,156,170,1,1,1031,1094,64,90,0,3,65,27
240462,University of Wisconsin-Platteville,2013,0,1,19,10,14,5,42,20,1,2,972,491,12,19,1,0,14,2
240471,University of Wisconsin-River Falls,2013,1,1,16,10,9,11,14,22,1,0,341,587,14,21,0,0,9,2
240480,University of Wisconsin-Stevens Point,2013,8,7,20,30,27,20,35,26,0,1,665,718,17,24,0,1,10,15
240727,University of Wyoming,2013,2,5,9,5,13,1,45,66,0,2,604,711,18,25,12,7,24,19
240736,American Samoa Community College,2013,0,0,3,1,0,0,0,0,116,134,0,0,0,0,0,0,7,3
240754,University of Guam,2013,0,0,91,149,1,1,1,4,84,141,4,3,0,0,2,3,3,1
240790,Northern Marianas College,2013,0,0,42,51,0,0,1,0,53,69,2,2,6,11,1,4,5,9
241100,American University of Puerto Rico,2013,0,0,0,0,0,0,82,45,0,0,0,0,0,0,0,0,0,0
241128,American University of Puerto Rico,2013,0,0,0,0,0,0,118,92,0,0,0,0,0,0,0,0,0,0
241191,Universidad Adventista de las Antillas,2013,0,0,0,0,0,0,72,120,0,0,0,1,0,0,0,0,2,0
241216,Atlantic University,2013,0,0,0,0,0,0,190,76,0,0,0,0,0,0,0,0,0,0
241225,Universidad Central de Bayamon,2013,0,0,0,0,0,1,91,137,0,0,0,0,0,0,0,0,0,0
241304,Columbia Central University-Caguas,2013,0,0,0,0,0,0,97,153,0,0,0,0,0,0,0,0,0,0
241377,Caribbean University-Bayamon,2013,0,0,0,0,0,0,124,113,0,0,0,0,0,0,0,0,0,0
241386,Caribbean University-Carolina,2013,0,0,0,0,0,0,11,35,0,0,0,0,0,0,0,0,0,0
241395,Pontifical Catholic University of Puerto Rico-Arecibo,2013,0,0,0,0,0,0,38,56,0,0,0,0,0,0,0,3,0,0
241410,Pontifical Catholic University of Puerto Rico-Ponce,2013,0,0,0,0,0,0,430,662,0,0,0,1,0,0,1,0,2,3
241517,CEM College-San Juan,2013,0,0,0,0,0,0,92,236,0,0,0,0,0,0,0,0,0,0
241614,Universidad Teologica del Caribe,2013,0,0,0,0,0,0,7,6,0,0,0,0,0,0,0,0,0,0
241720,Colegio Universitario de San Juan,2013,0,0,0,0,0,0,86,81,0,0,0,0,0,0,0,0,0,0
241739,Universidad Ana G. Mendez-Cupey Campus,2013,0,0,0,0,0,0,765,1219,0,0,0,0,0,0,0,0,0,0
241766,Puerto Rico Conservatory of Music,2013,0,0,0,0,0,0,10,13,0,0,0,0,0,0,0,0,1,0
241836,EDP University of Puerto Rico Inc-San Sebastian,2013,0,0,0,0,0,0,80,103,0,0,0,0,0,0,0,0,0,0
241951,Escuela de Artes Plasticas y Diseno de Puerto Rico,2013,0,0,0,0,0,0,24,61,0,0,0,0,0,0,0,0,0,1
242112,Huertas College,2013,0,0,0,0,0,0,138,107,0,0,0,0,0,0,0,0,0,0
242121,Humacao Community College,2013,0,0,0,0,0,0,56,80,0,0,0,0,0,0,0,0,0,0
242617,Inter American University of Puerto Rico-San German,2013,1,1,0,1,0,2,427,443,0,1,4,2,0,0,0,0,0,0
242626,Inter American University of Puerto Rico-Aguadilla,2013,0,0,0,0,0,0,388,471,0,0,0,1,0,0,0,0,0,0
242635,Inter American University of Puerto Rico-Arecibo,2013,0,0,0,0,0,0,380,437,0,0,0,0,0,0,0,0,0,0
242644,Inter American University of Puerto Rico-Barranquitas,2013,0,0,0,0,0,0,192,314,0,0,1,0,0,0,0,0,0,0
242653,Inter American University of Puerto Rico-Metro,2013,0,1,1,0,0,2,371,440,0,0,2,2,0,0,0,0,0,0
242662,Inter American University of Puerto Rico-Ponce,2013,0,0,0,0,0,0,438,620,0,0,0,0,0,0,0,0,0,0
242680,Inter American University of Puerto Rico-Fajardo,2013,0,0,0,0,0,0,156,257,0,0,0,0,0,0,0,0,0,0
242699,Inter American University of Puerto Rico-Guayama,2013,0,2,0,0,0,1,114,199,0,0,0,1,0,0,0,0,0,0
242705,Inter American University of Puerto Rico-Bayamon,2013,2,2,0,0,2,2,514,384,0,0,8,3,0,0,0,0,0,0
242972,NUC University,2013,0,0,0,0,0,0,379,650,0,0,0,0,0,0,0,0,0,0
243106,University of Puerto Rico-Aguadilla,2013,0,0,0,0,0,0,268,389,0,0,2,2,1,0,29,27,0,0
243115,University of Puerto Rico-Arecibo,2013,0,0,0,0,0,0,377,486,0,0,0,0,0,0,0,0,0,0
243133,University of Puerto Rico-Bayamon,2013,0,0,0,0,0,0,555,576,0,0,0,0,0,0,0,0,0,0
243142,University of Puerto Rico-Carolina,2013,0,0,0,0,0,0,339,575,0,0,2,5,10,16,9,15,0,0
243151,University of Puerto Rico at Cayey,2013,0,0,0,0,0,0,334,537,0,0,0,0,0,0,0,0,0,0
243179,University of Puerto Rico-Humacao,2013,0,0,0,0,0,2,243,464,0,1,8,4,2,2,18,33,0,0
243188,University of Puerto Rico-Utuado,2013,12,8,0,1,6,6,48,37,0,0,136,126,95,85,39,46,0,0
243197,University of Puerto Rico-Mayaguez,2013,0,0,0,0,0,0,990,860,0,0,0,0,0,0,0,0,0,0
243212,University of Puerto Rico at Ponce,2013,0,0,0,0,0,0,352,414,0,0,0,0,0,0,0,0,0,0
243221,University of Puerto Rico-Rio Piedras,2013,1,3,3,2,0,4,725,1232,0,0,16,21,7,13,69,84,0,0
243346,Universidad Ana G. Mendez-Carolina Campus,2013,0,0,0,0,0,0,871,1179,0,0,0,0,0,0,0,0,0,0
243443,Universidad del Sagrado Corazon,2013,0,0,0,0,0,0,262,407,0,0,0,0,0,0,0,0,0,0
243568,Universidad Central Del Caribe,2013,0,0,0,0,0,0,1,11,0,0,0,0,0,0,0,0,0,0
243577,Universidad Politecnica de Puerto Rico,2013,0,0,0,0,0,0,289,58,0,0,0,1,0,0,0,0,0,0
243586,Pontifical Catholic University of Puerto Rico-Mayaguez,2013,0,0,0,0,0,0,76,108,0,0,0,0,0,0,0,0,0,0
243601,Universidad Ana G. Mendez-Gurabo Campus,2013,0,0,0,0,0,0,1087,1278,0,0,0,0,0,0,0,0,0,0
243638,College of Micronesia-FSM,2013,0,0,0,1,1,0,0,0,171,165,0,0,0,0,0,0,0,0
243665,University of the Virgin Islands,2013,0,0,0,1,71,159,15,17,0,0,7,8,0,0,8,10,3,2
243744,Stanford University,2013,8,13,170,155,48,49,160,112,3,2,312,281,88,99,6,4,107,57
243780,Purdue University-Main Campus,2013,2,7,213,149,86,93,158,130,7,5,2381,1920,73,70,71,44,648,331
243823,Parker University,2013,0,0,0,1,2,0,1,1,0,0,0,3,0,0,0,0,0,0
243832,EDP University of Puerto Rico Inc-San Juan,2013,0,0,0,0,0,0,26,68,0,0,0,0,0,0,0,0,0,0
244233,City College-Hollywood,2013,0,0,0,2,2,14,2,3,0,0,3,4,2,1,0,0,0,0
245652,St. John's College,2013,1,0,2,0,0,1,2,6,0,0,22,19,1,7,1,2,9,10
245883,Antioch University-Seattle,2013,0,0,0,0,1,0,0,0,0,0,3,12,0,0,1,3,0,0
245953,Mid-America Christian University,2013,4,7,0,0,37,64,4,13,1,0,54,93,0,3,2,2,2,0
247065,Beckfield College-Florence,2013,0,0,0,0,0,6,0,3,0,0,12,36,0,1,1,0,0,0
247649,Landmark College,2013,0,0,3,1,5,0,5,1,0,0,86,15,4,2,10,3,2,1
247773,Yeshiva Gedolah of Greater Detroit,2013,0,0,0,0,0,0,0,0,0,0,15,0,0,0,0,0,0,0
248934,ECPI University,2013,2,3,8,12,158,264,39,65,0,1,170,188,10,14,8,6,0,0
251312,South University-Columbia,2013,0,0,0,0,4,12,0,0,0,0,0,3,0,1,1,2,0,0
260789,Platt College-Los Angeles,2013,0,0,4,7,0,0,20,40,0,1,3,6,0,2,0,0,0,0
260813,Platt College-Aurora,2013,0,0,0,0,0,0,0,0,0,0,0,2,0,0,0,0,0,0
262086,University of Massachusetts Global,2013,0,0,0,1,0,1,1,1,0,0,3,2,1,0,0,0,0,0
262129,New College of Florida,2013,0,0,3,4,4,4,14,22,0,0,64,92,3,6,0,5,0,1
363907,Caribbean University-Ponce,2013,0,0,0,0,0,0,71,81,0,0,0,0,0,0,0,0,0,0
363916,Caribbean University-Vega Baja,2013,0,0,0,0,0,0,8,20,0,0,0,0,0,0,0,0,0,0
363934,University of Advancing Technology,2013,0,0,0,0,14,1,8,3,0,0,53,5,6,3,13,1,0,0
366003,South Florida Bible College and Theological Seminary,2013,0,0,0,0,1,2,1,0,0,0,2,0,0,0,0,0,2,5
366252,Pennsylvania College of Technology,2013,2,1,8,2,35,17,33,14,1,0,837,361,24,16,18,14,4,0
366340,Stone Child College,2013,20,16,0,0,2,0,0,0,0,0,1,4,0,0,0,0,0,0
366711,California State University-San Marcos,2013,3,8,78,131,35,57,314,702,4,5,217,351,46,60,24,46,13,6
367884,Hodges University,2013,0,0,1,3,9,11,26,43,1,0,24,25,0,1,0,1,0,0
368452,Nossi College of Art and Design,2013,0,0,0,1,9,9,2,2,0,0,18,41,0,1,0,0,0,0
369516,Bryan University,2013,0,0,0,0,5,8,3,2,0,0,14,19,0,0,0,0,0,0
372073,Fremont University,2013,0,0,2,1,6,7,12,13,0,0,1,3,1,2,1,5,0,0
375230,Yeshiva Gedolah Imrei Yosef D'spinka,2013,0,0,0,0,0,0,0,0,0,0,10,0,0,0,0,0,0,0
376224,CEM College-Humacao,2013,0,0,0,0,0,0,61,121,0,0,0,0,0,0,0,0,0,0
376385,Universal Technology College of Puerto Rico,2013,0,0,0,0,0,0,290,449,0,0,0,0,0,0,0,0,0,0
376695,College of the Marshall Islands,2013,0,0,1,1,0,0,0,0,116,117,0,0,0,0,0,0,0,0
377546,Northwest College of Art & Design,2013,1,1,0,0,1,0,1,2,0,0,5,14,1,2,1,4,0,0
377555,University of Washington-Bothell Campus,2013,1,1,93,101,15,25,23,36,4,7,73,94,18,22,6,3,18,14
377564,University of Washington-Tacoma Campus,2013,0,3,44,56,6,18,24,39,7,12,59,67,5,21,15,9,4,3
377661,Valley College-Martinsburg,2013,0,1,0,0,1,6,0,2,0,0,1,24,0,0,0,0,0,0
380359,Bay Mills Community College,2013,29,25,0,0,0,0,0,0,0,0,18,20,0,0,0,0,0,0
380377,Northwest Indian College,2013,37,32,0,0,0,0,0,1,0,1,1,2,3,1,1,0,0,0
380438,Provo College,2013,0,2,0,1,0,0,6,7,0,0,6,27,0,1,2,7,0,0
384254,Beacon College,2013,1,0,3,0,7,3,0,0,0,0,12,10,2,1,0,0,1,1
384412,University of the Potomac-Washington DC Campus,2013,0,0,0,0,4,4,0,0,0,0,1,1,0,1,0,1,0,0
384421,Rabbi Jacob Joseph School,2013,0,0,0,0,0,0,0,0,0,0,31,0,0,0,0,0,1,0
385619,Everglades University,2013,1,0,2,0,1,3,6,2,0,1,21,16,0,1,0,0,0,0
386472,Herzing University-Orlando,2013,0,0,0,0,1,5,1,3,0,0,0,1,0,0,0,0,0,0
388520,College of Biblical Studies-Houston,2013,0,0,0,0,4,6,3,1,0,0,0,0,0,0,0,0,0,0
392257,The College of Health Care Professions-Northwest,2013,0,2,3,10,30,207,43,290,0,0,15,174,0,21,3,4,0,0
399869,Southern California Institute of Technology,2013,0,0,14,2,8,0,61,6,4,0,35,3,1,0,1,0,0,0
399911,Soka University of America,2013,0,2,5,13,4,1,2,6,0,0,8,18,0,0,1,8,24,20
401223,World Mission University,2013,0,0,0,1,0,0,0,0,0,0,0,0,0,0,0,0,0,1
404338,Schiller International University,2013,0,0,0,0,0,2,0,0,0,0,0,0,0,0,0,1,0,0
405854,Rabbinical College of Ohr Shimon Yisroel,2013,0,0,0,0,0,0,0,0,0,0,27,0,0,0,0,0,0,0
406033,Galen College of Nursing-San Antonio,2013,0,0,0,0,3,3,9,28,0,0,6,17,0,3,3,23,0,0
408844,Florida National University-Main Campus,2013,1,0,1,0,11,5,59,189,0,0,6,4,1,2,0,0,3,1
409315,South Texas College,2013,0,1,2,3,2,5,1246,1333,0,0,36,25,1,0,15,19,0,0
409698,California State University-Monterey Bay,2013,3,3,18,29,29,65,130,249,1,0,84,148,20,30,12,28,8,5
413413,Capella University,2013,0,0,0,0,0,0,0,0,1,0,1,0,0,0,0,0,0,0
413617,College of Menominee Nation,2013,22,21,0,2,1,0,0,0,0,0,7,10,0,0,0,0,0,0
414595,Pacific College of Health and Science,2013,0,0,1,0,1,0,2,3,0,0,0,1,0,0,0,0,0,1
414878,Trine University-Regional/Non-Traditional Campuses,2013,0,0,0,0,0,0,0,0,0,0,1,1,0,0,0,0,0,0
417734,Southeast Missouri Hospital College of Nursing and Health Sciences,2013,0,0,0,0,0,0,0,0,0,0,2,1,0,0,0,0,0,0
417752,Messenger College,2013,0,0,0,0,0,0,3,1,0,0,1,7,0,0,0,0,0,0
418126,New York College of Health Professions,2013,0,0,0,0,1,9,3,9,0,0,4,14,0,0,1,2,0,0
420024,Centura College-Chesapeake,2013,0,0,0,0,1,15,0,0,0,0,1,3,2,1,0,1,0,0
420042,University of Phoenix-Hawaii,2013,0,0,0,1,0,0,0,0,0,0,1,0,0,1,4,12,0,0
420325,Yeshiva D'monsey Rabbinical College,2013,0,0,0,0,0,0,0,0,0,0,8,0,0,0,0,0,0,0
421878,Eastern International College-Jersey City,2013,0,0,0,3,1,12,1,28,0,0,1,23,0,0,0,0,0,0
422695,Pacific College,2013,0,0,4,1,0,2,5,6,0,0,1,2,0,0,0,0,0,0
426314,Embry-Riddle Aeronautical University-Worldwide,2013,0,0,1,0,5,1,4,0,0,0,46,2,5,0,9,1,0,0
430184,Strayer University-Maryland,2013,0,0,1,0,9,7,0,2,0,0,5,0,0,0,0,0,0,1
430670,San Juan Bautista School of Medicine,2013,0,0,0,0,0,0,4,2,0,0,0,0,0,0,0,0,0,0
432384,Platt College-Ontario,2013,0,0,1,0,2,1,6,20,0,0,3,5,0,2,0,0,0,0
433004,American University of Health Sciences,2013,0,0,2,1,0,0,0,0,0,0,0,0,0,0,0,0,0,0
433174,Carolinas College of Health Sciences,2013,0,0,0,0,0,0,0,0,0,0,1,2,0,0,0,0,0,0
433387,Western Governors University,2013,2,0,1,1,3,0,5,1,0,0,22,15,0,0,1,1,0,0
433420,California Aeronautical University,2013,0,0,0,0,1,4,1,14,0,0,0,5,0,0,0,0,0,0
433536,Herzing University-New Orleans,2013,0,0,0,0,2,12,0,1,0,0,0,2,0,0,0,1,0,0
433660,Florida Gulf Coast University,2013,1,4,19,27,72,127,223,311,1,2,752,1007,24,44,9,11,23,11
434900,Dewey University-Carolina,2013,0,0,0,0,0,0,210,295,0,0,0,0,0,0,0,0,0,0
434937,Yeshiva College of the Nations Capital,2013,0,0,0,0,0,0,0,0,0,0,1,0,0,0,0,0,0,0
436429,Los Angeles Film School,2013,1,1,17,0,87,21,85,25,1,0,66,15,55,8,61,9,12,3
436614,International Baptist College and Seminary,2013,1,0,0,0,0,0,3,0,0,0,3,3,0,0,0,0,0,0
437097,University of Management and Technology,2013,0,0,0,0,0,0,2,0,0,0,0,1,0,0,0,2,0,0
438586,American InterContinental University-Atlanta,2013,0,0,0,0,9,12,1,0,0,0,3,0,0,0,7,6,0,0
439190,Cascadia College,2013,1,1,17,7,6,1,13,12,0,0,97,73,14,12,10,10,0,1
439701,The King's University,2013,0,0,0,0,2,1,3,3,0,0,9,6,1,0,0,0,0,0
439862,Pacific Islands University,2013,0,0,0,0,0,0,0,0,10,7,0,0,0,0,0,0,0,0
439871,PCI College,2013,0,0,1,0,0,3,0,15,0,0,2,3,0,0,1,0,0,0
440396,New Saint Andrews College,2013,0,0,0,0,0,0,1,0,0,0,12,16,0,0,3,4,2,4
440651,Atenas College,2013,0,0,0,0,0,0,83,160,0,0,0,0,0,0,0,0,0,0
440749,National American University-Ellsworth,2013,0,0,0,0,0,0,0,0,0,0,0,1,0,0,0,0,0,0
440794,Pillar College,2013,0,0,0,0,8,10,10,19,0,0,2,1,0,1,1,1,0,0
441229,Smith Chason College,2013,0,0,6,13,8,10,14,60,0,0,19,55,0,0,0,0,0,0
441609,Yeshiva Shaarei Torah of Rockland,2013,0,0,0,0,0,0,0,0,0,0,5,0,0,0,0,0,0,0
441690,Universidad Pentecostal Mizpa,2013,0,0,0,0,0,0,9,3,0,0,0,0,0,0,0,0,0,0
441900,Nevada State University,2013,0,0,2,7,0,8,14,49,0,2,18,37,3,12,1,10,0,0
441937,California State University-Channel Islands,2013,1,3,13,29,5,16,129,309,0,3,92,143,25,23,8,24,0,0
441982,Franklin W Olin College of Engineering,2013,0,0,5,11,0,0,1,3,0,0,20,22,1,3,6,4,3,3
442356,Saint Joseph's University - Lancaster,2013,0,0,0,4,0,3,0,3,0,1,6,88,1,0,1,2,0,0
442426,St Louis College of Health Careers-Fenton,2013,0,1,0,0,0,9,0,0,0,0,4,20,0,0,1,2,0,0
442569,University of Arkansas Grantham,2013,0,3,4,1,363,792,13,17,3,0,74,86,11,6,146,254,0,0
442639,University of the Potomac-VA Campus,2013,0,0,0,0,0,1,0,0,0,0,1,0,1,0,0,0,0,0
442930,University of Antelope Valley,2013,0,1,3,0,13,14,32,31,0,0,28,32,0,0,1,0,0,0
443049,Faith International University,2013,0,0,1,1,0,0,0,0,0,0,0,0,0,0,0,0,1,3
443331,West Coast University-Los Angeles,2013,0,0,3,2,0,0,0,1,0,0,3,4,0,2,0,0,0,1
443340,Williamson Christian College,2013,0,0,0,0,0,2,0,0,0,0,1,6,0,0,0,0,0,0
443410,DigiPen Institute of Technology,2013,0,0,8,2,0,0,9,1,1,0,41,15,8,4,31,8,18,2
443562,Dewey University-Hato Rey,2013,0,0,0,0,0,0,142,390,0,0,0,0,0,0,0,0,0,0
443599,American College of Healthcare Sciences,2013,0,0,0,0,0,0,0,0,0,0,0,3,0,0,0,0,0,0
443766,Strayer University-Tennessee,2013,0,0,0,0,3,1,0,0,0,0,0,0,0,0,0,0,0,0
443784,Strayer University-Pennsylvania,2013,0,0,0,0,2,0,1,0,0,0,3,0,0,1,0,0,0,0
444088,Brookline College-Albuquerque,2013,1,9,0,0,1,3,15,118,0,0,2,10,0,0,0,0,0,0
444398,Baptist University of the Americas,2013,0,0,0,0,0,0,4,7,0,0,1,2,0,0,0,0,3,0
444413,Beis Medrash Heichal Dovid,2013,0,0,0,0,0,0,0,0,0,0,32,0,0,0,0,0,0,0
444778,Charlotte Christian College and Theological Seminary,2013,0,0,0,0,0,0,0,0,0,0,1,0,0,0,0,0,0,0
445027,American InterContinental University System,2013,1,4,4,1,95,120,14,17,2,3,103,157,4,13,21,47,0,1
445133,American InterContinental University-Houston,2013,0,0,0,0,1,3,0,0,0,0,0,0,0,0,8,27,0,0
445188,University of California-Merced,2013,5,0,187,155,29,45,374,481,6,8,116,83,31,26,11,2,45,49
445692,Neumont College of Computer Science,2013,1,0,6,0,4,1,12,1,0,0,79,8,6,0,20,0,0,0
445708,Johnson & Wales University-Charlotte,2013,0,0,0,0,83,147,12,27,0,0,91,179,32,29,10,11,1,0
446048,Ave Maria University,2013,0,2,0,5,17,2,24,21,0,0,67,70,0,0,20,22,2,2
446233,Ecclesia College,2013,1,2,0,0,4,0,3,2,0,1,19,17,2,1,1,1,2,0
446385,Los Angeles College of Music,2013,0,0,0,0,1,0,6,1,0,0,6,1,0,0,1,2,3,4
446525,SAE Institute of Technology-Nashville,2013,0,0,1,0,9,1,3,0,0,0,22,4,1,0,1,0,0,0
446561,Stanbridge University,2013,0,1,16,28,0,1,11,41,0,0,10,20,0,0,6,10,0,0
446604,Uta Mesivta of Kiryas Joel,2013,0,0,0,0,0,0,1,0,0,0,304,0,0,0,0,0,0,0
446640,Harrisburg University of Science and Technology,2013,0,0,1,5,14,23,0,3,0,0,28,14,2,9,4,4,0,0
447050,United States University,2013,0,0,0,0,0,0,0,0,0,0,1,0,0,0,0,0,0,0
447263,Joyce University of Nursing and Health Sciences,2013,0,0,1,0,6,32,2,2,0,0,7,30,0,0,0,0,0,0
447421,Eagle Gate College-Layton,2013,0,0,0,0,0,0,0,12,0,1,14,18,0,2,0,0,0,0
447689,Georgia Gwinnett College,2013,3,0,88,82,210,327,128,170,0,2,317,316,26,37,8,6,20,12
447953,SUM Bible College and Theological Seminary,2013,0,0,1,0,4,8,10,10,0,0,17,10,0,1,1,2,0,0
449038,Strayer University-Florida,2013,0,0,0,0,8,1,3,1,0,0,4,1,0,0,0,0,0,0
449135,Dewey University-Juana Díaz,2013,0,0,0,0,0,0,58,119,0,0,0,0,0,0,0,0,0,0
449339,American Public University System,2013,2,3,1,2,45,111,8,16,0,0,57,110,3,11,7,7,3,1
449348,Huntsville Bible College,2013,0,0,0,0,1,0,0,0,0,0,0,0,0,0,0,0,0,0
449384,Gnomon,2013,0,0,1,1,0,0,0,0,0,0,0,1,0,0,0,0,0,0
449658,Bais Medrash Toras Chesed,2013,0,0,0,0,0,0,0,0,0,0,29,0,0,0,0,0,0,0
449764,Visible Music College,2013,0,0,0,0,4,1,0,0,0,0,23,2,0,0,1,0,0,0
449870,University of the West,2013,0,0,2,0,0,1,6,5,0,0,0,0,0,0,0,0,2,1
449898,South University-Tampa,2013,0,0,0,0,1,0,1,1,0,0,6,3,0,0,0,0,0,0
450298,Strayer University-Delaware,2013,0,0,0,0,0,0,0,0,0,0,0,0,0,0,0,0,0,1
450377,Strayer University-Alabama,2013,0,0,0,0,2,0,1,0,0,0,1,0,0,0,0,0,0,0
450571,Rasmussen University-Wisconsin,2013,0,2,1,1,0,1,0,2,0,0,7,13,1,0,6,11,0,0
450933,Columbia Southern University,2013,0,1,3,5,83,116,11,11,1,0,109,95,4,8,2,2,0,0
451103,Miami Regional University,2013,0,0,0,0,0,13,53,106,0,0,0,0,0,0,0,0,0,0
451370,Yeshivas Be'er Yitzchok,2013,0,0,0,0,0,0,0,0,0,0,8,0,0,0,0,0,0,0
451398,Yeshiva Toras Chaim,2013,0,0,0,0,0,0,0,0,0,0,53,0,0,0,0,0,1,0
451404,Talmudical Seminary of Bobov,2013,0,0,0,0,0,0,0,0,0,0,68,0,0,0,0,0,0,0
451556,Southwest University at El Paso,2013,0,0,1,2,6,3,202,206,0,0,9,4,0,0,1,0,0,0
451750,Bryant & Stratton College-Wauwatosa,2013,0,1,0,0,2,18,1,2,0,0,2,13,0,3,1,3,0,0
451866,Remington College-Shreveport Campus,2013,0,0,0,0,14,57,0,1,0,0,3,28,2,3,0,0,0,0
453163,Strayer University-North Carolina,2013,0,0,0,0,5,2,0,0,0,0,3,1,1,0,0,1,0,0
453215,Strayer University-New Jersey,2013,0,0,0,0,0,0,1,0,0,0,2,0,0,0,0,0,0,0
454227,Chamberlain University-Illinois,2013,0,0,1,2,0,1,1,1,0,0,1,4,0,0,0,2,0,0
454236,Chamberlain University-Ohio,2013,0,0,0,1,0,2,0,0,0,0,3,7,0,0,0,0,0,0
454245,Chamberlain University-Arizona,2013,0,1,0,0,0,0,0,2,0,0,0,1,0,0,1,0,0,0
454786,Laurus College,2013,0,0,0,0,0,0,0,3,0,1,6,6,0,1,2,4,0,0
454829,Aspen University,2013,0,0,0,0,2,1,0,1,0,0,3,1,0,0,0,7,0,0
455257,Yeshiva of Machzikai Hadas,2013,0,0,0,0,0,0,0,0,0,0,69,0,0,0,0,0,0,0
455770,Providence Christian College,2013,0,0,0,0,1,1,1,1,0,0,5,11,0,0,0,0,0,0
456481,Polytechnic University of Puerto Rico-Miami,2013,0,0,0,0,0,0,0,2,0,0,0,0,0,0,0,0,0,0
456490,Polytechnic University of Puerto Rico-Orlando,2013,0,0,0,0,0,0,1,0,0,0,0,0,0,0,0,0,0,0
456959,University of Minnesota-Rochester,2013,0,0,4,10,3,6,1,3,0,0,34,89,0,4,0,0,0,1
457129,Chamberlain University-Florida,2013,0,0,0,0,0,0,1,1,0,0,0,0,0,0,0,0,0,0
457226,Horizon University,2013,0,0,0,0,0,0,0,0,0,0,2,0,0,0,0,0,0,0
457299,Angeles College,2013,0,0,4,8,3,7,1,6,0,0,0,0,0,0,0,0,0,0
457484,Pacific Rim Christian University,2013,0,0,0,0,0,0,0,0,0,0,2,1,0,4,0,0,1,0
457697,City Vision University,2013,0,0,0,0,0,0,0,1,0,0,1,1,0,0,0,0,0,0
458113,Ascent College,2013,0,0,0,0,1,0,0,1,0,0,1,0,0,0,0,0,0,0
458210,West Coast University-Orange County,2013,0,0,4,7,0,0,1,1,2,0,1,3,0,2,0,1,0,0
458229,West Coast University-Ontario,2013,0,1,3,1,0,2,0,0,0,0,0,2,0,0,1,2,0,0
458919,Strayer University-Georgia,2013,0,0,1,0,13,4,3,0,0,0,4,1,1,0,0,0,0,0
458955,Strayer University-Mississippi,2013,0,0,0,0,0,1,0,0,0,0,0,0,0,0,0,0,0,0
458964,Strayer University-South Carolina,2013,0,1,0,0,2,2,0,1,0,0,6,1,0,0,0,0,1,0
458973,Strayer University-Texas,2013,0,0,0,0,3,2,0,0,0,0,3,1,0,0,0,1,0,0
459204,Unitek College,2013,0,0,13,38,2,4,7,24,1,3,1,22,1,10,20,69,0,1
459213,Gurnick Academy of Medical Arts,2013,0,0,3,10,2,2,0,3,3,3,0,5,0,5,0,0,0,0
459259,South University-Richmond,2013,0,0,0,0,2,8,0,1,0,0,3,5,0,0,0,0,0,0
459268,South University-Virginia Beach,2013,0,0,1,0,3,6,0,0,0,0,2,4,0,0,0,0,0,0
459727,Touro University Worldwide,2013,0,0,0,0,0,0,0,0,0,0,0,4,0,0,2,0,0,0
459842,Herzing University-Kenosha,2013,0,0,0,0,3,8,1,1,0,0,4,17,0,0,0,0,0,0
459851,Herzing University-Brookfield,2013,0,1,0,0,3,10,0,4,0,0,2,26,0,0,0,2,0,0
459994,Strayer University-Global Region,2013,0,0,0,0,1,0,0,1,0,0,2,0,0,1,0,0,0,0
460871,Chamberlain University-Virginia,2013,0,0,0,0,0,0,0,0,0,0,0,1,0,1,0,0,0,0
461023,National Paralegal College,2013,0,0,0,0,2,10,1,5,0,0,6,35,0,0,5,41,0,0
461032,Carolina College of Biblical Studies,2013,0,1,0,0,0,3,1,0,0,0,1,0,0,0,0,0,0,0
461148,New York Film Academy,2013,10,6,101,75,40,25,68,52,1,0,238,169,0,0,267,239,0,0
461528,Manna University,2013,0,0,1,0,0,5,2,1,0,0,5,4,0,0,0,1,0,0
461759,Simmons College of Kentucky,2013,0,0,0,0,1,2,0,0,0,0,0,0,0,0,0,0,0,0
461795,North American University,2013,0,0,3,1,11,9,8,5,0,0,9,4,3,0,1,0,19,7
461847,Keser Torah-Mayan Hatalmud,2013,0,0,0,0,0,0,0,0,0,0,7,0,0,0,0,0,0,0
461883,Millennia Atlantic University,2013,0,0,0,0,0,0,0,0,0,0,0,0,0,0,0,0,3,0
462354,John Paul the Great Catholic University,2013,0,0,5,1,0,0,3,4,0,0,13,11,0,0,0,1,0,0
466921,Chamberlain University-Missouri,2013,0,0,0,0,0,0,0,0,0,0,0,2,0,0,0,0,0,0
469416,Dewey University-Manati,2013,0,0,0,0,0,0,52,102,0,0,0,0,0,0,0,0,0,0
474863,Los Angeles Pacific University,2013,0,0,0,0,0,2,0,4,0,0,1,1,0,0,0,0,0,0
475121,South University-Savannah Online,2013,3,5,2,5,81,230,14,66,0,4,68,261,0,0,24,63,0,0
475608,Criswell College,2013,0,0,0,0,0,0,2,0,0,0,9,2,0,0,0,1,0,0
475732,Chamberlain University-Georgia,2013,0,0,0,0,0,0,0,0,0,0,0,0,0,0,0,2,0,0
475741,Chamberlain University-Indiana,2013,0,0,0,0,1,1,0,0,0,0,0,2,0,0,0,0,0,0
476601,Bais HaMedrash and Mesivta of Baltimore,2013,0,0,0,0,0,0,0,0,0,0,24,0,0,0,0,0,0,0
476692,Yeshiva Gedolah Zichron Leyma,2013,0,0,0,0,0,0,0,0,0,0,3,0,0,0,0,0,0,0
476717,Be'er Yaakov Talmudic Seminary,2013,0,0,0,0,0,0,0,0,0,0,101,0,0,0,0,0,0,0
480073,South University-Austin,2013,0,0,0,0,0,0,1,0,0,0,1,0,0,0,0,0,0,0
480091,Bryant & Stratton College-Online,2013,1,1,0,1,8,28,1,4,0,0,19,77,1,4,0,1,0,0
480198,Warner Pacific University Professional and Graduate Studies,2013,0,0,0,0,1,2,1,0,0,0,2,8,0,0,1,2,0,0
480204,Platt College-Riverside,2013,0,0,1,0,2,3,8,28,0,0,3,9,0,1,0,0,0,0
480657,Rasmussen University-Kansas,2013,0,0,0,0,1,1,0,0,0,0,2,11,0,0,0,4,0,0
480781,California Miramar University,2013,0,0,0,0,0,0,0,0,0,0,0,0,0,0,43,9,0,0
480985,Midwives College of Utah,2013,0,0,0,0,0,1,0,0,0,0,0,9,0,0,0,1,0,0
481058,Grace Mission University,2013,0,0,16,18,0,0,0,0,0,0,0,0,0,0,0,0,8,8
481225,Mid-South Christian College,2013,0,0,0,0,0,1,1,0,0,0,0,0,0,0,0,0,0,0
481410,Yeshiva Gedolah Kesser Torah,2013,0,0,0,0,0,0,0,0,0,0,12,0,0,0,0,0,0,0
481438,Yeshiva Yesodei Hatorah,2013,0,0,0,0,0,0,0,0,0,0,23,0,0,0,0,0,0,0
482149,Augusta University,2013,2,5,12,16,46,131,18,29,0,2,188,230,9,21,5,3,4,5
482158,Middle Georgia State University,2013,0,1,15,9,125,182,17,24,1,1,264,330,13,17,3,1,4,1
482228,Veritas Baptist College,2013,0,0,0,0,0,1,0,0,0,0,3,3,0,0,0,0,0,0
482413,DeVry College of New York,2013,0,0,3,0,7,11,17,3,1,0,3,0,0,0,22,18,1,2
482422,DeVry University-Arizona,2013,3,0,2,0,0,3,22,7,0,0,30,7,1,0,0,0,1,0
482431,DeVry University-California,2013,2,0,18,11,12,8,95,78,0,4,31,15,1,1,12,12,7,4
482459,DeVry University-Florida,2013,0,0,3,0,11,4,10,5,0,0,12,8,0,0,3,3,2,2
482468,DeVry University-Georgia,2013,0,0,2,0,17,13,3,2,0,0,5,11,0,1,1,3,0,0
482477,DeVry University-Illinois,2013,1,0,11,4,37,52,62,40,1,0,92,109,4,6,43,44,2,4
482547,DeVry University-Nevada,2013,0,0,1,0,0,1,0,2,0,0,3,1,0,0,0,0,0,0
482556,DeVry University-New Jersey,2013,0,0,3,1,12,6,27,10,0,0,28,11,0,0,5,0,0,0
482565,DeVry University-North Carolina,2013,0,0,0,0,1,6,0,1,0,0,1,2,0,0,0,0,2,0
482574,DeVry University-Ohio,2013,0,0,2,3,7,5,2,0,0,0,66,21,0,0,8,4,0,0
482635,DeVry University-Texas,2013,0,0,1,0,7,5,13,6,0,0,7,1,0,0,7,3,3,1
482653,DeVry University-Virginia,2013,0,0,1,0,9,3,1,1,0,0,0,0,0,0,1,2,1,1
482680,University of North Georgia,2013,5,1,38,39,45,54,83,143,2,1,973,1225,41,48,31,28,21,21
482699,South Georgia State College,2013,2,3,3,4,151,186,13,23,0,0,209,272,4,5,0,0,0,3
483018,Antioch College,2013,0,0,0,2,1,2,2,1,1,0,27,41,1,5,3,5,0,0
483124,Arizona State University Digital Immersion,2013,7,13,26,13,75,82,134,163,6,3,247,295,23,34,3,8,3,0