unitid,institution name,year,EF2014A_RV.American Indian or Alaska Native men,EF2014A_RV.American Indian or Alaska Native women,EF2014A_RV.Asian men,EF2014A_RV.Asian women,EF2014A_RV.Black or African American men,EF2014A_RV.Black or African American women,EF2014A_RV.Hispanic men,EF2014A_RV.Hispanic women,EF2014A_RV.Native Hawaiian or Other Pacific Islander men,EF2014A_RV.Native Hawaiian or Other Pacific Islander women,EF2014A_RV.White men,EF2014A_RV.White women,EF2014A_RV.Two or more races men,EF2014A_RV.Two or more races women,EF2014A_RV.Race/ethnicity unknown men,EF2014A_RV.Race/ethnicity unknown women,EF2014A_RV.Nonresident alien men,EF2014A_RV.Nonresident alien women
100654,Alabama A & M University,2014,1,1,0,2,518,610,2,1,3,1,21,9,0,0,7,14,2,2
100663,University of Alabama at Birmingham,2014,1,2,63,68,162,288,19,24,0,0,432,536,34,55,4,1,18,12
100690,Amridge University,2014,0,0,0,0,1,2,0,0,0,0,2,0,0,0,1,0,0,0
100706,University of Alabama in Huntsville,2014,4,4,12,13,29,40,20,12,0,0,349,194,7,5,7,6,9,3
100724,Alabama State University,2014,2,0,0,2,349,643,11,3,0,1,6,9,6,11,7,8,6,4
100751,The University of Alabama,2014,11,10,30,35,219,351,122,163,1,3,2378,3120,91,157,7,3,62,31
100830,Auburn University at Montgomery,2014,3,5,4,7,69,184,2,2,1,1,132,167,6,21,0,3,20,10
100858,Auburn University,2014,9,20,75,49,139,162,61,71,0,0,1887,1993,0,0,26,26,20,14
100937,Birmingham-Southern College,2014,2,3,11,18,23,17,2,3,0,0,145,128,0,0,0,0,0,0
101116,South University-Montgomery,2014,0,1,0,0,6,16,0,1,0,0,5,2,0,0,0,0,0,0
101189,Faulkner University,2014,3,4,2,0,91,30,5,9,0,0,124,83,12,1,10,4,4,3
101365,Herzing University-Birmingham,2014,0,0,0,0,3,14,2,1,0,0,2,4,0,1,0,0,0,0
101435,Huntingdon College,2014,1,3,0,1,22,13,3,4,0,0,101,63,4,4,5,2,0,1
101453,Heritage Christian University,2014,0,0,0,0,0,0,0,0,0,0,2,0,0,0,0,0,0,0
101480,Jacksonville State University,2014,5,7,1,4,107,120,12,7,1,0,411,435,0,0,9,16,18,16
101587,University of West Alabama,2014,0,0,1,0,55,67,5,5,0,0,89,90,6,6,8,9,6,1
101675,Miles College,2014,0,0,0,0,253,214,1,1,0,0,11,1,2,1,1,1,0,0
101693,University of Mobile,2014,0,4,0,0,17,22,4,5,0,0,66,121,5,9,5,2,7,7
101709,University of Montevallo,2014,0,0,0,6,19,45,4,22,0,0,128,255,9,9,6,18,8,1
101879,University of North Alabama,2014,1,3,1,2,54,70,13,14,0,0,262,415,10,21,19,24,14,8
101912,Oakwood University,2014,3,3,0,1,147,177,1,4,0,0,0,1,0,0,2,7,10,18
102049,Samford University,2014,0,1,7,4,20,13,9,12,0,0,199,442,6,6,1,1,5,2
102094,University of South Alabama,2014,3,8,31,34,220,322,28,31,3,0,505,670,25,40,14,19,66,14
102234,Spring Hill College,2014,2,2,2,3,17,33,6,9,0,0,96,160,4,11,0,4,7,6
102270,Stillman College,2014,0,0,0,0,147,148,6,2,0,0,8,9,0,0,0,0,1,0
102298,Talladega College,2014,0,0,0,0,168,97,5,0,0,0,6,4,0,0,1,1,0,0
102368,Troy University,2014,7,9,2,4,109,220,25,23,1,1,356,605,17,33,16,24,24,26
102377,Tuskegee University,2014,0,0,1,0,167,285,0,0,0,0,1,2,0,0,68,108,1,1
102553,University of Alaska Anchorage,2014,44,64,56,83,9,31,56,74,2,11,333,381,71,90,29,24,19,11
102580,Alaska Bible College,2014,0,1,0,0,0,0,0,0,0,0,9,4,0,0,0,0,0,0
102614,University of Alaska Fairbanks,2014,32,45,6,2,3,5,16,19,1,2,155,119,15,15,152,145,2,5
102632,University of Alaska Southeast,2014,12,10,2,0,0,1,3,6,1,2,21,35,3,10,24,23,1,0
102669,Alaska Pacific University,2014,0,1,0,0,1,0,0,2,0,0,3,6,0,2,1,2,0,0
102845,Charter College,2014,13,21,2,1,8,17,35,121,9,16,62,96,5,11,4,16,0,0
104090,Brookline College-Phoenix,2014,3,29,5,6,18,66,22,105,1,1,28,114,0,9,2,2,0,0
104151,Arizona State University Campus Immersion,2014,32,31,299,260,106,144,764,719,9,7,2075,1763,176,157,81,64,648,259
104179,University of Arizona,2014,36,44,213,209,130,131,732,947,13,9,1752,2053,133,182,27,24,235,104
104586,Embry-Riddle Aeronautical University-Prescott,2014,1,1,27,8,5,4,5,4,1,0,204,78,45,17,55,15,30,3
104717,Grand Canyon University,2014,8,9,26,47,61,118,234,393,8,15,382,563,39,86,24,26,0,0
105297,Dine College,2014,77,102,1,1,0,0,0,0,0,0,0,0,0,0,0,0,0,0
105330,Northern Arizona University,2014,30,48,34,47,69,89,367,629,5,9,1070,1612,112,168,15,6,47,26
105534,Pima Medical Institute-Tucson,2014,2,7,3,14,9,28,42,171,0,0,45,186,3,16,3,5,0,0
105589,Prescott College,2014,0,0,0,0,0,2,1,0,0,0,11,17,0,4,3,1,1,1
105899,Arizona Christian University,2014,0,0,0,2,13,1,21,11,2,0,49,42,6,5,0,0,1,1
106245,University of Arkansas at Little Rock,2014,1,0,7,8,57,124,26,40,0,0,137,153,49,75,0,0,9,12
106306,Arkansas Baptist College,2014,0,0,1,0,210,51,3,0,0,0,11,4,0,0,0,0,3,0
106342,Lyon College,2014,1,2,1,1,21,7,10,11,0,0,120,69,0,0,4,6,1,0
106397,University of Arkansas,2014,23,34,56,52,108,112,142,181,5,2,1612,1965,60,87,12,10,33,24
106412,University of Arkansas at Pine Bluff,2014,1,0,0,1,224,243,2,6,0,0,2,3,0,0,1,0,1,0
106458,Arkansas State University,2014,6,3,7,4,73,106,24,24,4,1,592,731,20,20,1,3,39,23
106467,Arkansas Tech University,2014,5,6,12,10,140,96,53,58,0,0,655,735,25,32,0,0,29,7
106485,University of Arkansas at Monticello,2014,0,0,2,1,100,102,14,6,0,0,174,177,6,11,9,12,0,1
106704,University of Central Arkansas,2014,4,3,20,24,193,295,40,73,0,2,539,789,34,58,2,8,44,26
106713,Central Baptist College,2014,0,3,1,0,7,3,10,3,0,0,47,51,2,0,0,0,7,0
106810,Crowley's Ridge College,2014,0,0,0,0,0,1,1,1,0,0,29,30,0,0,0,0,0,0
107044,Harding University,2014,3,2,4,6,31,13,20,23,0,0,366,515,14,16,8,7,19,16
107071,Henderson State University,2014,0,0,3,1,122,114,8,16,0,0,217,244,20,16,1,0,3,3
107080,Hendrix College,2014,1,1,8,16,9,11,12,8,1,0,99,132,3,2,1,1,4,5
107141,John Brown University,2014,5,5,0,2,4,2,9,13,0,0,100,139,3,10,4,4,11,7
107512,Ouachita Baptist University,2014,3,0,0,1,30,5,9,9,0,0,169,185,0,0,0,0,4,5
107558,University of the Ozarks,2014,1,1,1,0,9,2,9,9,0,0,48,69,4,4,0,0,5,9
107600,Philander Smith University,2014,1,0,0,0,35,70,0,0,0,0,0,0,0,0,0,0,3,1
107877,Williams Baptist University,2014,1,1,0,0,9,8,0,2,0,0,67,73,0,0,0,0,0,0
107983,Southern Arkansas University Main Campus,2014,1,2,2,3,112,97,7,7,2,2,206,236,7,5,0,0,8,2
108092,University of Arkansas-Fort Smith,2014,12,13,24,36,23,25,57,77,0,0,341,459,20,27,1,0,7,8
108232,Academy of Art University,2014,1,7,23,29,26,22,42,37,4,4,47,61,9,14,48,55,101,174
109350,Antelope Valley Community College District,2014,4,2,19,15,76,72,224,286,1,0,115,104,21,21,3,6,1,3
109651,Art Center College of Design,2014,0,1,26,54,3,0,9,5,0,1,11,10,3,1,0,2,25,23
109785,Azusa Pacific University,2014,0,0,44,47,15,20,97,198,2,9,153,335,39,50,2,7,9,12
109819,Bakersfield College,2014,2,4,49,29,32,24,500,672,1,1,149,183,18,31,6,4,4,9
110060,Bethesda University,2014,0,0,6,7,7,3,18,4,0,0,11,2,0,0,0,2,2,0
110097,Biola University,2014,1,1,59,98,5,17,59,118,0,0,143,304,23,38,14,22,13,28
110219,Bryan University,2014,2,3,1,1,40,53,12,21,2,2,60,116,11,17,0,2,0,0
110361,California Baptist University,2014,3,2,22,20,22,34,130,260,2,3,153,179,46,68,34,64,11,8
110370,California College of the Arts,2014,0,0,9,42,3,11,13,28,2,1,26,47,0,0,3,7,31,50
110404,California Institute of Technology,2014,0,0,53,52,1,1,30,4,0,0,39,19,7,1,0,0,6,13
110413,California Lutheran University,2014,1,1,15,16,16,9,56,99,0,1,109,160,17,30,5,9,5,7
110422,California Polytechnic State University-San Luis Obispo,2014,4,1,302,298,17,16,328,339,4,5,1384,1321,182,169,98,99,49,32
110468,Alliant International University-San Diego,2014,0,0,0,0,0,1,2,10,0,0,1,0,1,0,0,0,0,1
110486,California State University-Bakersfield,2014,1,4,43,49,33,57,319,527,0,0,63,103,11,23,49,63,27,30
110495,California State University-Stanislaus,2014,1,2,43,73,8,12,212,476,2,4,85,144,16,26,16,26,24,28
110510,California State University-San Bernardino,2014,0,4,79,93,42,86,699,1133,1,7,111,150,28,31,15,32,75,68
110529,California State Polytechnic University-Pomona,2014,1,6,507,356,65,77,797,705,4,3,333,276,92,72,48,36,110,67
110538,California State University-Chico,2014,5,8,65,88,43,51,426,650,2,4,543,665,73,91,52,58,55,28
110547,California State University-Dominguez Hills,2014,1,2,40,43,41,88,324,616,1,2,11,22,10,11,11,8,17,38
110556,California State University-Fresno,2014,1,5,216,300,56,59,671,1101,6,6,256,366,31,63,34,73,81,62
110565,California State University-Fullerton,2014,2,1,451,510,24,53,716,1079,2,6,344,412,88,129,50,55,219,102
110574,California State University-East Bay,2014,1,2,112,153,51,130,185,423,3,18,57,80,28,52,13,17,52,54
110583,California State University-Long Beach,2014,4,2,549,644,37,98,655,1068,4,6,302,409,84,143,44,53,51,84
110592,California State University-Los Angeles,2014,0,2,198,232,29,65,837,1309,0,2,42,54,20,30,30,36,130,125
110608,California State University-Northridge,2014,2,2,313,278,115,210,1252,1713,2,1,336,399,61,105,98,75,283,205
110617,California State University-Sacramento,2014,1,7,380,429,83,138,483,754,12,19,304,417,99,134,53,66,42,52
110635,University of California-Berkeley,2014,5,6,990,1046,39,64,279,471,6,5,681,729,95,152,71,67,359,366
110644,University of California-Davis,2014,5,8,623,1134,30,72,352,753,5,18,507,849,92,167,31,46,321,318
110653,University of California-Irvine,2014,0,0,871,1106,34,60,642,867,9,5,334,330,73,111,30,10,464,480
110662,University of California-Los Angeles,2014,5,6,742,988,61,126,416,763,5,11,673,871,113,185,40,52,331,365
110671,University of California-Riverside,2014,5,7,846,845,58,114,549,891,8,9,288,239,74,84,23,8,113,112
110680,University of California-San Diego,2014,3,0,978,885,18,30,400,457,6,3,450,380,116,106,40,37,521,483
110705,University of California-Santa Barbara,2014,4,5,454,525,37,65,479,761,5,2,715,817,158,230,59,62,176,171
110714,University of California-Santa Cruz,2014,3,2,437,435,24,58,474,779,3,7,589,605,150,173,41,19,144,76
111081,California Institute of the Arts,2014,0,1,8,31,6,12,17,15,0,1,31,39,1,2,6,17,0,0
111188,California State University Maritime Academy,2014,1,0,13,6,3,0,31,8,1,0,89,13,20,6,11,1,3,0
111948,Chapman University,2014,0,0,49,91,4,13,73,119,1,5,349,535,34,66,9,15,26,29
111966,Charles R Drew University of Medicine and Science,2014,0,0,0,0,0,0,0,0,0,0,0,0,0,0,0,0,1,0
112075,Concordia University-Irvine,2014,1,0,13,16,6,10,29,48,1,0,65,125,5,16,1,0,9,7
112084,San Diego Christian College,2014,0,1,4,1,6,1,19,20,2,0,33,36,2,3,4,1,1,2
112260,Claremont McKenna College,2014,0,1,16,20,8,7,20,21,0,0,72,66,9,10,9,4,34,30
112394,University of Silicon Valley,2014,0,0,21,6,5,2,28,9,1,0,32,12,7,3,10,2,0,0
112570,California College of ASU,2014,0,0,0,0,3,7,10,5,0,0,13,7,6,2,0,1,1,1
113236,Cypress College,2014,0,1,133,126,24,22,211,276,2,2,86,92,9,20,21,16,22,22
113582,Design Institute of San Diego,2014,0,0,0,2,0,0,1,0,0,0,0,1,0,0,0,0,0,2
113698,Dominican University of California,2014,0,1,22,59,5,14,14,43,0,2,22,55,6,16,1,2,0,0
114354,FIDM-Fashion Institute of Design & Merchandising,2014,0,0,6,40,2,25,16,87,1,3,11,156,0,15,6,27,6,33
114433,Feather River Community College District,2014,2,2,7,2,31,9,29,18,4,2,49,80,0,0,3,4,18,6
114716,Foothill College,2014,0,0,117,121,22,15,100,142,2,0,116,92,30,31,4,1,231,149
114813,Fresno Pacific University,2014,1,1,3,5,2,6,29,56,3,2,29,48,3,1,1,1,5,3
115409,Harvey Mudd College,2014,2,1,18,20,5,0,13,7,0,0,38,37,7,13,3,5,16,9
115755,California State Polytechnic University-Humboldt,2014,6,4,24,27,29,40,194,352,0,4,216,304,40,55,20,33,6,10
115773,Humphreys University-Stockton and Modesto Campuses,2014,0,0,1,1,4,3,6,7,0,0,1,6,0,0,0,2,0,0
116226,Interior Designers Institute,2014,0,0,0,1,0,0,0,1,0,0,0,4,0,0,0,0,0,0
116846,American Jewish University,2014,1,0,0,0,0,0,0,0,0,0,0,0,0,0,4,7,0,0
117104,Life Pacific University,2014,0,0,3,0,1,2,15,29,2,0,11,27,2,1,0,4,0,0
117140,University of La Verne,2014,1,1,14,18,17,24,107,177,3,2,55,76,11,17,3,10,20,9
117168,Laguna College of Art and Design,2014,0,0,0,8,1,1,3,5,1,0,11,20,0,0,5,11,1,0
117557,Lincoln University,2014,0,0,0,1,0,0,0,0,0,0,0,0,0,0,0,0,5,6
117575,Southern California Seminary,2014,0,0,0,0,0,0,0,0,0,0,1,0,0,0,0,0,0,0
117627,La Sierra University,2014,1,0,26,37,9,17,76,149,1,6,25,33,14,10,1,2,24,30
117751,The Master's University and Seminary,2014,0,0,6,3,1,0,14,7,0,0,62,62,10,11,3,5,5,5
117946,Loyola Marymount University,2014,0,0,68,100,28,56,116,163,1,0,259,354,42,66,0,0,47,48
118693,Menlo College,2014,0,2,11,8,13,10,22,23,3,3,32,21,8,13,4,3,7,7
118912,MiraCosta College,2014,2,4,43,32,15,14,218,249,4,4,283,298,49,53,15,20,36,27
118976,Modesto Junior College,2014,4,2,34,39,30,19,354,375,6,4,292,304,1,5,3,2,6,3
119173,Mount Saint Mary's University,2014,2,0,12,79,0,23,9,307,0,1,1,19,0,4,0,6,0,0
119270,Musicians Institute,2014,1,0,8,1,17,3,42,9,0,0,80,15,23,2,11,5,62,24
119605,National University,2014,0,0,2,7,3,1,9,16,0,2,11,7,0,1,0,2,7,1
119775,Newschool of Architecture and Design,2014,0,0,0,0,0,1,11,5,0,0,3,2,1,0,1,0,6,7
120184,Notre Dame de Namur University,2014,1,0,9,13,5,8,21,66,3,6,16,11,2,5,1,2,2,4
120254,Occidental College,2014,0,0,27,39,12,6,34,38,0,1,112,160,22,33,6,3,22,31
120403,Otis College of Art and Design,2014,2,2,21,56,4,9,3,7,0,3,13,33,0,6,6,8,13,52
120537,Hope International University,2014,0,0,0,3,0,1,6,17,1,0,4,11,0,4,23,14,0,0
120865,Pacific Union College,2014,0,0,29,41,9,22,43,53,4,5,29,42,10,17,4,6,3,7
120883,University of the Pacific,2014,3,0,174,197,9,13,62,80,3,4,99,117,12,28,18,24,52,28
121150,Pepperdine University,2014,0,0,25,35,8,20,10,12,3,1,149,218,55,64,6,5,19,25
121257,Pitzer College,2014,1,0,4,8,4,7,18,29,0,0,67,67,8,18,7,7,9,14
121309,Point Loma Nazarene University,2014,3,0,9,14,5,7,45,98,4,6,119,237,11,24,0,0,3,2
121345,Pomona College,2014,2,1,27,31,16,23,34,22,0,1,114,77,9,23,13,9,22,26
121619,Santa Ana College,2014,1,1,42,61,13,4,491,585,7,3,45,16,12,6,14,7,40,56
121691,University of Redlands,2014,3,3,15,27,14,12,69,121,2,2,186,221,10,27,5,7,7,9
121886,Rio Hondo College,2014,1,0,21,12,3,2,333,371,0,1,15,12,5,2,3,1,0,4
122375,San Diego Mesa College,2014,2,3,84,85,60,42,258,321,2,7,200,187,42,35,8,2,31,29
122409,San Diego State University,2014,7,13,290,404,67,111,533,713,3,5,790,1076,168,221,61,69,153,95
122436,University of San Diego,2014,0,3,35,63,14,23,78,136,2,2,268,370,26,48,6,10,24,21
122506,San Francisco Conservatory of Music,2014,0,0,2,2,0,0,3,0,0,0,9,4,4,1,4,1,7,4
122597,San Francisco State University,2014,1,6,424,549,55,126,466,829,6,14,276,406,80,130,47,49,85,81
122612,University of San Francisco,2014,2,4,118,215,15,37,96,214,3,9,137,287,22,66,5,12,130,127
122685,San Joaquin Valley College-Visalia,2014,1,6,9,10,8,58,102,247,3,1,39,132,10,28,3,12,0,0
122728,William Jessup University,2014,0,0,1,3,1,4,24,25,0,0,65,75,4,5,2,3,1,0
122755,San Jose State University,2014,1,2,680,581,51,78,455,521,12,8,299,242,104,84,43,41,115,79
122931,Santa Clara University,2014,1,1,104,109,21,27,110,125,0,3,342,307,41,48,17,20,19,23
122977,Santa Monica College,2014,1,3,145,141,118,130,583,683,2,2,320,386,43,59,8,5,303,304
123165,Scripps College,2014,0,1,0,39,0,13,0,32,0,0,0,137,0,1,0,15,0,11
123280,Shasta Bible College and Graduate School,2014,0,0,0,0,0,0,0,0,0,0,2,0,0,0,0,2,0,0
123299,Shasta College,2014,13,7,17,15,21,5,39,64,2,1,199,205,28,26,4,6,10,2
123457,Simpson University,2014,2,2,2,3,0,1,10,10,0,0,29,50,0,6,5,2,1,3
123509,Skyline College,2014,0,1,113,101,7,7,72,55,3,3,45,23,15,12,2,0,20,15
123554,Saint Mary's College of California,2014,0,0,20,31,11,15,73,96,3,4,90,156,19,26,7,8,15,7
123563,Solano Community College,2014,0,1,52,56,32,46,100,113,2,2,89,66,41,36,3,3,4,5
123572,Sonoma State University,2014,0,6,48,54,18,25,171,410,2,4,287,504,39,98,21,61,16,30
123651,Vanguard University of Southern California,2014,0,0,3,2,5,12,37,82,0,2,50,92,6,12,4,6,0,0
123952,Southern California Institute of Architecture,2014,0,0,0,0,0,0,0,0,0,0,0,0,0,0,0,0,23,11
123961,University of Southern California,2014,4,3,289,369,55,84,191,179,7,5,524,591,76,113,48,45,257,253
124292,Thomas Aquinas College,2014,0,0,0,0,0,0,8,8,0,0,33,29,0,7,2,0,2,0
125231,Walden University,2014,0,0,0,0,0,2,0,0,0,0,0,0,0,0,0,0,0,0
125471,West Los Angeles College,2014,0,0,7,4,56,51,95,107,1,1,17,12,4,13,6,2,46,15
125727,Westmont College,2014,0,0,13,12,2,5,21,41,0,0,96,139,13,20,4,2,2,4
125763,Whittier College,2014,1,2,20,24,8,17,57,99,0,0,58,53,8,10,0,1,13,7
125897,Woodbury University,2014,0,0,5,5,1,7,13,26,1,1,15,20,3,2,2,1,22,18
126076,Yeshiva Ohr Elchonon Chabad West Coast Talmudical Seminary,2014,0,0,0,0,0,0,0,0,0,0,53,0,0,0,0,0,1,0
126182,Adams State University,2014,0,2,5,0,19,9,85,96,1,0,136,76,14,11,10,7,0,0
126562,University of Colorado Denver/Anschutz Medical Campus,2014,1,2,74,119,17,31,137,207,2,2,271,266,30,49,4,2,24,10
126580,University of Colorado Colorado Springs,2014,1,4,23,23,34,35,138,182,0,6,533,525,64,76,3,3,9,2
126614,University of Colorado Boulder,2014,10,6,194,179,52,41,370,290,2,1,2211,1767,154,136,8,7,273,113
126669,Colorado Christian University,2014,0,1,3,2,1,2,10,19,1,0,120,198,9,15,0,2,0,0
126678,Colorado College,2014,3,3,13,15,2,14,22,26,0,0,175,161,14,39,13,11,22,16
126711,Colorado Mountain College,2014,1,2,1,1,3,0,24,22,0,0,206,123,10,5,9,11,0,0
126775,Colorado School of Mines,2014,1,3,32,17,4,0,49,23,1,0,588,189,33,19,1,0,28,10
126818,Colorado State University-Fort Collins,2014,14,26,50,92,57,67,224,297,1,8,1480,1761,24,38,22,35,29,28
126827,Colorado Technical University-Colorado Springs,2014,0,0,0,0,4,0,0,0,1,1,10,0,0,0,4,2,0,0
126942,Community College of Denver,2014,5,2,17,18,33,33,59,75,0,0,71,86,14,9,19,21,69,26
127060,University of Denver,2014,4,4,30,38,9,18,55,76,1,2,512,500,22,33,7,13,53,38
127185,Fort Lewis College,2014,91,104,2,2,5,2,54,42,0,1,209,185,33,30,5,3,3,0
127556,Colorado Mesa University,2014,3,3,11,15,36,23,165,175,10,5,589,608,34,45,12,11,8,3
127565,Metropolitan State University of Denver,2014,3,2,32,38,37,37,237,263,2,0,495,443,49,44,33,36,6,3
127653,Naropa University,2014,0,0,0,2,0,0,3,7,0,0,8,28,1,3,4,3,0,2
127714,Nazarene Bible College,2014,0,0,0,0,0,0,1,0,0,0,1,6,0,1,0,0,0,0
127741,University of Northern Colorado,2014,3,5,10,26,41,72,143,291,4,0,396,800,37,58,14,15,3,4
127820,Pikes Peak State College,2014,4,7,12,7,42,44,68,97,8,3,324,289,32,30,15,12,3,5
127884,Pueblo Community College,2014,12,8,1,0,3,2,28,55,1,0,67,91,6,4,14,15,0,2
127909,Red Rocks Community College,2014,6,2,4,7,3,2,39,32,0,0,192,131,10,9,10,5,5,3
127918,Regis University,2014,0,2,8,22,3,15,32,87,1,1,116,148,7,14,10,8,2,5
127945,Rocky Mountain College of Art and Design,2014,0,0,0,0,0,2,0,3,0,0,2,8,0,0,0,3,0,0
128106,Colorado State University Pueblo,2014,3,3,2,6,52,23,132,154,0,1,232,192,29,28,6,3,6,5
128328,United States Air Force Academy,2014,3,0,32,17,45,13,101,27,2,0,562,162,59,14,76,11,13,1
128391,Western Colorado University,2014,4,0,3,1,9,5,38,21,1,1,189,130,16,15,6,7,2,1
128498,Albertus Magnus College,2014,0,0,0,1,16,23,11,21,0,2,27,36,1,1,4,10,3,1
128744,University of Bridgeport,2014,5,2,5,8,105,199,33,59,0,0,27,47,0,2,0,0,28,13
128771,Central Connecticut State University,2014,1,2,28,18,74,65,89,100,2,0,477,416,21,13,14,14,11,8
128902,Connecticut College,2014,0,0,5,13,8,5,14,23,0,0,142,229,5,12,2,8,10,22
129020,University of Connecticut,2014,0,5,221,227,77,118,182,172,0,2,1057,1054,53,58,57,52,129,113
129154,Goodwin University,2014,0,2,0,1,12,32,16,29,0,1,13,52,3,7,0,0,5,3
129215,Eastern Connecticut State University,2014,0,0,9,12,22,34,31,47,1,0,309,314,9,17,29,34,1,2
129242,Fairfield University,2014,0,0,3,16,10,13,31,57,0,1,314,534,8,10,15,15,14,14
129525,University of Hartford,2014,0,2,19,22,96,113,67,87,1,1,364,322,13,28,17,17,25,11
129534,Holy Apostles College and Seminary,2014,0,0,0,0,0,0,1,0,0,0,1,1,0,0,0,0,0,0
129774,Mitchell College,2014,1,1,0,2,18,12,10,7,0,0,38,45,1,3,2,2,2,1
129941,University of New Haven,2014,0,1,10,21,52,62,44,76,3,1,307,367,10,23,88,91,52,8
130110,Paier College,2014,0,0,0,1,0,1,0,2,0,0,6,11,0,0,0,1,0,0
130183,Post University,2014,2,2,5,3,46,65,7,19,1,1,65,99,1,18,33,56,1,0
130226,Quinnipiac University,2014,0,1,22,36,34,56,65,98,1,1,487,735,12,26,19,16,27,15
130253,Sacred Heart University,2014,0,0,11,25,27,39,44,74,0,2,388,689,18,17,21,15,10,5
130314,University of Saint Joseph,2014,0,1,0,2,0,22,0,33,0,0,0,81,0,0,0,10,0,0
130493,Southern Connecticut State University,2014,1,2,20,21,65,143,50,122,0,0,240,449,12,23,42,83,2,0
130590,Trinity College,2014,0,0,14,20,19,12,21,20,0,0,219,194,7,9,10,5,29,32
130624,United States Coast Guard Academy,2014,1,0,12,7,19,3,14,8,0,0,95,62,14,3,1,3,5,2
130697,Wesleyan University,2014,0,0,28,45,27,31,33,32,1,0,208,223,13,27,3,12,31,36
130776,Western Connecticut State University,2014,0,0,20,18,49,47,60,65,2,1,238,247,5,9,6,5,0,2
130794,Yale University,2014,4,7,96,117,42,45,78,83,0,0,352,285,36,49,6,7,92,61
130907,Delaware Technical Community College-Terry,2014,0,1,4,5,55,69,14,24,0,0,121,145,8,17,8,6,2,1
130934,Delaware State University,2014,0,2,2,4,200,464,25,36,0,1,45,46,14,27,2,2,5,3
130943,University of Delaware,2014,1,1,92,129,110,147,134,223,0,5,1395,1990,43,96,8,23,67,46
130989,Goldey-Beacom College,2014,0,1,3,4,27,36,2,5,0,0,18,37,4,10,0,1,9,4
131113,Wilmington University,2014,6,4,2,4,38,40,5,6,0,0,78,76,0,0,5,9,11,4
131159,American University,2014,0,0,39,98,29,78,73,139,0,1,430,704,27,68,11,19,20,48
131283,The Catholic University of America,2014,1,0,10,19,21,20,43,70,0,0,272,294,16,22,9,10,17,6
131399,University of the District of Columbia,2014,0,0,4,3,49,76,14,11,0,0,6,3,3,3,6,11,6,2
131450,Gallaudet University,2014,0,0,1,5,18,17,12,17,1,0,43,50,0,6,0,0,8,3
131469,George Washington University,2014,2,1,116,145,41,80,76,115,0,2,631,782,35,54,40,52,101,137
131496,Georgetown University,2014,0,0,65,93,42,50,57,72,0,0,440,506,30,35,4,9,67,105
131520,Howard University,2014,0,1,12,14,379,938,3,0,0,0,10,8,0,0,0,0,64,38
131803,Strayer University-District of Columbia,2014,0,0,0,0,4,1,1,0,0,0,0,0,0,0,0,0,1,1
131876,Trinity Washington University,2014,0,2,0,2,0,182,0,68,0,1,0,2,0,4,0,23,0,0
132408,Baptist University of Florida,2014,0,0,0,0,0,0,0,1,0,0,14,15,1,2,0,1,0,0
132471,Barry University,2014,1,2,1,7,35,136,39,100,0,0,31,43,1,10,7,8,13,25
132602,Bethune-Cookman University,2014,0,0,0,0,377,474,9,16,0,0,5,0,6,20,7,14,4,7
132657,Lynn University,2014,0,1,3,1,15,32,43,38,0,1,135,131,3,7,13,3,74,34
132693,Eastern Florida State College,2014,2,2,9,18,86,82,103,96,2,1,448,552,30,41,13,16,6,6
132709,Broward College,2014,4,2,58,61,571,777,689,715,7,10,348,327,42,50,57,82,54,49
132842,Albizu University-Miami,2014,0,0,0,0,0,0,3,3,0,0,0,0,0,0,0,0,0,0
132851,College of Central Florida,2014,2,3,5,7,53,81,64,87,5,1,228,321,0,0,5,9,15,14
132879,Johnson University Florida,2014,0,0,0,0,1,1,3,5,0,0,15,16,0,1,0,0,0,0
132903,University of Central Florida,2014,0,3,173,182,237,382,660,731,6,2,1667,1832,119,150,19,11,18,24
133021,Chipola College,2014,1,1,2,0,20,25,9,8,0,0,103,129,8,2,0,1,0,0
133386,Daytona State College,2014,6,1,6,13,54,85,89,98,3,2,354,394,12,16,18,11,5,3
133465,South University-West Palm Beach,2014,0,0,0,0,5,5,3,6,0,0,4,7,0,0,0,0,0,0
133492,Eckerd College,2014,1,0,1,14,2,10,11,33,1,0,137,257,5,13,2,1,13,10
133508,Florida SouthWestern State College,2014,2,4,12,15,96,125,232,349,0,1,386,487,27,31,29,20,19,16
133526,Edward Waters University,2014,0,0,0,0,124,61,3,6,0,1,7,7,3,4,3,3,0,0
133553,Embry-Riddle Aeronautical University-Daytona Beach,2014,4,0,41,11,49,23,32,6,2,1,538,133,77,21,107,37,100,26
133650,Florida Agricultural and Mechanical University,2014,0,0,4,2,479,826,10,7,0,1,22,27,2,3,0,0,0,5
133669,Florida Atlantic University,2014,4,8,60,55,180,308,313,391,1,3,631,772,48,75,11,9,25,22
133702,Florida State College at Jacksonville,2014,0,1,23,20,155,202,66,78,6,2,403,407,28,41,47,76,5,4
133711,Flagler College,2014,0,0,4,3,7,11,20,62,0,0,160,333,11,16,11,9,17,9
133809,Florida College,2014,4,0,0,0,5,2,3,4,0,1,77,103,3,7,0,0,1,2
133872,AdventHealth University,2014,0,0,0,2,4,12,10,18,0,0,2,21,0,2,0,1,0,1
133881,Florida Institute of Technology,2014,4,2,19,7,37,12,40,21,7,5,210,96,9,4,26,9,205,55
133951,Florida International University,2014,0,0,51,58,157,234,1144,1468,2,2,148,168,78,110,9,6,54,72
133960,The College of the Florida Keys,2014,0,1,3,1,6,13,0,0,0,0,76,71,2,1,13,16,0,1
133979,Florida Memorial University,2014,0,0,0,1,114,226,9,10,0,0,0,2,2,2,7,28,30,26
134079,Florida Southern College,2014,3,2,4,9,10,20,25,34,0,1,153,282,3,4,2,5,10,10
134097,Florida State University,2014,9,5,70,87,140,269,436,660,4,2,1667,2239,90,130,43,55,16,22
134130,University of Florida,2014,3,3,260,340,123,237,492,812,5,3,1615,2144,83,122,75,95,23,40
134237,Full Sail University,2014,29,8,49,16,623,176,89,15,9,0,1108,356,180,57,278,91,37,14
134343,Gulf Coast State College,2014,3,4,5,15,37,52,15,20,0,0,180,261,17,13,12,10,1,0
134510,Hobe Sound Bible College,2014,0,0,0,0,0,0,0,1,0,0,13,18,0,0,0,2,0,0
134608,Indian River State College,2014,3,5,14,9,106,119,150,174,0,0,401,378,21,25,28,18,4,12
134945,Jacksonville University,2014,0,0,2,2,25,26,16,25,0,1,98,125,10,5,19,24,4,11
135081,Keiser University-Ft Lauderdale,2014,0,6,14,32,123,475,318,533,0,1,231,549,32,77,21,51,4,7
135160,Florida Gateway College,2014,0,0,1,0,13,20,9,10,0,0,87,150,2,1,1,2,0,0
135188,Lake-Sumter State College,2014,1,2,11,14,11,23,11,14,0,0,151,171,8,12,12,18,2,1
135364,Luther Rice College & Seminary,2014,0,0,0,0,0,0,0,0,0,0,2,1,0,0,0,0,0,0
135391,State College of Florida-Manatee-Sarasota,2014,3,3,17,17,53,85,91,106,2,1,381,445,19,25,12,6,21,14
135717,Miami Dade College,2014,3,4,34,33,508,732,2774,3499,0,0,161,217,22,23,144,148,244,276
135726,University of Miami,2014,1,0,94,75,84,83,168,201,2,1,481,455,23,43,37,34,115,155
136145,North Florida College,2014,0,0,0,1,6,19,2,7,0,0,37,58,0,0,0,1,0,0
136172,University of North Florida,2014,2,0,34,46,42,74,90,112,0,0,546,694,51,76,0,1,12,12
136215,Nova Southeastern University,2014,0,1,31,59,21,36,47,93,0,0,73,145,6,7,5,5,15,21
136233,Northwest Florida State College,2014,1,0,4,7,32,23,27,18,3,0,186,203,22,24,7,6,5,3
136330,Palm Beach Atlantic University,2014,0,3,6,5,11,28,24,53,1,0,121,234,3,16,0,1,8,9
136358,Palm Beach State College,2014,1,1,23,21,160,228,234,276,1,5,297,308,22,17,45,23,31,36
136400,Pasco-Hernando State College,2014,2,2,21,17,44,45,162,203,4,2,463,579,33,16,20,18,1,4
136473,Pensacola State College,2014,4,3,11,8,97,104,25,36,1,0,294,356,32,42,5,5,2,3
136516,Polk State College,2014,1,1,10,9,60,72,73,126,0,0,167,211,13,15,20,31,6,4
136774,Ringling College of Art and Design,2014,1,3,7,16,5,3,14,19,0,0,54,80,4,4,1,0,22,35
136950,Rollins College,2014,1,0,8,11,5,8,21,42,0,0,143,220,7,10,2,10,30,22
137032,Saint Leo University,2014,1,0,7,5,42,56,37,82,0,0,131,154,6,9,16,23,26,21
137078,St Petersburg College,2014,4,5,30,47,114,131,118,178,2,4,705,661,40,32,19,19,9,10
137096,Santa Fe College,2014,2,2,23,20,98,114,191,149,3,1,465,456,26,39,12,4,20,7
137209,Seminole State College of Florida,2014,3,3,29,21,115,141,251,274,2,5,483,455,37,41,8,3,17,23
137272,St. John Vianney College Seminary,2014,0,0,0,0,1,0,4,0,0,0,1,0,0,0,0,0,0,0
137281,Saint Johns River State College,2014,1,2,1,5,24,34,27,39,1,1,177,245,11,19,10,4,0,3
137315,South Florida State College,2014,0,0,4,5,8,19,44,40,0,0,91,85,1,5,2,2,4,1
137351,University of South Florida,2014,2,5,155,188,147,244,332,447,4,4,925,1186,75,109,23,31,105,89
137476,St. Thomas University,2014,0,1,0,0,14,20,45,33,0,0,11,11,1,2,0,3,11,10
137546,Stetson University,2014,4,2,5,18,30,44,43,66,0,0,192,296,1,2,14,22,20,14
137564,Southeastern University,2014,1,2,4,12,79,62,64,96,3,3,211,272,0,1,7,7,11,7
137759,Tallahassee Community College,2014,2,5,8,9,264,303,141,121,0,0,544,530,40,38,15,6,17,13
137777,Talmudic College of Florida,2014,0,0,0,0,0,0,0,0,0,0,8,0,0,0,0,0,2,0
137847,The University of Tampa,2014,1,4,10,20,25,47,82,144,1,1,421,700,20,49,36,58,73,60
137953,Trinity Baptist College,2014,0,0,3,0,18,6,9,3,1,0,39,20,0,0,4,1,0,0
137962,Trinity College of Florida,2014,0,0,1,0,12,2,3,1,0,0,4,5,0,0,2,1,0,0
138187,Valencia College,2014,11,9,113,122,405,570,938,1174,14,15,696,669,78,91,154,191,97,89
138275,Warner University,2014,1,0,0,0,54,23,15,9,1,0,40,19,8,2,3,1,2,0
138293,Webber International University,2014,0,1,1,1,29,3,8,5,0,0,53,15,2,0,1,1,24,5
138309,Rasmussen University-Florida,2014,0,0,4,2,10,34,2,3,0,0,18,41,3,6,9,18,0,0
138354,University of West Florida,2014,1,1,21,24,72,103,55,87,2,3,400,498,32,51,4,12,8,11
138558,Abraham Baldwin Agricultural College,2014,2,2,3,4,28,80,32,41,0,1,373,385,3,6,0,0,5,1
138600,Agnes Scott College,2014,0,1,0,16,0,78,0,22,0,1,0,78,0,13,0,0,0,16
138716,Albany State University,2014,0,1,0,0,118,280,4,6,0,0,4,1,4,4,3,2,1,0
138868,Point University,2014,0,0,1,3,55,35,2,10,0,0,64,75,12,7,7,4,5,0
138901,Atlanta Metropolitan State College,2014,0,0,1,0,91,134,3,2,0,2,2,1,1,1,0,1,0,5
138947,Clark Atlanta University,2014,2,1,0,0,121,470,0,2,0,0,0,0,0,0,32,63,12,3
139144,Berry College,2014,0,0,5,6,11,19,12,30,0,0,184,266,6,11,7,3,5,3
139153,Beulah Heights University,2014,0,0,2,2,8,10,1,1,0,0,0,0,0,0,0,0,0,0
139199,Brenau University,2014,0,1,0,4,4,59,0,14,0,0,3,110,1,19,1,0,0,10
139205,Brewton-Parker College,2014,0,0,0,0,19,9,7,1,0,0,35,24,1,1,5,9,0,0
139250,College of Coastal Georgia,2014,0,1,7,6,37,60,11,26,0,0,143,233,13,22,5,3,2,7
139311,Clayton  State University,2014,0,0,19,14,116,182,12,13,0,0,34,38,8,8,0,3,5,6
139366,Columbus State University,2014,3,1,11,13,113,206,26,29,0,0,206,268,7,14,0,0,4,4
139393,Covenant College,2014,0,0,2,0,2,3,6,3,0,0,99,134,1,5,0,0,5,5
139463,Dalton State College,2014,0,2,4,5,16,30,81,85,0,0,196,268,5,8,10,5,6,11
139579,South University-Savannah,2014,0,0,0,1,9,14,1,1,1,1,6,8,0,0,0,1,0,0
139621,East Georgia State College,2014,2,1,7,10,189,277,6,22,0,0,188,233,9,17,6,3,1,3
139630,Emmanuel University,2014,0,0,1,1,15,11,6,4,1,0,73,77,0,1,0,0,2,1
139658,Emory University,2014,3,1,152,175,48,100,67,82,1,0,354,441,24,34,13,26,135,167
139700,Georgia Highlands College,2014,2,0,8,4,70,74,42,60,0,1,276,353,16,14,1,1,4,4
139719,Fort Valley State University,2014,0,1,0,0,97,105,1,4,0,0,1,5,2,1,0,0,0,0
139755,Georgia Institute of Technology-Main Campus,2014,1,0,363,221,89,60,115,69,0,1,838,575,66,47,71,38,186,65
139764,Georgia Southwestern State University,2014,1,1,2,0,36,68,6,6,0,1,103,149,2,6,0,1,4,0
139861,Georgia College & State University,2014,2,0,6,18,27,40,32,49,0,0,466,773,15,23,0,0,7,5
139931,Georgia Southern University,2014,6,5,37,22,365,396,99,81,1,2,1157,1156,38,34,11,8,38,20
139940,Georgia State University,2014,2,4,308,287,495,965,165,244,0,2,404,453,80,147,23,14,27,20
139959,University of Georgia,2014,4,2,249,297,113,269,110,154,3,4,1375,2320,76,100,29,29,48,58
139968,Gordon State College,2014,0,0,2,5,171,315,18,23,0,1,164,235,17,10,1,3,3,3
140234,LaGrange College,2014,0,2,1,1,28,11,4,1,0,0,93,80,8,3,0,0,0,1
140252,Life University,2014,0,0,0,1,4,3,0,4,0,0,6,4,0,0,44,29,1,1
140340,Herzing University-Atlanta,2014,0,0,3,3,6,11,1,0,0,0,0,0,1,2,0,1,0,0
140447,Mercer University,2014,1,2,29,32,64,83,26,22,1,1,227,246,7,11,15,14,14,9
140553,Morehouse College,2014,1,0,1,0,510,0,8,0,0,0,0,0,0,0,0,0,20,0
140696,Oglethorpe University,2014,0,1,5,5,15,35,10,17,0,0,44,43,5,4,29,57,3,6
140720,Paine College,2014,1,2,0,0,86,96,1,1,0,0,8,0,1,0,4,3,1,1
140818,Piedmont University,2014,1,1,2,2,5,13,12,11,0,0,65,110,2,9,14,22,0,0
140872,Reinhardt University,2014,1,0,1,4,46,15,15,14,0,0,95,105,0,0,11,3,0,0
140951,Savannah College of Art and Design,2014,3,8,25,54,68,135,45,124,4,5,292,679,0,0,30,53,64,139
140960,Savannah State University,2014,2,1,0,0,425,635,18,17,1,0,27,12,23,29,0,0,4,2
140988,Shorter University,2014,0,2,1,3,43,29,4,6,0,0,83,91,4,3,7,5,8,2
141060,Spelman College,2014,0,2,0,0,0,504,0,3,0,0,0,1,0,10,0,27,0,3
141167,Thomas University,2014,0,0,1,0,3,9,8,5,0,0,16,23,0,0,5,6,11,1
141185,Toccoa Falls College,2014,0,0,7,4,9,6,2,4,0,0,48,71,1,3,0,0,2,3
141237,Truett McConnell University,2014,0,0,0,0,14,5,6,3,0,0,76,101,0,0,2,0,0,0
141264,Valdosta State University,2014,1,0,10,18,243,348,35,56,1,2,323,452,24,35,8,5,14,10
141325,Wesleyan College,2014,0,0,0,6,0,33,0,4,0,0,0,40,0,2,0,1,0,20
141334,University of West Georgia,2014,1,1,12,12,288,574,36,64,4,0,392,673,32,54,5,4,5,10
141361,Young Harris College,2014,0,2,2,3,9,20,9,8,0,1,133,206,4,11,5,3,21,11
141486,Chaminade University of Honolulu,2014,1,0,20,55,5,5,3,6,15,44,13,20,14,23,3,7,3,2
141565,University of Hawaii at Hilo,2014,1,3,37,47,4,3,20,51,14,17,27,35,70,87,0,0,7,4
141574,University of Hawaii at Manoa,2014,1,3,308,396,17,17,72,126,12,21,130,237,187,251,2,0,11,17
141644,Hawaii Pacific University,2014,0,4,29,57,5,6,12,70,5,8,38,89,23,80,7,17,27,32
141839,University of Hawaii Maui College,2014,2,0,50,77,1,3,13,28,8,22,18,27,60,68,0,0,3,5
141981,University of Hawaii-West Oahu,2014,0,0,35,49,0,3,7,28,5,3,1,3,21,41,0,0,0,0
142090,Boise Bible College,2014,0,1,0,0,0,1,0,0,0,0,18,19,1,0,1,1,0,0
142115,Boise State University,2014,8,2,19,21,30,15,136,145,5,7,689,924,44,57,10,8,61,12
142276,Idaho State University,2014,6,15,4,11,11,8,75,104,1,1,396,534,15,20,9,8,348,25
142285,University of Idaho,2014,3,2,9,9,13,11,77,90,5,0,620,588,38,38,6,8,23,14
142294,The College of Idaho,2014,0,0,4,4,5,0,25,22,4,0,90,84,3,7,3,6,10,9
142328,Lewis-Clark State College,2014,4,8,3,3,4,2,21,18,0,0,162,240,7,5,5,3,4,2
142461,Northwest Nazarene University,2014,0,2,2,4,1,2,14,17,0,0,76,136,1,6,0,10,2,1
142522,Brigham Young University-Idaho,2014,2,7,6,15,8,10,13,41,6,8,505,1044,43,99,0,1,56,100
142887,American Academy of Art College,2014,0,0,0,4,3,2,4,8,0,0,16,28,0,4,0,0,0,0
143048,School of the Art Institute of Chicago,2014,0,1,11,62,6,7,19,44,0,0,47,162,4,20,3,14,55,148
143084,Augustana College,2014,0,0,4,13,12,14,29,43,0,0,211,328,14,16,5,4,19,14
143118,Aurora University,2014,2,1,2,11,36,41,64,130,0,0,71,203,0,10,33,35,2,1
143288,Blackburn College,2014,1,1,3,1,10,10,3,3,0,0,58,74,2,1,0,0,0,0
143358,Bradley University,2014,0,0,2,12,11,25,21,33,1,0,226,200,7,7,183,208,9,2
144005,Chicago State University,2014,0,1,0,1,43,109,19,21,0,0,7,16,0,0,8,16,4,8
144050,University of Chicago,2014,3,1,112,126,19,56,48,49,1,0,373,322,16,24,66,76,90,63
144281,Columbia College Chicago,2014,2,5,26,25,105,160,68,97,0,0,408,643,41,64,36,61,20,26
144351,Concordia University-Chicago,2014,0,0,2,3,20,12,35,49,0,1,68,95,7,3,0,2,2,1
144740,DePaul University,2014,0,0,103,106,50,93,183,283,1,2,644,884,35,55,20,23,35,23
144883,East-West University,2014,0,0,8,6,32,35,13,13,1,0,1,3,4,1,1,0,0,0
144892,Eastern Illinois University,2014,0,4,2,5,111,182,26,51,1,0,263,422,13,14,6,5,12,3
144962,Elmhurst University,2014,0,0,7,22,17,13,44,67,0,1,141,174,6,11,4,3,0,0
144971,Eureka College,2014,1,0,1,0,8,4,1,4,0,0,72,61,5,2,5,3,0,1
145336,Governors State University,2014,0,0,2,2,45,81,8,20,0,0,10,23,3,1,8,8,0,0
145372,Greenville University,2014,0,0,2,2,20,11,15,7,1,0,86,100,5,4,6,6,3,0
145497,Hebrew Theological College,2014,0,0,0,0,0,0,0,0,0,0,27,250,0,0,0,0,0,0
145600,University of Illinois Chicago,2014,0,0,409,373,96,188,421,529,0,1,411,428,35,39,7,8,42,24
145619,Benedictine University,2014,2,1,39,71,32,43,61,53,0,0,167,119,0,0,32,42,2,3
145637,University of Illinois Urbana-Champaign,2014,2,4,808,543,135,221,390,330,1,4,1710,1483,100,88,25,21,655,406
145646,Illinois Wesleyan University,2014,0,0,2,16,9,10,14,20,0,1,137,155,6,10,3,9,26,37
145691,Illinois College,2014,1,0,0,2,24,16,20,12,1,0,82,82,3,6,1,0,2,1
145725,Illinois Institute of Technology,2014,0,0,54,17,10,11,46,24,0,0,110,55,9,8,1,3,71,21
145813,Illinois State University,2014,0,5,33,59,122,208,178,230,1,1,1081,1543,44,64,3,3,3,3
146339,Judson University,2014,0,0,1,1,8,5,9,9,0,0,70,75,0,1,4,5,3,2
146427,Knox College,2014,0,0,8,8,14,26,25,36,0,0,75,98,5,12,2,4,19,30
146481,Lake Forest College,2014,0,1,13,16,9,23,25,47,0,0,101,130,10,5,1,2,14,13
146612,Lewis University,2014,0,1,12,15,16,24,54,97,1,0,208,280,7,18,2,0,7,1
146667,Lincoln Christian University,2014,0,0,1,0,1,0,1,0,0,0,35,24,1,1,0,0,2,1
146719,Loyola University Chicago,2014,0,1,91,197,23,47,98,222,5,3,428,931,50,77,12,26,28,49
146755,Trinity College of Nursing & Health Sciences,2014,0,0,0,0,0,0,0,0,0,0,0,3,0,0,0,0,0,0
147013,McKendree University,2014,0,0,0,3,33,18,8,9,1,0,136,152,11,10,17,13,8,2
147129,Methodist College,2014,0,0,0,0,0,0,0,0,0,0,0,4,0,0,0,0,0,0
147244,Millikin University,2014,0,1,5,2,52,44,17,17,0,0,140,172,8,10,2,1,3,2
147341,Monmouth College,2014,0,1,1,6,29,23,33,40,0,0,101,131,4,1,4,3,9,8
147369,Moody Bible Institute,2014,0,0,9,7,9,3,7,10,0,0,110,94,6,6,62,71,16,20
147536,National Louis University,2014,0,0,0,0,3,2,3,3,0,0,0,1,1,0,0,0,0,0
147660,North Central College,2014,0,0,0,9,14,9,33,41,0,0,161,194,4,7,56,39,4,5
147679,North Park University,2014,0,0,4,19,11,9,41,64,6,2,72,126,9,16,3,5,6,10
147703,Northern Illinois University,2014,3,3,58,47,294,375,261,201,3,0,593,534,54,46,2,1,16,8
147767,Northwestern University,2014,1,0,183,187,53,62,129,151,0,0,508,469,45,67,8,6,79,95
147776,Northeastern Illinois University,2014,0,0,33,50,48,52,141,184,0,0,66,84,4,7,8,12,14,23
147828,Olivet Nazarene University,2014,0,0,6,9,18,25,22,37,0,1,283,343,12,17,0,0,4,2
148016,Principia College,2014,0,0,2,1,1,1,0,2,1,0,51,44,1,1,0,0,13,3
148131,Quincy University,2014,1,1,3,1,14,9,6,0,2,1,69,80,3,0,5,17,2,0
148405,Rockford University,2014,0,0,3,1,8,11,5,3,0,0,34,53,14,7,2,5,0,1
148487,Roosevelt University,2014,0,1,10,18,22,51,77,109,1,1,96,158,8,19,3,3,9,14
148496,Dominican University,2014,0,0,3,7,9,21,98,177,0,1,59,82,5,8,2,1,0,0
148584,University of St Francis,2014,0,1,0,2,15,7,16,26,0,0,52,82,6,4,1,0,3,1
148627,Saint Xavier University,2014,1,0,8,5,32,57,77,157,0,0,67,120,7,17,6,9,0,0
148654,University of Illinois Springfield,2014,0,0,5,5,26,59,15,19,0,0,78,70,3,9,0,1,7,5
148876,St. Augustine College,2014,0,0,0,2,1,0,34,154,0,0,1,1,2,0,14,22,1,5
149222,Southern Illinois University-Carbondale,2014,0,4,22,17,364,463,144,157,0,1,745,706,55,44,0,0,23,11
149231,Southern Illinois University-Edwardsville,2014,4,3,20,17,129,237,46,57,1,0,701,765,35,50,10,9,7,2
149505,Trinity Christian College,2014,0,0,0,1,8,7,11,10,0,0,41,86,0,4,0,2,8,12
149514,Trinity International University-Illinois,2014,1,0,1,1,13,3,0,1,2,0,56,61,4,6,6,5,3,1
149639,VanderCook College of Music,2014,0,0,0,0,0,1,2,2,0,0,8,10,1,0,0,0,0,1
149772,Western Illinois University,2014,0,0,8,6,206,336,106,125,1,1,368,338,21,29,15,10,5,3
149781,Wheaton College,2014,0,1,22,35,12,7,13,19,0,0,220,231,11,13,0,0,10,12
150066,Anderson University,2014,0,0,0,2,17,8,3,4,1,0,146,209,1,7,15,14,2,3
150136,Ball State University,2014,0,0,17,27,96,193,68,88,1,5,1133,1802,45,66,14,21,6,7
150145,Bethel University,2014,0,1,0,2,7,3,8,6,0,1,76,104,2,6,2,1,1,0
150163,Butler University,2014,1,1,7,15,24,12,15,20,0,0,338,468,18,16,2,7,10,15
150172,Calumet College of Saint Joseph,2014,1,0,0,0,16,16,18,16,0,0,23,24,3,0,0,0,0,0
150400,DePauw University,2014,1,1,6,13,10,14,6,8,0,0,177,206,22,20,2,1,14,13
150455,Earlham College,2014,1,3,7,13,22,11,14,6,0,0,56,82,0,0,1,4,33,17
150534,University of Evansville,2014,1,0,4,5,8,8,3,15,0,0,181,219,4,7,5,8,49,15
150604,Franklin College,2014,0,0,0,3,11,5,5,5,0,0,114,162,6,7,3,2,1,3
150668,Goshen College,2014,0,0,3,0,1,4,10,18,0,0,49,53,4,2,0,2,7,6
150677,Grace College and Theological Seminary,2014,0,1,2,2,5,8,7,14,1,1,118,163,3,8,23,38,0,0
150756,Hanover College,2014,1,3,1,4,7,9,4,4,0,0,101,136,1,2,3,4,9,4
150774,Holy Cross College,2014,0,1,2,2,6,5,12,6,1,0,60,45,2,3,2,0,10,3
150941,Huntington University,2014,1,3,0,1,3,1,6,7,0,0,82,106,1,6,0,0,7,2
151102,Purdue University Fort Wayne,2014,1,0,21,10,27,37,25,44,0,0,547,701,15,23,0,1,10,9
151111,Indiana University-Indianapolis,2014,2,1,70,67,81,211,83,174,0,0,1180,1644,44,98,5,9,73,30
151263,University of Indianapolis,2014,0,0,4,14,23,19,24,30,0,1,228,442,6,18,41,61,31,21
151290,Indiana Institute of Technology,2014,0,2,1,1,95,161,27,20,0,1,173,124,11,13,24,32,11,3
151306,University of Southern Indiana,2014,0,1,6,12,22,58,20,18,0,1,494,913,14,19,3,2,1,5
151324,Indiana State University,2014,6,8,16,13,280,374,40,62,2,0,718,1013,55,63,6,8,52,19
151333,Indiana University-Kokomo,2014,2,1,4,1,13,14,10,19,1,0,139,265,3,7,4,8,2,0
151342,Indiana University-South Bend,2014,0,2,7,3,23,35,43,55,0,0,229,405,11,20,4,3,18,8
151351,Indiana University-Bloomington,2014,3,5,191,182,162,173,201,201,1,2,2772,2759,124,166,16,12,360,367
151360,Indiana University-Northwest,2014,0,0,4,8,29,56,57,113,0,0,135,224,9,11,3,3,0,0
151379,Indiana University-Southeast,2014,0,0,6,3,22,25,8,19,1,1,310,465,8,17,3,3,2,1
151388,Indiana University-East,2014,0,1,1,0,6,8,6,6,0,0,139,212,5,6,0,1,0,1
151777,Manchester University,2014,0,0,0,3,10,11,13,13,0,0,184,181,4,11,1,0,4,6
151786,Marian University,2014,0,2,2,2,22,10,3,11,0,1,116,136,5,5,4,1,7,3
151801,Indiana Wesleyan University-Marion,2014,0,4,7,7,74,247,20,39,0,0,354,657,20,21,2,2,2,1
151810,Martin University,2014,0,0,0,0,3,7,0,0,0,0,0,0,0,0,0,0,0,0
151962,Mid-America College of Funeral Service,2014,0,0,0,0,0,0,0,0,0,0,6,5,1,1,0,0,0,0
152080,University of Notre Dame,2014,0,1,43,58,39,40,106,124,2,1,764,622,39,33,10,11,49,70
152099,Oakland City University,2014,0,0,0,0,2,3,2,0,0,0,23,32,1,0,5,8,0,0
152318,Rose-Hulman Institute of Technology,2014,0,0,14,9,8,5,14,11,0,0,329,80,24,6,0,0,66,16
152336,University of Saint Francis-Fort Wayne,2014,0,0,0,0,30,4,11,20,1,0,89,166,7,3,5,6,1,1
152381,Saint Mary-of-the-Woods College,2014,0,0,0,0,0,4,0,1,0,0,1,47,0,0,2,31,0,0
152390,Saint Mary's College,2014,0,0,0,8,0,8,0,34,0,0,0,305,0,12,0,6,0,5
152530,Taylor University,2014,0,1,4,5,10,7,6,10,2,0,163,207,0,1,0,0,5,12
152567,Trine University,2014,2,1,2,2,16,3,21,7,0,0,293,128,14,9,8,9,7,1
152600,Valparaiso University,2014,1,4,5,11,20,23,29,38,0,0,228,289,7,10,5,8,30,6
152637,Vincennes University,2014,5,2,4,5,245,210,23,17,0,0,997,672,36,38,37,30,11,5
152673,Wabash College,2014,1,0,3,0,15,0,25,0,0,0,184,0,8,0,3,0,17,0
152992,Briar Cliff University,2014,2,0,1,1,11,1,15,12,0,0,76,74,2,3,0,0,8,0
153001,Buena Vista University,2014,1,1,4,1,2,0,5,7,1,0,83,69,0,1,5,7,3,11
153108,Central College,2014,1,0,4,0,7,4,11,9,0,0,181,194,3,2,9,4,0,0
153126,Clarke University,2014,0,0,1,0,2,3,1,6,0,0,43,121,0,2,1,0,1,2
153144,Coe College,2014,1,0,2,10,12,22,21,31,1,0,113,147,6,6,1,3,0,0
153162,Cornell College,2014,0,0,0,6,0,16,0,31,0,0,130,57,0,12,0,5,0,5
153241,Divine Word College,2014,0,0,2,0,0,0,2,0,0,0,0,0,0,0,0,0,1,4
153250,Dordt University,2014,0,0,0,0,3,0,0,1,41,25,88,81,0,0,39,25,20,13
153269,Drake University,2014,0,0,10,22,14,12,15,21,0,0,308,424,10,12,0,0,10,11
153278,University of Dubuque,2014,0,0,12,0,53,20,24,10,0,0,163,108,14,7,16,8,7,2
153302,Emmaus Bible College,2014,0,0,1,0,1,3,0,0,0,0,19,33,0,5,1,3,0,0
153320,Faith Baptist Bible College and Theological Seminary,2014,1,0,0,0,0,1,0,1,1,0,38,44,0,1,0,0,0,0
153366,Graceland University-Lamoni,2014,0,0,1,1,40,10,31,11,2,1,88,63,5,6,11,0,6,6
153375,Grand View University,2014,0,0,4,3,27,5,7,3,0,1,87,116,2,6,3,3,11,1
153384,Grinnell College,2014,0,0,15,20,11,12,14,16,0,0,117,129,7,15,0,1,36,42
153427,Orion Technical College,2014,0,1,0,0,3,7,3,3,0,0,23,22,0,0,0,1,0,0
153603,Iowa State University,2014,9,5,104,87,75,90,143,125,2,2,2569,2023,75,80,194,142,194,97
153658,University of Iowa,2014,2,2,73,99,78,82,171,210,3,3,1341,1666,52,80,30,51,226,178
153825,Loras College,2014,0,0,2,0,10,2,16,11,1,0,160,152,3,4,3,5,1,4
153834,Luther College,2014,3,1,3,5,8,2,18,13,0,0,200,262,9,4,0,1,15,15
153861,Maharishi International University,2014,0,0,1,1,1,1,1,0,0,0,6,2,1,1,1,0,2,3
153977,Mercy College of Health Sciences,2014,0,0,0,0,0,2,0,0,0,0,2,36,0,0,0,0,0,0
154004,Morningside University,2014,3,1,0,1,8,2,10,16,1,1,155,136,3,4,4,1,4,3
154013,Mount Mercy University,2014,0,0,0,4,3,4,0,0,0,0,23,85,0,2,3,3,4,3
154022,Ashford University,2014,2,5,2,5,93,175,18,52,0,2,121,263,6,13,3,7,6,8
154095,University of Northern Iowa,2014,2,3,7,12,33,15,32,36,1,0,594,926,18,28,20,16,12,7
154101,Northwestern College,2014,0,0,2,2,4,1,6,9,0,0,107,149,6,4,8,8,4,5
154235,Saint Ambrose University,2014,0,1,3,4,16,4,17,19,1,0,161,249,8,4,9,6,19,1
154262,St Luke's College,2014,0,0,0,0,0,0,0,0,0,0,1,3,0,0,0,0,0,0
154350,Simpson College,2014,0,0,4,6,4,1,3,9,0,0,150,152,1,5,3,6,0,0
154493,Upper Iowa University,2014,0,0,0,1,28,17,6,7,0,0,101,66,9,3,2,2,75,38
154518,Waldorf University,2014,0,1,1,0,19,4,7,10,0,1,38,38,4,3,0,0,14,5
154527,Wartburg College,2014,0,0,3,0,19,16,9,12,0,1,161,184,7,4,1,5,33,9
154590,William Penn University,2014,0,1,1,1,83,20,18,15,0,2,81,68,7,3,9,7,15,6
154688,Baker University,2014,3,3,0,1,10,14,9,9,0,0,91,71,1,1,1,3,7,0
154712,Benedictine College,2014,1,0,2,4,19,2,15,15,1,0,174,203,16,15,3,11,4,2
154721,Bethany College,2014,1,0,0,0,32,7,22,11,2,0,57,54,2,0,0,0,0,0
154749,Bethel College-North Newton,2014,1,0,1,0,21,2,5,4,0,0,35,37,0,3,0,0,0,1
154855,Central Christian College of Kansas,2014,3,2,1,2,17,23,17,11,1,0,40,36,2,0,4,4,0,0
155007,Donnelly College,2014,0,0,12,15,7,26,17,39,0,0,4,5,5,5,0,0,6,6
155025,Emporia State University,2014,0,3,3,4,19,24,16,30,2,0,182,357,24,46,2,4,10,6
155061,Fort Hays State University,2014,1,1,2,5,29,10,40,66,0,0,327,438,20,23,4,6,2,1
155070,Barclay College,2014,1,0,0,0,3,0,6,0,0,0,11,15,0,0,3,2,0,0
155089,Friends University,2014,1,0,1,0,6,4,5,2,0,0,61,74,7,8,10,2,0,0
155140,Haskell Indian Nations University,2014,78,85,0,0,0,0,0,0,0,0,0,0,0,0,0,0,0,0
155177,Hesston College,2014,0,0,1,1,7,3,3,10,0,2,49,59,2,0,0,1,11,11
155283,Concorde Career College-Kansas City,2014,0,1,0,1,2,33,1,10,0,0,2,38,0,7,0,4,0,0
155308,Kansas Christian College,2014,0,0,0,0,0,0,0,0,0,0,1,0,0,0,0,0,0,0
155317,University of Kansas,2014,5,5,84,89,114,124,133,167,5,1,1389,1538,101,116,15,10,51,30
155335,Newman University,2014,0,1,4,2,5,6,11,16,0,0,41,64,1,6,0,0,12,5
155399,Kansas State University,2014,3,9,25,21,69,62,95,129,3,2,1396,1552,68,67,28,20,89,53
155414,Kansas Wesleyan University,2014,1,0,2,1,6,1,10,6,0,0,45,61,3,2,1,0,2,1
155496,Manhattan Christian College,2014,1,0,0,0,1,0,1,2,0,0,28,34,0,0,1,1,1,0
155511,McPherson College,2014,0,0,0,0,12,5,13,9,0,1,67,32,3,2,1,0,4,2
155520,MidAmerica Nazarene University,2014,2,0,0,1,9,3,10,3,0,0,42,86,3,0,21,22,0,0
155627,Ottawa University-Ottawa,2014,8,5,0,0,12,6,5,6,0,0,71,46,0,0,6,8,0,0
155681,Pittsburg State University,2014,11,8,2,3,26,22,21,22,0,0,444,401,38,30,1,3,6,5
155812,University of Saint Mary,2014,0,1,0,0,2,6,9,9,0,0,33,36,2,4,1,0,3,1
155900,Southwestern College,2014,6,1,2,1,12,5,7,2,0,0,23,39,1,4,1,2,14,3
155937,Sterling College,2014,5,5,0,0,16,8,3,12,1,1,62,62,0,0,9,4,0,0
155973,Tabor College,2014,0,0,0,1,11,2,13,9,0,0,56,54,4,2,2,3,2,0
156082,Washburn University,2014,3,1,2,2,20,13,28,45,1,1,178,249,17,14,73,95,5,6
156125,Wichita State University,2014,5,3,62,66,43,61,79,73,1,0,410,471,39,58,9,7,29,14
156189,Alice Lloyd College,2014,0,1,0,0,3,0,1,1,0,2,88,127,1,0,4,1,0,0
156213,Asbury University,2014,0,0,1,4,6,4,0,0,1,0,104,147,7,20,1,4,2,2
156286,Bellarmine University,2014,1,2,5,10,7,19,1,7,1,0,196,377,5,25,3,3,3,0
156295,Berea College,2014,0,0,4,1,21,49,19,21,0,0,111,132,9,18,3,1,12,15
156356,Brescia University,2014,0,0,0,0,6,11,3,2,0,0,50,76,0,0,5,7,4,1
156365,Campbellsville University,2014,0,2,1,1,77,20,8,5,0,0,167,193,7,6,1,0,19,4
156408,Centre College,2014,0,0,7,14,2,11,6,5,0,1,155,142,4,6,0,2,9,21
156417,Clear Creek Baptist Bible College,2014,0,0,0,0,0,0,0,0,0,0,9,0,1,0,0,0,0,0
156471,Galen College of Nursing-Louisville,2014,0,0,1,1,1,4,0,1,0,0,3,23,0,0,0,2,0,0
156541,University of the Cumberlands,2014,0,1,1,1,24,5,2,11,0,1,156,155,7,6,9,3,12,9
156620,Eastern Kentucky University,2014,3,4,3,6,97,147,29,41,2,3,861,1186,45,54,22,13,16,5
156745,Georgetown College,2014,1,1,0,2,16,8,3,3,0,0,93,125,4,6,4,4,1,0
157030,Kentucky Mountain Bible College,2014,0,0,0,0,0,0,0,0,0,0,4,7,0,0,0,0,2,0
157058,Kentucky State University,2014,0,1,1,1,102,105,2,1,0,1,21,34,4,7,2,1,0,1
157076,Kentucky Wesleyan College,2014,0,0,1,0,34,10,1,1,0,0,71,74,0,0,26,12,0,0
157085,University of Kentucky,2014,6,5,72,70,195,230,107,138,4,6,1666,2215,84,104,44,68,85,45
157100,Kentucky Christian University,2014,0,0,1,1,26,0,5,0,0,0,51,52,1,0,19,7,4,4
157216,Lindsey Wilson College,2014,5,1,3,2,46,11,2,2,0,0,142,163,3,4,69,70,0,0
157289,University of Louisville,2014,0,3,51,39,107,138,47,62,0,1,1118,1096,67,83,3,0,12,5
157377,Midway University,2014,0,0,0,1,0,4,0,6,0,0,1,57,0,3,0,2,0,0
157386,Morehead State University,2014,1,3,3,1,40,35,11,15,0,1,571,792,7,19,5,6,5,5
157401,Murray State University,2014,0,3,2,11,54,74,7,19,0,0,446,751,18,23,19,20,29,14
157447,Northern Kentucky University,2014,2,4,10,10,71,122,29,47,0,2,822,951,20,29,4,3,15,2
157535,University of Pikeville,2014,0,2,1,0,35,8,6,3,0,0,139,153,0,0,0,0,3,1
157748,The Southern Baptist Theological Seminary,2014,0,0,0,1,3,0,3,1,0,0,58,25,0,0,2,0,0,0
157757,Spalding University,2014,0,0,0,2,12,11,5,6,0,0,37,81,2,9,1,5,0,0
157793,Sullivan University,2014,2,2,0,4,25,27,0,0,1,0,58,63,0,5,15,28,0,0
157809,Thomas More University,2014,0,0,0,1,18,6,1,0,0,0,120,99,6,4,12,6,2,1
157818,Transylvania University,2014,0,0,1,4,3,4,6,9,1,0,90,121,2,4,0,3,3,10
157863,Union College,2014,0,1,4,0,27,6,3,1,0,0,88,81,8,1,1,0,14,4
157951,Western Kentucky University,2014,1,1,16,18,205,200,29,71,3,2,899,1381,36,67,3,3,108,36
158477,Centenary College of Louisiana,2014,1,2,1,7,13,10,5,4,0,0,37,53,1,5,0,0,0,1
158802,Dillard University,2014,0,0,0,0,82,222,0,0,0,0,0,0,0,1,6,9,3,2
159009,Grambling State University,2014,1,0,0,0,146,206,3,5,0,0,0,4,4,8,5,12,2,3
159382,Louisiana State University-Alexandria,2014,5,8,2,2,23,43,8,8,0,0,112,190,3,11,1,0,7,3
159391,Louisiana State University and Agricultural & Mechanical College,2014,5,11,123,118,251,427,166,198,5,2,1955,2147,64,88,3,8,55,26
159416,Louisiana State University-Shreveport,2014,0,1,2,4,20,41,6,10,0,0,81,123,9,11,12,8,1,4
159568,Louisiana Christian University,2014,2,3,0,0,50,10,1,3,0,0,77,66,4,1,1,0,13,3
159647,Louisiana Tech University,2014,2,4,14,4,119,104,13,5,2,0,759,584,36,21,76,45,17,10
159656,Loyola University New Orleans,2014,1,4,7,14,32,66,36,55,0,0,139,192,14,19,6,11,6,7
159717,McNeese State University,2014,2,4,8,10,94,129,17,23,0,0,324,538,16,26,0,0,37,13
159939,University of New Orleans,2014,1,1,44,40,69,73,35,53,1,0,221,214,10,21,8,3,43,9
159948,New Orleans Baptist Theological Seminary,2014,0,0,1,0,3,2,2,1,0,0,23,9,0,0,10,0,1,0
159966,Nicholls State University,2014,13,16,8,3,107,148,19,30,0,0,286,486,9,29,5,2,13,9
159993,University of Louisiana at Monroe,2014,1,1,10,8,77,197,13,12,1,0,264,534,10,19,14,18,25,18
160038,Northwestern State University of Louisiana,2014,5,18,3,2,127,229,28,64,1,1,199,390,15,29,6,7,6,7
160065,University of Holy Cross,2014,0,1,2,6,0,8,1,6,0,0,2,28,0,0,0,6,0,0
160074,Franciscan Missionaries of Our Lady University,2014,0,2,1,0,1,11,0,6,0,0,6,58,0,0,0,1,0,0
160409,Saint Joseph Seminary College,2014,0,0,1,0,0,0,3,0,0,0,13,0,0,0,0,0,0,0
160612,Southeastern Louisiana University,2014,3,4,7,12,152,317,83,108,0,1,598,911,44,69,1,3,22,12
160621,Southern University and A & M College,2014,1,0,2,0,345,507,1,1,1,0,9,8,6,12,2,2,2,6
160630,Southern University at New Orleans,2014,0,0,0,0,39,74,2,3,0,0,0,0,0,0,1,7,0,0
160658,University of Louisiana at Lafayette,2014,6,10,33,37,258,406,42,52,3,2,913,1003,26,49,15,18,26,7
160755,Tulane University of Louisiana,2014,3,0,17,51,32,27,37,63,1,1,488,775,13,46,31,37,9,16
160904,Xavier University of Louisiana,2014,0,0,18,33,117,349,5,11,0,0,4,11,3,14,2,4,3,5
160959,College of the Atlantic,2014,0,0,2,2,0,0,0,7,0,0,11,40,0,0,0,0,2,15
160977,Bates College,2014,0,0,7,10,12,9,18,21,0,0,177,178,6,18,2,1,13,19
161004,Bowdoin College,2014,0,1,11,20,15,10,27,35,0,0,177,139,17,22,1,0,10,16
161022,Maine College of Health Professions,2014,0,0,0,0,0,0,0,0,0,0,0,7,0,0,0,0,0,0
161086,Colby College,2014,1,1,18,16,10,8,11,17,0,0,141,144,11,18,8,10,24,42
161217,University of Maine at Augusta,2014,1,8,0,1,0,0,0,5,0,0,72,153,1,6,5,7,0,1
161226,University of Maine at Farmington,2014,0,2,1,1,6,3,4,4,0,1,124,254,2,2,3,3,0,0
161235,University of Maine at Fort Kent,2014,1,0,1,0,1,1,0,1,0,0,28,77,1,1,6,0,8,4
161253,University of Maine,2014,7,10,20,13,40,19,25,36,0,0,894,839,29,31,37,17,14,14
161299,Maine Maritime Academy,2014,0,0,0,0,1,1,2,2,1,0,190,28,0,0,7,1,0,0
161341,University of Maine at Presque Isle,2014,1,1,1,0,3,3,5,0,0,0,59,94,1,2,4,1,3,4
161457,University of New England,2014,1,0,8,12,4,3,0,0,0,0,131,366,4,2,9,32,2,0
161509,Maine College of Art & Design,2014,0,0,2,2,1,2,1,4,0,0,19,79,1,6,0,1,1,1
161518,Saint Joseph's College of Maine,2014,1,1,0,3,0,0,0,0,0,0,37,103,0,0,47,71,0,0
161554,University of Southern Maine,2014,1,6,10,9,11,17,8,8,1,1,230,349,10,17,6,11,5,1
161563,Thomas College,2014,0,1,0,0,4,3,2,1,0,0,81,95,6,6,6,7,4,0
161572,Unity Environmental University,2014,0,3,0,0,0,0,1,4,0,1,82,84,1,6,0,0,0,0
161873,University of Baltimore,2014,0,0,4,7,51,88,8,9,0,0,27,17,8,5,0,0,1,1
162007,Bowie State University,2014,0,0,1,2,219,298,5,9,0,1,2,8,7,18,12,10,1,1
162061,Capitol Technology University,2014,0,0,0,0,15,6,5,2,0,0,23,1,0,0,0,0,0,0
162210,Washington Adventist University,2014,1,0,2,4,22,38,4,10,0,1,3,4,0,0,5,17,3,0
162283,Coppin State University,2014,0,0,0,0,64,148,6,6,0,0,3,0,0,6,3,6,9,16
162584,Frostburg State University,2014,1,0,9,14,166,184,20,35,0,0,272,173,25,33,6,4,12,3
162654,Goucher College,2014,0,0,2,11,23,30,16,23,1,0,96,167,1,13,8,10,2,0
162760,Hood College,2014,0,0,1,9,20,29,14,13,0,0,79,99,8,8,2,1,2,3
162928,Johns Hopkins University,2014,1,0,182,188,30,35,107,102,0,2,305,269,39,37,10,11,80,72
163046,Loyola University Maryland,2014,1,0,14,24,21,26,36,60,1,1,399,507,12,22,4,0,5,1
163204,University of Maryland Global Campus,2014,0,0,7,3,30,41,10,15,2,1,37,49,11,9,4,5,0,3
163268,University of Maryland-Baltimore County,2014,0,1,209,187,105,93,50,44,0,2,431,283,35,29,27,17,63,40
163286,University of Maryland-College Park,2014,2,2,406,319,219,302,166,194,5,2,1269,863,87,108,20,22,97,65
163295,Maryland Institute College of Art,2014,0,0,12,46,10,15,5,25,0,0,60,164,8,17,3,13,15,62
163338,University of Maryland Eastern Shore,2014,0,2,3,3,261,338,10,11,0,0,15,15,34,50,0,4,5,5
163453,Morgan State University,2014,0,2,6,0,395,500,14,23,1,1,3,8,19,37,0,1,38,10
163462,Mount St. Mary's University,2014,0,2,6,9,31,38,20,33,0,0,146,193,7,15,1,4,3,2
163532,Ner Israel Rabbinical College,2014,0,0,0,0,0,0,0,0,0,0,39,0,0,0,0,0,3,0
163578,Notre Dame of Maryland University,2014,0,3,0,12,0,36,0,11,0,0,0,42,0,0,0,2,0,1
163851,Salisbury University,2014,5,7,16,21,49,68,17,32,0,1,313,561,5,13,12,14,2,8
163912,St. Mary's College of Maryland,2014,2,0,7,12,21,13,17,20,0,0,98,148,10,16,5,5,3,1
163976,St. John's College,2014,0,0,2,2,1,0,6,4,0,0,64,43,0,0,1,1,4,8
164076,Towson University,2014,2,2,59,88,112,255,55,129,0,4,636,1164,36,80,23,44,14,8
164155,United States Naval Academy,2014,1,1,49,30,56,18,99,43,2,2,585,165,64,32,9,6,10,3
164173,Stevenson University,2014,0,1,8,15,59,136,13,36,0,1,126,249,10,19,10,5,0,1
164216,Washington College,2014,2,3,3,9,9,12,5,11,0,0,111,159,1,9,6,8,22,18
164270,McDaniel College,2014,1,0,4,12,22,23,11,8,0,0,145,142,0,0,12,18,3,8
164447,American International College,2014,0,0,3,4,60,37,10,14,0,1,57,59,7,6,24,26,0,0
164465,Amherst College,2014,1,4,26,39,25,34,25,37,0,1,112,83,8,9,9,8,25,23
164492,Anna Maria College,2014,0,0,0,5,12,8,6,12,0,0,41,73,2,1,3,3,2,0
164562,Assumption University,2014,0,0,3,13,23,11,21,17,1,0,179,260,7,9,3,10,9,5
164580,Babson College,2014,0,1,25,41,16,13,33,19,0,1,119,79,8,2,10,11,59,69
164614,Boston Baptist College,2014,0,0,0,1,0,0,0,1,0,0,3,3,0,0,0,0,0,0
164632,Bay Path University,2014,0,0,0,3,0,9,0,14,0,0,0,83,0,2,0,16,0,2
164739,Bentley University,2014,0,0,38,45,16,15,45,29,0,0,380,246,15,13,12,13,62,49
164748,Berklee College of Music,2014,1,0,24,8,40,16,43,29,1,0,263,115,26,22,53,13,183,91
164872,Boston Architectural College,2014,0,0,1,0,1,0,2,3,0,0,2,4,3,0,2,0,2,4
164924,Boston College,2014,1,0,86,113,25,45,77,119,1,0,687,828,24,52,45,40,67,74
164988,Boston University,2014,2,0,235,323,34,106,146,260,1,2,582,1071,48,95,45,67,377,521
165015,Brandeis University,2014,0,1,43,73,13,29,30,26,0,0,183,218,7,13,11,8,90,114
165024,Bridgewater State University,2014,4,1,13,17,66,101,44,81,0,2,437,673,23,25,8,7,3,1
165167,Cambridge College,2014,0,0,0,0,1,3,1,2,0,0,0,0,0,0,0,0,1,2
165264,Laboure College of Healthcare,2014,0,0,0,0,0,0,0,0,0,0,0,1,0,0,0,0,0,0
165334,Clark University,2014,0,0,13,38,6,14,16,19,1,0,130,194,5,12,10,7,37,45
165529,Curry College,2014,0,2,6,5,28,21,24,29,0,0,193,287,6,11,11,11,11,3
165574,Dean College,2014,0,0,5,4,58,34,17,21,0,0,92,118,9,4,21,20,31,11
165644,Eastern Nazarene College,2014,0,0,0,1,17,12,15,13,0,0,41,46,4,6,6,3,4,2
165662,Emerson College,2014,0,1,10,32,4,14,32,62,0,0,246,338,16,30,3,8,23,38
165671,Emmanuel College,2014,0,1,8,16,10,12,11,43,0,0,105,278,2,18,4,8,3,5
165699,Endicott College,2014,2,0,3,6,10,4,5,12,0,0,221,430,3,6,16,18,7,5
165802,Fisher College,2014,0,0,2,2,13,18,19,25,0,0,32,46,2,2,27,62,28,11
165820,Fitchburg State University,2014,1,0,7,19,22,36,35,45,0,0,227,284,11,20,4,6,3,0
165866,Framingham State University,2014,0,0,10,16,24,36,23,67,0,1,188,392,16,24,3,4,1,1
165884,Benjamin Franklin Cummings Institute of Technology,2014,0,0,14,1,55,7,43,1,0,0,63,5,5,0,12,2,0,0
165936,Gordon College,2014,0,0,6,9,10,7,9,15,0,1,109,183,2,7,0,0,19,23
166018,Hampshire College,2014,1,0,1,9,6,9,9,16,0,0,86,152,7,15,0,4,4,5
166027,Harvard University,2014,1,1,177,140,54,64,98,84,0,0,405,290,59,61,12,18,103,83
166054,Hellenic College-Holy Cross Greek Orthodox School of Theology,2014,0,0,0,0,0,0,0,0,0,0,6,6,0,0,0,0,1,1
166124,College of the Holy Cross,2014,0,0,13,27,15,14,26,63,0,1,299,244,13,20,5,14,11,8
166391,Lasell University,2014,1,1,5,7,15,13,19,34,0,0,112,252,5,16,6,1,8,6
166452,Lesley University,2014,0,0,4,10,6,7,11,29,0,0,32,176,4,8,0,5,1,5
166513,University of Massachusetts-Lowell,2014,2,0,88,53,44,20,79,33,0,0,821,371,27,25,16,20,25,9
166629,University of Massachusetts-Amherst,2014,0,1,263,250,69,82,103,121,0,0,1676,1637,59,69,96,77,115,73
166638,University of Massachusetts-Boston,2014,1,3,91,116,93,105,105,144,0,0,212,248,20,23,20,18,147,92
166656,MCPHS University,2014,0,0,78,131,15,32,8,43,0,0,89,262,0,1,28,107,30,51
166674,Massachusetts College of Art and Design,2014,0,1,8,29,1,5,8,21,0,0,60,161,0,0,6,16,2,10
166683,Massachusetts Institute of Technology,2014,0,0,102,163,47,25,94,55,0,0,198,190,36,28,6,4,62,33
166692,Massachusetts Maritime Academy,2014,4,1,7,2,7,2,10,0,0,1,251,29,0,0,6,0,1,0
166850,Merrimack College,2014,0,1,4,7,21,6,21,29,0,0,315,397,6,9,11,10,20,1
166911,Montserrat College of Art,2014,0,0,0,3,0,4,3,5,1,0,12,33,2,2,7,29,0,0
166939,Mount Holyoke College,2014,0,0,0,65,0,30,0,41,0,0,0,221,0,21,0,5,0,147
167057,The New England Conservatory of Music,2014,0,0,1,1,0,0,1,2,0,0,17,6,3,2,7,5,14,16
167260,Nichols College,2014,0,0,1,2,18,10,16,9,0,0,224,99,13,5,0,0,2,0
167288,Massachusetts College of Liberal Arts,2014,0,4,2,4,13,31,16,22,0,0,83,161,1,8,3,3,0,0
167358,Northeastern University,2014,0,1,191,241,45,63,120,113,0,2,792,639,58,69,47,57,268,238
167394,College of Our Lady of the Elms,2014,0,3,1,8,8,8,4,11,0,0,24,80,0,0,13,24,2,1
167598,Regis College,2014,0,0,4,8,13,44,10,23,0,0,32,101,0,1,1,8,4,0
167729,Salem State University,2014,0,1,15,30,30,46,51,96,0,0,308,495,14,18,6,4,5,8
167783,Simmons University,2014,0,0,0,28,0,14,0,16,0,0,0,212,0,8,0,9,0,16
167792,Bard College at Simon's Rock,2014,0,1,6,1,1,4,1,2,0,0,27,35,4,3,3,9,9,10
167835,Smith College,2014,0,0,0,88,0,30,0,57,0,1,0,293,0,24,0,27,0,96
167899,Springfield College,2014,1,0,1,1,19,8,22,12,2,0,221,244,4,2,8,3,12,2
167987,University of Massachusetts-Dartmouth,2014,0,2,30,35,105,121,73,88,1,0,558,388,25,24,20,13,9,1
167996,Stonehill College,2014,1,0,3,9,20,19,18,16,0,0,210,292,5,8,3,3,3,0
168005,Suffolk University,2014,1,1,37,55,18,47,53,87,0,1,189,305,11,22,16,21,119,94
168148,Tufts University,2014,0,0,69,74,28,30,44,56,0,0,426,391,30,40,28,37,48,49
168218,Wellesley College,2014,0,1,0,147,0,33,0,47,0,0,0,260,0,37,0,3,0,65
168227,Wentworth Institute of Technology,2014,0,0,60,16,38,9,29,1,0,0,570,139,82,25,31,9,42,12
168254,Western New England University,2014,2,1,15,16,32,22,31,31,2,0,350,218,6,4,7,7,10,1
168263,Westfield State University,2014,2,2,9,13,24,34,44,64,0,2,443,494,26,36,11,14,2,0
168281,Wheaton College (Massachusetts),2014,0,0,4,15,14,20,10,23,0,0,113,170,3,9,2,3,18,19
168342,Williams College,2014,0,0,35,32,18,17,26,43,0,0,152,134,14,26,0,0,28,21
168421,Worcester Polytechnic Institute,2014,1,0,29,12,14,12,59,32,0,0,464,222,19,17,19,10,104,40
168430,Worcester State University,2014,2,3,20,13,23,23,39,54,0,1,199,337,8,13,15,32,2,1
168528,Adrian College,2014,0,0,1,1,41,8,20,10,0,0,163,162,15,11,39,13,0,0
168546,Albion College,2014,0,0,6,7,14,4,6,4,0,0,131,150,3,6,13,11,1,1
168591,Alma College,2014,1,0,1,4,13,8,7,6,0,1,121,169,2,6,7,8,1,1
168607,Alpena Community College,2014,4,1,2,1,8,3,3,3,0,1,160,131,0,0,1,0,0,0
168740,Andrews University,2014,0,0,19,25,26,26,13,13,0,1,31,44,2,9,2,8,26,15
168786,Aquinas College,2014,1,0,2,2,4,2,10,19,0,0,110,188,2,6,3,0,4,0
168847,Baker College,2014,2,0,3,0,33,42,7,8,0,0,163,150,7,11,12,5,0,0
169080,Calvin University,2014,1,4,10,33,9,16,17,22,0,0,320,370,15,20,4,4,53,51
169248,Central Michigan University,2014,8,13,22,19,93,144,70,94,1,2,1338,1778,50,95,6,19,6,8
169327,Cleary University,2014,0,0,0,1,1,0,0,0,0,0,32,18,0,0,2,0,1,0
169363,Concordia University Ann Arbor,2014,0,0,0,1,14,4,2,2,0,0,64,60,6,2,0,0,0,1
169442,College for Creative Studies,2014,0,0,7,1,15,11,7,8,0,0,53,78,4,9,12,18,8,1
169479,Davenport University,2014,0,2,6,5,16,15,2,1,1,0,184,176,8,9,32,18,6,7
169716,University of Detroit Mercy,2014,0,0,9,15,10,14,10,15,0,0,83,160,13,13,31,68,10,7
169798,Eastern Michigan University,2014,1,4,19,28,202,334,44,89,1,3,670,1015,48,77,7,10,20,16
169910,Ferris State University,2014,4,5,10,15,72,84,40,43,0,0,735,747,45,37,8,6,27,10
169983,Kettering University,2014,1,0,8,1,10,8,9,3,0,1,245,47,6,0,15,4,5,1
170000,Grace Christian University,2014,1,1,0,0,7,3,1,2,0,0,31,35,7,1,0,0,0,0
170037,Cornerstone University,2014,2,2,0,4,8,11,10,4,0,0,92,145,1,3,0,0,11,6
170082,Grand Valley State University,2014,3,3,41,50,79,140,78,111,1,1,1393,2076,57,103,6,1,23,12
170091,Great Lakes Christian College,2014,0,0,1,0,5,2,0,0,0,0,4,5,0,1,3,0,0,0
170240,Henry Ford College,2014,2,8,20,17,203,272,16,18,1,0,380,382,28,32,121,117,18,5
170301,Hope College,2014,0,0,5,6,10,16,31,52,0,0,266,395,8,11,1,1,7,11
170444,Jackson College,2014,1,3,2,1,71,71,16,26,1,1,235,289,16,23,24,18,2,1
170532,Kalamazoo College,2014,0,0,10,17,10,19,16,22,1,0,98,102,10,10,4,5,14,19
170639,Lake Superior State University,2014,8,25,0,2,2,3,2,3,0,0,195,177,0,0,1,0,23,13
170675,Lawrence Technological University,2014,1,0,3,3,20,5,14,13,0,0,186,62,0,0,8,5,6,3
170806,Madonna University,2014,0,1,0,2,23,7,1,6,0,0,43,72,1,2,2,0,7,3
170967,Rochester University,2014,0,0,1,0,6,14,2,1,0,0,44,49,4,3,7,5,12,7
170976,University of Michigan-Ann Arbor,2014,4,5,522,431,82,155,128,151,1,1,2112,2152,109,113,128,125,143,113
171100,Michigan State University,2014,2,14,196,170,212,388,145,209,5,4,2399,2694,119,134,26,17,647,509
171128,Michigan Technological University,2014,6,1,6,5,14,5,12,9,4,0,783,272,28,11,14,8,15,4
171137,University of Michigan-Dearborn,2014,0,6,53,39,38,42,32,36,1,0,340,260,18,18,7,8,7,3
171146,University of Michigan-Flint,2014,0,0,7,7,42,91,9,16,0,0,171,197,9,12,4,6,20,4
171456,Northern Michigan University,2014,12,22,3,4,48,16,23,33,0,0,591,736,23,29,14,9,3,6
171483,Northwestern Michigan College,2014,5,9,1,4,3,6,7,12,1,2,245,210,12,6,7,7,2,2
171492,Northwood University,2014,0,1,0,0,16,7,5,5,0,1,147,89,7,6,35,7,7,5
171571,Oakland University,2014,3,7,47,67,83,141,33,57,0,0,748,1021,28,50,38,59,14,14
171599,The University of Olivet,2014,1,0,2,0,21,4,11,5,0,0,99,68,9,1,0,0,2,2
171881,Kuyper College,2014,0,0,1,0,1,0,1,0,0,0,17,27,1,1,1,1,1,1
172033,Sacred Heart Major Seminary,2014,0,0,0,0,0,0,1,0,0,0,1,0,0,0,0,0,1,0
172051,Saginaw Valley State University,2014,1,2,4,5,63,99,21,34,0,0,387,695,16,30,48,55,15,10
172200,Schoolcraft Community College District,2014,4,4,23,22,90,107,33,29,0,0,416,362,21,21,30,21,14,7
172264,Siena Heights University,2014,1,0,1,1,26,9,6,8,0,1,72,93,7,4,21,11,9,2
172334,Spring Arbor University,2014,0,0,1,3,17,3,6,8,0,0,93,186,2,5,2,7,2,2
172644,Wayne State University,2014,2,2,100,111,137,235,58,67,0,2,579,612,24,51,29,30,29,33
172699,Western Michigan University,2014,8,2,33,23,179,262,106,104,1,1,1045,1045,45,57,8,7,30,14
173045,Augsburg University,2014,1,4,15,25,24,23,11,14,0,0,113,99,2,1,27,24,4,4
173124,Bemidji State University,2014,7,7,3,5,8,2,6,12,0,0,319,361,15,20,7,11,2,2
173142,Bethany Lutheran College,2014,0,1,0,0,4,1,6,1,0,0,50,66,0,3,5,3,1,0
173160,Bethel University,2014,1,0,4,10,4,7,12,10,0,0,183,351,6,9,2,0,2,1
173258,Carleton College,2014,0,1,17,26,13,8,21,16,0,0,170,173,4,16,0,3,29,24
173300,Concordia College at Moorhead,2014,1,1,2,11,11,0,2,6,0,0,199,256,1,4,17,14,9,6
173328,Concordia University-Saint Paul,2014,1,2,13,16,29,21,5,7,0,0,46,72,1,9,0,3,13,4
173452,Martin Luther College,2014,0,0,0,1,2,1,3,1,0,0,70,105,2,1,0,0,0,2
173647,Gustavus Adolphus College,2014,0,0,11,17,5,7,13,16,0,0,232,263,9,15,2,0,11,12
173665,Hamline University,2014,1,2,16,22,17,16,17,22,1,1,161,198,6,23,3,7,4,4
173902,Macalester College,2014,0,0,12,22,1,12,12,33,0,1,139,203,9,23,0,0,27,47
173920,Minnesota State University-Mankato,2014,2,3,53,52,54,48,39,50,0,1,786,982,21,53,23,22,61,23
174020,Metropolitan State University,2014,0,0,14,17,3,7,1,0,0,0,6,9,1,1,0,0,1,1
174066,University of Minnesota-Twin Cities,2014,8,7,251,296,75,109,78,104,0,1,1925,2101,92,119,7,12,182,154
174075,University of Minnesota-Crookston,2014,0,1,4,3,18,9,4,6,1,0,92,108,4,3,2,2,4,2
174127,Minneapolis College of Art and Design,2014,0,1,4,7,4,5,1,3,0,0,15,55,0,0,9,16,0,0
174154,Herzing University-Minneapolis,2014,0,0,0,2,0,4,0,0,0,0,3,6,0,1,0,1,0,0
174233,University of Minnesota-Duluth,2014,5,5,37,42,25,21,34,22,2,2,998,868,38,33,10,10,19,16
174251,University of Minnesota-Morris,2014,9,16,10,11,3,1,8,11,0,0,118,155,27,31,0,0,8,3
174358,Minnesota State University Moorhead,2014,1,6,3,5,13,6,10,14,0,0,229,427,14,11,25,49,43,30
174437,North Central University,2014,0,0,1,3,1,5,10,6,0,0,57,119,0,7,2,0,2,2
174491,University of Northwestern-St Paul,2014,0,0,7,6,2,2,9,16,0,0,169,202,8,5,1,0,3,0
174507,Northwestern Health Sciences University,2014,0,0,0,0,0,0,0,1,0,0,0,2,0,0,0,0,0,0
174525,Oak Hills Christian College,2014,0,0,0,1,2,0,1,0,0,0,12,12,0,0,0,0,0,0
174747,College of Saint Benedict,2014,0,8,0,32,0,15,0,22,0,3,0,446,0,0,0,0,0,16
174783,Saint Cloud State University,2014,3,6,81,70,46,63,26,28,0,0,520,628,28,31,10,10,55,45
174792,Saint Johns University,2014,3,0,16,0,18,0,42,0,3,0,346,0,0,0,0,0,22,0
174817,Saint Mary's University of Minnesota,2014,1,1,4,4,8,8,12,20,0,0,91,96,1,2,57,24,4,1
174844,St Olaf College,2014,0,0,13,42,9,10,16,23,0,0,241,329,4,18,0,0,28,32
174862,Crown College,2014,0,1,7,1,4,2,8,5,1,0,43,60,2,0,0,0,4,1
174899,The College of Saint Scholastica,2014,2,3,6,4,2,3,5,6,0,0,108,286,5,2,0,1,13,14
174914,University of St Thomas,2014,0,0,17,24,21,9,24,26,0,0,639,564,26,24,5,4,16,9
175005,St Catherine University,2014,0,0,0,66,0,52,0,57,0,0,1,243,0,20,0,13,0,4
175014,Rasmussen University-Minnesota,2014,0,1,2,1,1,6,0,2,1,2,20,65,2,3,2,7,0,0
175078,Southwest Minnesota State University,2014,1,0,5,3,12,7,11,7,0,0,175,195,12,5,8,8,15,5
175227,Dunwoody College of Technology,2014,1,0,6,1,20,0,6,2,1,0,139,9,8,1,6,1,0,0
175272,Winona State University,2014,0,1,5,20,19,20,20,25,0,0,436,1003,20,26,6,7,11,12
175342,Alcorn State University,2014,0,1,0,0,173,289,1,0,1,1,1,4,6,11,0,0,2,4
175421,Belhaven University,2014,0,1,0,2,72,40,4,13,0,1,47,71,4,4,8,11,4,3
175430,Blue Mountain Christian University,2014,0,0,0,0,3,4,0,1,0,0,20,45,0,1,0,0,0,0
175616,Delta State University,2014,0,0,1,1,62,79,2,5,1,0,103,132,4,3,0,0,10,2
175856,Jackson State University,2014,3,3,1,1,462,626,3,1,0,0,12,11,4,12,0,0,17,14
175980,Millsaps College,2014,0,2,3,6,12,13,2,1,0,0,89,84,1,2,5,6,5,5
176017,University of Mississippi,2014,8,6,20,37,150,290,49,64,3,1,1334,1671,37,52,1,0,20,19
176035,Mississippi University for Women,2014,1,0,0,4,13,92,0,1,0,0,14,89,0,0,0,0,14,14
176044,Mississippi Valley State University,2014,0,0,1,0,173,162,3,1,0,0,4,7,0,0,16,20,0,0
176053,Mississippi College,2014,1,2,5,10,37,35,17,9,0,1,145,284,5,2,1,1,19,3
176080,Mississippi State University,2014,8,4,26,18,303,356,39,39,2,1,1037,1056,21,22,3,2,16,11
176318,Rust College,2014,0,0,0,1,117,163,0,0,0,0,1,0,0,0,0,0,2,2
176336,Southeastern Baptist College,2014,1,0,0,0,0,0,0,0,0,0,5,5,0,0,0,0,0,0
176372,University of Southern Mississippi,2014,0,3,4,17,159,401,15,45,2,1,298,593,17,25,0,4,4,9
176406,Tougaloo College,2014,0,0,0,0,55,113,1,0,0,0,0,0,0,0,0,0,0,0
176479,William Carey University,2014,1,0,0,2,14,16,0,1,0,0,52,63,0,0,0,0,8,3
176628,Avila University,2014,0,0,0,2,22,5,7,9,1,0,46,96,4,3,0,0,9,0
176664,Mission University,2014,0,2,1,1,4,0,1,1,0,0,32,31,1,2,0,0,0,0
176770,Cox College,2014,0,0,0,0,0,0,1,1,0,0,2,3,0,0,0,0,0,0
176789,Calvary University,2014,0,0,0,1,2,0,1,2,0,0,12,15,2,1,0,0,0,0
176910,Central Christian College of the Bible,2014,0,0,0,1,1,0,1,0,0,0,20,31,1,0,0,0,0,0
176947,Central Methodist University-College of Liberal Arts and Sciences,2014,2,1,0,0,26,7,5,2,0,0,123,149,6,5,4,0,1,0
176965,University of Central Missouri,2014,3,2,8,11,90,104,26,51,3,0,579,705,37,37,7,4,15,5
177038,Cleveland University-Kansas City,2014,0,0,0,0,0,0,0,0,0,0,1,0,0,0,1,0,0,0
177065,Columbia College,2014,3,2,4,3,55,112,21,24,0,1,146,187,13,12,9,13,6,16
177083,Conception Seminary College,2014,0,0,0,0,1,0,2,0,0,0,13,0,0,0,0,0,0,0
177117,Cottey College,2014,0,3,0,1,0,8,0,9,0,0,0,81,0,12,0,0,0,16
177144,Culver-Stockton College,2014,0,0,0,1,23,16,11,5,1,0,88,110,3,1,0,0,31,0
177214,Drury University,2014,1,0,4,4,1,4,13,9,0,0,138,180,3,10,0,0,22,11
177339,Evangel University,2014,0,1,3,5,16,4,5,8,0,0,117,150,2,6,6,3,0,3
177418,Fontbonne University,2014,0,0,2,2,2,5,3,3,0,0,42,43,0,3,0,1,4,1
177542,Hannibal-LaGrange University,2014,0,0,0,0,6,1,4,1,0,1,64,64,1,1,0,0,8,5
177551,Harris-Stowe State University,2014,0,0,0,0,58,144,1,1,0,0,11,4,2,1,3,13,0,0
177746,Kansas City Art Institute,2014,1,0,1,4,5,4,4,9,0,0,19,52,6,16,1,12,0,0
177940,Lincoln University,2014,1,1,0,1,185,163,3,6,0,0,38,70,13,9,13,15,2,2
177968,Lindenwood University,2014,3,1,3,4,64,61,32,34,3,0,296,342,15,23,64,46,95,84
178059,Maryville University of Saint Louis,2014,0,1,3,8,5,13,6,12,0,0,90,238,5,11,2,6,3,5
178208,Midwestern Baptist Theological Seminary,2014,0,0,0,0,1,0,0,1,0,0,18,13,1,1,0,0,0,0
178244,Missouri Baptist University,2014,1,0,1,1,29,10,5,2,0,0,76,71,7,3,11,5,2,1
178341,Missouri Southern State University,2014,7,19,13,8,49,50,14,21,0,0,233,348,2,1,14,13,4,7
178369,Missouri Valley College,2014,2,0,2,2,58,10,7,11,0,2,146,72,0,0,9,6,38,10
178387,Missouri Western State University,2014,1,3,5,6,54,79,6,9,1,0,282,384,17,19,12,17,2,2
178396,University of Missouri-Columbia,2014,5,4,74,85,217,328,106,130,1,1,2441,2682,90,108,10,11,59,56
178402,University of Missouri-Kansas City,2014,0,2,50,61,49,122,37,47,0,0,223,317,30,49,12,16,25,17
178411,Missouri University of Science and Technology,2014,4,0,31,11,25,6,31,9,1,0,830,228,24,12,35,13,11,2
178420,University of Missouri-St Louis,2014,1,1,13,16,25,60,7,8,1,0,116,185,8,9,7,9,19,12
178615,Truman State University,2014,0,1,13,28,24,32,14,23,2,0,431,626,22,26,10,7,36,22
178624,Northwest Missouri State University,2014,3,2,9,5,47,55,22,32,2,1,393,632,24,25,17,13,58,32
178679,Ozark Christian College,2014,0,0,0,1,1,1,4,5,0,0,53,68,2,3,1,0,1,2
178697,College of the Ozarks,2014,0,1,0,0,3,1,3,2,0,0,133,106,2,2,0,0,1,1
178721,Park University,2014,1,0,2,3,7,13,5,4,0,0,61,65,1,7,0,0,0,0
178767,Stevens-The Institute of Business & Arts,2014,0,0,0,0,0,1,0,0,0,0,0,2,0,0,0,0,0,0
178891,Ranken Technical College,2014,2,0,1,0,68,9,10,1,0,0,357,18,8,0,5,1,0,0
179043,Rockhurst University,2014,1,0,4,10,13,5,13,23,2,0,116,151,2,9,19,27,2,1
179159,Saint Louis University,2014,0,2,74,88,24,36,42,51,0,0,444,707,27,43,5,10,56,30
179265,University of Health Sciences and Pharmacy in St. Louis,2014,0,0,14,27,6,8,1,0,0,0,33,60,2,1,15,20,1,7
179326,Southwest Baptist University,2014,1,3,1,0,28,3,3,8,0,0,157,246,6,8,1,4,0,0
179548,Stephens College,2014,0,0,0,2,0,29,0,17,0,1,0,124,0,9,0,1,0,2
179557,Southeast Missouri State University,2014,4,4,4,14,82,112,15,25,0,0,538,835,0,0,10,4,48,23
179566,Missouri State University-Springfield,2014,8,10,15,29,64,97,41,60,1,3,918,1431,46,70,4,6,15,8
179867,Washington University in St Louis,2014,0,0,167,179,25,41,47,52,0,0,472,519,41,36,8,19,53,68
179894,Webster University,2014,1,0,3,5,25,41,10,12,0,0,124,179,6,14,9,15,6,7
179946,Westminster College,2014,3,3,1,2,11,9,7,4,0,0,75,58,4,0,1,3,17,14
179955,William Jewell College,2014,0,1,0,0,5,5,2,4,0,0,79,131,7,12,0,1,12,6
179964,William Woods University,2014,0,1,2,2,5,4,0,3,0,0,34,128,2,4,3,9,2,1
180106,Carroll College,2014,2,2,3,7,2,2,10,10,0,1,104,175,3,6,9,14,3,1
180179,Montana State University Billings,2014,13,17,1,7,10,1,23,25,1,0,255,326,6,5,1,6,7,0
180258,University of Providence,2014,0,2,1,1,3,2,7,19,0,0,34,63,1,7,2,2,3,2
180416,Montana Technological University,2014,2,0,1,2,3,0,7,1,0,0,169,66,0,0,17,7,8,0
180461,Montana State University,2014,8,13,7,17,10,2,63,36,3,0,1152,916,52,40,59,24,17,9
180489,The University of Montana,2014,25,29,8,13,12,6,34,40,4,0,684,858,35,60,32,17,18,6
180522,Montana State University-Northern,2014,17,7,2,0,1,0,1,3,0,0,110,44,0,0,7,0,3,1
180595,Rocky Mountain College,2014,2,3,0,2,5,3,5,2,1,0,79,95,15,5,2,1,4,5
180647,Salish Kootenai College,2014,32,52,0,0,0,0,1,0,0,0,7,6,0,0,0,0,0,0
180692,The University of Montana-Western,2014,4,4,3,2,2,0,3,3,0,0,108,119,0,0,4,1,0,0
180814,Bellevue University,2014,0,0,0,0,3,4,10,10,1,2,14,28,1,0,7,2,4,2
180832,Clarkson College,2014,0,0,0,0,0,1,0,0,0,0,2,20,0,2,0,3,0,0
180878,Bryan College of Health Sciences,2014,0,0,0,0,0,0,0,0,0,0,3,46,0,1,0,0,0,0
180948,Chadron State College,2014,7,7,0,0,15,3,22,26,2,1,142,204,4,4,6,1,7,9
180984,Concordia University-Nebraska,2014,2,0,1,6,19,3,12,3,0,1,118,154,0,0,2,1,2,2
181002,Creighton University,2014,3,1,40,67,11,14,40,44,2,2,319,407,19,21,2,3,13,17
181020,Doane University,2014,0,1,1,3,10,0,14,6,0,0,104,118,6,4,0,0,1,0
181127,Hastings College,2014,0,0,3,1,6,4,11,13,1,0,154,134,8,3,0,0,7,0
181215,University of Nebraska at Kearney,2014,1,1,2,4,15,9,54,70,1,0,313,454,13,11,1,1,20,15
181297,Nebraska Methodist College of Nursing & Allied Health,2014,0,0,0,0,0,0,0,2,0,0,2,31,0,1,0,1,0,0
181330,Midland University,2014,0,1,2,0,13,1,3,5,0,0,112,93,15,5,33,23,11,10
181394,University of Nebraska at Omaha,2014,1,4,30,48,36,70,108,133,0,1,517,612,34,59,15,22,36,17
181446,Nebraska Wesleyan University,2014,1,0,1,2,9,2,8,14,0,1,146,171,3,6,0,0,3,1
181464,University of Nebraska-Lincoln,2014,1,4,59,67,63,75,134,152,1,1,1854,1811,65,77,34,42,117,71
181534,Peru State College,2014,1,1,0,3,19,8,10,10,1,0,87,104,3,5,3,4,0,0
181604,College of Saint Mary,2014,0,1,0,1,0,0,0,13,0,0,0,54,0,2,0,0,0,0
181738,Union Adventist University,2014,1,2,3,3,7,6,12,19,0,0,38,49,3,3,0,0,4,6
181783,Wayne State College,2014,1,2,3,4,17,9,17,21,0,0,238,338,9,8,5,4,2,2
181853,York University,2014,0,0,0,0,9,1,7,5,0,0,32,31,0,0,0,0,0,0
182005,College of Southern Nevada,2014,2,5,78,55,103,127,267,286,12,7,304,306,70,67,70,78,39,46
182281,University of Nevada-Las Vegas,2014,3,5,287,349,100,169,489,615,20,39,489,638,199,211,15,8,34,48
182290,University of Nevada-Reno,2014,10,8,136,122,53,96,291,421,6,9,930,961,115,122,9,10,15,18
182306,Great Basin College,2014,9,6,0,2,2,0,21,31,1,1,101,73,0,7,6,4,0,1
182500,Truckee Meadows Community College,2014,4,4,20,18,7,6,96,123,0,0,138,174,15,13,5,11,4,4
182564,Western Nevada College,2014,6,5,0,4,3,2,35,70,1,3,128,148,4,7,15,14,1,0
182634,Colby-Sawyer College,2014,0,1,2,5,9,20,7,8,0,0,69,150,0,0,5,22,16,17
182670,Dartmouth College,2014,4,25,74,83,42,42,52,59,1,2,309,283,28,23,18,17,47,43
182795,Franklin Pierce University,2014,1,2,6,3,17,9,8,11,0,0,191,175,2,2,10,6,10,3
182917,Magdalen College,2014,0,0,0,0,0,0,1,1,0,0,5,8,0,0,0,0,0,0
182980,New England College,2014,0,2,6,4,41,51,23,16,0,0,84,101,3,3,6,6,5,3
183026,Southern New Hampshire University,2014,1,11,14,15,55,118,47,65,0,3,398,561,3,12,251,386,25,10
183044,University of New Hampshire-Main Campus,2014,0,3,27,45,18,27,54,66,0,0,1186,1627,24,33,42,42,21,12
183062,Keene State College,2014,0,3,8,8,15,5,18,29,0,0,477,655,14,17,13,3,1,0
183071,University of New Hampshire at Manchester,2014,0,0,1,6,0,1,3,2,0,0,31,32,0,1,1,1,0,0
183080,Plymouth State University,2014,0,0,5,6,14,3,10,8,0,0,318,336,9,9,12,11,6,3
183211,Rivier University,2014,0,2,5,1,1,5,2,8,0,1,28,106,3,4,1,5,0,0
183239,Saint Anselm College,2014,0,0,0,4,8,1,6,7,0,0,195,280,5,5,7,3,1,1
183257,University of New Hampshire College of Professional Studies Online,2014,0,0,0,1,0,2,1,1,0,0,17,52,0,1,6,6,0,0
183275,Thomas More College of Liberal Arts,2014,0,0,0,0,0,0,0,0,0,0,7,9,0,0,3,2,0,0
183789,Berkeley College-Woodland Park,2014,1,2,4,2,38,86,89,169,0,1,30,70,0,0,72,212,0,1
183822,Bloomfield College,2014,0,1,0,4,100,159,54,69,0,1,13,7,0,3,4,4,4,9
183910,Caldwell University,2014,0,1,6,12,15,39,16,53,0,1,34,99,0,0,24,67,17,2
183974,Centenary University,2014,0,2,2,1,16,20,12,14,0,0,45,101,2,1,10,12,0,0
184348,Drew University,2014,0,2,8,20,8,13,12,6,0,0,63,97,5,17,10,21,8,12
184603,Fairleigh Dickinson University-Metropolitan Campus,2014,0,0,17,23,29,71,88,158,0,0,49,66,5,5,17,27,31,18
184612,Felician University,2014,0,1,5,5,15,34,27,63,1,0,25,49,0,0,15,27,2,1
184694,Fairleigh Dickinson University-Florham Campus,2014,1,2,18,12,51,29,46,79,0,1,193,201,8,8,16,31,1,1
184773,Georgian Court University,2014,1,1,1,4,12,35,16,10,0,0,34,89,0,4,3,16,1,1
184782,Rowan University,2014,0,1,64,47,111,107,133,113,0,1,961,590,26,32,53,23,11,5
184959,Eastwick College-Ramsey,2014,0,0,1,1,1,4,1,6,1,1,2,7,0,0,0,0,0,0
185129,New Jersey City University,2014,2,1,21,29,44,83,121,149,0,0,64,59,3,11,14,18,3,2
185262,Kean University,2014,1,1,32,34,119,184,159,290,0,1,219,240,12,14,67,98,3,9
185572,Monmouth University,2014,0,2,16,20,21,29,51,82,0,0,300,474,16,16,7,16,2,4
185590,Montclair State University,2014,1,1,68,92,115,213,253,463,2,5,484,791,34,57,104,166,14,26
185828,New Jersey Institute of Technology,2014,0,0,169,78,40,14,153,32,0,1,290,59,33,3,32,8,29,12
186131,Princeton University,2014,2,1,140,136,48,57,65,56,4,1,310,273,27,26,8,10,74,72
186186,Rabbinical College of America,2014,0,0,0,0,0,0,0,0,0,0,36,0,0,0,0,0,1,0
186201,Ramapo College of New Jersey,2014,0,3,29,51,27,40,49,59,1,0,258,355,4,1,44,36,14,5
186283,Rider University,2014,0,0,23,27,54,86,50,90,0,1,262,355,8,22,5,4,9,10
186371,Rutgers University-Camden,2014,1,0,28,30,20,42,42,37,0,0,99,93,9,12,1,2,1,4
186380,Rutgers University-New Brunswick,2014,2,1,935,962,149,266,338,420,10,4,1236,1153,104,111,47,44,331,296
186399,Rutgers University-Newark,2014,0,0,139,127,44,106,113,124,1,0,149,124,12,16,8,7,23,17
186432,Saint Peter's University,2014,2,1,10,14,63,104,93,158,3,2,39,50,6,7,10,11,3,6
186584,Seton Hall University,2014,1,0,56,86,52,66,109,131,0,3,301,344,16,22,23,26,19,8
186618,Saint Elizabeth University,2014,0,0,0,2,0,63,0,42,0,0,0,24,0,5,0,4,0,1
186867,Stevens Institute of Technology,2014,1,0,48,30,6,7,49,14,0,0,380,157,0,0,17,8,12,5
186876,Stockton University,2014,0,1,28,31,35,47,55,92,2,2,311,531,8,18,11,12,1,0
186900,Talmudical Academy-New Jersey,2014,0,0,0,0,0,0,0,0,0,0,6,0,0,0,0,0,0,0
187134,The College of New Jersey,2014,3,2,74,126,39,55,58,121,0,2,408,495,0,2,10,16,1,2
187444,William Paterson University of New Jersey,2014,2,0,48,51,78,110,145,194,0,0,239,225,17,22,8,13,4,11
187596,Navajo Technical University,2014,114,128,0,0,0,0,0,0,0,0,0,0,0,0,0,0,0,0
187648,Eastern New Mexico University-Main Campus,2014,8,7,1,0,28,17,146,149,1,0,107,124,12,10,6,3,7,2
187745,Institute of American Indian and Alaska Native Culture and Arts Development,2014,5,11,0,0,0,0,0,1,0,0,0,0,0,0,0,0,0,0
187897,New Mexico Highlands University,2014,7,4,2,0,6,4,105,95,1,2,8,22,1,2,2,0,7,7
187967,New Mexico Institute of Mining and Technology,2014,2,3,8,1,3,0,72,22,2,0,113,26,4,4,6,4,5,11
187985,University of New Mexico-Main Campus,2014,33,52,66,74,32,36,647,906,3,2,494,566,51,68,10,8,26,15
188030,New Mexico State University-Main Campus,2014,19,21,9,14,29,24,462,615,2,2,234,283,19,25,19,28,23,20
188058,Northern New Mexico College,2014,8,9,1,0,1,0,38,46,0,0,2,1,2,2,0,1,1,0
188182,University of the Southwest,2014,0,0,0,0,7,0,19,8,0,0,0,0,0,0,12,3,0,0
188304,Western New Mexico University,2014,3,5,3,3,27,8,73,113,0,1,29,45,1,2,1,1,2,1
188340,Vaughn College of Aeronautics and Technology,2014,0,1,27,2,58,12,108,17,5,0,35,6,5,1,8,0,0,0
188429,Adelphi University,2014,0,0,42,62,15,44,39,101,0,0,175,372,4,15,16,45,11,13
188517,Bryant & Stratton College-Albany,2014,0,0,0,1,3,8,2,4,0,0,4,17,1,4,0,0,0,0
188526,Albany College of Pharmacy and Health Sciences,2014,0,0,14,23,3,6,3,9,0,0,53,88,2,0,0,1,4,7
188641,Alfred University,2014,1,0,8,6,20,26,22,16,0,0,208,143,6,6,7,8,8,4
188854,American Musical and Dramatic Academy,2014,2,3,2,8,40,45,50,88,0,2,60,186,24,21,9,24,11,31
189088,Bard College,2014,3,3,13,23,26,27,0,1,0,0,164,208,0,0,16,16,33,27
189097,Barnard College,2014,0,1,0,90,0,51,0,76,0,0,0,305,0,39,0,4,0,44
189228,Berkeley College-New York,2014,3,0,7,4,57,119,77,73,1,1,10,19,0,1,77,95,44,61
189282,Mount Sinai Phillips School of Nursing,2014,0,0,0,0,0,0,0,0,0,0,0,1,0,0,0,0,0,0
189413,Boricua College,2014,0,0,0,0,9,24,57,123,0,0,1,0,0,0,1,5,0,0
189565,Bryant & Stratton College-Syracuse North,2014,0,1,1,0,2,2,0,1,0,0,10,37,0,2,0,0,0,0
189583,Bryant & Stratton College-Buffalo,2014,0,1,0,3,25,44,6,15,0,0,2,12,3,3,0,0,0,0
189592,Bryant & Stratton College-Greece,2014,0,0,1,0,3,9,3,4,0,0,4,19,2,1,0,0,0,0
189705,Canisius University,2014,0,2,8,10,23,30,18,36,0,0,199,247,1,3,3,3,18,12
189857,Central Yeshiva Tomchei Tmimim Lubavitz,2014,0,0,0,0,0,0,0,0,0,0,85,0,0,0,0,0,0,0
190044,Clarkson University,2014,2,2,8,14,2,10,23,14,0,0,450,191,16,4,7,1,16,7
190099,Colgate University,2014,0,0,17,17,21,12,31,44,0,0,226,274,13,18,5,16,32,41
190114,Metropolitan College of New York,2014,0,0,0,0,16,33,5,11,0,0,0,0,1,0,5,8,1,7
190150,Columbia University in the City of New York,2014,3,1,134,142,58,74,109,103,0,1,280,247,51,46,8,8,116,109
190372,The Cooper Union for the Advancement of Science and Art,2014,4,0,52,9,5,2,18,4,0,0,39,18,0,0,16,8,26,17
190415,Cornell University,2014,7,5,281,342,73,125,222,188,5,1,713,661,73,71,82,89,121,166
190503,Culinary Institute of America,2014,0,2,9,9,19,18,40,54,1,1,105,126,5,6,5,4,14,12
190512,CUNY Bernard M Baruch College,2014,1,2,276,239,54,58,91,94,1,2,225,139,7,4,0,0,44,37
190549,CUNY Brooklyn College,2014,2,0,178,182,91,104,112,123,5,2,237,250,10,18,0,0,17,16
190558,College of Staten Island CUNY,2014,5,5,162,170,162,264,256,318,4,5,507,467,12,20,0,0,19,26
190567,CUNY City College,2014,2,2,291,233,53,85,199,232,7,6,143,100,10,5,0,0,39,18
190594,CUNY Hunter College,2014,1,1,294,456,51,104,153,244,8,7,232,359,6,19,0,0,40,63
190600,CUNY John Jay College of Criminal Justice,2014,0,2,159,134,68,135,312,480,7,6,182,203,4,12,0,0,16,24
190637,CUNY Lehman College,2014,1,2,25,44,43,84,144,238,0,3,15,19,4,0,0,0,8,30
190646,CUNY Medgar Evers College,2014,1,3,10,12,273,510,46,85,1,1,2,3,5,5,0,0,12,12
190655,CUNY New York City College of Technology,2014,10,6,490,279,483,328,717,383,13,13,185,88,20,14,0,0,74,29
190664,CUNY Queens College,2014,3,2,262,239,36,48,148,150,4,6,242,287,7,14,0,0,23,43
190691,CUNY York College,2014,5,9,107,149,123,209,76,184,1,7,21,32,4,2,0,0,7,24
190716,D'Youville  University,2014,0,2,1,4,4,14,4,12,0,0,62,167,4,4,2,1,7,4
190725,Daemen University,2014,2,1,2,3,15,41,12,17,0,1,86,236,0,0,0,2,1,0
190752,Yeshiva of Far Rockaway Derech Ayson Rabbinical Seminary,2014,0,0,0,0,0,0,0,0,0,0,6,0,0,0,0,0,0,0
190761,Dominican University New York,2014,0,0,4,10,17,31,39,65,0,0,35,44,0,0,17,27,0,0
190983,Elmira College,2014,1,1,3,9,7,9,5,2,0,0,84,160,1,2,12,20,5,8
191126,Fashion Institute of Technology,2014,0,3,11,112,12,100,35,179,0,3,75,608,9,39,0,4,14,102
191205,Five Towns College,2014,1,1,1,1,15,12,14,8,0,0,37,22,8,1,1,2,0,0
191241,Fordham University,2014,3,2,95,132,34,41,127,171,1,0,597,788,22,35,5,16,74,86
191515,Hamilton College,2014,1,0,18,20,15,8,13,19,0,0,150,166,6,7,10,14,13,9
191533,Hartwick College,2014,0,0,3,10,22,22,14,36,0,0,91,191,0,0,13,7,6,4
191621,Hilbert College,2014,1,2,0,1,2,13,0,4,0,0,55,72,6,6,4,2,0,0
191630,Hobart William Smith Colleges,2014,2,1,11,18,25,10,19,19,0,0,226,240,0,0,9,16,22,25
191649,Hofstra University,2014,5,4,77,101,60,87,121,152,8,10,425,484,17,32,17,12,62,39
191676,Houghton University,2014,0,0,0,7,3,3,1,0,0,0,53,122,4,11,9,5,11,22
191931,Iona University,2014,0,1,15,11,33,33,85,86,1,1,223,247,9,7,17,10,15,6
191968,Ithaca College,2014,1,2,20,51,41,65,47,76,0,0,502,646,18,26,15,27,8,15
192004,Jamestown Business College,2014,0,3,0,0,2,0,3,9,1,1,28,58,4,2,1,2,0,0
192040,Jewish Theological Seminary of America,2014,0,0,0,0,0,1,0,0,0,0,20,19,0,0,0,0,0,1
192110,The Juilliard School,2014,0,0,8,14,3,1,3,3,0,0,32,19,5,2,0,1,17,21
192165,Kehilath Yakov Rabbinical Seminary,2014,0,0,0,0,0,0,0,0,0,0,41,0,0,0,0,0,0,0
192192,Keuka College,2014,1,2,2,3,8,12,3,6,1,0,61,113,1,2,3,10,0,0
192271,LIM College,2014,0,0,1,13,4,30,7,58,0,4,10,120,1,10,1,8,1,12
192323,Le Moyne College,2014,2,1,1,13,13,21,15,13,0,1,224,341,5,3,10,10,2,3
192448,Long Island University,2014,0,2,9,14,46,47,30,62,0,0,95,129,6,9,23,29,24,20
192624,Machzikei Hadath Rabbinical College,2014,0,0,0,0,0,0,0,0,0,0,34,0,0,0,0,0,2,0
192703,Manhattan College,2014,1,0,21,13,15,11,85,78,0,0,186,160,11,11,71,63,15,6
192712,Manhattan School of Music,2014,0,0,2,5,1,1,4,5,0,0,24,10,4,1,1,0,16,39
192749,Manhattanville College,2014,0,1,2,6,15,39,36,61,0,0,76,141,5,6,18,29,8,16
192785,Maria College of Albany,2014,0,1,0,2,0,7,1,2,0,0,6,24,0,2,0,5,0,0
192819,Marist College,2014,0,2,13,27,20,18,32,65,0,0,391,514,4,13,2,3,13,10
192864,Marymount Manhattan College,2014,1,3,3,11,12,29,22,66,0,2,62,235,2,9,4,14,9,11
193016,Mercy University,2014,0,0,14,10,62,108,80,208,0,0,78,128,4,7,5,21,3,13
193052,Mesivta Torah Vodaath Rabbinical Seminary,2014,0,0,0,0,0,0,0,0,0,0,8,0,0,0,0,0,0,0
193070,Mesivtha Tifereth Jerusalem of America,2014,0,0,0,0,0,0,0,0,0,0,23,0,0,0,0,0,0,0
193247,Mirrer Yeshiva Cent Institute,2014,0,0,0,0,0,0,0,0,0,0,43,0,0,0,0,0,2,0
193292,Molloy College,2014,1,0,9,23,9,21,24,61,1,0,89,239,1,2,2,8,0,0
193308,Monroe College,2014,4,1,3,4,223,228,145,201,0,4,13,14,0,0,3,2,26,31
193353,Mount Saint Mary College,2014,0,3,1,6,13,17,24,49,0,0,93,185,4,4,2,9,0,1
193399,University of Mount Saint Vincent,2014,0,0,18,30,23,45,75,113,0,0,69,105,6,17,5,8,2,2
193584,Nazareth University,2014,0,0,2,13,11,29,6,8,0,0,107,274,2,12,4,4,1,3
193654,The New School,2014,0,3,23,97,29,49,50,120,0,0,123,238,15,30,14,47,74,256
193900,New York University,2014,5,6,592,646,111,191,321,433,3,7,852,1102,112,153,109,133,482,602
193973,Niagara University,2014,1,4,7,5,20,16,10,20,0,0,186,299,5,11,4,9,11,8
194091,New York Institute of Technology,2014,2,0,97,66,40,27,65,46,1,0,119,56,11,4,47,34,42,22
194116,New York School of Interior Design,2014,0,0,0,1,0,1,0,2,0,0,0,6,0,0,0,0,0,3
194310,Pace University,2014,1,2,62,99,79,130,97,183,1,0,354,666,19,57,13,27,76,72
194392,Paul Smiths College of Arts and Science,2014,1,0,1,0,2,5,5,5,0,0,132,70,2,2,12,7,0,0
194499,Plaza College,2014,0,0,4,22,12,58,15,60,0,0,5,20,3,22,0,0,0,0
194569,Davis College,2014,0,1,0,0,4,1,4,1,0,0,13,19,1,1,0,0,3,0
194578,Pratt Institute-Main,2014,0,0,26,101,6,18,24,59,0,1,73,182,8,32,8,13,51,128
194657,Rabbinical Academy Mesivta Rabbi Chaim Berlin,2014,0,0,0,0,0,0,0,0,0,0,29,0,0,0,0,0,0,0
194666,Rabbinical College Bobover Yeshiva Bnei Zion,2014,0,0,0,0,0,0,0,0,0,0,45,0,0,0,0,0,0,0
194763,Rabbinical Seminary of America,2014,0,0,0,0,0,0,0,0,0,0,111,0,0,0,0,0,0,0
194824,Rensselaer Polytechnic Institute,2014,1,0,92,48,30,21,73,32,1,0,537,238,58,41,5,3,108,43
194958,Roberts Wesleyan University,2014,1,0,2,2,6,11,7,13,0,0,64,124,2,7,1,2,8,5
195003,Rochester Institute of Technology,2014,3,4,144,90,76,59,141,63,0,0,1318,558,54,32,21,14,77,23
195030,University of Rochester,2014,1,3,76,87,41,30,51,39,1,0,350,340,22,28,33,29,171,134
195128,Russell Sage College,2014,0,0,1,3,10,31,15,27,0,0,27,147,1,3,3,15,0,0
195164,St Bonaventure University,2014,0,1,7,9,10,16,19,19,0,0,160,156,4,8,8,11,3,4
195173,St. Francis College,2014,2,3,10,22,48,53,35,40,1,1,115,139,3,4,10,7,7,10
195216,St Lawrence University,2014,2,0,6,6,10,13,13,14,0,0,223,234,7,12,1,1,24,34
195234,The College of Saint Rose,2014,1,0,4,11,19,37,14,39,0,1,119,216,12,28,6,15,7,5
195243,St. Thomas Aquinas College,2014,0,0,6,1,12,8,27,28,0,1,54,76,0,0,5,8,5,2
195304,Sarah Lawrence College,2014,0,1,4,12,2,10,10,27,0,1,51,152,9,22,4,6,12,33
195438,Sh'or Yoshuv Rabbinical College,2014,0,0,0,0,0,0,0,0,0,0,22,0,0,0,0,0,0,0
195474,Siena College,2014,0,0,14,15,9,9,27,26,0,0,288,289,12,7,2,1,8,2
195526,Skidmore College,2014,0,0,14,28,15,15,22,38,0,0,192,278,10,19,11,14,28,40
195544,St. Joseph's University-New York,2014,1,2,11,22,15,31,24,53,0,1,102,191,2,6,14,21,0,0
195720,St. John Fisher University,2014,0,1,10,17,11,7,9,15,0,0,214,293,9,8,0,2,1,0
195809,St. John's University-New York,2014,6,5,199,289,213,307,121,145,2,11,456,528,41,103,121,107,80,56
196006,SUNY College of Technology at Alfred,2014,1,0,9,3,74,31,51,29,1,0,582,255,15,4,11,2,8,4
196015,SUNY College of Technology at Canton,2014,6,11,8,0,49,64,50,47,0,0,238,221,5,11,1,5,6,4
196024,SUNY College of Technology at Delhi,2014,1,0,10,4,120,88,106,93,1,1,278,188,12,13,7,10,6,6
196033,SUNY College of Agriculture and Technology at Cobleskill,2014,0,2,5,3,47,50,38,64,0,0,274,275,10,10,0,1,0,1
196042,Farmingdale State College,2014,1,2,46,44,38,33,86,77,4,2,446,217,18,13,2,0,12,6
196051,SUNY Morrisville,2014,2,3,3,3,97,65,39,31,0,0,248,247,17,2,8,4,2,0
196060,University at Albany,2014,2,1,128,118,129,181,197,219,1,1,731,549,38,43,15,18,107,68
196079,Binghamton University,2014,0,0,195,215,49,64,136,144,1,2,744,663,28,43,12,10,106,116
196088,University at Buffalo,2014,4,4,311,249,106,110,138,115,3,1,1050,743,43,39,69,50,240,223
196097,Stony Brook University,2014,2,2,447,330,71,94,141,138,2,1,542,396,39,33,103,75,267,169
196103,SUNY College of Environmental Science and Forestry,2014,0,2,10,7,6,6,13,10,0,0,132,119,5,3,3,5,5,5
196112,SUNY Polytechnic Institute,2014,0,0,8,3,12,1,25,7,0,0,204,67,5,2,2,0,10,1
196121,SUNY Brockport,2014,0,1,6,10,45,61,38,38,0,0,327,479,18,13,16,25,7,5
196130,SUNY Buffalo State University,2014,2,5,38,31,280,401,120,182,0,2,318,392,17,46,1,0,12,9
196149,State University of New York at Cortland,2014,2,1,10,14,27,38,54,89,0,0,330,566,15,19,12,16,3,0
196158,SUNY at Fredonia,2014,1,4,7,11,34,50,45,41,0,0,362,461,10,12,4,4,10,4
196167,SUNY College at Geneseo,2014,1,0,36,61,12,30,43,63,0,0,375,528,14,21,7,20,8,12
196176,State University of New York at New Paltz,2014,0,1,39,61,19,51,58,148,0,0,259,399,4,22,4,7,1,4
196185,SUNY Oneonta,2014,0,0,7,23,14,21,56,89,1,0,305,545,7,16,9,4,7,3
196194,State University of New York at Oswego,2014,1,1,22,23,36,73,66,90,2,0,500,541,11,22,0,0,15,10
196200,SUNY College at Potsdam,2014,5,5,9,14,36,51,49,65,1,0,227,290,6,20,18,17,2,5
196219,SUNY at Purchase College,2014,0,0,14,18,37,39,62,88,0,2,163,241,15,19,12,16,8,10
196237,SUNY Old Westbury,2014,0,0,28,30,49,99,36,61,0,5,68,48,8,11,7,4,2,1
196246,State University of New York at Plattsburgh,2014,1,5,18,27,25,38,50,90,0,1,298,388,7,4,6,18,35,23
196264,Empire State University,2014,0,1,2,1,20,33,11,17,0,0,34,58,0,3,0,1,1,3
196291,SUNY Maritime College,2014,1,0,11,5,6,1,30,7,0,0,243,23,4,1,12,1,2,2
196413,Syracuse University,2014,9,10,112,152,108,160,140,190,4,3,881,1108,31,61,23,29,206,234
196431,Talmudical Seminary Oholei Torah,2014,0,0,0,0,0,0,0,0,0,0,56,0,0,0,0,0,0,0
196583,Torah Temimah Talmudical Seminary,2014,0,0,0,0,0,0,0,0,0,0,36,0,0,0,0,0,0,0
196592,Touro University,2014,0,0,5,14,20,71,13,42,1,0,101,284,0,0,8,15,11,17
196653,Trocaire College,2014,0,0,2,1,2,22,0,7,0,0,4,83,0,0,0,7,0,0
196866,Union College,2014,0,0,15,25,13,9,19,17,0,0,239,184,4,7,0,0,20,18
197018,United Talmudical Seminary,2014,0,0,0,0,0,0,11,0,0,0,472,0,0,0,0,0,30,0
197027,United States Merchant Marine Academy,2014,4,2,12,4,5,3,21,6,0,0,140,27,0,0,1,0,4,1
197036,United States Military Academy,2014,13,6,55,15,112,38,110,34,6,0,602,151,26,11,5,2,12,2
197045,Utica University,2014,0,0,6,9,38,34,25,37,0,0,101,122,15,7,27,27,15,8
197133,Vassar College,2014,0,1,37,49,9,23,37,49,0,0,170,199,13,26,0,0,18,31
197142,Villa Maria College,2014,0,0,1,1,16,25,0,12,0,0,13,30,2,5,0,0,0,0
197151,School of Visual Arts,2014,6,3,23,66,22,25,14,21,2,0,103,137,0,0,1,4,65,129
197197,Wagner College,2014,0,0,7,8,27,7,21,27,0,1,131,183,2,5,1,4,9,8
197221,Webb Institute,2014,0,0,2,0,0,0,0,0,0,0,18,2,1,0,1,0,0,0
197230,Wells College,2014,1,0,2,4,5,14,6,13,0,1,30,74,1,0,2,9,1,0
197285,The College of Westchester,2014,1,1,2,2,26,27,37,57,0,0,11,8,0,1,2,5,0,0
197601,Yeshiva Karlin Stolin,2014,0,0,0,0,0,0,0,0,0,0,34,0,0,0,0,0,0,0
197647,Yeshiva Derech Chaim,2014,0,0,0,0,0,0,0,0,0,0,11,0,0,0,0,0,0,0
197674,Yeshiva of Nitra Rabbinical College,2014,0,0,0,0,0,0,0,0,0,0,83,0,0,0,0,0,0,0
197692,Yeshivath Shaar Hatorah,2014,0,0,0,0,0,0,0,0,0,0,16,0,0,0,0,0,0,0
197708,Yeshiva University,2014,0,0,0,0,0,0,1,0,0,0,415,363,0,0,1,0,15,16
197735,Yeshivath Viznitz,2014,0,0,0,0,0,0,0,0,0,0,96,0,0,0,0,0,5,0
197744,Yeshivath Zichron Moshe,2014,0,0,0,0,0,0,0,0,0,0,10,0,0,0,0,0,1,0
197869,Appalachian State University,2014,5,6,19,36,50,43,47,59,0,0,1085,1531,41,50,17,20,12,9
197911,Barton College,2014,0,2,1,1,16,26,7,3,0,0,42,60,4,7,7,5,4,0
197984,Belmont Abbey College,2014,1,0,3,1,17,12,0,0,0,0,86,60,0,0,64,47,0,0
197993,Bennett College,2014,0,1,0,0,0,142,0,4,0,0,0,1,0,4,0,13,0,1
198066,Brevard College,2014,1,0,1,2,20,7,3,2,1,1,70,71,1,5,8,8,12,5
198109,Cabarrus College of Health Sciences,2014,0,0,0,0,0,5,1,2,0,0,0,13,1,1,0,0,0,0
198136,Campbell University,2014,0,4,8,8,48,63,22,18,0,0,187,282,8,15,65,128,8,7
198215,Catawba College,2014,2,2,1,0,47,19,10,8,0,0,107,128,7,4,0,0,6,3
198303,Chowan University,2014,0,1,0,2,209,198,12,10,0,0,36,26,11,9,1,5,8,3
198385,Davidson College,2014,2,0,16,16,9,22,17,20,0,0,171,169,7,13,2,4,20,14
198419,Duke University,2014,2,10,192,179,83,85,61,74,3,0,409,393,12,16,10,12,93,87
198464,East Carolina University,2014,13,19,65,66,279,398,129,170,0,1,1149,1669,57,80,30,40,9,6
198507,Elizabeth City State University,2014,1,0,0,1,70,83,5,3,0,0,20,13,0,3,2,1,0,2
198516,Elon University,2014,2,2,13,29,27,35,35,60,0,0,468,752,16,28,5,7,9,8
198543,Fayetteville State University,2014,8,12,4,3,118,245,9,21,0,0,11,23,0,0,5,9,0,0
198561,Gardner-Webb University,2014,2,1,1,3,41,40,11,6,0,0,111,215,0,0,32,30,0,0
198598,Greensboro College,2014,1,0,1,0,44,26,3,1,0,0,57,37,6,4,2,1,0,0
198613,Guilford College,2014,0,0,7,6,48,25,15,13,1,0,109,100,12,2,1,1,7,4
198677,Heritage Bible College,2014,0,0,0,0,0,1,0,0,0,0,3,1,0,0,0,0,0,0
198695,High Point University,2014,1,3,5,16,26,46,32,41,0,0,409,651,41,79,2,5,19,10
198756,Johnson C Smith University,2014,0,0,0,0,97,108,1,11,0,0,0,1,6,5,11,24,0,1
198808,Lees-McRae College,2014,0,0,0,2,18,10,3,6,0,0,39,111,1,2,3,15,4,2
198835,Lenoir-Rhyne University,2014,2,2,1,2,37,24,5,3,0,0,110,131,5,6,7,4,3,4
198862,Livingstone College,2014,1,0,0,0,225,155,1,3,0,0,0,0,0,0,27,41,0,0
198899,Mars Hill University,2014,3,2,0,0,74,52,5,10,0,0,126,128,0,0,3,1,0,0
198950,Meredith College,2014,0,5,0,13,0,39,0,11,0,0,0,356,0,22,0,7,0,18
198969,Methodist University,2014,0,2,4,3,88,31,17,20,1,0,172,106,16,6,17,7,20,16
198978,Miller-Motte College-Wilmington,2014,0,6,0,2,41,167,4,17,0,0,23,72,5,7,3,3,0,0
199032,Montreat College,2014,0,0,1,1,10,5,3,0,1,0,26,31,2,5,2,5,12,2
199069,University of Mount Olive,2014,0,0,1,2,24,30,13,11,1,0,61,86,0,0,21,12,16,7
199102,North Carolina A & T State University,2014,3,3,8,1,612,829,29,25,0,0,36,13,35,52,13,15,18,15
199111,University of North Carolina Asheville,2014,1,2,9,8,11,13,16,17,0,0,237,269,4,17,2,16,1,5
199120,University of North Carolina at Chapel Hill,2014,14,7,208,216,119,210,124,177,1,1,1043,1463,81,107,33,76,49,47
199139,University of North Carolina at Charlotte,2014,3,3,94,86,181,251,137,119,2,2,1201,940,62,85,36,24,42,31
199148,University of North Carolina at Greensboro,2014,3,2,55,75,196,564,55,145,0,4,449,819,45,108,1,6,27,18
199157,North Carolina Central University,2014,4,4,3,4,285,498,7,34,0,0,12,9,15,27,9,11,1,0
199184,University of North Carolina School of the Arts,2014,1,0,2,1,12,16,2,6,0,0,68,89,4,6,4,3,0,5
199193,North Carolina State University at Raleigh,2014,9,7,134,120,136,124,97,95,1,2,1890,1492,109,91,26,30,83,47
199209,North Carolina Wesleyan University,2014,3,0,1,0,84,34,3,6,0,0,49,21,8,4,49,27,20,10
199218,University of North Carolina Wilmington,2014,1,9,20,35,33,49,39,96,0,1,594,1115,29,52,16,51,7,9
199272,William Peace University,2014,2,2,1,2,15,34,5,4,1,1,34,42,2,0,32,37,0,0
199281,University of North Carolina at Pembroke,2014,53,103,14,7,186,220,29,39,0,0,170,187,10,6,6,10,7,3
199306,Pfeiffer University,2014,0,0,0,1,11,8,2,2,0,0,33,22,2,2,58,45,8,6
199412,Queens University of Charlotte,2014,0,1,2,9,12,27,11,14,0,0,40,115,1,3,13,22,12,5
199458,Mid-Atlantic Christian University,2014,0,0,0,1,6,3,1,0,0,0,11,21,1,0,0,0,1,0
199582,Saint Augustine's University,2014,0,1,0,0,141,116,1,2,0,0,2,3,0,0,1,0,0,0
199607,Salem College,2014,0,1,0,5,0,39,0,34,0,0,0,107,0,10,0,2,0,2
199643,Shaw University,2014,0,0,1,1,167,159,0,1,0,0,0,0,2,3,50,73,2,1
199698,St. Andrews University,2014,1,1,0,1,12,8,2,0,0,0,31,45,4,2,13,19,9,4
199759,Southeastern Baptist Theological Seminary,2014,0,0,3,1,5,0,2,1,0,0,51,27,0,0,0,1,1,0
199847,Wake Forest University,2014,0,1,30,33,39,41,37,56,1,0,429,453,14,16,2,5,57,73
199865,Warren Wilson College,2014,2,1,1,2,6,2,5,13,0,0,72,116,4,6,2,0,1,1
199962,Wingate University,2014,1,3,7,11,36,52,9,15,0,1,143,219,27,21,9,9,9,11
199971,Carolina Christian College,2014,0,0,0,0,2,0,0,0,0,0,0,0,0,0,0,0,0,0
199999,Winston-Salem State University,2014,0,6,0,1,203,504,7,20,0,0,11,13,8,28,6,25,4,8
200004,Western Carolina University,2014,4,3,9,12,59,48,56,70,1,0,618,756,44,44,6,6,6,3
200013,Rasmussen University-North Dakota,2014,1,0,0,0,0,0,0,0,0,0,5,16,0,0,0,1,0,0
200022,Bismarck State College,2014,9,9,3,0,5,2,4,3,0,1,405,347,13,11,7,4,0,0
200059,Dickinson State University,2014,1,0,1,1,3,3,4,4,0,0,78,69,4,3,1,1,4,5
200086,Nueta Hidatsa Sahnish College,2014,4,11,0,0,0,0,0,0,0,0,0,0,0,0,0,0,0,0
200156,University of Jamestown,2014,0,1,0,1,4,0,8,5,0,3,81,94,0,0,0,1,8,4
200217,University of Mary,2014,3,4,0,3,4,0,5,3,2,0,121,218,4,10,12,22,4,5
200226,Mayville State University,2014,0,1,0,0,22,2,10,5,1,1,61,57,5,1,0,0,1,3
200253,Minot State University,2014,1,2,2,2,7,4,4,15,0,0,67,142,6,6,6,6,18,28
200280,University of North Dakota,2014,11,17,11,8,24,9,27,19,3,0,815,813,41,22,10,13,28,11
200332,North Dakota State University-Main Campus,2014,4,9,24,10,28,16,28,24,1,0,1171,1002,39,34,29,19,8,6
200466,Sitting Bull College,2014,14,31,0,0,0,0,0,0,0,0,0,0,0,0,0,0,0,0
200484,Trinity Bible College and Graduate School,2014,2,1,0,0,6,0,1,0,5,1,31,20,1,1,0,0,0,0
200527,Turtle Mountain Community College,2014,47,69,0,0,0,0,0,0,0,0,7,0,0,0,0,0,0,0
200554,United Tribes Technical College,2014,63,77,0,0,3,1,0,1,0,0,4,5,0,0,0,0,0,0
200572,Valley City State University,2014,2,0,0,0,12,0,10,2,0,0,67,60,6,4,0,1,2,2
200785,Herzing University-Akron,2014,0,0,0,0,5,14,0,0,0,0,2,14,1,2,0,1,0,0
200800,University of Akron Main Campus,2014,5,3,47,55,257,290,62,56,1,1,1417,1149,75,99,41,38,43,13
200873,Allegheny Wesleyan College,2014,0,0,1,0,0,0,0,0,0,0,6,17,0,0,0,0,0,0
201061,Art Academy of Cincinnati,2014,0,0,1,0,3,3,1,2,0,0,13,26,0,1,0,0,0,0
201104,Ashland University,2014,0,0,1,3,20,13,6,7,1,1,182,330,9,8,8,9,5,1
201177,Aultman College of Nursing and Health Sciences,2014,0,0,0,0,0,0,0,0,0,0,0,4,0,0,0,0,0,0
201195,Baldwin Wallace University,2014,1,0,4,14,42,34,22,14,0,1,231,306,17,17,1,2,5,6
201371,Bluffton University,2014,0,0,0,1,9,6,7,1,0,0,94,88,9,2,1,0,0,0
201441,Bowling Green State University-Main Campus,2014,2,2,17,11,116,221,52,52,0,0,921,1393,52,77,32,38,19,15
201469,Bryant & Stratton College-Parma,2014,0,1,0,0,0,1,0,2,0,0,1,7,1,3,0,0,0,0
201548,Capital University,2014,0,0,1,6,31,39,20,18,0,0,235,284,21,17,13,9,7,9
201645,Case Western Reserve University,2014,0,1,122,148,29,33,48,36,0,0,370,263,38,27,10,10,84,63
201654,Cedarville University,2014,0,1,9,14,6,9,10,11,0,0,334,340,14,16,3,8,4,7
201690,Central State University,2014,0,1,0,0,180,203,2,1,0,0,1,2,4,2,4,0,0,1
201821,The Christ College of Nursing and Health Sciences,2014,0,0,0,0,0,1,0,0,0,0,1,34,0,0,0,0,0,0
201885,University of Cincinnati-Main Campus,2014,3,6,75,70,107,121,56,61,1,3,1921,1642,71,72,125,88,80,64
201946,University of Cincinnati-Clermont College,2014,0,1,3,0,4,0,4,7,1,0,199,235,6,5,39,43,2,0
201955,University of Cincinnati-Blue Ash College,2014,2,0,19,13,103,201,17,18,3,0,304,327,20,29,37,39,17,9
201964,Ohio Christian University,2014,0,1,0,2,36,58,3,6,0,0,71,117,1,5,11,38,2,0
202046,Cleveland Institute of Art,2014,0,0,4,2,11,3,8,5,1,0,26,61,2,6,0,0,8,2
202073,Cleveland Institute of Music,2014,0,0,2,1,0,0,0,0,0,0,2,7,0,0,21,11,3,8
202134,Cleveland State University,2014,1,1,26,21,94,149,39,56,1,1,483,535,29,44,12,9,46,15
202170,Columbus College of Art & Design,2014,0,0,1,4,15,12,5,4,0,0,50,110,4,12,4,8,0,16
202480,University of Dayton,2014,0,1,11,21,31,39,57,46,0,1,888,841,28,24,8,8,127,41
202514,Defiance College,2014,1,3,0,1,36,4,8,2,0,0,91,73,3,1,1,4,1,4
202523,Denison University,2014,1,0,12,14,17,32,26,43,1,1,182,205,10,15,0,1,26,23
202763,The University of Findlay,2014,0,3,1,4,17,5,2,5,0,0,166,399,4,9,0,2,0,2
202806,Franklin University,2014,0,0,1,0,1,1,0,1,0,0,0,1,1,0,0,0,0,0
202903,Gods Bible School and College,2014,0,0,0,0,1,1,2,0,0,0,13,19,0,0,0,0,2,1
202912,Good Samaritan College of Nursing and Health Science,2014,0,0,0,1,0,0,0,0,0,0,1,7,0,0,0,0,0,0
203085,Heidelberg University,2014,0,0,0,1,18,2,8,4,1,1,136,122,13,3,36,18,0,0
203128,Hiram College,2014,0,1,0,1,35,20,3,8,0,0,81,68,10,6,20,15,4,2
203368,John Carroll University,2014,0,0,8,7,15,11,12,15,0,0,362,322,15,10,0,1,7,13
203447,Kent State University at Ashtabula,2014,0,0,1,1,5,6,4,6,0,1,56,85,3,2,4,1,0,0
203465,Kent State University at Stark,2014,1,1,1,2,16,28,5,2,0,0,184,259,10,9,5,10,1,0
203474,Kent State University at Trumbull,2014,0,0,0,1,6,18,3,6,0,0,87,130,4,5,3,7,0,0
203483,Kent State University at Tuscarawas,2014,0,0,1,0,1,1,0,4,0,0,85,122,2,3,2,1,0,1
203492,Kent State University at Salem,2014,0,1,0,0,2,2,1,5,0,0,63,103,1,2,1,1,0,0
203517,Kent State University at Kent,2014,3,7,25,43,102,278,64,90,1,0,1156,2087,64,115,40,47,74,42
203526,Kent State University at Geauga,2014,1,1,2,5,18,27,4,6,0,0,68,107,4,9,7,4,0,0
203535,Kenyon College,2014,0,0,4,8,10,8,19,14,0,0,144,184,6,21,3,4,10,11
203544,Kettering College,2014,0,1,2,1,1,1,1,2,0,1,4,38,1,1,1,0,0,0
203580,Lake Erie College,2014,0,0,0,0,25,2,5,2,0,0,73,71,0,0,1,3,3,1
203757,Lourdes University,2014,1,1,0,0,5,12,6,8,0,0,38,67,4,10,1,1,0,0
203775,Malone University,2014,0,1,0,1,17,9,9,5,0,0,102,153,6,3,0,0,3,2
203845,Marietta College,2014,0,0,1,1,18,8,7,4,0,0,171,100,4,8,7,0,20,8
203960,Mercy College of Ohio,2014,0,0,0,0,0,2,0,2,0,0,2,25,0,2,0,1,0,0
204006,Miami University-Hamilton,2014,1,1,5,5,24,20,16,10,0,1,244,280,8,12,12,9,0,1
204015,Miami University-Middletown,2014,0,1,0,2,12,11,3,7,0,0,121,160,7,0,4,4,0,0
204024,Miami University-Oxford,2014,4,2,40,53,50,55,62,73,0,0,1397,1513,71,65,5,3,146,102
204176,Mount Carmel College of Nursing,2014,0,0,0,2,1,3,0,3,0,1,11,55,0,2,0,1,0,0
204185,University of Mount Union,2014,0,1,1,4,24,5,3,2,0,0,290,257,26,10,4,7,1,0
204194,Mount Vernon Nazarene University,2014,1,0,1,2,6,4,6,3,0,0,90,172,2,8,5,5,6,0
204200,Mount St. Joseph University,2014,0,1,1,0,23,8,0,2,0,1,118,116,7,4,6,1,1,3
204264,Muskingum University,2014,0,0,4,1,17,10,2,3,0,0,151,173,9,1,0,0,6,7
204468,Notre Dame College,2014,0,0,3,3,65,28,4,9,0,2,107,86,6,3,4,2,13,1
204486,University of Northwestern Ohio,2014,7,0,3,2,27,10,28,4,1,2,675,93,0,1,267,43,13,10
204501,Oberlin College,2014,0,0,8,19,17,26,32,30,1,0,239,317,16,28,0,0,25,39
204617,Ohio Dominican University,2014,0,1,0,2,28,19,5,2,0,0,74,68,7,3,9,1,6,1
204635,Ohio Northern University,2014,0,1,1,4,15,9,2,0,0,0,265,255,9,18,19,21,5,4
204671,Ohio State University-Lima Campus,2014,0,0,8,1,9,13,9,5,0,0,174,167,9,5,8,8,0,1
204680,Ohio State University-Mansfield Campus,2014,0,1,9,8,31,36,5,15,0,0,183,158,4,10,6,4,0,0
204699,Ohio State University-Marion Campus,2014,1,1,12,9,5,14,13,11,0,0,168,163,8,5,5,6,1,0
204705,Ohio State University-Newark Campus,2014,4,2,34,29,99,81,19,23,0,0,444,354,27,32,17,14,0,0
204796,Ohio State University-Main Campus,2014,3,1,262,239,113,178,106,154,2,0,2571,2495,91,115,90,85,304,261
204857,Ohio University-Main Campus,2014,2,5,12,22,88,142,60,91,2,1,1686,1988,72,109,5,13,40,29
204909,Ohio Wesleyan University,2014,0,1,5,6,19,16,3,13,0,0,151,182,9,10,9,6,13,15
204936,Otterbein University,2014,1,2,0,9,15,20,1,6,0,1,191,269,16,17,4,5,2,1
205027,Pontifical College Josephinum,2014,0,0,1,0,0,0,1,0,0,0,16,0,0,0,0,0,1,0
205124,Rabbinical College Telshe,2014,0,0,0,0,0,0,0,0,0,0,12,0,0,0,0,0,0,0
205203,University of Rio Grande,2014,0,2,0,1,13,11,2,1,0,0,112,162,1,0,14,19,3,0
205443,Shawnee State University,2014,6,1,1,2,46,35,3,2,0,0,342,401,15,8,13,12,6,7
205957,Franciscan University of Steubenville,2014,0,0,5,2,0,0,15,30,1,0,159,229,2,10,3,3,2,2
206048,Tiffin University,2014,0,0,0,1,42,23,5,3,0,0,104,96,6,5,90,73,44,8
206084,University of Toledo,2014,4,5,28,45,279,326,72,94,3,1,1123,1102,47,72,28,28,69,33
206349,Ursuline College,2014,0,1,0,1,0,22,0,4,0,0,3,57,0,3,0,1,0,0
206394,The North Coast College,2014,0,1,0,0,2,4,0,1,0,0,3,4,1,1,0,0,0,0
206437,Walsh University,2014,0,0,1,0,22,7,11,9,2,0,139,211,1,9,12,13,6,4
206507,Wilmington College,2014,4,2,1,0,35,17,4,6,0,0,145,142,11,9,3,0,4,0
206525,Wittenberg University,2014,0,0,1,6,29,22,11,15,0,0,172,224,12,14,3,0,3,4
206589,The College of Wooster,2014,3,4,10,21,28,24,13,16,0,0,168,180,0,0,7,7,27,39
206604,Wright State University-Main Campus,2014,5,3,26,26,144,270,40,32,0,1,741,844,58,75,0,2,27,13
206613,Wright State University-Lake Campus,2014,0,2,0,0,1,0,7,4,0,0,100,105,3,4,0,0,0,0
206622,Xavier University,2014,3,2,12,18,54,80,33,41,2,0,408,452,30,41,4,3,19,8
206695,Youngstown State University,2014,3,1,11,12,87,87,20,41,0,0,658,654,39,28,19,21,14,9
206817,Bacone College,2014,19,13,4,1,58,13,14,9,0,0,35,10,6,2,14,7,0,0
206835,Oklahoma Wesleyan University,2014,3,6,1,0,7,3,14,13,0,0,52,54,10,5,0,4,12,2
206862,Southern Nazarene University,2014,7,0,0,2,38,5,14,16,0,0,77,74,4,13,4,8,7,1
206914,Cameron University,2014,16,18,2,5,51,69,33,55,2,4,134,209,27,37,4,3,34,17
206941,University of Central Oklahoma,2014,29,36,28,32,85,111,73,128,2,2,459,656,83,134,0,2,89,57
207041,East Central University,2014,32,55,0,1,13,10,17,21,1,0,131,174,34,53,5,8,19,7
207157,Randall University,2014,5,2,1,0,3,1,3,4,0,0,14,7,0,0,2,1,1,3
207209,Langston University,2014,1,4,0,0,235,298,3,4,0,0,8,13,0,0,6,9,1,0
207254,Spartan College of Aeronautics and Technology,2014,8,2,10,0,25,4,73,17,0,0,143,16,50,7,5,0,1,0
207263,Northeastern State University,2014,76,132,10,1,17,19,22,24,1,1,165,198,93,129,4,0,6,8
207306,Northwestern Oklahoma State University,2014,11,14,0,1,16,8,18,11,1,0,84,115,2,3,8,12,31,35
207324,Oklahoma Christian University,2014,2,3,3,2,22,21,19,19,0,0,194,171,25,22,0,0,0,0
207351,Oklahoma Panhandle State University,2014,5,4,2,2,39,2,11,30,0,0,63,61,2,1,6,4,0,0
207388,Oklahoma State University-Main Campus,2014,67,76,34,25,82,95,135,128,3,1,1313,1444,192,216,2,2,40,16
207397,Oklahoma State University-Oklahoma City,2014,11,9,6,6,30,52,33,47,0,0,99,136,37,42,16,17,0,0
207403,Oklahoma Baptist University,2014,12,20,2,6,19,13,3,2,0,0,131,216,21,25,1,2,5,5
207458,Oklahoma City University,2014,3,3,0,3,4,4,11,15,0,0,69,149,11,11,0,0,7,4
207500,University of Oklahoma-Norman Campus,2014,67,71,126,133,58,76,154,173,0,1,1279,1216,151,169,29,34,89,56
207564,Oklahoma State University Institute of Technology,2014,51,17,1,0,17,5,15,4,1,0,207,45,33,11,7,5,7,1
207582,Oral Roberts University,2014,5,10,5,5,20,44,12,40,0,0,70,109,13,13,10,10,16,18
207661,Rogers State University,2014,24,45,0,2,5,5,15,21,1,0,148,207,63,65,2,1,5,2
207722,University of Science and Arts of Oklahoma,2014,5,6,3,0,0,6,4,8,0,0,20,83,5,13,0,1,9,5
207847,Southeastern Oklahoma State University,2014,34,40,0,1,31,10,11,17,1,1,106,132,35,57,0,0,6,4
207856,Southwestern Christian University,2014,3,1,0,0,8,3,2,10,0,0,31,23,5,0,2,3,28,7
207865,Southwestern Oklahoma State University,2014,13,20,4,10,30,15,45,32,0,0,241,351,41,43,5,9,24,13
207971,University of Tulsa,2014,7,19,24,5,24,19,19,17,0,1,239,223,0,1,6,5,117,35
208646,Eastern Oregon University,2014,1,3,2,3,6,4,13,13,0,0,83,110,8,12,9,7,3,5
208725,New Hope Christian College-Eugene,2014,0,0,0,1,0,0,2,2,0,1,10,5,0,4,0,0,0,1
208822,George Fox University,2014,0,2,10,13,6,4,35,43,0,2,207,233,26,22,3,5,12,4
209056,Lewis & Clark College,2014,3,5,11,39,4,11,21,33,1,1,165,236,3,0,2,8,12,7
209065,Linfield University,2014,0,3,9,15,6,2,16,36,1,1,124,165,18,46,4,3,4,8
209241,Mount Angel Seminary,2014,0,0,0,0,0,0,2,0,1,0,4,0,0,0,0,0,1,0
209287,Multnomah University,2014,0,0,0,0,2,2,2,0,0,0,17,19,1,0,0,0,1,0
209409,Bushnell University,2014,0,4,1,1,0,2,2,4,0,0,21,39,2,1,0,1,0,0
209506,Oregon Institute of Technology,2014,0,1,16,8,2,3,19,16,1,0,126,102,15,15,4,0,0,0
209542,Oregon State University,2014,8,13,147,193,23,15,164,201,9,4,1225,1089,142,141,9,11,37,22
209551,University of Oregon,2014,5,17,109,143,36,47,147,229,6,11,1040,1315,118,185,14,24,256,193
209603,Pacific Northwest College of Art,2014,0,1,0,0,1,0,0,6,0,0,9,40,3,10,1,2,0,0
209612,Pacific University,2014,1,1,19,42,9,4,26,32,4,7,108,125,36,32,2,6,1,4
209807,Portland State University,2014,8,17,66,100,21,32,84,155,8,6,320,467,54,73,18,22,86,34
209825,University of Portland,2014,2,0,56,69,3,8,48,82,11,12,244,390,48,61,7,17,15,9
209922,Reed College,2014,1,1,12,9,2,5,18,17,1,2,94,107,14,18,5,10,12,18
210146,Southern Oregon University,2014,2,2,9,19,14,8,32,47,5,3,148,244,19,30,11,19,4,14
210304,Warner Pacific University,2014,1,1,3,5,6,7,11,27,1,3,17,39,5,4,2,0,1,0
210331,Corban University,2014,0,1,3,4,2,0,1,0,0,1,51,116,8,13,8,12,0,0
210401,Willamette University,2014,2,1,20,41,6,7,30,37,0,1,135,199,28,23,5,3,6,8
210429,Western Oregon University,2014,3,16,17,31,21,14,19,45,23,19,198,341,0,0,20,36,26,5
210492,Bryn Athyn College of the New Church,2014,0,0,0,0,9,18,2,5,0,0,28,22,0,0,0,0,1,0
210571,Albright College,2014,2,1,9,15,51,64,29,38,0,0,122,178,1,3,6,7,9,5
210669,Allegheny College,2014,0,1,5,8,13,17,17,13,0,0,152,211,9,11,2,1,5,8
210739,DeSales University,2014,0,0,3,6,10,5,20,28,0,0,149,182,0,0,2,1,0,0
210775,Alvernia University,2014,0,0,1,3,12,26,10,29,0,1,81,205,1,7,0,0,0,0
211024,Clarks Summit University,2014,0,0,0,1,3,0,4,3,0,0,25,51,0,0,0,1,0,0
211088,Arcadia University,2014,1,1,8,25,24,44,19,49,0,1,110,332,6,26,9,12,2,4
211273,Bryn Mawr College,2014,0,1,0,52,0,18,0,32,0,1,0,117,0,22,0,19,0,89
211291,Bucknell University,2014,0,0,12,17,16,13,33,18,0,0,344,407,16,13,0,2,31,17
211352,Cabrini University,2014,0,0,0,2,36,49,10,17,0,0,93,148,4,13,8,11,1,0
211431,Carlow University,2014,0,1,1,5,7,31,1,2,0,0,14,120,0,13,1,2,0,0
211440,Carnegie Mellon University,2014,2,1,219,241,36,27,73,35,0,1,275,167,30,37,31,30,147,122
211468,Cedar Crest College,2014,0,1,0,4,0,26,0,24,0,0,0,113,0,0,1,0,0,1
211477,Central Penn College,2014,0,1,1,2,18,31,0,0,0,0,10,21,0,0,3,11,0,0
211556,Chatham University,2014,0,1,0,3,0,20,0,4,0,0,1,67,0,0,0,2,0,4
211583,Chestnut Hill College,2014,0,0,1,2,16,18,12,12,0,1,40,68,2,6,1,3,2,2
211608,Cheyney University of Pennsylvania,2014,0,0,0,0,91,79,6,3,0,0,3,2,4,3,21,15,2,0
211893,Curtis Institute of Music,2014,0,0,0,1,2,1,0,0,0,0,4,7,0,0,0,0,4,7
211981,Delaware Valley University,2014,1,1,3,4,50,11,28,29,0,0,110,250,0,0,0,1,1,0
212009,Dickinson College,2014,0,0,3,10,12,23,19,24,1,0,175,257,7,18,1,7,23,39
212054,Drexel University,2014,2,1,253,249,77,111,131,88,9,6,949,621,64,47,21,16,174,106
212106,Duquesne University,2014,1,0,9,22,23,31,15,21,2,0,401,739,18,20,1,6,6,17
212115,East Stroudsburg University of Pennsylvania,2014,1,0,9,10,89,88,65,85,0,1,389,440,37,35,3,8,1,2
212133,Eastern University,2014,1,0,3,6,19,46,24,51,0,0,67,142,0,0,7,25,9,10
212197,Elizabethtown College,2014,0,1,3,9,8,9,6,14,0,0,122,250,5,9,0,0,8,3
212577,Franklin and Marshall College,2014,0,0,13,18,16,22,26,33,0,0,183,179,4,6,5,11,32,43
212601,Gannon University,2014,0,0,2,4,17,15,6,10,0,1,198,278,8,13,5,5,25,7
212656,Geneva College,2014,0,0,1,1,17,6,1,0,0,0,136,139,9,1,1,0,0,0
212674,Gettysburg College,2014,1,0,5,15,18,17,17,25,0,0,257,298,6,11,5,5,21,19
212805,Grove City College,2014,0,0,4,10,5,1,5,4,0,0,305,287,3,8,0,0,3,2
212832,Gwynedd Mercy University,2014,1,1,2,6,12,14,3,6,0,0,50,91,0,0,10,9,0,0
212911,Haverford College,2014,0,0,12,19,6,12,16,18,0,0,103,114,4,5,5,3,12,9
212984,Holy Family University,2014,0,0,4,9,7,11,7,18,0,0,50,96,0,0,9,39,0,0
213011,Immaculata University,2014,0,0,0,3,7,9,4,18,0,0,48,122,0,5,1,1,0,2
213020,Indiana University of Pennsylvania-Main Campus,2014,2,1,11,12,174,220,66,84,1,1,907,1149,46,84,2,13,20,12
213251,Juniata College,2014,0,0,6,13,8,6,14,9,0,0,148,164,5,6,7,6,21,10
213303,Keystone College,2014,0,1,0,3,19,10,12,14,1,1,87,131,0,3,11,12,1,1
213321,King's College,2014,0,0,7,7,21,6,14,11,0,0,201,162,5,3,22,17,4,4
213349,Kutztown University of Pennsylvania,2014,2,2,2,10,74,84,73,84,3,0,591,768,25,20,13,10,8,10
213358,La Roche University,2014,0,1,0,4,14,16,3,1,0,0,48,79,3,2,5,2,35,10
213367,La Salle University,2014,3,0,13,33,62,103,44,45,0,0,215,297,23,46,8,12,9,5
213376,Lackawanna College,2014,0,0,7,1,98,25,24,21,0,0,104,74,2,6,7,5,0,0
213385,Lafayette College,2014,0,0,13,12,16,11,19,27,0,1,228,220,8,6,11,4,37,35
213400,Lancaster Bible College,2014,0,0,0,0,1,5,0,1,0,0,72,95,1,2,18,15,1,0
213507,Lebanon Valley College,2014,0,0,7,7,12,10,17,16,0,0,144,168,5,4,12,9,2,0
213543,Lehigh University,2014,2,1,61,74,33,21,60,38,0,0,460,397,11,11,9,11,66,44
213598,Lincoln University,2014,3,0,0,0,85,170,2,0,0,0,4,0,3,4,12,12,3,3
213668,Lycoming College,2014,0,0,1,4,26,15,13,15,0,0,138,141,3,10,8,2,11,7
213774,Manor College,2014,0,1,2,2,39,29,7,8,0,0,20,30,6,4,3,6,0,0
213826,Marywood University,2014,0,0,1,4,5,6,10,22,0,0,86,204,6,3,7,11,2,1
213987,Mercyhurst University,2014,5,2,3,11,24,15,7,13,1,0,175,273,0,0,2,8,38,34
213996,Messiah University,2014,0,0,4,12,6,8,12,22,0,0,225,336,18,13,2,3,14,21
214041,Millersville University of Pennsylvania,2014,0,3,10,12,62,70,45,73,2,0,454,575,16,22,2,1,0,0
214069,Misericordia University,2014,0,0,3,2,4,6,5,5,0,0,152,254,3,2,0,0,2,0
214148,Moore College of Art and Design,2014,0,0,0,3,0,22,0,8,0,0,0,48,0,4,0,2,0,0
214157,Moravian University,2014,0,1,5,7,13,8,12,21,0,0,112,162,2,6,10,7,17,3
214166,Mount Aloysius College,2014,2,1,1,1,11,8,0,3,0,0,57,233,0,0,13,33,4,3
214175,Muhlenberg College,2014,0,1,6,12,9,13,15,15,0,0,202,273,2,4,7,16,7,7
214272,Neumann University,2014,0,0,0,5,30,72,3,8,0,0,62,108,3,6,45,70,1,2
214883,Peirce College,2014,1,0,0,0,15,12,2,0,0,0,1,1,0,0,0,0,0,0
214971,Pennsylvania Academy of the Fine Arts,2014,0,0,0,0,1,0,1,0,0,0,2,10,0,5,0,0,1,1
215053,Pennsylvania College of Art and Design,2014,0,0,1,2,1,1,1,1,0,0,12,35,0,3,1,1,0,0
215062,University of Pennsylvania,2014,1,2,192,267,56,93,129,110,0,0,556,494,48,70,33,32,139,128
215105,University of the Arts,2014,0,3,4,7,18,33,14,25,0,0,89,145,6,13,3,3,3,7
215114,Cairn University-Langhorne,2014,0,0,4,6,6,5,4,5,0,1,45,75,2,2,0,0,2,2
215266,University of Pittsburgh-Bradford,2014,1,0,1,4,30,21,14,13,1,0,125,147,1,5,6,5,14,3
215275,University of Pittsburgh-Greensburg,2014,0,0,9,14,11,27,11,9,0,0,140,172,5,6,7,7,2,3
215284,University of Pittsburgh-Johnstown,2014,0,0,4,5,14,11,7,3,1,0,364,338,11,8,10,5,11,7
215293,University of Pittsburgh-Pittsburgh Campus,2014,1,1,183,237,76,106,59,67,0,3,1356,1479,57,75,19,22,47,57
215415,Pittsburgh Technical College,2014,3,0,2,2,64,34,5,3,1,0,408,214,32,23,29,12,0,0
215442,Point Park University,2014,0,1,5,10,31,51,14,22,0,0,147,287,18,22,0,0,16,5
215637,Walnut Hill College,2014,0,0,4,4,23,46,8,16,0,0,101,103,0,0,17,17,0,0
215655,Robert Morris University,2014,0,1,1,2,40,29,9,3,1,0,367,286,15,11,10,4,71,8
215691,Rosemont College,2014,1,0,1,4,16,37,2,8,0,0,13,30,4,3,1,3,0,1
215743,Saint Francis University,2014,0,0,1,3,31,11,0,1,0,1,101,216,5,4,2,7,4,5
215770,Saint Joseph's University,2014,1,1,14,20,24,26,33,58,0,0,533,587,8,13,9,12,3,9
215798,Saint Vincent College,2014,1,2,1,7,18,11,13,12,0,0,194,177,0,0,5,7,1,0
215929,University of Scranton,2014,1,1,5,7,8,14,39,61,0,0,348,523,12,26,2,9,4,2
215947,Seton Hill University,2014,0,0,0,3,9,8,5,7,1,1,92,177,7,5,6,2,7,3
216010,Shippensburg University of Pennsylvania,2014,2,1,16,12,92,76,31,38,0,1,592,559,23,28,4,2,1,0
216038,Slippery Rock University of Pennsylvania,2014,1,4,7,9,24,46,13,23,2,0,551,820,26,34,4,3,5,14
216047,Saint Charles Borromeo Seminary-Overbrook,2014,0,0,2,0,1,0,1,0,0,0,7,0,0,0,0,0,0,0
216278,Susquehanna University,2014,0,1,5,10,10,18,18,20,0,0,218,247,3,11,0,0,6,8
216287,Swarthmore College,2014,0,1,31,35,10,16,25,23,0,1,96,80,19,17,1,1,25,26
216311,Talmudical Yeshiva of Philadelphia,2014,0,0,0,0,0,0,0,0,0,0,34,0,0,0,0,0,2,0
216339,Temple University,2014,3,1,246,310,162,343,104,159,0,1,1248,1317,51,78,102,88,151,108
216357,Thiel College,2014,1,0,4,4,23,7,4,4,0,0,126,96,5,1,3,2,0,0
216524,Ursinus College,2014,0,0,5,26,16,24,18,14,0,0,166,184,10,11,2,5,9,7
216542,University of Valley Forge,2014,0,0,1,0,16,7,5,13,0,0,29,30,5,5,0,1,0,1
216597,Villanova University,2014,1,1,60,80,28,37,71,71,0,0,603,639,18,20,4,10,6,19
216667,Washington & Jefferson College,2014,0,0,3,3,12,8,5,8,0,0,177,146,6,8,8,5,4,6
216694,Waynesburg University,2014,3,1,2,0,7,4,1,4,2,0,114,183,4,7,2,1,0,0
216764,West Chester University of Pennsylvania,2014,0,1,15,33,84,148,53,66,0,4,697,1146,31,48,10,6,2,0
216807,Westminster College,2014,0,0,3,4,19,1,3,2,0,0,71,135,2,2,18,18,0,0
216852,Widener University,2014,1,1,15,29,38,47,8,31,0,0,261,256,16,15,2,4,9,0
216931,Wilkes University,2014,0,1,3,5,11,12,14,30,1,0,191,193,25,35,9,5,17,5
217013,Wilson College,2014,0,1,1,1,6,6,0,2,0,0,5,61,0,1,1,19,1,2
217059,York College of Pennsylvania,2014,0,1,8,16,32,38,35,36,1,0,389,483,17,25,4,0,1,2
217156,Brown University,2014,2,7,104,121,45,61,84,100,2,3,371,311,38,52,36,36,82,104
217165,Bryant University,2014,1,1,17,18,25,14,23,34,1,0,372,228,5,4,5,7,39,32
217235,Johnson & Wales University-Providence,2014,0,0,1,0,81,152,85,142,0,0,410,733,86,120,11,23,15,19
217305,New England Institute of Technology,2014,6,0,5,5,18,4,48,6,0,0,277,69,4,3,34,4,6,1
217402,Providence College,2014,0,1,2,9,20,26,32,50,0,1,363,455,11,14,9,20,10,7
217420,Rhode Island College,2014,4,5,19,30,25,70,59,152,0,1,203,440,2,8,13,38,0,3
217484,University of Rhode Island,2014,2,1,37,59,92,75,130,165,1,0,1064,1282,30,57,43,49,23,13
217493,Rhode Island School of Design,2014,0,1,30,77,5,4,16,18,0,0,50,86,9,20,8,15,30,93
217518,Roger Williams University,2014,4,5,13,21,11,10,22,27,0,1,415,532,0,0,22,20,40,6
217536,Salve Regina University,2014,2,3,4,4,7,4,13,32,0,0,160,362,0,4,6,13,6,3
217606,Northpoint Bible College,2014,0,1,0,0,2,3,3,5,0,0,16,10,1,0,0,3,1,0
217624,Allen University,2014,0,0,0,0,72,114,1,1,0,0,1,0,0,0,0,0,0,0
217633,Anderson University,2014,3,9,2,7,20,11,7,12,0,1,186,381,0,0,6,0,0,1
217688,Charleston Southern University,2014,1,0,2,4,87,78,9,18,1,0,162,238,11,9,14,13,0,5
217721,Benedict College,2014,0,0,2,1,281,256,0,0,0,0,2,0,0,0,0,0,0,0
217749,Bob Jones University,2014,2,0,10,4,6,5,15,25,0,3,199,237,6,10,25,30,12,10
217776,Southern Wesleyan University,2014,0,0,1,0,17,29,7,8,0,0,48,71,2,1,1,1,3,1
217819,College of Charleston,2014,2,2,7,21,28,104,30,70,0,1,600,1188,27,65,1,3,9,3
217864,Citadel Military College of South Carolina,2014,4,0,13,0,55,4,39,11,0,0,428,29,25,5,1,1,3,0
217873,Claflin University,2014,2,3,3,1,112,242,1,6,0,0,2,0,0,0,0,0,7,10
217882,Clemson University,2014,4,3,39,41,105,140,58,48,0,1,1458,1454,40,52,5,3,13,6
217891,Clinton College,2014,0,0,0,0,34,39,2,1,0,0,1,0,1,2,13,12,0,0
217907,Coker University,2014,1,0,0,0,21,29,5,1,0,0,66,82,0,0,9,10,2,3
217925,Columbia International University,2014,0,0,0,0,5,6,1,3,0,0,28,38,2,2,0,17,1,1
217934,Columbia College,2014,0,1,0,0,0,34,0,6,0,0,0,71,0,12,0,2,0,10
217961,Converse University,2014,0,0,0,1,0,25,0,17,0,0,0,156,0,14,0,17,0,3
217998,Erskine College,2014,0,0,1,2,14,11,3,1,0,0,57,76,0,0,16,6,0,0
218061,Francis Marion University,2014,0,0,7,1,86,283,5,11,1,0,115,211,5,12,3,1,12,3
218070,Furman University,2014,0,0,1,14,23,16,9,18,0,0,229,334,8,9,9,10,20,23
218229,Lander University,2014,0,0,8,3,38,90,2,3,0,0,122,258,6,2,4,16,1,0
218238,Limestone University,2014,0,0,1,0,139,46,11,4,1,0,110,109,0,1,1,1,14,10
218399,Morris College,2014,0,0,0,0,94,128,1,0,0,0,0,0,0,1,0,0,0,0
218414,Newberry College,2014,1,1,0,1,55,25,5,6,0,1,82,79,7,3,1,3,5,2
218441,North Greenville University,2014,1,2,2,2,29,13,10,10,2,0,231,249,0,0,16,16,0,0
218539,Presbyterian College,2014,1,0,0,4,27,16,6,4,0,0,100,104,3,4,1,0,4,1
218645,University of South Carolina Aiken,2014,1,2,3,2,39,114,10,19,0,0,118,212,9,16,7,5,26,12
218654,University of South Carolina Beaufort,2014,0,0,1,3,18,55,6,16,0,0,105,119,4,9,13,17,5,6
218663,University of South Carolina-Columbia,2014,6,4,64,78,109,176,96,94,0,5,1838,2210,77,92,19,22,37,16
218724,Coastal Carolina University,2014,4,6,5,10,223,206,39,59,1,0,742,935,47,78,2,3,6,8
218733,South Carolina State University,2014,0,1,4,1,310,299,2,4,0,0,3,6,0,0,0,0,1,1
218742,University of South Carolina-Upstate,2014,0,2,12,7,70,194,11,27,0,0,130,256,12,25,3,9,11,6
218919,Voorhees University,2014,0,0,0,0,55,76,0,0,0,0,0,0,0,0,1,0,4,0
218964,Winthrop University,2014,1,6,5,11,71,228,21,30,1,0,175,413,10,32,2,6,2,4
218973,Wofford College,2014,1,1,4,14,14,17,15,9,1,1,160,211,13,14,1,1,5,5
219000,Augustana University,2014,0,1,0,2,8,3,5,4,0,1,136,204,2,3,0,0,14,13
219046,Black Hills State University,2014,11,16,2,1,4,1,12,12,0,0,144,223,6,11,4,7,2,5
219082,Dakota State University,2014,2,2,3,1,12,0,8,1,0,0,144,78,7,3,6,0,1,1
219091,Dakota Wesleyan University,2014,1,0,0,0,3,0,2,0,0,0,60,62,4,5,0,0,4,0
219198,Mount Marty University,2014,1,0,0,0,2,1,4,4,0,0,31,69,0,0,0,0,0,0
219204,National American University-Rapid City,2014,0,2,0,0,0,0,0,0,0,0,1,8,0,1,0,0,0,0
219259,Northern State University,2014,3,11,1,7,13,3,3,7,0,1,107,155,8,4,0,1,16,7
219277,Oglala Lakota College,2014,48,65,0,0,0,0,0,0,0,0,1,3,0,0,0,0,0,0
219347,South Dakota School of Mines and Technology,2014,3,1,3,2,12,0,21,3,1,0,414,89,23,7,4,0,10,0
219356,South Dakota State University,2014,10,11,4,2,21,9,20,17,1,1,916,1036,30,26,3,2,33,17
219374,Sinte Gleska University,2014,12,21,0,0,0,0,0,0,0,0,3,2,0,0,0,0,0,0
219383,University of Sioux Falls,2014,1,1,0,2,7,1,1,2,0,1,76,134,1,10,0,0,0,1
219471,University of South Dakota,2014,6,20,10,11,17,13,14,25,0,0,368,601,15,21,3,1,12,10
219505,American Baptist College,2014,0,0,0,0,6,5,0,0,0,0,0,0,0,0,0,0,0,0
219602,Austin Peay State University,2014,1,3,8,6,91,128,20,33,2,1,332,459,36,41,8,11,3,1
219639,Baptist Health Sciences University,2014,0,0,0,2,1,15,0,2,0,0,7,45,0,1,0,0,0,0
219709,Belmont University,2014,2,2,12,27,22,47,24,44,0,0,397,713,17,38,10,22,7,8
219718,Bethel University,2014,0,0,1,1,89,75,2,1,1,1,141,111,2,3,12,12,11,4
219790,Bryan College-Dayton,2014,0,0,0,0,3,1,3,4,0,0,74,80,6,7,0,0,10,0
219806,Carson-Newman University,2014,1,0,1,3,24,10,7,7,0,0,156,242,0,0,18,11,2,6
219833,Christian Brothers University,2014,0,1,6,12,43,63,13,14,0,0,83,77,3,5,13,12,6,0
219949,Cumberland University,2014,1,0,1,0,14,8,2,2,0,0,46,66,0,0,21,12,3,2
219976,Lipscomb University,2014,0,1,7,9,13,15,22,26,0,0,173,310,3,6,10,17,7,6
220075,East Tennessee State University,2014,4,0,12,13,85,99,25,37,0,1,732,897,28,34,13,15,17,13
220181,Fisk University,2014,0,0,2,0,70,124,4,4,0,0,1,0,1,2,7,6,0,0
220206,Welch College,2014,1,0,0,0,2,1,2,2,0,0,12,29,2,0,0,0,0,0
220215,Freed-Hardeman University,2014,1,0,2,2,9,13,7,5,0,0,124,163,3,2,2,3,3,1
220473,Johnson University,2014,0,1,0,0,5,2,0,1,0,0,82,88,1,0,1,1,3,2
220516,King University,2014,0,0,0,0,6,10,5,4,0,0,48,83,2,5,5,6,11,3
220552,South College,2014,0,0,1,0,1,9,4,1,0,0,37,95,0,1,0,0,0,0
220598,Lane College,2014,0,0,0,0,180,132,0,0,0,0,0,0,0,0,0,0,0,0
220604,Le Moyne-Owen College,2014,0,0,0,0,66,82,1,0,0,0,0,0,0,0,0,0,0,0
220613,Lee University,2014,0,2,3,6,21,19,6,19,0,1,201,410,2,6,4,9,12,25
220631,Lincoln Memorial University,2014,0,0,0,1,13,6,0,0,0,0,75,141,0,3,5,1,9,0
220701,The University of Tennessee Southern,2014,2,1,0,0,26,45,6,8,1,0,108,199,0,0,5,11,25,10
220710,Maryville College,2014,0,2,0,4,49,12,5,2,0,0,111,134,3,6,1,1,3,1
220862,University of Memphis,2014,3,1,35,39,226,469,54,69,3,3,551,679,44,55,8,5,11,11
220978,Middle Tennessee State University,2014,6,2,43,33,234,475,63,90,0,1,926,969,39,68,2,2,58,25
221351,Rhodes College,2014,2,0,14,24,15,19,10,14,0,0,160,213,6,9,1,9,3,8
221519,The University of the South,2014,0,0,4,2,9,7,11,13,1,0,166,222,5,11,0,0,5,10
221661,Southern Adventist University,2014,0,1,22,21,23,40,55,70,0,4,119,145,11,16,0,0,15,11
221731,Tennessee Wesleyan University,2014,0,0,1,3,9,4,4,1,6,0,51,104,1,3,0,5,3,2
221740,The University of Tennessee-Chattanooga,2014,3,2,22,28,87,167,39,45,0,0,697,963,24,44,7,7,5,4
221759,The University of Tennessee-Knoxville,2014,6,3,79,61,164,191,89,91,0,0,1818,1819,73,87,62,75,48,23
221768,The University of Tennessee-Martin,2014,0,0,4,4,50,81,13,16,0,0,370,565,19,29,0,0,17,4
221838,Tennessee State University,2014,1,1,3,5,408,659,4,9,0,0,30,54,18,26,0,3,90,20
221847,Tennessee Technological University,2014,2,0,15,10,54,28,31,26,0,1,832,747,49,34,4,3,34,5
221892,Trevecca Nazarene University,2014,0,0,1,4,5,12,9,24,0,1,93,139,9,11,3,3,3,1
221953,Tusculum University,2014,2,0,0,1,51,0,4,3,1,0,68,62,5,1,45,47,4,4
221971,Union University,2014,1,0,1,4,7,15,3,3,0,0,94,182,3,4,0,6,4,1
221999,Vanderbilt University,2014,4,2,111,92,72,81,71,79,1,1,431,427,30,39,22,29,55,57
222178,Abilene Christian University,2014,1,2,7,5,52,36,63,115,0,0,251,358,23,29,1,2,12,17
222831,Angelo State University,2014,0,3,5,4,66,51,195,241,2,2,286,353,22,25,0,0,15,11
222877,Arlington Baptist University,2014,0,1,1,0,8,0,1,2,0,0,11,16,0,0,0,0,0,0
222983,Austin College,2014,1,1,16,31,16,10,34,46,0,0,94,96,2,2,0,0,4,4
222992,Austin Community College District,2014,4,11,61,59,47,48,313,359,2,1,492,420,52,39,96,112,59,50
223232,Baylor University,2014,8,7,99,124,100,153,224,332,1,2,958,1367,69,92,4,5,36,41
223463,Remington College-Dallas Campus,2014,1,0,6,3,22,54,43,111,0,0,13,37,1,0,0,0,0,0
223506,Brazosport College,2014,0,2,0,0,7,10,46,50,0,0,63,47,3,5,2,1,0,0
224004,Concordia University Texas,2014,0,0,0,8,9,8,29,38,0,0,45,58,0,0,13,20,0,0
224147,Texas A & M University-Corpus Christi,2014,3,4,18,26,46,80,386,593,0,0,284,398,15,26,3,9,30,19
224226,Dallas Baptist University,2014,2,4,4,8,12,17,33,47,1,0,149,215,0,0,0,0,0,0
224244,Dallas Christian College,2014,0,0,0,0,4,8,5,7,0,1,15,7,0,2,0,0,1,1
224323,University of Dallas,2014,1,2,7,6,3,6,35,42,1,0,86,132,2,6,2,3,4,4
224527,East Texas Baptist University,2014,3,1,0,0,65,21,17,13,0,0,104,115,11,5,0,0,4,4
224545,Texas A&M University-Texarkana,2014,0,0,4,1,11,10,7,12,0,0,51,53,10,6,1,0,0,0
224554,Texas A & M University-Commerce,2014,2,2,8,12,158,166,83,104,0,1,169,201,52,56,0,0,0,2
224660,Western Technical College,2014,0,0,0,1,1,5,19,26,0,0,7,3,0,0,0,0,0,1
224679,Western Technical College,2014,2,0,1,0,3,2,99,40,2,0,17,1,0,0,1,0,0,0
225201,Hallmark University,2014,2,0,3,0,3,1,27,6,0,0,18,10,1,0,0,0,0,0
225247,Hardin-Simmons University,2014,1,0,1,0,20,6,28,22,0,0,111,133,10,0,1,4,2,0
225399,Houston Christian University,2014,1,0,22,28,65,79,67,132,1,1,61,88,12,13,15,11,9,10
225414,University of Houston-Clear Lake,2014,0,0,5,9,3,9,21,48,0,0,32,64,4,4,0,2,1,0
225432,University of Houston-Downtown,2014,0,1,47,65,34,55,255,309,1,0,29,23,3,10,5,5,33,39
225502,University of Houston-Victoria,2014,0,0,3,5,24,54,78,107,0,0,23,24,2,5,0,1,4,3
225511,University of Houston,2014,2,1,551,526,173,236,581,561,8,0,530,377,77,74,17,17,106,71
225548,Howard Payne University,2014,1,0,1,1,30,11,43,29,0,0,75,90,4,1,6,8,0,0
225575,Huston-Tillotson University,2014,0,0,1,1,61,66,22,19,0,0,8,3,1,1,0,2,9,9
225627,University of the Incarnate Word,2014,1,0,9,16,26,42,175,360,1,0,50,83,3,8,26,67,25,21
225885,Jarvis Christian University,2014,1,0,0,0,74,74,18,13,0,0,4,1,0,0,1,0,0,0
226091,Lamar University,2014,2,8,26,32,171,240,106,132,3,2,303,308,18,20,14,17,5,8
226134,Laredo College,2014,0,0,1,1,2,0,468,468,0,0,12,2,1,1,1,0,1,1
226152,Texas A & M International University,2014,2,0,2,2,0,2,395,524,0,0,4,10,1,1,0,0,17,10
226231,LeTourneau University,2014,0,1,4,1,6,4,18,3,0,0,171,80,6,3,6,3,10,9
226383,Lubbock Christian University,2014,1,0,2,2,10,8,27,33,0,1,68,106,0,0,0,0,3,3
226471,University of Mary Hardin-Baylor,2014,1,3,1,5,47,44,45,73,1,0,156,243,12,10,25,33,6,1
226587,McMurry University,2014,1,0,0,0,50,12,25,16,0,0,62,39,1,0,1,0,0,0
226806,Midland College,2014,1,3,3,4,16,16,108,149,0,1,82,81,2,4,5,2,0,0
226833,Midwestern State University,2014,4,3,9,13,50,62,73,98,1,0,189,256,13,26,4,2,16,9
226879,Wade College,2014,0,0,0,0,1,10,4,4,0,1,1,12,0,0,4,25,0,0
227216,University of North Texas,2014,8,13,173,166,201,266,489,560,1,6,926,972,196,239,17,9,51,46
227331,Our Lady of the Lake University,2014,2,0,0,1,18,21,79,190,0,0,9,25,3,1,0,3,5,0
227368,The University of Texas Rio Grande Valley,2014,1,0,35,42,7,13,1303,1574,0,0,46,54,4,5,12,18,18,23
227429,Paul Quinn College,2014,0,0,0,0,30,37,12,5,0,0,0,1,2,1,0,0,0,0
227526,Prairie View A & M University,2014,4,0,9,6,565,911,24,27,0,1,16,12,6,8,5,12,2,0
227757,Rice University,2014,0,1,117,134,48,31,70,47,1,0,202,138,21,20,1,3,54,58
227845,Saint Edward's University,2014,3,0,13,25,14,25,137,236,0,1,69,173,12,30,2,3,40,27
227863,University of St Thomas,2014,0,0,16,24,6,6,22,53,0,0,19,37,2,9,2,3,11,13
227881,Sam Houston State University,2014,2,4,13,16,178,417,220,392,2,1,413,660,32,54,10,16,9,9
228042,Schreiner University,2014,0,0,0,1,3,7,50,59,0,0,60,82,1,7,0,0,1,2
228149,St. Mary's University,2014,1,2,2,7,7,11,123,179,0,2,46,54,2,2,2,10,13,6
228246,Southern Methodist University,2014,2,1,45,46,29,32,78,68,1,1,490,509,27,27,0,0,55,44
228325,Nelson University,2014,2,1,1,0,37,11,31,28,1,0,87,104,3,1,0,1,0,0
228343,Southwestern University,2014,0,0,2,5,6,9,37,56,1,0,108,128,9,3,0,2,7,9
228431,Stephen F Austin State University,2014,4,8,10,22,146,283,159,281,0,1,433,741,26,51,0,6,2,5
228459,Texas State University,2014,7,8,38,71,232,372,712,1230,5,5,898,1438,75,122,2,3,12,4
228468,Southwestern Adventist University,2014,0,1,2,6,14,18,34,42,1,2,17,19,3,3,0,0,1,1
228486,Southwestern Christian College,2014,1,0,0,0,19,30,3,2,0,0,0,1,1,0,0,0,3,3
228501,Sul Ross State University,2014,0,1,1,1,36,8,101,78,0,0,55,38,7,1,0,1,0,0
228529,Tarleton State University,2014,4,9,5,5,87,124,119,231,2,0,492,836,40,50,3,5,0,1
228705,Texas A & M University-Kingsville,2014,1,1,6,4,65,35,418,366,1,0,101,70,1,2,3,1,7,6
228723,Texas A & M University-College Station,2014,12,5,372,331,141,191,1092,1245,3,8,2819,2871,167,162,8,7,30,25
228769,The University of Texas at Arlington,2014,3,1,226,207,111,211,356,449,2,0,445,406,50,46,0,3,103,64
228778,The University of Texas at Austin,2014,3,0,854,773,105,144,618,829,4,6,1407,1728,99,148,26,36,133,123
228787,The University of Texas at Dallas,2014,0,1,464,420,47,72,245,169,2,1,525,292,69,45,21,25,49,33
228796,The University of Texas at El Paso,2014,1,1,10,7,34,28,1148,1341,1,0,74,69,11,10,15,9,87,62
228802,The University of Texas at Tyler,2014,1,1,4,14,15,23,51,69,0,0,138,245,10,16,49,34,7,1
228875,Texas Christian University,2014,4,8,21,46,40,39,86,124,2,4,533,897,1,0,0,2,31,50
228884,Texas College,2014,0,0,0,0,103,55,6,2,0,0,7,3,0,0,0,0,0,0
228981,Texas Lutheran University,2014,0,1,0,1,18,6,55,38,0,0,80,78,9,4,9,10,0,0
229018,The University of Texas Permian Basin,2014,1,2,7,2,9,8,128,131,2,1,58,52,0,1,1,2,3,1
229027,The University of Texas at San Antonio,2014,6,2,194,203,178,325,1200,1413,7,7,604,518,86,101,12,11,51,30
229063,Texas Southern University,2014,8,5,10,12,520,691,51,63,3,0,15,9,0,0,2,7,23,15
229115,Texas Tech University,2014,7,5,83,65,169,154,627,590,5,6,1773,1665,86,93,14,7,123,47
229160,Texas Wesleyan University,2014,0,2,0,0,18,13,27,47,0,0,47,34,2,2,3,1,95,19
229179,Texas Woman's University,2014,0,6,17,107,14,231,37,349,0,1,28,298,9,48,0,5,0,3
229267,Trinity University,2014,0,0,17,17,11,12,53,70,0,0,181,185,21,18,7,6,32,25
229355,Tyler Junior College,2014,7,3,19,9,414,419,203,241,2,0,458,588,35,46,2,1,6,13
229780,Wayland Baptist University,2014,2,0,0,0,30,11,50,47,0,0,69,38,6,3,7,10,6,3
229814,West Texas A & M University,2014,5,3,5,9,75,33,190,188,1,0,328,405,18,12,13,8,22,8
229887,Wiley University,2014,0,0,0,0,69,111,15,9,0,0,3,0,0,0,0,0,12,10
230038,Brigham Young University,2014,3,6,34,59,15,11,56,172,5,13,1010,2300,61,140,12,38,41,38
230047,Brigham Young University-Hawaii,2014,1,2,12,25,1,3,8,20,11,29,73,224,9,46,0,0,26,28
230171,Utah Tech University,2014,11,14,6,8,33,18,109,126,18,13,378,721,36,37,5,7,37,43
230366,Eagle Gate College-Murray,2014,0,1,0,0,0,0,1,2,0,0,4,6,0,0,2,15,0,0
230597,Snow College,2014,10,11,3,14,20,9,30,41,23,9,385,815,7,17,4,9,32,36
230603,Southern Utah University,2014,5,10,3,4,15,9,23,18,7,12,283,608,0,1,49,65,33,23
230728,Utah State University,2014,65,71,13,12,25,16,104,151,4,10,1066,1957,38,43,53,44,12,12
230737,Utah Valley University,2014,15,11,12,12,11,19,154,196,18,15,850,1168,28,22,23,21,43,19
230764,University of Utah,2014,2,6,94,105,27,14,167,217,9,10,972,984,74,94,14,4,58,20
230782,Weber State University,2014,5,3,16,16,30,19,126,172,7,10,462,651,39,32,181,332,28,39
230807,Westminster University,2014,0,1,6,10,5,1,21,23,0,0,155,214,13,11,0,2,10,10
230816,Bennington College,2014,0,3,0,2,1,2,2,9,0,0,40,68,3,7,1,8,19,27
230852,Champlain College,2014,2,3,8,8,6,6,13,13,0,0,296,161,10,9,57,36,1,1
230889,Goddard College,2014,0,0,0,0,0,0,0,0,0,0,1,2,0,0,0,2,0,0
230959,Middlebury College,2014,1,0,17,26,14,12,30,34,0,0,166,182,10,18,1,1,35,33
230995,Norwich University,2014,1,0,16,2,23,10,30,11,3,2,393,102,27,8,5,5,10,7
231059,Saint Michael's College,2014,0,0,3,8,1,6,13,16,0,0,218,283,3,8,1,0,9,5
231095,Sterling College,2014,0,0,0,0,0,2,1,1,0,0,8,6,0,0,2,0,1,0
231165,Vermont State University,2014,0,0,0,1,2,0,2,0,0,0,120,59,4,3,2,0,2,0
231174,University of Vermont,2014,1,2,23,55,19,15,47,63,0,0,840,1087,38,38,6,6,24,22
231420,Averett University,2014,1,1,1,0,50,25,6,3,0,0,54,64,0,0,0,0,5,3
231554,Bluefield University,2014,0,0,1,2,41,5,9,3,0,0,45,40,5,4,1,0,2,0
231581,Bridgewater College,2014,2,1,6,2,34,29,15,14,0,0,155,183,12,17,12,4,0,2
231624,William & Mary,2014,1,2,62,82,47,77,49,74,0,0,395,508,28,29,16,27,40,74
231651,Regent University,2014,1,2,0,3,11,15,4,11,0,0,46,74,8,20,1,3,1,2
231712,Christopher Newport University,2014,0,2,12,16,58,47,29,30,1,0,370,569,23,39,9,18,3,2
231785,Bryant & Stratton College-Virginia Beach,2014,0,0,0,0,13,30,0,1,0,1,3,9,1,0,0,0,0,0
232025,Emory & Henry University,2014,0,1,1,2,31,6,4,4,0,1,110,93,4,2,17,6,1,1
232043,Eastern Mennonite University,2014,1,0,1,4,16,24,6,13,0,0,58,91,2,5,3,2,9,5
232089,Ferrum College,2014,1,1,2,0,119,73,19,16,0,0,128,105,8,19,4,3,0,1
232186,George Mason University,2014,2,3,257,294,132,215,147,179,6,8,772,725,70,85,34,31,43,43
232256,Hampden-Sydney College,2014,2,0,1,0,26,0,9,0,0,0,262,1,19,0,2,0,0,0
232265,Hampton University,2014,1,0,1,1,259,563,1,6,0,0,6,7,0,0,0,0,5,5
232308,Hollins University,2014,0,1,0,4,0,29,0,15,0,0,0,101,0,3,0,2,0,10
232423,James Madison University,2014,3,3,87,127,73,118,95,157,3,3,1252,2042,71,98,76,87,29,34
232557,Liberty University,2014,11,12,29,33,149,187,25,44,4,9,942,1132,27,49,328,366,78,60
232566,Longwood University,2014,2,4,6,11,33,49,16,34,1,0,264,557,14,26,15,32,5,8
232609,University of Lynchburg,2014,2,2,3,5,32,46,18,17,0,1,150,197,13,17,2,5,2,0
232672,Mary Baldwin University,2014,0,0,0,9,0,86,0,29,0,1,0,103,0,21,0,11,0,0
232681,University of Mary Washington,2014,2,0,12,26,21,31,24,34,0,2,195,413,11,30,17,16,4,2
232706,Marymount University,2014,0,3,9,22,20,35,24,42,0,1,66,79,9,4,4,7,16,9
232797,American National University,2014,0,0,0,0,2,5,0,1,0,0,5,14,0,0,7,6,0,0
232937,Norfolk State University,2014,0,1,3,3,210,251,9,11,0,1,14,6,15,21,6,5,1,0
232982,Old Dominion University,2014,3,3,73,52,371,548,107,113,10,4,567,531,96,117,72,59,22,16
233277,Radford University,2014,0,2,24,16,123,199,61,78,0,2,584,758,47,89,5,7,10,8
233295,Randolph-Macon College,2014,0,2,0,11,13,20,5,13,0,0,151,174,12,14,2,8,0,2
233301,Randolph College,2014,1,0,3,4,13,17,6,5,0,0,44,72,3,8,0,0,8,7
233374,University of Richmond,2014,1,1,24,48,16,33,31,42,0,0,248,239,16,16,17,18,35,29
233426,Roanoke College,2014,0,0,3,5,17,22,7,16,0,1,172,280,11,14,0,0,9,5
233541,Shenandoah University,2014,6,7,5,5,41,28,17,20,1,0,104,155,0,0,9,14,4,1
233611,Southern Virginia University,2014,2,1,1,2,5,2,3,8,0,1,72,105,5,8,5,0,1,3
233684,Strayer University-Virginia,2014,0,0,1,1,23,17,2,3,0,0,19,9,2,1,2,0,1,0
233718,Sweet Briar College,2014,0,2,0,2,0,25,0,13,0,0,0,99,0,8,0,3,0,2
233897,University of Virginia's College at Wise,2014,1,0,2,4,37,17,3,2,0,0,89,122,0,0,15,12,0,0
233921,Virginia Polytechnic Institute and State University,2014,4,4,309,243,127,83,168,127,5,5,1950,1673,128,123,138,98,217,72
234030,Virginia Commonwealth University,2014,3,7,233,311,170,391,123,167,1,2,736,1000,90,148,8,22,64,46
234076,University of Virginia-Main Campus,2014,1,0,204,277,85,150,114,129,1,1,984,1266,80,100,74,93,75,72
234085,Virginia Military Institute,2014,3,0,23,3,21,8,16,5,3,0,311,47,5,2,0,0,4,1
234155,Virginia State University,2014,0,3,4,6,337,485,8,15,0,0,7,7,0,0,19,15,0,0
234164,Virginia Union University,2014,1,1,0,0,163,239,6,4,4,0,0,0,0,0,0,2,0,0
234173,Virginia Wesleyan University,2014,1,1,2,5,41,69,8,27,0,0,77,130,1,12,6,22,4,0
234207,Washington and Lee University,2014,0,0,6,7,3,6,4,14,0,0,204,192,7,10,2,2,6,8
234669,Bellevue College,2014,4,0,35,40,15,24,45,31,2,5,120,110,23,17,12,15,3,1
234696,Bellingham Technical College,2014,0,1,0,0,0,0,4,1,0,0,22,8,2,0,2,2,0,0
234827,Central Washington University,2014,5,5,25,14,31,23,77,103,13,5,374,415,58,61,59,57,13,2
234845,Centralia College,2014,2,2,0,1,1,1,15,12,0,3,109,141,8,14,7,5,3,0
234933,Clark College,2014,4,2,12,21,6,5,44,42,3,7,328,348,41,45,15,18,7,2
234951,Clover Park Technical College,2014,3,1,2,12,25,19,16,16,2,5,72,79,13,15,6,3,1,0
234979,Columbia Basin College,2014,2,3,2,8,2,1,125,152,0,3,152,198,17,11,17,10,2,0
235024,Cornish College of the Arts,2014,0,0,4,4,4,2,7,17,0,1,36,64,5,14,3,0,0,0
235097,Eastern Washington University,2014,6,15,20,13,32,41,90,156,8,4,440,619,44,64,6,11,10,2
235103,Edmonds College,2014,2,0,29,24,11,11,20,13,1,2,83,89,15,16,12,4,1,1
235167,The Evergreen State College,2014,4,5,9,6,13,11,19,40,1,1,142,197,13,34,15,17,0,0
235237,Pierce College District,2014,1,0,12,9,24,21,23,20,5,4,68,90,23,30,12,16,0,0
235316,Gonzaga University,2014,4,1,26,34,6,7,57,53,0,1,353,411,22,20,15,15,12,11
235334,Grays Harbor College,2014,4,4,2,0,2,4,15,27,0,1,78,106,13,22,4,3,0,0
235343,Green River College,2014,0,2,16,25,30,13,31,30,1,3,160,167,27,39,26,23,0,1
235422,Heritage University,2014,1,1,0,0,0,0,32,63,0,0,2,4,2,6,2,0,5,3
235431,Highline College,2014,1,3,26,44,27,18,26,22,4,3,48,65,17,24,14,17,0,1
235699,Lake Washington Institute of Technology,2014,0,0,1,4,3,0,10,8,1,0,66,41,2,3,7,5,0,1
236072,North Seattle College,2014,3,0,7,6,3,1,11,6,0,0,31,18,11,3,6,7,0,0
236133,Northwest University,2014,1,4,6,12,6,6,5,15,2,4,64,92,5,6,5,2,4,0
236188,Olympic College,2014,1,1,7,9,8,8,13,22,5,3,144,135,18,26,6,13,13,11
236230,Pacific Lutheran University,2014,1,4,10,38,5,11,19,39,6,4,128,252,17,30,0,0,4,6
236258,Peninsula College,2014,3,3,2,1,2,3,9,14,0,0,33,55,13,12,6,5,12,11
236328,University of Puget Sound,2014,0,0,18,30,3,4,24,27,0,0,209,285,27,27,2,4,2,1
236382,Renton Technical College,2014,1,0,13,11,9,8,8,9,0,0,41,23,7,2,3,4,0,0
236452,Saint Martin's University,2014,1,1,6,4,3,2,7,15,9,3,40,44,6,7,1,1,3,1
236504,South Seattle College,2014,0,0,26,12,11,9,16,16,2,1,38,18,10,13,9,7,0,0
236513,Seattle Central College,2014,2,0,14,13,10,11,8,5,0,0,36,32,12,17,6,7,0,2
236577,Seattle Pacific University,2014,0,1,25,55,7,11,18,52,0,4,116,316,17,39,1,2,6,13
236595,Seattle University,2014,0,4,57,89,6,14,35,70,4,7,153,220,29,48,46,98,20,25
236638,Skagit Valley College,2014,2,3,7,4,5,4,33,41,0,0,154,127,13,10,2,2,7,8
236692,Spokane Community College,2014,6,8,3,8,3,3,28,20,2,1,259,263,23,26,19,11,1,0
236708,Spokane Falls Community College,2014,4,12,16,9,11,6,44,47,1,1,298,352,37,42,12,16,13,4
236753,Tacoma Community College,2014,1,1,12,17,14,23,35,32,0,6,99,136,25,33,23,17,14,15
236887,Walla Walla Community College,2014,3,2,0,0,1,2,67,45,1,0,133,135,12,7,15,13,1,0
236896,Walla Walla University,2014,1,1,18,23,12,5,22,37,1,2,117,101,0,0,7,16,1,0
236939,Washington State University,2014,11,15,114,126,86,98,277,383,7,11,1283,1389,166,233,20,23,77,38
236948,University of Washington-Seattle Campus,2014,19,14,710,845,64,85,182,246,6,14,1342,1259,204,237,36,25,470,450
236975,Wenatchee Valley College,2014,2,4,1,3,5,1,86,89,0,0,100,116,8,16,7,5,0,0
237011,Western Washington University,2014,2,6,95,134,21,25,107,122,2,3,836,1116,110,163,5,9,4,3
237039,Whatcom Community College,2014,1,0,6,6,2,1,24,19,0,0,97,118,14,7,13,13,0,0
237057,Whitman College,2014,0,0,8,16,2,3,12,16,0,0,123,155,14,18,3,5,10,10
237066,Whitworth University,2014,2,3,18,23,6,4,28,31,3,2,178,262,8,25,1,1,9,13
237109,Yakima Valley College,2014,2,2,2,1,8,2,59,89,1,2,65,80,12,8,1,0,0,0
237136,Appalachian Bible College,2014,0,0,0,0,0,0,0,0,0,0,18,16,0,0,0,0,0,0
237181,Bethany College,2014,0,3,0,0,48,7,11,3,2,1,75,61,5,4,11,6,8,1
237215,Bluefield State University,2014,0,1,0,1,11,12,0,3,0,0,81,120,1,1,2,1,1,1
237312,University of Charleston,2014,2,3,0,4,22,10,8,7,0,0,86,131,1,0,12,10,28,8
237330,Concord University,2014,0,1,1,2,23,14,2,1,1,1,155,192,0,0,0,0,15,9
237358,Davis & Elkins College,2014,1,0,0,0,9,5,0,0,0,0,44,84,0,0,12,32,24,1
237367,Fairmont State University,2014,0,0,0,2,39,11,8,4,0,0,257,332,8,8,3,1,7,0
237385,Glenville State University,2014,0,0,0,0,24,5,0,1,0,0,88,82,2,1,34,27,0,0
237525,Marshall University,2014,6,4,4,10,78,67,16,20,0,0,641,907,28,31,5,4,5,7
237686,West Virginia University at Parkersburg,2014,0,0,0,1,1,2,1,0,0,0,118,138,3,7,11,6,0,0
237701,Potomac State College of West Virginia University,2014,6,3,3,2,86,61,9,17,0,1,193,240,2,3,1,1,2,2
237783,Salem University,2014,0,1,0,1,15,7,4,1,0,1,16,31,0,0,8,14,16,1
237792,Shepherd University,2014,1,2,5,14,42,16,8,16,0,0,195,320,4,11,0,0,0,0
237899,West Virginia State University,2014,1,0,1,1,32,16,1,1,0,0,96,108,0,0,64,70,2,4
237932,West Liberty University,2014,3,0,1,1,12,9,2,1,0,0,145,254,3,4,9,18,1,3
237950,West Virginia University Institute of Technology,2014,1,0,2,2,15,5,8,5,0,0,115,69,9,2,2,0,21,4
237969,West Virginia Wesleyan College,2014,2,0,1,1,26,13,5,4,1,0,123,210,4,12,0,2,8,3
238032,West Virginia University,2014,2,3,59,22,128,88,89,70,3,1,2057,1888,106,103,4,2,171,54
238078,Wheeling University,2014,2,0,3,0,18,7,7,1,0,0,99,81,11,4,8,2,7,2
238193,Alverno College,2014,0,7,0,18,0,20,0,62,0,2,0,81,0,3,0,0,0,0
238324,Bellin College,2014,0,0,0,0,0,0,0,0,0,0,4,22,0,0,0,0,0,0
238333,Beloit College,2014,0,0,3,8,7,4,17,10,0,0,108,105,0,0,1,1,15,20
238458,Carroll University,2014,1,1,12,32,7,3,15,33,0,0,214,399,5,16,2,5,5,8
238476,Carthage College,2014,4,0,7,4,39,17,14,18,0,3,258,285,13,18,15,9,0,0
238616,Concordia University-Wisconsin,2014,0,3,5,7,6,7,10,7,0,1,216,337,11,14,7,1,4,3
238661,Edgewood College,2014,0,0,4,10,5,4,8,13,0,0,54,171,1,5,4,5,2,3
238980,Lakeland University,2014,2,1,1,1,14,11,2,6,0,0,56,62,0,1,3,0,1,0
239017,Lawrence University,2014,0,1,5,11,12,11,12,26,0,0,117,124,8,10,1,2,21,19
239071,Maranatha Baptist University,2014,0,0,2,0,2,1,7,1,0,1,66,86,4,4,0,5,0,2
239080,Marian University,2014,0,1,0,1,2,9,15,20,1,0,51,133,0,1,2,1,11,2
239105,Marquette University,2014,2,3,50,58,26,39,82,106,1,1,699,794,29,44,1,4,24,26
239309,Milwaukee Institute of Art & Design,2014,0,0,3,2,10,5,4,12,0,0,33,65,1,6,0,1,1,1
239318,Milwaukee School of Engineering,2014,1,1,14,4,6,4,26,9,1,0,321,87,13,0,40,4,24,3
239390,Mount Mary University,2014,0,1,0,18,0,43,0,30,0,0,0,52,0,9,0,0,0,1
239512,Northland College,2014,2,1,0,0,1,0,10,2,0,0,63,59,2,6,0,0,4,0
239628,Ripon College,2014,0,0,1,4,5,4,1,4,0,0,78,106,3,2,1,0,0,2
239716,Saint Norbert College,2014,3,2,5,8,4,1,7,9,0,0,215,255,5,5,0,0,10,7
240107,Viterbo University,2014,0,0,1,1,1,3,4,5,0,0,63,231,1,3,0,0,5,1
240189,University of Wisconsin-Whitewater,2014,1,4,19,16,47,39,66,70,1,1,866,846,88,63,0,1,10,3
240268,University of Wisconsin-Eau Claire,2014,2,2,24,53,8,5,27,30,1,0,701,1098,15,27,1,2,51,49
240277,University of Wisconsin-Green Bay,2014,1,1,7,13,6,4,10,15,0,0,190,478,7,10,0,0,9,5
240329,University of Wisconsin-La Crosse,2014,0,2,18,25,7,9,31,44,0,1,682,1106,25,29,0,0,4,2
240338,Wisconsin Lutheran College,2014,2,0,1,1,3,5,5,3,1,0,77,108,6,2,0,1,2,3
240365,University of Wisconsin-Oshkosh,2014,4,4,26,43,29,30,19,28,0,0,591,858,13,34,0,1,5,3
240374,University of Wisconsin-Parkside,2014,0,0,12,10,18,27,46,46,0,1,185,197,13,9,0,0,7,6
240392,Herzing University-Madison,2014,0,0,0,1,6,21,2,2,0,0,14,35,1,5,8,47,0,0
240417,University of Wisconsin-Stout,2014,1,0,31,24,21,7,27,14,0,2,652,613,31,14,0,0,12,4
240426,University of Wisconsin-Superior,2014,1,0,0,3,4,0,7,7,0,0,95,158,6,11,0,0,21,13
240444,University of Wisconsin-Madison,2014,4,6,171,180,59,76,151,177,5,3,2303,2529,79,100,8,12,210,170
240453,University of Wisconsin-Milwaukee,2014,10,7,132,108,127,187,163,222,1,0,1006,1178,60,85,0,2,56,30
240462,University of Wisconsin-Platteville,2014,2,3,19,4,15,9,42,17,0,1,1022,491,18,14,0,1,20,6
240471,University of Wisconsin-River Falls,2014,0,2,11,15,11,9,19,18,0,0,316,565,9,16,1,0,3,3
240480,University of Wisconsin-Stevens Point,2014,9,1,23,22,38,21,25,30,0,1,698,699,13,16,1,0,10,7
240727,University of Wyoming,2014,1,4,13,12,13,4,69,79,0,3,570,589,36,28,60,42,21,10
240736,American Samoa Community College,2014,0,0,0,1,0,0,0,0,111,184,0,0,0,0,0,0,6,20
240754,University of Guam,2014,1,0,123,159,1,2,4,0,82,133,1,4,0,0,6,6,4,1
240790,Northern Marianas College,2014,1,0,32,55,1,0,1,0,62,87,1,2,7,12,1,1,6,5
241100,American University of Puerto Rico,2014,0,0,0,0,0,0,73,62,0,0,0,0,0,0,0,0,0,0
241128,American University of Puerto Rico,2014,0,0,0,0,0,0,85,94,0,0,0,0,0,0,0,0,0,0
241191,Universidad Adventista de las Antillas,2014,0,0,0,0,3,0,60,125,0,0,1,1,0,0,0,0,0,0
241216,Atlantic University,2014,0,0,0,0,0,0,207,60,0,0,0,0,0,0,0,0,0,0
241225,Universidad Central de Bayamon,2014,0,0,0,0,0,0,101,135,0,0,0,0,0,0,1,1,0,0
241304,Columbia Central University-Caguas,2014,0,0,0,0,0,0,66,161,0,0,0,0,0,0,0,0,0,0
241331,Albizu University-San Juan,2014,0,0,0,0,0,0,2,28,0,0,0,0,0,0,0,0,0,0
241377,Caribbean University-Bayamon,2014,0,0,0,0,0,0,122,145,0,0,0,0,0,0,0,0,0,0
241386,Caribbean University-Carolina,2014,0,0,0,0,0,0,17,22,0,0,0,0,0,0,0,0,0,0
241395,Pontifical Catholic University of Puerto Rico-Arecibo,2014,0,0,0,0,0,0,33,44,0,0,0,0,0,0,3,4,0,0
241410,Pontifical Catholic University of Puerto Rico-Ponce,2014,0,0,0,0,0,0,350,588,0,0,0,0,0,0,28,33,0,1
241517,CEM College-San Juan,2014,0,0,0,0,0,0,38,87,0,0,0,0,0,0,0,0,0,0
241614,Universidad Teologica del Caribe,2014,0,0,0,0,0,0,1,2,0,0,0,0,0,0,0,0,0,0
241720,Colegio Universitario de San Juan,2014,0,0,0,0,0,0,108,114,0,0,0,0,0,0,0,0,0,0
241739,Universidad Ana G. Mendez-Cupey Campus,2014,0,0,0,0,0,0,815,1269,0,0,0,0,0,0,0,0,0,0
241766,Puerto Rico Conservatory of Music,2014,0,0,0,0,0,0,9,5,0,0,0,0,0,0,0,0,4,0
241836,EDP University of Puerto Rico Inc-San Sebastian,2014,0,0,0,0,0,0,46,85,0,0,0,0,0,0,0,0,0,0
241951,Escuela de Artes Plasticas y Diseno de Puerto Rico,2014,0,0,0,0,0,0,34,57,0,0,0,0,0,0,0,0,0,0
242112,Huertas College,2014,0,0,0,0,0,0,148,118,0,0,0,0,0,0,0,0,0,0
242121,Humacao Community College,2014,0,0,0,0,0,0,50,102,0,0,0,0,0,0,0,0,0,0
242617,Inter American University of Puerto Rico-San German,2014,0,0,0,0,0,2,474,493,0,0,1,2,0,0,0,0,0,0
242626,Inter American University of Puerto Rico-Aguadilla,2014,0,3,1,0,0,0,436,491,0,0,0,1,0,0,0,0,0,0
242635,Inter American University of Puerto Rico-Arecibo,2014,0,0,0,0,0,0,426,465,0,0,2,1,0,0,0,0,0,0
242644,Inter American University of Puerto Rico-Barranquitas,2014,0,0,0,0,0,0,222,348,0,0,0,0,0,0,0,0,0,0
242653,Inter American University of Puerto Rico-Metro,2014,3,4,1,0,1,0,399,435,0,0,5,2,0,0,0,0,0,0
242662,Inter American University of Puerto Rico-Ponce,2014,1,0,1,0,1,1,399,602,0,0,2,8,0,0,0,0,0,0
242680,Inter American University of Puerto Rico-Fajardo,2014,1,0,0,0,0,0,215,230,0,0,0,0,0,0,0,0,0,0
242699,Inter American University of Puerto Rico-Guayama,2014,0,0,0,0,0,0,107,228,0,0,1,1,0,0,0,0,0,0
242705,Inter American University of Puerto Rico-Bayamon,2014,7,5,0,0,4,2,569,482,1,0,4,5,0,0,0,0,0,0
242972,NUC University,2014,0,0,0,0,0,0,177,363,0,0,0,0,0,0,0,0,0,0
243106,University of Puerto Rico-Aguadilla,2014,0,1,0,0,0,1,281,399,0,0,3,2,1,4,26,22,0,0
243115,University of Puerto Rico-Arecibo,2014,0,0,0,0,0,0,379,534,0,0,0,0,0,0,0,0,0,0
243133,University of Puerto Rico-Bayamon,2014,0,0,0,0,0,0,564,624,0,0,0,0,0,0,0,0,0,0
243142,University of Puerto Rico-Carolina,2014,2,3,1,0,1,0,341,534,0,0,4,5,1,9,0,0,0,0
243151,University of Puerto Rico at Cayey,2014,0,0,0,0,0,0,279,508,0,0,0,0,0,0,0,0,0,0
243179,University of Puerto Rico-Humacao,2014,0,2,0,1,0,0,326,476,0,0,4,5,2,5,23,33,0,0
243188,University of Puerto Rico-Utuado,2014,0,1,0,0,0,0,234,242,0,0,2,1,2,1,11,16,0,0
243197,University of Puerto Rico-Mayaguez,2014,0,0,0,0,0,0,1104,1031,0,0,0,0,0,0,0,0,0,0
243212,University of Puerto Rico at Ponce,2014,0,0,0,0,0,0,367,445,0,0,0,0,0,0,0,0,0,0
243221,University of Puerto Rico-Rio Piedras,2014,3,2,1,1,0,2,876,1367,0,0,11,14,5,3,0,2,0,0
243346,Universidad Ana G. Mendez-Carolina Campus,2014,0,0,0,0,0,0,899,1139,0,0,0,0,0,0,0,0,0,0
243443,Universidad del Sagrado Corazon,2014,0,0,0,0,0,0,211,384,0,0,0,0,0,0,0,0,0,0
243568,Universidad Central Del Caribe,2014,0,0,0,0,0,0,4,6,0,0,0,0,0,0,0,0,0,0
243577,Universidad Politecnica de Puerto Rico,2014,0,0,0,0,0,0,332,79,0,0,0,0,0,0,0,0,0,0
243586,Pontifical Catholic University of Puerto Rico-Mayaguez,2014,0,0,0,0,0,0,78,114,0,0,0,0,0,0,18,25,0,0
243601,Universidad Ana G. Mendez-Gurabo Campus,2014,0,0,0,0,0,0,1137,1289,0,0,0,0,0,0,0,0,0,0
243638,College of Micronesia-FSM,2014,0,0,0,0,0,0,0,0,214,217,0,0,0,0,0,0,0,0
243665,University of the Virgin Islands,2014,1,0,2,0,89,179,11,23,0,0,5,13,4,2,3,17,2,4
243744,Stanford University,2014,9,8,166,182,50,51,159,107,2,5,295,325,88,99,1,2,86,42
243780,Purdue University-Main Campus,2014,5,4,298,177,88,93,181,124,0,0,2311,1821,78,71,82,55,765,380
243823,Parker University,2014,0,0,0,0,1,2,2,1,0,0,0,3,0,0,0,0,0,0
243832,EDP University of Puerto Rico Inc-San Juan,2014,0,0,0,0,0,0,34,59,0,0,0,0,0,0,0,0,0,0
244233,City College-Hollywood,2014,0,0,0,1,6,15,1,5,0,0,0,1,0,0,0,0,0,0
245652,St. John's College,2014,0,0,1,0,0,1,6,3,0,0,31,17,2,3,0,0,7,5
245953,Mid-America Christian University,2014,1,4,0,0,5,13,9,7,0,2,16,36,5,11,1,0,0,0
247065,Beckfield College-Florence,2014,0,0,0,0,0,2,0,0,0,0,9,18,0,0,0,0,0,0
247649,Landmark College,2014,0,0,5,1,1,1,5,0,0,0,47,21,3,1,10,7,0,0
247773,Yeshiva Gedolah of Greater Detroit,2014,0,0,0,0,0,0,0,0,0,0,19,0,0,0,0,0,0,0
248934,ECPI University,2014,6,7,22,12,247,402,60,91,3,1,326,302,16,33,23,57,1,0
251312,South University-Columbia,2014,0,1,0,0,6,14,0,0,0,0,0,1,0,0,0,0,0,0
260789,Platt College-Los Angeles,2014,0,0,6,4,0,3,16,48,0,1,1,4,0,1,0,0,0,0
260813,Platt College-Aurora,2014,0,0,0,0,0,0,0,0,0,0,0,1,0,0,0,0,0,0
262086,University of Massachusetts Global,2014,0,0,0,1,0,1,6,4,0,0,5,9,0,0,0,3,0,0
262129,New College of Florida,2014,0,0,2,3,2,3,11,29,0,0,58,104,5,8,2,3,0,6
262165,Montana Bible College,2014,0,1,0,0,0,0,0,0,0,0,3,8,0,0,0,0,2,0
363907,Caribbean University-Ponce,2014,0,0,0,0,0,0,49,57,0,0,0,0,0,0,0,0,0,0
363916,Caribbean University-Vega Baja,2014,0,0,0,0,0,0,32,49,0,0,0,0,0,0,0,0,0,0
363934,University of Advancing Technology,2014,0,1,1,0,9,3,8,2,1,0,46,0,6,6,12,3,0,0
366003,South Florida Bible College and Theological Seminary,2014,0,0,0,0,0,1,0,0,0,0,2,0,0,0,0,0,2,3
366252,Pennsylvania College of Technology,2014,2,1,7,4,23,16,30,16,0,0,802,312,13,10,10,6,10,0
366340,Stone Child College,2014,21,15,0,0,0,0,0,0,0,0,0,0,0,0,0,0,0,1
366711,California State University-San Marcos,2014,2,5,88,140,16,58,307,723,0,6,236,307,44,84,22,37,22,30
367884,Hodges University,2014,1,0,0,0,3,8,19,21,0,0,17,34,0,1,2,2,0,0
368452,Nossi College of Art and Design,2014,0,0,0,1,3,3,2,0,0,0,13,34,0,0,0,0,0,0
369516,Bryan University,2014,0,0,0,0,5,7,0,2,0,0,8,10,2,1,0,1,0,0
372073,Fremont University,2014,0,0,1,1,6,5,9,7,0,0,1,0,0,1,0,4,0,0
375230,Yeshiva Gedolah Imrei Yosef D'spinka,2014,0,0,0,0,0,0,0,0,0,0,9,0,0,0,0,0,0,0
376224,CEM College-Humacao,2014,0,0,0,0,0,0,43,91,0,0,0,0,0,0,0,0,0,0
376385,Universal Technology College of Puerto Rico,2014,0,0,0,0,0,0,78,123,0,0,0,0,0,0,0,0,0,0
376695,College of the Marshall Islands,2014,1,0,0,0,0,0,0,0,172,157,0,0,0,0,0,0,1,0
377546,Northwest College of Art & Design,2014,1,0,0,0,0,1,0,2,0,0,3,12,1,1,1,3,0,0
377555,University of Washington-Bothell Campus,2014,1,0,104,123,18,28,40,50,2,5,94,91,24,21,4,1,10,5
377564,University of Washington-Tacoma Campus,2014,4,3,47,47,15,19,21,47,5,11,68,78,18,21,3,3,3,2
377661,Valley College-Martinsburg,2014,0,0,0,0,2,6,0,2,0,0,13,41,1,1,1,0,0,0
380359,Bay Mills Community College,2014,22,29,1,0,1,0,0,0,0,0,15,16,0,0,0,0,0,0
380377,Northwest Indian College,2014,22,37,0,0,0,0,2,0,0,0,1,2,2,1,0,0,0,1
380438,Provo College,2014,0,0,0,1,0,0,3,11,0,0,11,53,0,1,4,6,0,0
384254,Beacon College,2014,1,0,1,0,6,3,1,1,0,1,20,13,1,3,0,0,1,0
384412,University of the Potomac-Washington DC Campus,2014,0,0,0,0,3,4,0,0,0,0,0,0,0,0,1,0,0,0
384421,Rabbi Jacob Joseph School,2014,0,0,0,0,0,0,0,0,0,0,19,0,0,0,0,0,0,0
385619,Everglades University,2014,0,0,0,1,3,6,4,5,1,0,11,15,3,2,1,1,0,0
386472,Herzing University-Orlando,2014,0,0,0,0,1,7,0,0,0,0,0,0,0,0,0,0,0,0
388520,College of Biblical Studies-Houston,2014,0,0,0,0,1,1,1,2,0,0,2,1,1,0,0,1,0,0
392257,The College of Health Care Professions-Northwest,2014,2,4,6,15,40,349,49,383,0,2,24,256,2,25,0,1,0,0
399869,Southern California Institute of Technology,2014,0,0,16,1,11,1,78,1,2,0,25,1,1,0,3,0,0,0
399911,Soka University of America,2014,0,0,6,13,1,3,5,5,0,1,9,11,3,3,0,1,19,20
401223,World Mission University,2014,0,0,1,4,0,0,0,0,0,0,0,0,0,0,0,0,0,0
404338,Schiller International University,2014,0,0,0,1,1,1,1,0,0,0,0,5,0,0,1,0,1,0
405854,Rabbinical College of Ohr Shimon Yisroel,2014,0,0,0,0,0,0,0,0,0,0,50,0,0,0,0,0,0,0
406033,Galen College of Nursing-San Antonio,2014,0,1,0,1,4,6,7,21,0,0,4,22,0,0,3,10,0,0
408844,Florida National University-Main Campus,2014,0,0,1,0,4,2,59,184,0,0,3,7,0,1,0,0,0,2
409315,South Texas College,2014,1,1,8,9,3,2,1210,1447,1,1,27,36,3,1,15,17,0,1
409698,California State University-Monterey Bay,2014,1,3,37,49,24,87,202,383,2,4,144,221,28,62,7,16,10,15
413413,Capella University,2014,0,0,0,0,0,0,0,0,0,0,2,1,0,0,0,0,0,0
413617,College of Menominee Nation,2014,23,18,0,0,0,1,0,0,0,0,3,2,0,0,0,0,0,0
414595,Pacific College of Health and Science,2014,0,0,0,0,3,0,0,0,0,0,0,3,1,0,0,0,0,1
414878,Trine University-Regional/Non-Traditional Campuses,2014,0,0,0,0,0,0,0,0,0,0,4,2,0,0,0,0,0,0
417734,Southeast Missouri Hospital College of Nursing and Health Sciences,2014,0,0,0,0,0,0,0,0,0,0,0,3,0,0,0,0,0,0
417752,Messenger College,2014,0,0,0,0,11,0,1,0,0,0,2,4,1,1,1,0,0,0
418126,New York College of Health Professions,2014,0,0,1,1,1,7,0,7,0,0,3,11,0,0,0,1,0,0
420024,Centura College-Chesapeake,2014,0,0,0,0,0,8,0,1,0,0,2,2,0,1,1,1,0,0
420042,University of Phoenix-Hawaii,2014,0,0,0,0,0,0,0,0,0,0,0,0,0,6,4,18,0,0
420325,Yeshiva D'monsey Rabbinical College,2014,0,0,0,0,0,0,0,0,0,0,6,0,0,0,0,0,0,0
421878,Eastern International College-Jersey City,2014,0,0,0,2,2,9,2,30,0,0,0,16,0,0,0,0,0,0
422695,Pacific College,2014,0,0,0,1,0,0,5,13,0,0,0,4,0,0,0,0,0,0
426314,Embry-Riddle Aeronautical University-Worldwide,2014,0,0,1,0,7,0,5,0,2,0,30,2,5,1,15,4,3,0
430184,Strayer University-Maryland,2014,0,0,0,0,12,5,0,3,0,0,3,4,0,0,0,0,1,0
430670,San Juan Bautista School of Medicine,2014,0,0,0,0,0,0,5,7,0,0,0,0,0,0,0,0,0,0
432384,Platt College-Ontario,2014,0,1,0,0,0,2,5,16,0,0,1,7,1,2,0,0,0,0
433004,American University of Health Sciences,2014,0,0,0,1,0,0,0,0,0,0,0,0,0,0,0,0,0,0
433174,Carolinas College of Health Sciences,2014,0,0,0,0,0,0,0,0,0,0,1,1,0,0,0,0,0,0
433387,Western Governors University,2014,1,1,2,0,2,4,6,4,0,0,32,36,0,2,0,1,1,0
433420,California Aeronautical University,2014,0,0,0,2,0,0,7,8,0,0,1,3,0,1,0,1,0,0
433536,Herzing University-New Orleans,2014,0,0,0,0,2,15,0,0,0,0,2,4,1,0,0,2,0,0
433660,Florida Gulf Coast University,2014,1,3,12,19,64,118,238,282,2,2,803,1021,41,52,18,14,15,20
434900,Dewey University-Carolina,2014,0,0,0,0,0,0,105,187,0,0,0,0,0,0,0,0,0,0
434937,Yeshiva College of the Nations Capital,2014,0,0,0,0,0,0,0,0,0,0,6,0,0,0,0,0,0,0
436429,Los Angeles Film School,2014,2,1,11,2,79,14,59,12,0,0,74,18,53,20,102,20,13,10
436614,International Baptist College and Seminary,2014,0,0,0,0,1,0,0,0,0,0,3,10,0,0,0,0,0,0
437097,University of Management and Technology,2014,0,0,0,0,0,0,0,1,0,0,1,0,0,0,1,1,0,0
438586,American InterContinental University-Atlanta,2014,0,0,0,0,5,10,0,1,0,0,1,0,0,0,3,1,0,0
439190,Cascadia College,2014,2,0,13,16,0,1,17,17,0,1,85,65,14,16,12,8,0,0
439701,The King's University,2014,1,0,0,0,0,0,2,0,2,0,15,9,2,0,0,0,0,0
439862,Pacific Islands University,2014,0,0,0,0,0,0,0,0,5,4,0,0,0,0,0,0,0,0
439871,PCI College,2014,0,0,0,0,0,0,0,11,0,0,1,0,0,0,0,0,0,0
440651,Atenas College,2014,0,0,0,0,0,0,110,194,0,0,0,0,0,0,0,0,0,0
440749,National American University-Ellsworth,2014,0,0,0,0,1,0,0,0,0,0,3,2,0,0,0,0,0,0
440794,Pillar College,2014,0,0,0,0,23,39,17,36,0,1,1,2,1,6,0,0,9,15
441229,Smith Chason College,2014,0,0,7,16,6,14,14,48,0,0,18,63,0,0,0,0,0,0
441690,Universidad Pentecostal Mizpa,2014,0,0,0,0,0,0,10,7,0,0,0,0,0,0,0,0,0,0
441900,Nevada State University,2014,0,0,3,8,6,13,23,49,0,1,13,44,3,8,5,29,0,0
441937,California State University-Channel Islands,2014,2,3,18,39,10,31,120,391,0,1,100,147,13,24,11,18,0,1
441982,Franklin W Olin College of Engineering,2014,0,0,7,3,0,1,1,3,0,0,23,19,4,4,3,2,5,4
442356,Saint Joseph's University - Lancaster,2014,0,0,0,4,2,5,2,5,0,0,9,86,0,2,0,6,0,0
442426,St Louis College of Health Careers-Fenton,2014,0,0,0,0,0,6,0,0,0,0,0,6,0,0,1,1,0,0
442569,University of Arkansas Grantham,2014,0,3,0,0,227,572,5,8,0,2,42,47,2,15,311,537,0,0
442639,University of the Potomac-VA Campus,2014,0,0,0,0,0,0,0,0,0,0,0,0,0,0,1,0,3,0
442930,University of Antelope Valley,2014,0,1,1,0,7,8,34,32,0,0,18,19,0,1,0,0,0,0
443049,Faith International University,2014,0,0,1,3,1,0,0,0,0,0,1,1,0,0,0,1,1,0
443331,West Coast University-Los Angeles,2014,0,0,4,3,0,0,0,0,0,0,1,3,0,0,1,1,0,0
443340,Williamson Christian College,2014,0,0,0,0,0,0,1,1,0,0,0,2,0,0,0,0,0,0
443410,DigiPen Institute of Technology,2014,0,0,4,1,0,0,4,2,0,1,44,12,6,1,50,11,13,5
443562,Dewey University-Hato Rey,2014,0,0,0,0,0,0,101,226,0,0,0,0,0,0,0,0,0,0
443599,American College of Healthcare Sciences,2014,0,0,0,0,0,0,0,0,0,0,0,0,0,0,0,1,0,0
443766,Strayer University-Tennessee,2014,0,0,0,0,1,4,0,1,0,0,0,1,0,0,0,1,1,0
443784,Strayer University-Pennsylvania,2014,0,0,0,0,2,1,1,0,0,0,4,3,0,0,1,0,0,0
444088,Brookline College-Albuquerque,2014,1,5,0,2,0,2,13,59,0,0,5,8,0,1,0,0,0,0
444398,Baptist University of the Americas,2014,0,0,0,0,2,0,9,6,0,0,2,0,0,0,0,0,0,0
444413,Beis Medrash Heichal Dovid,2014,0,0,0,0,0,0,0,0,0,0,32,0,0,0,0,0,0,0
444787,Nightingale College,2014,0,0,0,0,0,0,0,2,0,0,2,8,0,0,0,2,0,0
445027,American InterContinental University System,2014,1,6,1,1,73,105,11,11,2,3,69,132,5,11,32,50,0,0
445133,American InterContinental University-Houston,2014,0,0,0,0,4,6,0,1,0,0,0,1,0,0,3,18,0,0
445188,University of California-Merced,2014,1,4,215,162,26,50,330,416,4,6,106,64,38,26,8,3,35,54
445692,Neumont College of Computer Science,2014,0,0,1,0,6,0,11,0,1,0,54,1,8,0,33,5,0,0
445708,Johnson & Wales University-Charlotte,2014,0,1,2,2,69,168,15,19,0,0,81,185,18,34,5,9,0,2
446048,Ave Maria University,2014,0,0,4,5,11,3,30,25,0,0,108,99,0,0,6,9,2,2
446233,Ecclesia College,2014,0,0,0,1,7,1,6,2,0,0,18,4,0,1,0,0,0,0
446385,Los Angeles College of Music,2014,0,0,3,0,1,0,3,1,0,0,8,1,0,2,4,0,1,1
446525,SAE Institute of Technology-Nashville,2014,0,0,0,0,21,5,3,0,0,0,29,4,1,1,0,0,0,0
446561,Stanbridge University,2014,0,2,27,36,1,8,19,47,0,0,15,43,0,0,8,27,0,0
446604,Uta Mesivta of Kiryas Joel,2014,0,0,0,0,0,0,4,0,0,0,280,0,0,0,0,0,2,0
446640,Harrisburg University of Science and Technology,2014,1,0,1,3,25,31,8,6,0,0,14,5,3,1,0,2,1,0
447050,United States University,2014,0,0,0,0,0,1,0,1,0,0,0,0,0,0,2,5,0,0
447263,Joyce University of Nursing and Health Sciences,2014,0,1,0,1,3,47,2,10,0,0,13,112,1,4,0,4,0,0
447421,Eagle Gate College-Layton,2014,0,0,0,0,0,1,0,0,0,0,4,5,0,0,4,3,0,0
447689,Georgia Gwinnett College,2014,2,1,88,93,314,476,153,205,0,0,386,338,42,45,6,4,14,19
447953,SUM Bible College and Theological Seminary,2014,0,0,0,0,5,8,13,3,1,1,32,23,2,2,25,15,0,0
449038,Strayer University-Florida,2014,0,0,0,0,5,4,6,4,0,0,7,1,0,1,0,0,3,1
449135,Dewey University-Juana Díaz,2014,0,0,0,0,0,0,41,96,0,0,0,0,0,0,0,0,0,0
449339,American Public University System,2014,2,0,2,0,56,68,7,10,1,0,53,71,4,4,14,12,1,4
449348,Huntsville Bible College,2014,0,0,0,0,1,0,0,0,0,0,0,0,0,0,0,0,0,0
449384,Gnomon,2014,0,0,0,0,0,0,1,0,0,0,1,0,0,0,0,0,0,1
449658,Bais Medrash Toras Chesed,2014,0,0,0,0,0,0,0,0,0,0,25,0,0,0,0,0,1,0
449764,Visible Music College,2014,0,0,0,0,6,1,1,1,0,0,7,4,1,0,0,0,0,1
449870,University of the West,2014,0,0,0,0,0,0,16,8,0,0,0,0,1,0,0,0,3,0
449898,South University-Tampa,2014,0,0,1,0,2,10,3,7,0,0,3,5,0,0,1,0,0,0
450298,Strayer University-Delaware,2014,0,0,0,0,2,0,0,0,0,0,0,1,0,0,0,0,0,0
450377,Strayer University-Alabama,2014,0,0,0,0,0,0,1,0,0,0,1,2,0,0,0,0,0,1
450571,Rasmussen University-Wisconsin,2014,1,0,0,0,0,0,0,0,0,0,2,13,0,0,1,4,0,0
450933,Columbia Southern University,2014,4,0,1,2,67,76,13,10,0,1,110,66,2,13,4,1,0,0
451103,Miami Regional University,2014,0,0,0,0,0,2,77,133,0,0,0,1,0,0,0,0,0,0
451370,Yeshivas Be'er Yitzchok,2014,0,0,0,0,0,0,0,0,0,0,10,0,0,0,0,0,0,0
451398,Yeshiva Toras Chaim,2014,0,0,0,0,0,0,0,0,0,0,57,0,0,0,0,0,0,0
451404,Talmudical Seminary of Bobov,2014,0,0,0,0,0,0,0,0,0,0,77,0,0,0,0,0,0,0
451556,Southwest University at El Paso,2014,0,0,0,2,4,9,150,190,0,0,5,10,0,0,0,0,0,0
451750,Bryant & Stratton College-Wauwatosa,2014,0,0,0,1,2,5,0,2,0,0,2,20,0,2,0,0,0,0
451866,Remington College-Shreveport Campus,2014,0,0,0,0,14,51,2,1,0,0,7,25,1,1,0,1,0,0
453163,Strayer University-North Carolina,2014,0,0,1,0,2,6,0,0,0,0,2,1,0,1,0,0,0,0
453215,Strayer University-New Jersey,2014,0,0,0,0,3,1,0,0,0,0,0,0,1,0,0,0,2,0
454227,Chamberlain University-Illinois,2014,0,0,1,2,0,0,1,4,0,0,1,4,0,0,0,1,0,1
454236,Chamberlain University-Ohio,2014,0,0,0,1,2,1,0,0,0,0,1,9,0,0,0,0,0,0
454245,Chamberlain University-Arizona,2014,0,0,0,0,0,0,0,0,0,0,0,2,0,0,0,0,0,0
454786,Laurus College,2014,0,0,0,0,0,0,1,6,0,0,6,4,0,0,5,8,0,0
455257,Yeshiva of Machzikai Hadas,2014,0,0,0,0,0,0,0,0,0,0,106,0,0,0,0,0,0,0
455770,Providence Christian College,2014,0,0,0,0,0,0,3,5,0,0,6,9,0,0,0,0,3,1
456481,Polytechnic University of Puerto Rico-Miami,2014,0,0,0,0,0,0,0,1,0,0,0,0,0,0,0,0,0,0
456490,Polytechnic University of Puerto Rico-Orlando,2014,0,0,0,0,0,0,0,1,0,0,0,0,0,0,0,0,0,0
456621,Strayer University-West Virginia,2014,0,0,0,0,0,0,0,0,0,0,0,1,0,0,0,1,0,0
456959,University of Minnesota-Rochester,2014,0,0,5,4,2,1,1,2,0,0,26,65,1,4,0,0,0,1
457129,Chamberlain University-Florida,2014,0,0,0,0,0,1,0,0,0,0,0,0,0,0,0,0,0,0
457226,Horizon University,2014,0,0,0,0,0,0,0,0,0,0,0,0,0,0,0,1,0,0
457299,Angeles College,2014,0,0,9,14,1,5,1,5,0,0,0,1,0,0,0,0,0,0
457484,Pacific Rim Christian University,2014,0,0,0,1,0,0,1,0,1,1,2,0,0,0,0,0,0,0
457697,City Vision University,2014,0,0,0,0,0,0,0,0,0,0,2,0,0,0,0,0,0,0
458113,Ascent College,2014,0,0,0,0,0,1,0,2,0,0,0,3,0,0,0,0,0,0
458210,West Coast University-Orange County,2014,0,0,3,1,1,0,0,1,0,0,0,0,0,0,1,0,0,0
458229,West Coast University-Ontario,2014,0,0,1,2,0,0,0,0,0,0,1,6,0,0,0,1,0,0
458885,Strayer University-Arkansas,2014,0,0,0,0,0,0,0,1,0,0,0,1,0,0,0,0,0,0
458919,Strayer University-Georgia,2014,0,0,1,0,20,20,0,2,2,0,6,3,1,2,0,1,0,0
458964,Strayer University-South Carolina,2014,0,0,0,0,3,7,0,0,0,0,5,1,0,1,0,0,0,0
458973,Strayer University-Texas,2014,0,1,0,0,6,6,3,2,0,0,3,5,1,1,1,0,0,0
459204,Unitek College,2014,0,0,16,39,3,3,9,27,1,3,3,30,2,12,23,77,0,3
459213,Gurnick Academy of Medical Arts,2014,0,0,11,26,3,12,2,27,0,3,4,26,0,9,0,1,0,0
459259,South University-Richmond,2014,0,0,0,0,4,9,1,2,0,0,2,7,0,0,0,0,0,0
459268,South University-Virginia Beach,2014,0,0,0,0,1,5,0,1,0,0,0,7,0,0,0,0,0,0
459727,Touro University Worldwide,2014,0,0,0,0,0,0,0,1,0,0,0,1,0,1,0,0,0,0
459842,Herzing University-Kenosha,2014,0,0,1,0,1,6,0,2,0,0,2,19,1,1,0,1,0,0
459851,Herzing University-Brookfield,2014,0,0,0,0,1,6,0,2,0,0,2,21,0,0,0,1,0,0
459994,Strayer University-Global Region,2014,0,0,1,0,5,7,2,0,0,1,3,7,0,2,0,0,0,0
460871,Chamberlain University-Virginia,2014,0,0,0,0,0,0,0,0,0,0,1,1,0,0,0,0,0,0
461023,National Paralegal College,2014,1,1,0,0,1,3,1,5,0,1,6,38,0,0,3,22,0,0
461032,Carolina College of Biblical Studies,2014,0,0,0,0,0,0,0,0,0,0,1,0,0,0,0,2,0,0
461148,New York Film Academy,2014,15,10,141,80,58,37,65,40,3,0,277,169,0,0,251,275,0,0
461528,Manna University,2014,0,0,0,0,2,1,0,1,0,0,3,4,1,0,1,0,0,0
461759,Simmons College of Kentucky,2014,0,0,0,0,25,31,0,0,0,0,1,1,0,0,0,0,0,0
461795,North American University,2014,0,0,0,1,5,9,19,10,0,0,6,4,0,0,0,0,26,7
461847,Keser Torah-Mayan Hatalmud,2014,0,0,0,0,0,0,0,0,0,0,3,0,0,0,0,0,0,0
461883,Millennia Atlantic University,2014,0,0,0,0,0,0,0,2,0,0,0,0,0,0,0,0,17,11
462354,John Paul the Great Catholic University,2014,1,0,0,0,0,0,4,8,0,1,19,13,1,3,0,6,0,0
466921,Chamberlain University-Missouri,2014,0,0,0,0,0,0,0,0,0,0,0,2,0,0,0,0,0,0
466930,Chamberlain University-Texas,2014,0,0,0,0,0,1,0,0,0,0,0,0,0,0,0,0,0,0
469416,Dewey University-Manati,2014,0,0,0,0,0,0,52,163,0,0,0,0,0,0,0,0,0,0
474863,Los Angeles Pacific University,2014,0,0,0,0,4,6,4,6,0,0,1,14,0,0,0,0,0,1
475121,South University-Savannah Online,2014,3,5,1,2,77,203,27,46,3,4,74,249,0,0,47,21,0,0
475608,Criswell College,2014,0,0,0,0,5,0,0,0,0,0,4,5,0,0,0,1,0,0
475732,Chamberlain University-Georgia,2014,0,0,0,0,0,1,0,0,0,0,0,1,0,0,0,1,0,0
475741,Chamberlain University-Indiana,2014,0,0,0,0,0,1,0,0,0,0,0,1,0,0,0,0,0,0
476601,Bais HaMedrash and Mesivta of Baltimore,2014,0,0,0,0,0,0,0,0,0,0,24,0,0,0,0,0,0,0
476692,Yeshiva Gedolah Zichron Leyma,2014,0,0,0,0,0,0,0,0,0,0,6,0,0,0,0,0,0,0
476717,Be'er Yaakov Talmudic Seminary,2014,0,0,0,0,0,0,0,0,0,0,120,0,0,0,0,0,1,0
477039,West Coast University-Dallas,2014,0,0,0,0,0,0,0,0,0,0,0,1,0,0,0,0,0,0
480073,South University-Austin,2014,0,0,0,1,0,2,1,0,0,0,2,3,0,0,0,0,0,0
480091,Bryant & Stratton College-Online,2014,0,1,0,0,11,57,4,11,0,0,14,97,0,5,1,2,0,0
480198,Warner Pacific University Professional and Graduate Studies,2014,0,0,0,0,1,3,0,1,0,0,2,3,0,0,0,2,0,0
480204,Platt College-Riverside,2014,0,0,0,0,3,3,10,28,0,0,3,12,0,2,0,1,0,0
480657,Rasmussen University-Kansas,2014,0,0,0,0,0,3,0,0,0,0,0,1,0,0,0,0,0,0
480781,California Miramar University,2014,0,0,0,0,1,0,0,1,0,0,135,51,0,0,0,0,0,0
480985,Midwives College of Utah,2014,0,0,0,0,0,0,0,1,0,0,0,3,0,0,0,0,0,0
481058,Grace Mission University,2014,0,0,10,7,0,0,0,0,0,0,0,0,0,0,0,0,0,0
481225,Mid-South Christian College,2014,0,0,0,0,1,0,0,0,0,0,1,1,0,0,0,0,0,0
481410,Yeshiva Gedolah Kesser Torah,2014,0,0,0,0,0,0,0,0,0,0,11,0,0,0,0,0,0,0
481438,Yeshiva Yesodei Hatorah,2014,0,0,0,0,0,0,0,0,0,0,22,0,0,0,0,0,1,0
482149,Augusta University,2014,1,1,25,34,43,120,27,18,2,0,159,235,23,30,6,5,7,4
482158,Middle Georgia State University,2014,0,0,15,7,222,224,19,21,0,0,321,345,14,16,1,1,10,2
482228,Veritas Baptist College,2014,0,0,0,0,0,0,0,0,0,0,4,3,1,1,0,0,0,0
482413,DeVry College of New York,2014,0,0,2,2,11,3,7,6,0,0,3,1,1,0,0,2,4,1
482422,DeVry University-Arizona,2014,1,2,1,0,2,2,15,6,0,0,12,2,0,1,0,0,0,0
482431,DeVry University-California,2014,0,0,5,5,7,7,60,45,2,2,24,12,0,1,8,3,3,0
482459,DeVry University-Florida,2014,0,0,0,1,7,3,9,4,0,0,6,8,0,0,2,1,4,3
482468,DeVry University-Georgia,2014,0,0,2,1,9,12,4,4,0,0,5,3,0,0,0,2,0,0
482477,DeVry University-Illinois,2014,1,1,10,7,46,27,71,44,0,1,108,111,3,2,13,23,2,2
482547,DeVry University-Nevada,2014,0,0,0,1,0,0,0,1,0,0,1,1,1,0,0,1,0,0
482556,DeVry University-New Jersey,2014,0,0,3,4,10,5,31,13,1,0,29,4,0,0,1,1,0,0
482565,DeVry University-North Carolina,2014,0,0,0,1,3,1,0,1,0,0,2,0,0,0,0,0,0,0
482574,DeVry University-Ohio,2014,0,0,0,0,14,11,1,2,0,0,43,10,1,1,1,1,0,0
482635,DeVry University-Texas,2014,0,0,0,1,4,1,3,2,0,0,1,1,1,1,1,1,1,0
482653,DeVry University-Virginia,2014,0,0,0,0,1,2,0,2,0,0,4,2,0,0,0,0,1,0
482680,University of North Georgia,2014,1,4,47,38,40,40,98,170,3,2,1056,1243,41,36,17,18,26,24
482699,South Georgia State College,2014,0,2,2,2,126,214,17,26,0,0,166,248,4,7,0,2,0,3
482936,Florida Polytechnic University,2014,2,0,12,2,23,4,65,14,3,0,231,30,0,0,1,0,2,0
483018,Antioch College,2014,0,0,1,1,3,4,0,0,0,1,9,29,2,6,0,3,0,0
483124,Arizona State University Digital Immersion,2014,6,14,27,19,55,67,142,181,0,3,268,281,28,37,5,12,4,1
484473,University of Florida-Online,2014,0,0,0,1,0,0,0,1,0,0,1,5,0,0,0,0,0,0
484613,University of Phoenix-Arizona,2014,0,0,1,2,43,148,14,29,0,4,46,113,754,2342,2027,5249,31,49
484631,University of Phoenix-California,2014,0,0,0,0,1,2,0,3,0,1,1,2,18,31,43,84,0,2
484710,University of Phoenix-Nevada,2014,0,0,0,0,0,0,0,0,0,0,1,1,1,7,4,14,0,0
484756,University of Phoenix-Texas,2014,0,0,0,0,1,4,0,2,0,0,1,1,9,7,10,20,2,2
484871,Rabbinical College Ohr Yisroel,2014,0,0,0,0,0,0,0,0,0,0,34,0,0,0,0,0,0,0
484905,University of North Texas at Dallas,2014,0,0,0,1,4,12,35,56,0,0,1,4,0,1,0,1,0,0
485111,Georgia Military College,2014,8,12,13,16,283,356,52,47,0,0,299,372,2,3,39,51,3,1
485272,West Coast University-Miami,2014,0,0,0,0,0,0,0,0,0,0,0,1,0,0,0,0,0,0