"unitid","institution name","year","SFA2223.Percent of full-time first-time undergraduates awarded federal grant aid","SFA2223.Average amount of federal grant aid awarded to full-time first-time undergraduates","SFA2223.Percent of full-time first-time undergraduates awarded state/local grant aid","SFA2223.Average amount of state/local grant aid awarded to full-time first-time undergraduates","SFA2223.Percent of full-time first-time undergraduates awarded institutional grant aid","SFA2223.Average amount of institutional grant aid awarded to full-time first-time undergraduates","SFA2223.Percent of full-time first-time undergraduates awarded student loans","SFA2223.Average amount of student loans awarded to full-time first-time undergraduates"
"100654","Alabama A & M University","2023","67","6163","2","1752","66","8736","57","6386"
"100663","University of Alabama at Birmingham","2023","41","6264","4","825","88","9230","51","6575"
"100690","Amridge University","2023",,,,,,,,
"100706","University of Alabama in Huntsville","2023","24","5342","1","3583","92","7639","39","7767"
"100724","Alabama State University","2023","73","5900","15","1485","59","8668","68","6389"
"100751","The University of Alabama","2023","20","5922","5","969","66","16096","40","11983"
"100812","Athens State University","2023",,,,,,,,
"100830","Auburn University at Montgomery","2023","51","6042","10","755","97","4394","45","5188"
"100858","Auburn University","2023","12","5607","4","3089","73","10827","28","9169"
"100937","Birmingham-Southern College","2023","23","6253","50","2163","100","11689","85","7756"
"101116","South University-Montgomery","2023","100","5164","23","1659","0",,"92","6412"
"101189","Faulkner University","2023","50","6114","62","2171","93","13706","64","9514"
"101365","Herzing University-Birmingham","2023","87","4259","13","488","67","2565","60","8659"
"101435","Huntingdon College","2023","46","5852","67","1863","100","13369","71","7413"
"101453","Heritage Christian University","2023","0",,"0",,"100","14731","0",
"101480","Jacksonville State University","2023","57","5791","28","2029","99","4964","60","8560"
"101587","University of West Alabama","2023","71","5177","7","1916","64","5300","62","7968"
"101675","Miles College","2023","84","6850","29","1727","34","5281","82","6590"
"101693","University of Mobile","2023","38","7123","61","2049","90","14971","57","6901"
"101709","University of Montevallo","2023","38","5930","5","1704","96","9509","55","6293"
"101879","University of North Alabama","2023","36","5709","1","1834","91","9853","40","6312"
"101912","Oakwood University","2023","41","6632","4","1736","92","12811","42","6228"
"102049","Samford University","2023","11","6297","25","2120","100","20527","34","8410"
"102094","University of South Alabama","2023","45","6145","2","2436","90","5778","52","10821"
"102234","Spring Hill College","2023","34","7256","30","2383","98","14268","66","6888"
"102270","Stillman College","2023","80","7562","64","1876","53","6906","79","6206"
"102298","Talladega College","2023","76","6967","4","2801","63","7885","75","6590"
"102368","Troy University","2023","49","5745","5","3461","59","8552","85","4488"
"102377","Tuskegee University","2023","61","5163","4","2435","93","3321","59","5826"
"102395","United States Sports Academy","2023","0",,"0",,"0",,"0",
"102553","University of Alaska Anchorage","2023","34","5148","46","4295","58","3515","20","6484"
"102580","Alaska Bible College","2023","67","6008","67","3878","67","1000","0",
"102614","University of Alaska Fairbanks","2023","30","5592","47","5283","71","6016","27","7454"
"102632","University of Alaska Southeast","2023","30","5367","43","5087","59","3823","28","7022"
"102669","Alaska Pacific University","2023","52","4756","30","4663","96","8797","30","5893"
"102845","Charter College","2023","70","6250","19","1548","34","2051","84","8091"
"104090","Brookline College-Phoenix","2023","81","4861","0",,"0",,"72","6904"
"104151","Arizona State University Campus Immersion","2023","29","6234","14","4558","85","9787","30","8308"
"104179","University of Arizona","2023","22","5816","7","3597","96","15095","28","7484"
"104586","Embry-Riddle Aeronautical University-Prescott","2023","16","6231","0",,"93","18082","49","18601"
"104717","Grand Canyon University","2023","30","5741","0","829","97","7656","56","7503"
"105297","Dine College","2023","67","4550","9","3834","30","3017","0",
"105330","Northern Arizona University","2023","32","5582","15","4229","93","9981","40","6952"
"105534","Pima Medical Institute-Tucson","2023","66","4642","19","1699","16","1116","85","8628"
"105589","Prescott College","2023","41","7619","0",,"97","21506","59","6684"
"105899","Arizona Christian University","2023","32","5928","0",,"96","16927","86","9069"
"106245","University of Arkansas at Little Rock","2023","90","4152","42","1425","60","8620","39","5348"
"106263","University of Arkansas for Medical Sciences","2023",,,,,,,,
"106306","Arkansas Baptist College","2023","99","11031","2","3471","9","7541","56","5751"
"106342","Lyon College","2023","44","6132","49","1690","100","18548","76","9088"
"106397","University of Arkansas","2023","17","5410","32","2896","39","5734","41","8806"
"106412","University of Arkansas at Pine Bluff","2023","74","7159","11","1767","97","6974","65","5450"
"106458","Arkansas State University","2023","42","5593","60","1802","87","7720","45","5705"
"106467","Arkansas Tech University","2023","56","5361","61","1886","75","6527","38","7053"
"106485","University of Arkansas at Monticello","2023","63","6016","36","1190","46","3997","46","5651"
"106704","University of Central Arkansas","2023","45","5481","65","1957","70","5681","51","6552"
"106713","Central Baptist College","2023","46","5677","37","1513","100","7767","69","9611"
"106810","Crowley's Ridge College","2023","80","3498","35","1079","100","5256","80","5479"
"107044","Harding University","2023","21","4690","23","2459","98","13739","46","7203"
"107071","Henderson State University","2023","79","3996","51","1085","99","5288","87","4246"
"107080","Hendrix College","2023","23","5944","34","3971","100","25518","52","8124"
"107141","John Brown University","2023","24","6569","35","2047","98","19691","44","5801"
"107512","Ouachita Baptist University","2023","24","5789","56","2361","100","20373","71","6921"
"107558","University of the Ozarks","2023","39","6026","20","2090","100","16393","62","6048"
"107600","Philander Smith University","2023","75","6874","4","1232","60","8729","53","6221"
"107877","Williams Baptist University","2023","46","5901","42","1180","99","12534","60","5841"
"107983","Southern Arkansas University Main Campus","2023","54","5525","45","1313","85","7234","49","5955"
"108092","University of Arkansas-Fort Smith","2023","99","3716","47","1321","82","4240","30","5023"
"108232","Academy of Art University","2023","38","6119","9","6058","46","8470","55","6426"
"109350","Antelope Valley Community College District","2023","45","9407","45","4738","0",,"2","5894"
"109651","Art Center College of Design","2023","20","6891","12","9131","65","14716","35","8260"
"109785","Azusa Pacific University","2023","32","6440","34","8682","99","23675","42","6032"
"109819","Bakersfield College","2023","73","5683","81","2910","20","773","1","5974"
"110060","Bethesda University","2023","39","2201","6","824","32","635","6","1965"
"110097","Biola University","2023","25","5837","22","8659","100","24726","43","7140"
"110219","Bryan University","2023","88","6213","0",,"0",,"90","9682"
"110316","California Institute of Integral Studies","2023",,,,,,,,
"110361","California Baptist University","2023","43","6330","47","7920","99","17460","65","7627"
"110370","California College of the Arts","2023","20","6656","11","3897","85","27116","52","9197"
"110404","California Institute of Technology","2023","25","7679","3","8073","55","56342","17","10614"
"110413","California Lutheran University","2023","31","5757","36","9004","100","31699","90","6781"
"110422","California Polytechnic State University-San Luis Obispo","2023","20","6324","37","4360","41","7705","28","6008"
"110468","Alliant International University-San Diego","2023",,,,,,,,
"110486","California State University-Bakersfield","2023","65","5893","82","3284","67","6625","19","4682"
"110495","California State University-Stanislaus","2023","61","5610","82","3174","65","5787","14","4634"
"110510","California State University-San Bernardino","2023","64","5702","75","2691","57","5721","21","4840"
"110529","California State Polytechnic University-Pomona","2023","45","5758","66","3560","45","5664","27","6074"
"110538","California State University-Chico","2023","38","5883","60","3438","41","5920","38","5486"
"110547","California State University-Dominguez Hills","2023","77","5404","88","2487","79","5052","11","4505"
"110556","California State University-Fresno","2023","64","5916","75","2654","66","6189","17","5268"
"110565","California State University-Fullerton","2023","53","5658","72","3052","51","5871","23","5426"
"110574","California State University-East Bay","2023","49","5389","67","3203","56","5987","24","5906"
"110583","California State University-Long Beach","2023","50","5676","72","3509","50","5482","24","5464"
"110592","California State University-Los Angeles","2023","77","5820","90","3278","80","5146","15","5177"
"110608","California State University-Northridge","2023","63","6010","78","2831","64","6098","21","5401"
"110617","California State University-Sacramento","2023","56","5666","75","3847","54","5904","25","5012"
"110635","University of California-Berkeley","2023","25","5903","39","12470","46","14826","21","6529"
"110644","University of California-Davis","2023","25","5708","41","11517","47","10174","23","6182"
"110653","University of California-Irvine","2023","35","6091","54","11446","56","10164","25","6223"
"110662","University of California-Los Angeles","2023","26","6335","38","11535","43","11285","21","6406"
"110671","University of California-Riverside","2023","43","6363","62","11769","57","8728","34","5468"
"110680","University of California-San Diego","2023","40","6283","55","11710","56","11334","29","5294"
"110705","University of California-Santa Barbara","2023","28","5906","41","11579","44","10142","24","7480"
"110714","University of California-Santa Cruz","2023","32","5559","52","11654","57","10748","35","6799"
"110778","Sofia University","2023",,,,,,,,
"111081","California Institute of the Arts","2023","46","4217","9","7544","87","19304","30","9997"
"111188","California State University Maritime Academy","2023","29","5862","37","3551","33","6548","41","7383"
"111948","Chapman University","2023","20","7996","16","9204","87","29786","76","7210"
"111966","Charles R Drew University of Medicine and Science","2023","36","5550","7","9358","0",,"36","15842"
"112075","Concordia University-Irvine","2023","30","5288","28","7727","100","23226","54","8666"
"112084","San Diego Christian College","2023","33","2981","38","3278","100","9300","36","5450"
"112260","Claremont McKenna College","2023","18","6399","10","9358","52","48892","35","7431"
"112394","University of Silicon Valley","2023","44","5551","15","6317","64","2366","77","5981"
"112570","California College of ASU","2023","82","2723","0",,"82","1943","36","2750"
"113236","Cypress College","2023","56","5606","88","4163","0","233","0","7423"
"113582","Design Institute of San Diego","2023","75","7811","38","9399","63","2268","63","7670"
"113698","Dominican University of California","2023","31","3297","30","4634","99","14927","59","4356"
"114354","FIDM-Fashion Institute of Design & Merchandising","2023","29","7290","17","7056","74","9891","63","7853"
"114433","Feather River Community College District","2023","75","4431","69","2884","3","3263","21","5349"
"114716","Foothill College","2023","27","4768","58","2212","7","858","3","5561"
"114813","Fresno Pacific University","2023","45","5309","53","8088","99","20787","43","6023"
"115083","Golden Gate University","2023",,,,,,,,
"115409","Harvey Mudd College","2023","17","7460","14","9212","68","38600","34","6112"
"115755","California State Polytechnic University-Humboldt","2023","38","6062","57","2471","46","6241","37","5922"
"115773","Humphreys University-Stockton and Modesto Campuses","2023","33","8395","33","9357","33","8604","33","5500"
"116226","Interior Designers Institute","2023",,,,,,,,
"116846","American Jewish University","2023",,,,,,,,
"117104","Life Pacific University","2023","58","5997","24","6588","96","4841","65","6615"
"117140","University of La Verne","2023","53","5682","58","8189","97","26807","62","6769"
"117168","Laguna College of Art and Design","2023","22","5783","10","8716","100","9696","48","8521"
"117283","Latin American Bible Institute","2023","100","5194","0",,"40","1115","60","3917"
"117557","Lincoln University","2023","0",,"0",,"59","4456","6","10700"
"117575","Southern California Seminary","2023",,,,,,,,
"117627","La Sierra University","2023","50","5774","45","7221","99","15601","66","6128"
"117636","Loma Linda University","2023",,,,,,,,
"117672","Southern California University of Health Sciences","2023","33","9967","0",,"33","250","67","13286"
"117751","The Master's University and Seminary","2023","21","4950","17","9050","84","12510","50","7746"
"117946","Loyola Marymount University","2023","12","7626","11","9281","100","19680","38","10440"
"118693","Menlo College","2023","31","5851","24","7231","100","38261","41","6842"
"118912","MiraCosta College","2023","44","5463","77","2595","1","1075","2","7073"
"118976","Modesto Junior College","2023","55","3085","75","1487","4","1320","0","4732"
"119058","Middlebury Institute of International Studies at Monterey","2023",,,,,,,,
"119173","Mount Saint Mary's University","2023","61","5990","66","8102","100","28109","75","6429"
"119270","Musicians Institute","2023","19","4844","0",,"27","1767","24","5487"
"119605","National University","2023","46","4299","0",,"46","5996","23","7175"
"119775","Newschool of Architecture and Design","2023","18","5338","9","5370","82","6497","55","4838"
"120166","San Francisco Bay University","2023","0",,"0",,"100","9718","0",
"120184","Notre Dame de Namur University","2023",,,,,,,,
"120254","Occidental College","2023","15","7841","7","9358","77","31213","40","7428"
"120403","Otis College of Art and Design","2023","28","6094","23","8394","99","19073","46","9965"
"120537","Hope International University","2023","35","5571","40","7156","100","17178","73","6545"
"120698","Palo Alto University","2023",,,,,,,,
"120768","Pacific Oaks College","2023",,,,,,,,
"120865","Pacific Union College","2023","28","6360","23","8822","100","20659","61","6543"
"120883","University of the Pacific","2023","35","6759","39","8869","98","32363","49","6964"
"121150","Pepperdine University","2023","20","6637","15","8800","89","30613","44","8877"
"121257","Pitzer College","2023","9","8408","5","9358","36","45002","19","5678"
"121309","Point Loma Nazarene University","2023","16","5421","17","8541","93","17782","56","7943"
"121345","Pomona College","2023","21","6467","4","9358","56","60718","13","12046"
"121619","Santa Ana College","2023","93","4162","87","2408","0","1000","1","6309"
"121691","University of Redlands","2023","36","6219","45","8964","98","37302","54","7437"
"121886","Rio Hondo College","2023","58","5174","84","1932","0","1300","0","4009"
"122296","Samuel Merritt University","2023",,,,,,,,
"122375","San Diego Mesa College","2023","52","6337","74","5124","1","2759","4","4169"
"122409","San Diego State University","2023","24","5852","40","4603","90","2035","30","7137"
"122436","University of San Diego","2023","21","6520","16","9307","84","34067","38","7587"
"122506","San Francisco Conservatory of Music","2023","13","6685","2","9358","100","33161","57","4057"
"122597","San Francisco State University","2023","48","5972","70","3898","49","5859","30","5533"
"122612","University of San Francisco","2023","29","7105","19","8635","97","28737","53","8735"
"122685","San Joaquin Valley College-Visalia","2023","80","4547","2","4505","0","1000","82","7933"
"122728","William Jessup University","2023","35","5062","35","6947","97","21070","45","7045"
"122755","San Jose State University","2023","35","5899","58","4382","36","6608","24","5529"
"122931","Santa Clara University","2023","12","6804","11","9291","72","25939","27","8095"
"122977","Santa Monica College","2023","41","5191","62","2169","1","1223","2","5292"
"123165","Scripps College","2023","7","7269","3","8735","54","36556","29","6333"
"123280","Shasta Bible College and Graduate School","2023","0",,"0",,"100","2541","0",
"123299","Shasta College","2023","67","5635","80","2116","2","348","6","7685"
"123457","Simpson University","2023","26","4338","25","8109","100","20634","46","8083"
"123509","Skyline College","2023","26","6866","49","3020","81","1333","0",
"123554","Saint Mary's College of California","2023","27","5925","27","8696","100","38166","78","7023"
"123563","Solano Community College","2023","34","5853","79","1496","0","500","1","6926"
"123572","Sonoma State University","2023","39","5477","61","3624","66","4184","30","6255"
"123651","Vanguard University of Southern California","2023","50","6047","56","8556","100","22127","95","6760"
"123952","Southern California Institute of Architecture","2023","25","6945","18","8182","25","32711","29","13830"
"123961","University of Southern California","2023","20","7259","14","9369","67","39554","25","9085"
"124292","Thomas Aquinas College","2023","24","4809","7","10458","65","14254","71","3799"
"125231","Walden University","2023",,,,,,,,
"125471","West Los Angeles College","2023","65","4364","70","2801","0",,"1","8083"
"125727","Westmont College","2023","17","5633","20","8659","97","29640","58","7472"
"125763","Whittier College","2023","29","5551","28","7805","99","28187","58","6611"
"125897","Woodbury University","2023","46","5479","42","8063","99","21165","58","6665"
"126076","Yeshiva Ohr Elchonon Chabad West Coast Talmudical Seminary","2023","63","6571","37","9358","75","7758","0",
"126182","Adams State University","2023","49","5346","42","5408","76","4805","52","6454"
"126562","University of Colorado Denver/Anschutz Medical Campus","2023","41","6090","42","4611","83","2951","34","7263"
"126580","University of Colorado Colorado Springs","2023","28","5085","22","5445","63","3720","43","8642"
"126614","University of Colorado Boulder","2023","15","5645","12","3918","53","8391","30","10773"
"126669","Colorado Christian University","2023","20","6312","17","4761","100","21340","51","8665"
"126678","Colorado College","2023","13","6971","3","4844","56","46019","27","8053"
"126711","Colorado Mountain College","2023","35","4979","40","3970","35","2275","35","7143"
"126775","Colorado School of Mines","2023","13","5090","10","3792","93","10081","38","9759"
"126818","Colorado State University-Fort Collins","2023","19","6028","13","4991","69","8217","38","9180"
"126827","Colorado Technical University-Colorado Springs","2023","89","6705","0","1875","19","2972","87","6753"
"126942","Community College of Denver","2023","63","5810","62","3946","10","1123","23","5347"
"127060","University of Denver","2023","15","7363","6","5985","99","30657","36","8652"
"127185","Fort Lewis College","2023","42","5324","56","12971","68","6095","38","5681"
"127556","Colorado Mesa University","2023","35","5306","38","4920","52","4783","43","5920"
"127565","Metropolitan State University of Denver","2023","49","5244","51","4133","39","3480","24","6616"
"127653","Naropa University","2023","43","5920","7","9750","93","17701","57","7067"
"127714","Nazarene Bible College","2023",,,,,,,,
"127741","University of Northern Colorado","2023","30","5535","40","4837","82","5686","50","6691"
"127820","Pikes Peak State College","2023","85","4329","46","4000","1","3169","15","3982"
"127884","Pueblo Community College","2023","74","5787","68","3025","1","1250","24","3471"
"127909","Red Rocks Community College","2023","40","6079","43","3793","1","2295","13","2961"
"127918","Regis University","2023","40","6429","38","7822","97","25037","50","7137"
"127945","Rocky Mountain College of Art and Design","2023","43","7602","8","2000","66","2867","77","10978"
"128106","Colorado State University Pueblo","2023","50","5568","48","4439","86","6338","37","6502"
"128328","United States Air Force Academy","2023",,,,,,,,
"128391","Western Colorado University","2023","20","5002","25","3424","86","5492","48","6208"
"128498","Albertus Magnus College","2023","48","6284","24","721","97","23549","80","13165"
"128744","University of Bridgeport","2023","53","5525","25","2515","95","23202","70","7979"
"128771","Central Connecticut State University","2023","40","7239","23","3048","91","4191","62","6476"
"128780","Charter Oak State College","2023","50","6895","50","2559","0",,"50","9500"
"128902","Connecticut College","2023","13","6095","1","3413","100","38506","36","10063"
"129020","University of Connecticut","2023","25","5763","5","4782","75","14790","47","9724"
"129154","Goodwin University","2023","68","5333","23","3161","79","6911","70","6864"
"129215","Eastern Connecticut State University","2023","31","5931","24","3405","92","7243","67","7540"
"129242","Fairfield University","2023","6","6381","1","4074","95","25486","54","9784"
"129525","University of Hartford","2023","35","6332","9","3209","97","29130","73","9981"
"129534","Holy Apostles College and Seminary","2023","25","4667","0",,"0",,"42","5286"
"129774","Mitchell College","2023","43","5800","26","5781","98","18181","75","8986"
"129941","University of New Haven","2023","34","6438","19","2119","100","27094","92","10320"
"130110","Paier College","2023","42","5510","3","3000","6","3414","58","8644"
"130183","Post University","2023","87","5825","0",,"18","18555","88","7131"
"130226","Quinnipiac University","2023","17","8190","8","4971","100","28224","66","13050"
"130253","Sacred Heart University","2023","16","6611","7","3348","98","19362","63","15672"
"130314","University of Saint Joseph","2023","30","6072","2","5083","97","27326","75","8655"
"130493","Southern Connecticut State University","2023","50","5624","29","3365","52","5730","67","6665"
"130590","Trinity College","2023","12","6431","1","4638","67","50051","42","9530"
"130624","United States Coast Guard Academy","2023",,,,,,,,
"130697","Wesleyan University","2023","15","7666","0","3000","38","61883","14","9803"
"130776","Western Connecticut State University","2023","40","5363","22","3978","48","4158","58","6609"
"130794","Yale University","2023","20","7474","0",,"54","56357","6","5256"
"130907","Delaware Technical Community College-Terry","2023","57","4333","47","3071","6","1392","9","4825"
"130934","Delaware State University","2023","57","5456","49","7656","61","6472","59","6845"
"130943","University of Delaware","2023","18","5354","17","6199","80","11692","57","10817"
"130989","Goldey-Beacom College","2023","35","5691","7","1376","80","6252","37","6828"
"131113","Wilmington University","2023","31","4985","0",,"16","5436","46","3020"
"131159","American University","2023","15","5376","2","525","62","30259","43","9121"
"131283","The Catholic University of America","2023","21","7029","4","3033","99","36624","58","9500"
"131399","University of the District of Columbia","2023","51","5068","13","3140","23","3332","23","5176"
"131450","Gallaudet University","2023","52","5739","56","15164","65","11209","36","7301"
"131469","George Washington University","2023","16","7166","1","2536","77","33965","38","10130"
"131496","Georgetown University","2023","9","9279","1","1733","35","45594","20","10480"
"131520","Howard University","2023","44","5645","2","1046","99","18977","64","7796"
"131803","Strayer University-District of Columbia","2023",,,,,,,,
"131876","Trinity Washington University","2023","67","6009","45","8575","98","13743","44","4891"
"132408","Baptist University of Florida","2023","71","5039","67","5051","75","3566","17","3942"
"132471","Barry University","2023","100","6325","38","3996","100","17277","73","6553"
"132602","Bethune-Cookman University","2023","82","6373","76","3565","96","7207","85","6535"
"132657","Lynn University","2023","24","6354","29","2839","96","18890","44","11967"
"132693","Eastern Florida State College","2023","41","5061","39","2628","10","4707","15","4874"
"132709","Broward College","2023","65","3082","28","1624","2","1228","6","5025"
"132842","Albizu University-Miami","2023","67","10342","33","2000","67","500","33","9401"
"132851","College of Central Florida","2023","55","6055","52","1970","25","1923","14","4524"
"132879","Johnson University Florida","2023","33","5051","33","3289","70","4903","42","7736"
"132903","University of Central Florida","2023","26","6851","80","6472","39","3000","20","6955"
"133021","Chipola College","2023","46","5827","55","2198","15","4554","0",
"133386","Daytona State College","2023","57","5152","22","1773","21","3566","23","3593"
"133465","South University-West Palm Beach","2023","88","6488","88","2444","13","3300","100","7500"
"133492","Eckerd College","2023","28","4953","13","6881","99","24432","53","10970"
"133508","Florida SouthWestern State College","2023","62","5656","25","2205","52","1098","13","3862"
"133526","Edward Waters University","2023","73","6261","72","2775","84","7504","65","4778"
"133553","Embry-Riddle Aeronautical University-Daytona Beach","2023","21","6133","28","5388","98","15643","55","17690"
"133650","Florida Agricultural and Mechanical University","2023","56","6076","37","4578","48","3681","56","6274"
"133669","Florida Atlantic University","2023","33","7162","55","7615","79","3441","31","7997"
"133702","Florida State College at Jacksonville","2023","41","5579","41","1758","17","1573","16","3768"
"133711","Flagler College","2023","100","2263","48","4693","95","7074","62","8989"
"133809","Florida College","2023","30","3375","26","4081","88","6381","51","6214"
"133872","AdventHealth University","2023","44","4350","5","3821","76","5432","59","9385"
"133881","Florida Institute of Technology","2023","23","6537","36","5885","99","20368","50","10877"
"133951","Florida International University","2023","48","5708","72","5182","68","3820","12","5388"
"133960","The College of the Florida Keys","2023","31","6009","14","2146","19","2118","23","5749"
"133979","Florida Memorial University","2023","74","7062","83","6080","25","5479","65","6612"
"134079","Florida Southern College","2023","28","5636","51","4772","99","22887","59","8379"
"134097","Florida State University","2023","21","6839","79","6117","36","3498","21","6850"
"134130","University of Florida","2023","23","5990","83","7255","37","5447","10","6562"
"134237","Full Sail University","2023","70","5485","5","1638","58","5871","83","7911"
"134343","Gulf Coast State College","2023","42","6889","44","2568","76","2074","7","6274"
"134510","Hobe Sound Bible College","2023","81","5681","27","1302","38","3924","27","5152"
"134608","Indian River State College","2023","47","5539","36","1616","12","926","2","3486"
"134945","Jacksonville University","2023","35","6076","41","3730","99","32012","55","9952"
"135081","Keiser University-Ft Lauderdale","2023","70","6619","50","2043","83","6355","80","12463"
"135160","Florida Gateway College","2023","58","6685","59","3061","43","2190","27","4432"
"135188","Lake-Sumter State College","2023","47","6200","33","2365","35","1518","14","5149"
"135364","Luther Rice College & Seminary","2023","60","6562","0",,"40","1570","40","4990"
"135391","State College of Florida-Manatee-Sarasota","2023","55","6638","25","2937","77","1517","8","4242"
"135610","Trinity International University-Florida","2023","100","8083","100","3260","100","5742","0",
"135717","Miami Dade College","2023","80","5784","35","2092","36","3026","2","4669"
"135726","University of Miami","2023","13","7598","20","8343","75","34289","31","10563"
"136145","North Florida College","2023","56","7083","33","1922","65","2755","0",
"136172","University of North Florida","2023","36","6119","51","4946","60","3506","29","5674"
"136215","Nova Southeastern University","2023","39","6313","47","4224","99","18736","46","8606"
"136233","Northwest Florida State College","2023","69","6036","12","2401","11","2960","37","5192"
"136330","Palm Beach Atlantic University","2023","33","6129","41","4873","99","20575","58","9186"
"136358","Palm Beach State College","2023","55","5879","46","1561","26","1147","10","4119"
"136400","Pasco-Hernando State College","2023","46","5335","27","2505","12","1957","7","4482"
"136473","Pensacola State College","2023","50","5745","43","2602","36","2767","8","3783"
"136516","Polk State College","2023","77","4762","39","1095","7","2858","4","2922"
"136774","Ringling College of Art and Design","2023","19","6402","19","4778","98","14098","37","14416"
"136950","Rollins College","2023","19","5834","45","5800","90","32507","40","8048"
"137032","Saint Leo University","2023","52","6897","51","3584","100","16447","54","6949"
"137078","St Petersburg College","2023","52","8588","57","2831","31","1959","15","5535"
"137096","Santa Fe College","2023","45","2640","35","1279","9","748","15","2258"
"137209","Seminole State College of Florida","2023","43","7021","17","2140","23","1124","14","5387"
"137272","St. John Vianney College Seminary","2023","0",,"0",,"0",,"0",
"137281","Saint Johns River State College","2023","34","5503","35","2258","19","1995","6","5000"
"137315","South Florida State College","2023","59","5887","15","2445","20","1409","3","5458"
"137351","University of South Florida","2023","25","6835","57","5908","62","4850","25","8928"
"137476","St. Thomas University","2023","68","6129","70","2605","99","17856","66","6404"
"137546","Stetson University","2023","45","7963","63","5282","100","40126","55","7829"
"137564","Southeastern University","2023","39","5489","43","3219","65","15407","69","7492"
"137759","Tallahassee Community College","2023","41","5888","21","2263","14","1234","60","5246"
"137777","Talmudic College of Florida","2023","40","9548","0",,"40","9500","0",
"137847","The University of Tampa","2023","14","6028","20","3708","94","12361","77","8410"
"137953","Trinity Baptist College","2023","42","5914","39","2296","80","3224","72","5966"
"137962","Trinity College of Florida","2023","64","4189","42","1302","85","1645","97","5321"
"138187","Valencia College","2023","56","6075","26","2558","34","2236","16","5177"
"138275","Warner University","2023","62","5288","91","4121","99","13080","76","7170"
"138293","Webber International University","2023","60","5533","26","2905","96","14321","80","6864"
"138309","Rasmussen University-Florida","2023","78","6517","2","7146","24","1915","87","9374"
"138354","University of West Florida","2023","33","5960","79","5994","66","3919","27","6298"
"138558","Abraham Baldwin Agricultural College","2023","45","5695","65","2904","59","2752","30","4995"
"138600","Agnes Scott College","2023","39","5907","57","5324","100","29797","54","8254"
"138716","Albany State University","2023","100","5847","28","3372","12","6026","77","5676"
"138868","Point University","2023","54","4058","36","3168","93","9776","37","9318"
"138901","Atlanta Metropolitan State College","2023","76","6216","7","2820","1","3249","16","5498"
"138947","Clark Atlanta University","2023","76","6221","24","858","45","8416","93","4225"
"139144","Berry College","2023","26","6173","74","5629","100","24635","44","8916"
"139153","Beulah Heights University","2023","20","2961","0",,"10","2123","20","4750"
"139199","Brenau University","2023","53","6572","86","4221","86","19626","91","7598"
"139205","Brewton-Parker College","2023","62","5451","72","2903","100","7682","79","6443"
"139250","College of Coastal Georgia","2023","53","5788","52","2893","24","2880","40","5804"
"139311","Clayton  State University","2023","73","6050","51","4606","10","8165","49","5744"
"139366","Columbus State University","2023","97","3903","59","5020","22","6556","53","6036"
"139393","Covenant College","2023","23","5691","32","5518","97","25235","45","7534"
"139463","Dalton State College","2023","64","5837","60","2798","3","4407","13","4410"
"139579","South University-Savannah","2023","95","6252","50","1248","10","1320","75","6125"
"139621","East Georgia State College","2023","73","5753","31","2615","12","4726","42","4778"
"139630","Emmanuel University","2023","40","5136","61","3903","93","11792","49","6517"
"139658","Emory University","2023","16","6967","11","6646","44","48648","12","10420"
"139700","Georgia Highlands College","2023","49","5854","47","2625","6","2663","14","4894"
"139719","Fort Valley State University","2023","80","6284","59","4660","21","5604","73","5908"
"139755","Georgia Institute of Technology-Main Campus","2023","12","5797","56","10114","24","13139","22","7726"
"139764","Georgia Southwestern State University","2023","64","5881","50","4654","39","3623","56","5637"
"139861","Georgia College & State University","2023","16","5286","93","6848","13","3222","33","6551"
"139931","Georgia Southern University","2023","36","5592","75","4936","27","5367","46","6346"
"139940","Georgia State University","2023","59","5599","74","7566","10","13094","41","5968"
"139959","University of Georgia","2023","14","6262","74","9409","26","6981","21","7031"
"139968","Gordon State College","2023","69","5933","40","2931","11","3837","52","5161"
"140234","LaGrange College","2023","51","5260","69","3674","100","18198","74","6293"
"140252","Life University","2023","47","6124","32","2277","69","9030","56","7062"
"140340","Herzing University-Atlanta","2023","56","4687","0",,"75","1691","47","5134"
"140447","Mercer University","2023","30","7540","84","5940","98","25578","60","8660"
"140553","Morehouse College","2023","47","6243","23","4129","60","10996","63","9230"
"140696","Oglethorpe University","2023","36","6358","72","5567","100","30375","86","7489"
"140720","Paine College","2023","83","6552","70","4520","29","5886","82","8496"
"140818","Piedmont University","2023","36","5533","82","4691","100","17866","72","7464"
"140872","Reinhardt University","2023","47","5306","86","3248","100","12657","73","7135"
"140951","Savannah College of Art and Design","2023","20","5530","14","4476","97","11541","44","15075"
"140960","Savannah State University","2023","76","6068","51","4661","26","8551","75","6217"
"140988","Shorter University","2023","51","5781","82","4132","95","12495","65","6441"
"141060","Spelman College","2023","36","5497","22","5415","95","8807","88","5072"
"141167","Thomas University","2023","54","3018","30","1462","91","3083","57","4122"
"141185","Toccoa Falls College","2023","43","5905","74","4682","92","9487","60","7261"
"141237","Truett McConnell University","2023","35","4648","77","4140","100","10171","57","7682"
"141264","Valdosta State University","2023","59","5936","64","4982","24","10395","49","6170"
"141325","Wesleyan College","2023","68","5899","89","3986","100","17172","71","6557"
"141334","University of West Georgia","2023","44","5635","74","4988","15","6690","44","5975"
"141361","Young Harris College","2023","34","5452","79","4117","100","19993","75","8200"
"141486","Chaminade University of Honolulu","2023","49","6429","0",,"74","16606","32","7275"
"141565","University of Hawaii at Hilo","2023","42","5332","15","3730","57","4445","36","7158"
"141574","University of Hawaii at Manoa","2023","24","5441","14","1897","63","5663","32","6319"
"141644","Hawaii Pacific University","2023","38","5682","0",,"99","15750","58","9781"
"141839","University of Hawaii Maui College","2023","34","4957","23","2941","31","2273","1","7500"
"141981","University of Hawaii-West Oahu","2023","31","5054","35","2478","59","4053","19","5504"
"142090","Boise Bible College","2023","62","6389","0",,"100","3768","46","5818"
"142115","Boise State University","2023","23","5405","16","3512","68","6629","37","7766"
"142276","Idaho State University","2023","41","5234","26","3439","81","5700","31","5388"
"142285","University of Idaho","2023","30","4346","21","3421","93","10139","38","5676"
"142294","The College of Idaho","2023","28","5647","2","2140","98","24744","49","6373"
"142328","Lewis-Clark State College","2023","37","4653","21","3634","73","4918","39","5235"
"142461","Northwest Nazarene University","2023","28","5391","9","2523","99","21364","59","9784"
"142522","Brigham Young University-Idaho","2023","19","6503","7","3330","36","3715","14","5722"
"142887","American Academy of Art College","2023","71","5794","71","6582","50","2893","89","15384"
"143048","School of the Art Institute of Chicago","2023","20","5489","5","7360","96","17348","38","10818"
"143084","Augustana College","2023","22","5734","21","6765","100","33822","56","7905"
"143118","Aurora University","2023","51","5780","53","6898","99","13405","51","7010"
"143288","Blackburn College","2023","55","4862","42","6412","93","10954","62","6230"
"143297","Blessing Rieman College of Nursing and Health Sciences","2023",,,,,,,,
"143358","Bradley University","2023","35","5572","38","6810","100","23469","69","7883"
"144005","Chicago State University","2023","69","6840","63","7424","84","10522","60","5816"
"144050","University of Chicago","2023","17","9481","3","7200","45","55101","7","13890"
"144281","Columbia College Chicago","2023","55","6063","40","6618","99","14781","54","7489"
"144351","Concordia University-Chicago","2023","57","6142","39","6743","100","20532","67","6767"
"144740","DePaul University","2023","31","5677","29","6740","99","24057","50","7047"
"144883","East-West University","2023","83","2247","90","3548","97","2728","71","1924"
"144892","Eastern Illinois University","2023","55","5285","57","5922","90","4988","61","6105"
"144962","Elmhurst University","2023","45","5934","47","6987","99","23492","55","7227"
"144971","Eureka College","2023","60","2929","54","6957","100","12826","60","5611"
"145336","Governors State University","2023","64","5423","83","7294","45","1380","41","5351"
"145372","Greenville University","2023","37","5470","27","6306","98","18680","66","7770"
"145497","Hebrew Theological College","2023","0",,"0",,"50","10545","50","5500"
"145600","University of Illinois Chicago","2023","57","5457","62","6947","69","5398","20","7494"
"145619","Benedictine University","2023","41","5767","35","6430","94","16568","52","6707"
"145637","University of Illinois Urbana-Champaign","2023","22","5623","31","7583","45","10783","30","7193"
"145646","Illinois Wesleyan University","2023","25","5788","24","7068","98","34619","68","8522"
"145691","Illinois College","2023","45","5397","41","7049","100","24780","89","7330"
"145725","Illinois Institute of Technology","2023","38","6999","35","6812","100","38325","40","7324"
"145813","Illinois State University","2023","35","5556","48","6456","94","6475","47","7691"
"146339","Judson University","2023","36","5248","12","6069","94","19437","60","7465"
"146427","Knox College","2023","30","6246","16","6708","100","37593","76","5773"
"146481","Lake Forest College","2023","33","6401","29","7066","100","34264","74","6710"
"146533","Lakeview College of Nursing","2023",,,,,,,,
"146612","Lewis University","2023","36","6229","40","7041","100","21553","59","9972"
"146667","Lincoln Christian University","2023","50","4009","50","5040","100","4506","0",
"146719","Loyola University Chicago","2023","29","6237","24","6530","96","24395","52","9837"
"146755","Trinity College of Nursing & Health Sciences","2023",,,,,,,,
"147013","McKendree University","2023","30","5533","25","6440","87","18928","44","7035"
"147129","Methodist College","2023","100","6133","100","5280","0",,"100","5500"
"147244","Millikin University","2023","41","5806","36","6497","100","26625","68","7813"
"147341","Monmouth College","2023","33","5817","33","7034","100","32164","72","6692"
"147369","Moody Bible Institute","2023","39","4837","0",,"77","9677","42","5868"
"147536","National Louis University","2023","73","5136","71","5737","15","4117","10","5719"
"147590","National University of Health Sciences","2023",,,,,,,,
"147660","North Central College","2023","22","5826","25","6868","100","27662","58","7648"
"147679","North Park University","2023","53","5759","53","6140","99","16608","50","5607"
"147703","Northern Illinois University","2023","75","4411","61","6310","96","6286","58","6218"
"147767","Northwestern University","2023","21","7602","6","7116","51","60925","22","7403"
"147776","Northeastern Illinois University","2023","77","5162","84","5369","82","2722","13","6710"
"147828","Olivet Nazarene University","2023","42","5588","28","6618","100","23732","70","7151"
"148016","Principia College","2023","0",,"0",,"90","32096","90","7500"
"148131","Quincy University","2023","48","6461","18","6368","99","23490","66","7234"
"148405","Rockford University","2023","54","5444","44","6740","99","16953","73","7352"
"148487","Roosevelt University","2023","61","6097","57","5747","99","20288","66","7819"
"148496","Dominican University","2023","55","5640","63","6599","100","20333","54","5489"
"148511","Rush University","2023",,,,,,,,
"148575","Saint Francis Medical Center College of Nursing","2023",,,,,,,,
"148584","University of St Francis","2023","47","6097","51","5815","100","23231","94","7066"
"148593","St. John's College-Department of Nursing","2023",,,,,,,,
"148627","Saint Xavier University","2023","69","6003","71","6944","100","21264","95","5308"
"148654","University of Illinois Springfield","2023","37","5178","47","7055","89","9495","37","5279"
"148876","St. Augustine College","2023","77","3132","70","3021","20","1683","5","3877"
"149028","Saint Anthony College of Nursing","2023",,,,,,,,
"149222","Southern Illinois University-Carbondale","2023","50","6048","47","8339","78","5855","60","6603"
"149231","Southern Illinois University-Edwardsville","2023","39","5506","45","6109","84","4745","47","6448"
"149505","Trinity Christian College","2023","44","5956","41","6605","100","24711","63","7274"
"149514","Trinity International University-Illinois","2023","43","6869","26","6709","100","21694","97","6693"
"149639","VanderCook College of Music","2023","75","5240","50","6610","100","15014","75","8358"
"149763","Oak Point University","2023",,,,,,,,
"149772","Western Illinois University","2023","28","5729","29","7124","53","8829","27","6118"
"149781","Wheaton College","2023","22","6174","9","7105","98","23227","49","6748"
"150066","Anderson University","2023","39","6076","31","6844","99","22844","64","6661"
"150136","Ball State University","2023","39","5919","40","7642","57","7875","91","7098"
"150145","Bethel University","2023","39","5187","38","6756","94","18474","58","6791"
"150163","Butler University","2023","16","5874","13","7598","96","22909","46","10937"
"150172","Calumet College of Saint Joseph","2023","73","5778","35","7681","98","7470","81","8271"
"150400","DePauw University","2023","15","6038","8","6487","100","40641","37","6516"
"150455","Earlham College","2023","25","7598","16","6943","100","35139","50","6491"
"150534","University of Evansville","2023","36","5797","28","7075","100","30595","56","7570"
"150604","Franklin College","2023","44","5144","47","7206","100","21361","71","6889"
"150668","Goshen College","2023","45","6203","38","7923","98","24644","58","6592"
"150677","Grace College and Theological Seminary","2023","33","5487","32","7195","95","14842","64","7971"
"150756","Hanover College","2023","29","5234","30","7370","100","29571","90","6381"
"150774","Holy Cross College","2023","29","4568","16","7871","67","21669","68","7515"
"150941","Huntington University","2023","34","5428","28","6816","92","15476","50","7879"
"151102","Purdue University Fort Wayne","2023","97","2599","40","6080","63","2528","35","5455"
"151111","Indiana University-Indianapolis","2023","45","5341","45","6803","75","5239","38","6407"
"151263","University of Indianapolis","2023","44","6067","43","7754","100","23068","53","7148"
"151290","Indiana Institute of Technology","2023","43","5391","29","7326","100","16850","91","8543"
"151306","University of Southern Indiana","2023","37","4778","33","5637","94","4124","41","6013"
"151324","Indiana State University","2023","50","5475","44","6389","72","6165","58","6214"
"151333","Indiana University-Kokomo","2023","43","4906","43","5120","42","2899","32","5169"
"151342","Indiana University-South Bend","2023","52","5161","48","5178","43","2461","38","5107"
"151351","Indiana University-Bloomington","2023","17","5626","17","7529","70","7058","32","9445"
"151360","Indiana University-Northwest","2023","51","5272","44","4691","32","2033","35","4665"
"151379","Indiana University-Southeast","2023","41","4807","36","5186","68","2831","33","5027"
"151388","Indiana University-East","2023","46","5160","35","5025","55","3810","37","5396"
"151777","Manchester University","2023","45","6494","37","8192","100","23057","98","7837"
"151786","Marian University","2023","42","5506","45","7749","91","25119","73","6479"
"151801","Indiana Wesleyan University-Marion","2023","31","6397","25","7048","100","15860","81","7015"
"151810","Martin University","2023","100","6547","67","6973","0",,"67","9402"
"151962","Mid-America College of Funeral Service","2023","69","5829","0",,"41","131","84","8955"
"152080","University of Notre Dame","2023","15","7355","1","7046","58","49591","25","9073"
"152099","Oakland City University","2023","37","5972","29","7214","88","22395","38","5922"
"152318","Rose-Hulman Institute of Technology","2023","11","5685","5","6654","99","29201","49","12534"
"152336","University of Saint Francis-Fort Wayne","2023","43","5182","44","6623","98","19379","61","7078"
"152381","Saint Mary-of-the-Woods College","2023","61","5334","44","7944","99","22205","80","9858"
"152390","Saint Mary's College","2023","23","5626","14","7079","100","33033","56","10478"
"152530","Taylor University","2023","18","5606","12","6943","100","24443","39","7453"
"152567","Trine University","2023","26","4858","21","6185","96","21874","68","9840"
"152600","Valparaiso University","2023","31","6105","23","7436","99","30671","56","8351"
"152637","Vincennes University","2023","74","4040","50","4880","62","3763","42","5774"
"152673","Wabash College","2023","26","5981","19","7365","100","35964","59","7307"
"152798","Allen College","2023",,,,,,,,
"152992","Briar Cliff University","2023","27","5630","19","7148","97","23673","61","7469"
"153001","Buena Vista University","2023","40","6674","42","7295","99","28657","68","7714"
"153108","Central College","2023","32","5362","60","5976","100","7390","74","8244"
"153126","Clarke University","2023","47","5549","14","7361","100","23601","76","10873"
"153144","Coe College","2023","41","5746","23","7757","100","39603","73","8007"
"153162","Cornell College","2023","30","5305","16","7931","100","35628","68","9817"
"153241","Divine Word College","2023",,,,,,,,
"153250","Dordt University","2023","18","5245","18","7209","99","19674","59","8080"
"153269","Drake University","2023","26","7144","16","7537","100","28667","53","9575"
"153278","University of Dubuque","2023","33","6425","14","7605","98","22952","69","11748"
"153302","Emmaus Bible College","2023","53","5230","33","7934","98","11153","33","6679"
"153320","Faith Baptist Bible College and Theological Seminary","2023","42","5351","23","7101","100","7962","38","4449"
"153366","Graceland University-Lamoni","2023","54","6627","15","7938","100","25424","77","6548"
"153375","Grand View University","2023","40","5072","42","7182","99","19080","72","6690"
"153384","Grinnell College","2023","19","6522","2","7500","92","44274","12","7432"
"153427","Orion Technical College","2023","76","5468","10","7000","0",,"81","7186"
"153603","Iowa State University","2023","19","5405","1","4197","75","9582","47","8317"
"153658","University of Iowa","2023","16","5432","1","5309","70","8745","47","10038"
"153825","Loras College","2023","22","5671","15","7535","100","23641","64","8820"
"153834","Luther College","2023","22","6573","13","6626","100","35751","60","7549"
"153861","Maharishi International University","2023","80","6628","0",,"90","5058","80","7673"
"153977","Mercy College of Health Sciences","2023","77","3717","40","6756","31","1335","54","12247"
"154004","Morningside University","2023","44","5543","30","7357","100","22402","72","8152"
"154013","Mount Mercy University","2023","22","6134","27","6825","100","25446","58","8218"
"154022","Ashford University","2023","66","4657","0",,"100","2157","64","6157"
"154095","University of Northern Iowa","2023","21","4632","3","5382","73","3843","45","6694"
"154101","Northwestern College","2023","24","4863","29","6868","100","20191","66","7565"
"154174","Palmer College of Chiropractic","2023",,,,,,,,
"154235","Saint Ambrose University","2023","36","4477","17","7151","100","23744","64","9716"
"154262","St Luke's College","2023","83","7575","67","9246","100","2143","100","6250"
"154350","Simpson College","2023","31","5823","35","7694","100","30748","73","7866"
"154493","Upper Iowa University","2023","35","4765","30","6901","94","23623","71","7547"
"154518","Waldorf University","2023","56","5404","11","2730","90","13471","78","5547"
"154527","Wartburg College","2023","28","5386","33","7266","97","34725","72","8514"
"154590","William Penn University","2023","44","5697","23","6882","100","14317","96","6806"
"154688","Baker University","2023","39","5778","45","3763","100","20800","64","7370"
"154712","Benedictine College","2023","21","5593","6","5595","100","20901","45","13665"
"154721","Bethany College","2023","51","5424","26","2702","100","19358","77","7548"
"154749","Bethel College-North Newton","2023","51","5510","41","3729","100","18213","77","7396"
"154855","Central Christian College of Kansas","2023","39","6103","14","3267","95","17878","74","7096"
"155007","Donnelly College","2023","59","3392","63","3824","90","1931","0",
"155025","Emporia State University","2023","37","5098","23","3441","83","3015","75","7280"
"155061","Fort Hays State University","2023","34","4873","23","2634","78","4038","43","5082"
"155070","Barclay College","2023","86","2829","0",,"100","12217","81","3825"
"155089","Friends University","2023","44","6134","31","5221","99","17796","62","7972"
"155140","Haskell Indian Nations University","2023","77","5199","0",,"0",,"0",
"155177","Hesston College","2023","31","5811","17","5722","100","19466","74","7203"
"155283","Concorde Career College-Kansas City","2023","69","4276","3","4502","3","570","75","7840"
"155308","Kansas Christian College","2023","58","5703","0",,"82","3025","61","5914"
"155317","University of Kansas","2023","21","5387","15","2014","85","9441","44","7351"
"155335","Newman University","2023","32","5637","47","3506","94","22060","47","5751"
"155399","Kansas State University","2023","19","4791","15","2797","88","8131","42","7240"
"155414","Kansas Wesleyan University","2023","41","5936","26","5584","97","18423","80","8152"
"155496","Manhattan Christian College","2023","37","3780","47","3661","93","7268","63","5467"
"155511","McPherson College","2023","40","5322","18","5286","100","19891","64","6690"
"155520","MidAmerica Nazarene University","2023","39","5327","30","3495","99","20496","67","7296"
"155627","Ottawa University-Ottawa","2023","37","5747","28","3530","100","20122","98","8259"
"155636","Ottawa University-Kansas City","2023",,,,,,,,
"155681","Pittsburg State University","2023","33","5262","22","2848","59","1807","53","5672"
"155812","University of Saint Mary","2023","47","7909","30","3203","100","18049","86","6227"
"155900","Southwestern College","2023","47","5144","24","6134","100","22521","79","6812"
"155937","Sterling College","2023","40","5858","30","5582","100","17711","63","7687"
"155973","Tabor College","2023","44","5373","30","4156","100","24775","62","6829"
"156082","Washburn University","2023","42","5861","30","2763","70","4944","37","5926"
"156125","Wichita State University","2023","42","5357","31","1881","70","4416","42","8609"
"156189","Alice Lloyd College","2023","60","5340","74","6162","82","5017","51","4132"
"156213","Asbury University","2023","34","5266","49","5793","100","20257","58","6728"
"156286","Bellarmine University","2023","33","5660","64","5686","100","30499","54","6493"
"156295","Berea College","2023","100","5922","45","9747","100","41626","7","2472"
"156356","Brescia University","2023","43","6113","49","6921","98","20900","47","5769"
"156365","Campbellsville University","2023","46","5802","64","6613","73","14518","45","5317"
"156408","Centre College","2023","19","5700","52","5108","100","35847","44","7607"
"156417","Clear Creek Baptist Bible College","2023","63","6301","0",,"100","3415","0",
"156471","Galen College of Nursing-Louisville","2023","68","5175","49","5256","16","6477","83","7285"
"156541","University of the Cumberlands","2023","57","8285","70","8174","69","3906","74","4750"
"156620","Eastern Kentucky University","2023","47","5298","88","3956","86","6161","45","6100"
"156745","Georgetown College","2023","41","5312","79","6012","100","34480","51","6364"
"157030","Kentucky Mountain Bible College","2023","57","5131","0",,"100","2399","43","5658"
"157058","Kentucky State University","2023","94","6982","22","4615","91","2320","77","5903"
"157076","Kentucky Wesleyan College","2023","43","5401","62","6026","95","17450","55","5812"
"157085","University of Kentucky","2023","24","5447","60","3574","89","10164","42","9542"
"157100","Kentucky Christian University","2023","45","5173","38","5623","100","12259","76","6767"
"157216","Lindsey Wilson College","2023","71","4575","71","6649","97","17943","50","4460"
"157289","University of Louisville","2023","39","5547","68","4157","82","9285","38","7818"
"157377","Midway University","2023","45","5234","53","6483","98","10665","64","6683"
"157386","Morehead State University","2023","49","5658","81","4060","75","8530","57","5133"
"157401","Murray State University","2023","40","5555","60","4257","95","8532","47","8501"
"157447","Northern Kentucky University","2023","29","6030","63","3170","94","8016","37","6266"
"157535","University of Pikeville","2023","60","5384","71","7595","99","10793","90","5783"
"157748","The Southern Baptist Theological Seminary","2023","0",,"0",,"40","1588","22","14434"
"157757","Spalding University","2023","52","5482","58","5659","97","12066","80","6968"
"157793","Sullivan University","2023","70","5871","36","7272","28","4666","88","8532"
"157809","Thomas More University","2023","29","5037","50","4903","100","21428","85","4633"
"157818","Transylvania University","2023","27","5512","78","5111","100","27645","52","8445"
"157863","Union College","2023","57","6005","57","7517","98","16918","71","5924"
"157951","Western Kentucky University","2023","37","5246","71","4089","93","6386","47","6402"
"158477","Centenary College of Louisiana","2023","40","5396","58","5560","100","27109","69","7094"
"158802","Dillard University","2023","78","6097","47","4111","99","10943","98","5403"
"159009","Grambling State University","2023","89","7600","32","1484","32","2708","82","5804"
"159373","Louisiana State University Health Sciences Center-New Orleans","2023",,,,,,,,
"159382","Louisiana State University-Alexandria","2023","60","4894","54","4326","59","1485","46","6333"
"159391","Louisiana State University and Agricultural & Mechanical College","2023","33","5701","61","7181","75","7573","39","8275"
"159416","Louisiana State University-Shreveport","2023","51","5444","81","5272","58","5084","22","5259"
"159568","Louisiana Christian University","2023","51","4866","66","4532","100","9497","67","6575"
"159647","Louisiana Tech University","2023","28","5310","80","6346","83","5975","39","5573"
"159656","Loyola University New Orleans","2023","43","6656","31","5765","99","31508","60","7823"
"159717","McNeese State University","2023","39","6105","72","5011","40","4590","37","5536"
"159939","University of New Orleans","2023","59","5755","63","5023","92","4071","32","5469"
"159948","New Orleans Baptist Theological Seminary","2023","0",,"16","3059","59","2973","3","7500"
"159966","Nicholls State University","2023","41","5408","78","4700","54","5556","44","5407"
"159993","University of Louisiana at Monroe","2023","41","5861","72","5609","86","7206","40","5713"
"160038","Northwestern State University of Louisiana","2023","55","5763","79","4620","71","5314","49","6044"
"160065","University of Holy Cross","2023","55","6391","71","5101","74","6055","55","6348"
"160074","Franciscan Missionaries of Our Lady University","2023","48","4485","89","5336","49","6980","46","6838"
"160409","Saint Joseph Seminary College","2023","6","2045","13","2859","13","15650","6","2711"
"160612","Southeastern Louisiana University","2023","39","5683","87","5974","53","4305","38","5414"
"160621","Southern University and A & M College","2023","78","6033","15","4230","15","5195","83","6358"
"160630","Southern University at New Orleans","2023","91","7021","60","1697","40","6290","56","4351"
"160658","University of Louisiana at Lafayette","2023","49","5820","80","5314","59","4663","53","6285"
"160755","Tulane University of Louisiana","2023","11","6968","8","6464","59","31406","24","9543"
"160904","Xavier University of Louisiana","2023","58","6781","26","6379","100","15739","63","6235"
"160959","College of the Atlantic","2023","24","5219","4","2512","98","32485","52","6554"
"160977","Bates College","2023","12","5459","1","2500","44","52664","18","10278"
"161004","Bowdoin College","2023","18","6888","2","2500","52","54801","11","14218"
"161022","Maine College of Health Professions","2023","0",,"0",,"0",,"33","5444"
"161086","Colby College","2023","11","6575","1","2286","41","65296","7","14111"
"161217","University of Maine at Augusta","2023","73","3911","51","3182","59","3163","32","6279"
"161226","University of Maine at Farmington","2023","46","5958","44","2954","92","4922","63","6650"
"161235","University of Maine at Fort Kent","2023","47","5896","51","2068","92","4252","51","6371"
"161253","University of Maine","2023","28","6021","23","2450","95","9220","58","9041"
"161299","Maine Maritime Academy","2023","21","5454","21","2899","99","7390","66","14424"
"161341","University of Maine at Presque Isle","2023","61","5454","49","2418","76","3351","52","5259"
"161457","University of New England","2023","22","5293","11","2181","100","20648","93","10854"
"161509","Maine College of Art & Design","2023","22","6161","7","2679","100","18393","70","14631"
"161518","Saint Joseph's College of Maine","2023","27","5214","25","2380","99","27887","76","13196"
"161554","University of Southern Maine","2023","39","6686","37","2627","91","6701","50","6997"
"161563","Thomas College","2023","40","6745","36","2483","100","21251","84","7671"
"161572","Unity Environmental University","2023","69","3254","12","275","0","3300","76","4540"
"161873","University of Baltimore","2023","73","5217","50","4369","77","3245","42","5686"
"162007","Bowie State University","2023","54","5251","12","5760","26","7317","49","10151"
"162061","Capitol Technology University","2023","46","6193","32","11852","98","10952","56","13075"
"162210","Washington Adventist University","2023","67","6816","18","9900","98","11468","49","6689"
"162283","Coppin State University","2023","66","6515","42","3878","77","9911","41","5367"
"162584","Frostburg State University","2023","39","5428","30","5838","87","5866","41","7687"
"162654","Goucher College","2023","34","6187","23","8257","99","36489","48","8225"
"162760","Hood College","2023","31","5802","24","7273","100","31939","66","7725"
"162928","Johns Hopkins University","2023","23","7491","4","5896","59","55466","12","10600"
"163046","Loyola University Maryland","2023","20","6255","13","10034","99","37313","60","8853"
"163204","University of Maryland Global Campus","2023","43","4444","14","2900","16","779","25","6192"
"163259","University of Maryland, Baltimore","2023",,,,,,,,
"163268","University of Maryland-Baltimore County","2023","31","5617","30","7238","82","5743","32","6653"
"163286","University of Maryland-College Park","2023","17","5838","21","6731","45","8807","23","9453"
"163295","Maryland Institute College of Art","2023","30","6134","15","7792","100","25396","59","8526"
"163338","University of Maryland Eastern Shore","2023","99","3745","37","5475","98","6892","52","6100"
"163453","Morgan State University","2023","62","5902","20","5372","91","5180","72","6919"
"163462","Mount St. Mary's University","2023","33","7550","39","10288","100","30184","70","7432"
"163532","Ner Israel Rabbinical College","2023","20","9334","15","6967","70","10750","0",
"163578","Notre Dame of Maryland University","2023","54","6219","48","5249","100","31976","98","7081"
"163851","Salisbury University","2023","29","6004","30","6268","88","4166","44","7530"
"163912","St. Mary's College of Maryland","2023","20","5553","27","7111","97","7930","47","7586"
"163976","St. John's College","2023","22","8920","5","6407","65","32184","51","6966"
"164076","Towson University","2023","35","5556","34","7339","51","5379","47","7214"
"164155","United States Naval Academy","2023",,,,,,,,
"164173","Stevenson University","2023","36","5806","30","8460","100","24566","60","9733"
"164216","Washington College","2023","21","6753","16","9044","98","33880","54","10828"
"164270","McDaniel College","2023","35","5991","30","7383","100","35719","67","7882"
"164368","Hult International Business School","2023","15","5090","0",,"80","22093","14","8368"
"164447","American International College","2023","52","5560","26","3536","98","30164","84","7210"
"164465","Amherst College","2023","21","6260","4","3524","58","63167","7","9823"
"164492","Anna Maria College","2023","46","6022","30","3250","98","28192","74","10773"
"164562","Assumption University","2023","21","6049","21","3340","100","30809","92","9266"
"164580","Babson College","2023","14","6124","2","3833","36","45223","29","10824"
"164614","Boston Baptist College","2023","50","5570","0",,"100","4400","0",
"164632","Bay Path University","2023","54","7236","45","4167","86","25496","64","7206"
"164739","Bentley University","2023","18","6913","16","3006","85","31341","47","11438"
"164748","Berklee College of Music","2023","11","6256","1","1405","66","21593","33","14769"
"164872","Boston Architectural College","2023","33","6218","0",,"52","7374","52","17759"
"164924","Boston College","2023","14","5580","5","2808","42","49342","32","3580"
"164988","Boston University","2023","19","7789","3","4303","49","52523","21","11732"
"165015","Brandeis University","2023","15","7355","6","3586","68","35576","26","6394"
"165024","Bridgewater State University","2023","33","5532","54","3679","63","4204","85","6453"
"165167","Cambridge College","2023",,,,,,,,
"165264","Laboure College of Healthcare","2023","0",,"0",,"0",,"0",
"165334","Clark University","2023","22","7150","11","4277","97","29810","56","9173"
"165529","Curry College","2023","37","5775","29","2507","100","28550","80","10760"
"165574","Dean College","2023","30","5440","18","3151","100","29285","76","12177"
"165644","Eastern Nazarene College","2023","100","2465","25","3178","100","17514","63","7185"
"165662","Emerson College","2023","15","5890","3","4148","78","25212","50","11351"
"165671","Emmanuel College","2023","24","5856","19","2907","100","28933","67","10554"
"165699","Endicott College","2023","13","6345","12","1923","97","16501","72","16520"
"165802","Fisher College","2023","60","5889","38","3355","97","20144","89","6068"
"165820","Fitchburg State University","2023","42","5608","84","3356","73","2913","63","7193"
"165866","Framingham State University","2023","45","5377","59","4709","70","3030","68","6731"
"165884","Benjamin Franklin Cummings Institute of Technology","2023","72","4958","50","2677","87","5296","62","5363"
"165936","Gordon College","2023","21","4882","12","3192","100","14371","64","8281"
"166018","Hampshire College","2023","39","6886","13","3642","100","40793","61","7289"
"166027","Harvard University","2023","21","7677","4","2708","57","62073","9","8729"
"166054","Hellenic College-Holy Cross Greek Orthodox School of Theology","2023","25","5895","0",,"75","16000","25","4552"
"166124","College of the Holy Cross","2023","13","7123","8","3822","58","39249","33","5241"
"166391","Lasell University","2023","48","5287","29","4102","100","31160","80","7748"
"166452","Lesley University","2023","31","6264","22","3113","100","13836","68","10984"
"166513","University of Massachusetts-Lowell","2023","35","5580","37","3846","78","8469","66","7308"
"166629","University of Massachusetts-Amherst","2023","19","5943","19","2690","74","10214","49","9229"
"166638","University of Massachusetts-Boston","2023","47","5454","43","2890","86","8288","58","7478"
"166656","MCPHS University","2023","43","6739","30","2480","99","18642","70","12653"
"166674","Massachusetts College of Art and Design","2023","32","5755","28","6109","70","7408","64","10734"
"166683","Massachusetts Institute of Technology","2023","18","8846","2","2242","57","55983","8","12071"
"166692","Massachusetts Maritime Academy","2023","17","5873","27","6492","66","12694","91","10017"
"166717","William James College","2023",,,,,,,,
"166850","Merrimack College","2023","18","5700","13","2596","100","27875","66","13264"
"166869","MGH Institute of Health Professions","2023",,,,,,,,
"166911","Montserrat College of Art","2023","31","5934","17","2668","100","18569","75","11695"
"166939","Mount Holyoke College","2023","16","6075","5","2997","75","40410","48","4202"
"167057","The New England Conservatory of Music","2023","15","5769","2","1000","85","27317","23","6499"
"167260","Nichols College","2023","31","5780","22","3470","95","22198","77","9994"
"167288","Massachusetts College of Liberal Arts","2023","46","8059","40","4589","97","4140","97","6988"
"167358","Northeastern University","2023","16","9757","6","3527","72","44353","39","9028"
"167394","College of Our Lady of the Elms","2023","53","5780","40","2768","99","27057","76","7809"
"167598","Regis College","2023","37","6285","29","2766","100","31032","74","12121"
"167677","Saint John's Seminary","2023",,,,,,,,
"167729","Salem State University","2023","50","5498","51","3710","98","3543","69","7768"
"167783","Simmons University","2023","29","5842","16","3702","99","31584","62","8356"
"167792","Bard College at Simon's Rock","2023","41","2776","1","1000","99","36518","56","6413"
"167835","Smith College","2023","17","6304","5","2951","68","52805","14","11483"
"167899","Springfield College","2023","24","6636","16","2881","98","26742","75","9097"
"167987","University of Massachusetts-Dartmouth","2023","59","4268","54","3388","92","6446","78","7592"
"167996","Stonehill College","2023","19","6943","13","3283","100","35609","74","9557"
"168005","Suffolk University","2023","35","6261","23","3973","98","26485","62","10256"
"168148","Tufts University","2023","12","6285","3","4009","41","49709","20","8657"
"168218","Wellesley College","2023","19","6489","5","3340","52","59412","21","8059"
"168227","Wentworth Institute of Technology","2023","22","5721","15","2963","100","18024","66","12037"
"168254","Western New England University","2023","30","5154","22","2766","100","25209","90","8679"
"168263","Westfield State University","2023","41","5466","57","5246","63","2568","69","7852"
"168281","Wheaton College (Massachusetts)","2023","17","6826","12","3082","96","43694","79","7794"
"168342","Williams College","2023","19","7828","3","3507","58","61503","10","8171"
"168421","Worcester Polytechnic Institute","2023","13","6371","12","2939","95","26795","54","14606"
"168430","Worcester State University","2023","39","5248","64","3949","51","1916","61","4994"
"168528","Adrian College","2023","40","6424","39","4197","99","28675","79","7600"
"168546","Albion College","2023","47","6231","45","2999","100","46051","70","6919"
"168591","Alma College","2023","21","5687","42","2901","100","34023","68","10252"
"168607","Alpena Community College","2023","46","6104","42","5017","40","1902","24","6278"
"168740","Andrews University","2023","24","5919","7","2621","94","17860","36","7255"
"168786","Aquinas College","2023","26","6082","51","3500","100","25687","54","8181"
"168847","Baker College","2023","44","5386","52","3786","59","4600","50","6015"
"169080","Calvin University","2023","14","7203","23","2946","100","25542","37","7956"
"169248","Central Michigan University","2023","32","5376","6","1416","95","8813","76","6597"
"169327","Cleary University","2023","38","5647","41","2500","98","10303","68","8521"
"169363","Concordia University Ann Arbor","2023","31","5136","33","2820","99","19905","67","9399"
"169442","College for Creative Studies","2023","34","6179","49","3286","98","23329","69","8318"
"169479","Davenport University","2023","34","5797","40","3576","100","12690","60","11893"
"169716","University of Detroit Mercy","2023","39","7536","56","2915","100","17626","37","7134"
"169798","Eastern Michigan University","2023","48","5946","4","1555","92","7371","53","6880"
"169910","Ferris State University","2023","42","5838","33","11762","88","6970","57","7284"
"169983","Kettering University","2023","19","6864","43","2900","100","22467","51","12995"
"170000","Grace Christian University","2023","49","5327","55","4080","82","5561","61","6583"
"170037","Cornerstone University","2023","28","4704","51","3572","100","14230","56","9603"
"170082","Grand Valley State University","2023","32","5471","5","1657","86","6827","51","6868"
"170091","Great Lakes Christian College","2023","74","5360","42","4422","79","5652","66","5114"
"170240","Henry Ford College","2023","72","6854","49","3257","3","1643","20","4740"
"170286","Hillsdale College","2023","0",,"0",,"97","20505","33","11258"
"170301","Hope College","2023","18","5391","33","2946","97","21639","46","8476"
"170444","Jackson College","2023","53","6059","34","5148","35","2356","29","6075"
"170532","Kalamazoo College","2023","30","7334","25","2926","98","42259","48","6421"
"170639","Lake Superior State University","2023","34","5083","28","12218","78","6626","50","10524"
"170675","Lawrence Technological University","2023","19","5763","45","3419","92","18057","64","7868"
"170806","Madonna University","2023","28","6767","43","3046","97","16629","64","7220"
"170967","Rochester University","2023","41","5285","34","3456","100","13238","74","6728"
"170976","University of Michigan-Ann Arbor","2023","18","6418","10","1513","54","20048","24","9814"
"171100","Michigan State University","2023","18","5578","5","1711","96","7036","35","9086"
"171128","Michigan Technological University","2023","21","5622","19","8367","97","14126","50","8896"
"171137","University of Michigan-Dearborn","2023","49","6337","6","1360","96","6246","30","6030"
"171146","University of Michigan-Flint","2023","47","6059","45","1136","94","7945","41","6091"
"171456","Northern Michigan University","2023","29","5425","20","9539","89","5451","58","8034"
"171483","Northwestern Michigan College","2023","39","5203","36","4796","49","1659","27","7417"
"171492","Northwood University","2023","24","5715","40","3751","100","17871","89","8559"
"171571","Oakland University","2023","39","5804","4","1475","92","7158","41","5928"
"171599","The University of Olivet","2023","52","5244","55","2502","99","18725","100","6571"
"171881","Kuyper College","2023","25","1945","50","3000","100","7588","100","15969"
"172033","Sacred Heart Major Seminary","2023","50","7095","0",,"50","22000","50","5500"
"172051","Saginaw Valley State University","2023","36","5209","4","2142","98","7616","56","6146"
"172200","Schoolcraft Community College District","2023","52","3535","14","2991","45","1076","7","4702"
"172264","Siena Heights University","2023","38","5699","45","4031","100","20957","94","6305"
"172334","Spring Arbor University","2023","31","6175","39","2819","100","18499","64","8020"
"172608","Walsh College","2023",,,,,,,,
"172644","Wayne State University","2023","51","6956","5","1513","90","7481","34","6336"
"172699","Western Michigan University","2023","27","5418","4","1605","91","6531","53","8346"
"172866","Academy College","2023","28","4363","33","3397","0",,"33","5332"
"173045","Augsburg University","2023","57","6068","69","6510","100","25355","81","7002"
"173124","Bemidji State University","2023","32","6111","40","4038","70","3363","60","8907"
"173142","Bethany Lutheran College","2023","28","5128","34","6977","100","16385","57","8642"
"173160","Bethel University","2023","26","6148","35","6140","99","22176","62","9690"
"173258","Carleton College","2023","17","6599","6","5937","57","49336","38","4654"
"173300","Concordia College at Moorhead","2023","24","7400","25","6026","100","14344","60","11164"
"173328","Concordia University-Saint Paul","2023","47","5703","50","5831","99","11239","68","7916"
"173452","Martin Luther College","2023","27","4744","15","6016","99","6003","83","5967"
"173647","Gustavus Adolphus College","2023","20","5190","30","5974","96","34539","56","9297"
"173665","Hamline University","2023","43","6013","56","5905","100","28117","63","9335"
"173902","Macalester College","2023","15","6751","6","6430","88","38737","42","8072"
"173920","Minnesota State University-Mankato","2023","24","5551","30","3587","43","3235","57","10191"
"174020","Metropolitan State University","2023","68","5776","76","2978","5","2774","21","5016"
"174066","University of Minnesota-Twin Cities","2023","22","6361","30","6855","61","6389","42","10378"
"174075","University of Minnesota-Crookston","2023","31","6156","34","5957","87","7508","51","7278"
"174127","Minneapolis College of Art and Design","2023","38","5489","41","5943","100","23185","80","8091"
"174154","Herzing University-Minneapolis","2023","58","5836","55","4508","65","2582","74","9406"
"174233","University of Minnesota-Duluth","2023","21","5640","32","6145","89","3381","60","9681"
"174251","University of Minnesota-Morris","2023","46","6133","43","6503","95","10228","43","7927"
"174358","Minnesota State University Moorhead","2023","31","5252","36","3668","84","3173","65","9274"
"174437","North Central University","2023","43","7113","29","6261","92","13709","73","7776"
"174491","University of Northwestern-St Paul","2023","30","5323","41","6267","99","17278","65","9627"
"174507","Northwestern Health Sciences University","2023","100","6227","67","345","67","375","100","9333"
"174525","Oak Hills Christian College","2023","63","2726","42","2861","96","4424","67","3928"
"174747","College of Saint Benedict","2023","16","7191","27","5812","100","34462","65","10153"
"174783","Saint Cloud State University","2023","37","6189","41","3428","52","3340","43","9060"
"174792","Saint Johns University","2023","19","6877","27","6307","100","34431","62","10004"
"174817","Saint Mary's University of Minnesota","2023","28","6376","25","6118","100","29035","54","8842"
"174844","St Olaf College","2023","20","6119","17","6263","100","39589","43","7282"
"174862","Crown College","2023","34","5866","30","5467","96","14064","69","8364"
"174899","The College of Saint Scholastica","2023","24","6707","34","6347","97","25130","57","10267"
"174914","University of St Thomas","2023","24","5805","33","5265","94","29644","45","10975"
"175005","St Catherine University","2023","45","6209","52","6665","99","29891","64","7613"
"175014","Rasmussen University-Minnesota","2023","68","6396","67","2716","26","1540","79","9770"
"175078","Southwest Minnesota State University","2023","39","5077","41","4114","82","3755","55","7627"
"175227","Dunwoody College of Technology","2023","31","5434","36","2955","54","6858","80","9165"
"175272","Winona State University","2023","23","5027","27","3758","93","2316","61","9168"
"175342","Alcorn State University","2023","85","7320","22","1662","63","6503","85","6478"
"175421","Belhaven University","2023","14","7289","7","2601","38","12905","27","11630"
"175430","Blue Mountain Christian University","2023","36","5905","29","1831","100","12824","53","6872"
"175616","Delta State University","2023","44","6055","32","2069","75","6423","54","7448"
"175856","Jackson State University","2023","77","7067","9","3036","71","2483","85","6336"
"175980","Millsaps College","2023","45","6539","23","4073","100","30068","71","8557"
"176017","University of Mississippi","2023","19","5949","24","2874","73","11408","36","10200"
"176035","Mississippi University for Women","2023","56","6897","26","2393","72","5535","59","7128"
"176044","Mississippi Valley State University","2023","89","6304","10","3760","48","6374","79","6385"
"176053","Mississippi College","2023","28","5655","30","1927","97","16232","36","6548"
"176080","Mississippi State University","2023","30","5638","40","2551","93","11086","45","7470"
"176318","Rust College","2023","97","8132","3","1250","67","5882","61","5717"
"176336","Southeastern Baptist College","2023","88","5172","0",,"100","2308","0",
"176372","University of Southern Mississippi","2023","54","6130","46","3469","70","7670","55","6937"
"176406","Tougaloo College","2023","78","5809","58","4221","56","3452","51","7332"
"176479","William Carey University","2023","39","5018","43","1954","95","11034","22","4694"
"176628","Avila University","2023","51","6033","30","2354","100","11549","71","6009"
"176664","Mission University","2023","54","4910","0",,"96","4097","67","5432"
"176770","Cox College","2023",,,,,,,,
"176789","Calvary University","2023","26","6116","0",,"44","4813","11","9167"
"176910","Central Christian College of the Bible","2023","65","5267","17","5373","100","4290","52","5377"
"176947","Central Methodist University-College of Liberal Arts and Sciences","2023","39","6166","29","2693","100","16034","64","7795"
"176965","University of Central Missouri","2023","34","5003","38","2556","92","3545","50","7709"
"177038","Cleveland University-Kansas City","2023","100","5797","0",,"50","6000","100","5444"
"177065","Columbia College","2023","50","6239","28","2306","61","15277","50","6488"
"177083","Conception Seminary College","2023","25","5845","0",,"100","4075","25","5002"
"177117","Cottey College","2023","45","4968","22","2960","100","15530","52","6032"
"177144","Culver-Stockton College","2023","38","5904","24","2591","100","18063","82","9800"
"177214","Drury University","2023","29","5584","34","2704","100","22756","55","7992"
"177339","Evangel University","2023","38","5164","31","2393","99","17418","89","7921"
"177418","Fontbonne University","2023","91","5018","36","2832","99","18566","72","6622"
"177542","Hannibal-LaGrange University","2023","17","3689","25","2306","64","16431","47","9918"
"177551","Harris-Stowe State University","2023","83","6703","38","2305","72","6664","67","5889"
"177719","Barnes-Jewish College Goldfarb School of Nursing","2023",,,,,,,,
"177746","Kansas City Art Institute","2023","42","5771","27","2550","100","24601","77","8882"
"177940","Lincoln University","2023","47","6213","18","2579","21","3736","42","6322"
"177968","Lindenwood University","2023","31","5447","37","2784","98","12279","61","7058"
"177986","Logan University","2023","38","9445","25","1563","38","6000","100","6750"
"178059","Maryville University of Saint Louis","2023","30","5597","29","2527","97","16098","52","8359"
"178208","Midwestern Baptist Theological Seminary","2023","71","6043","3","1000","50","2939","58","6338"
"178244","Missouri Baptist University","2023","37","5530","30","2451","97","18797","66","7656"
"178341","Missouri Southern State University","2023","46","5206","34","2473","72","4922","41","5302"
"178369","Missouri Valley College","2023","37","5856","15","2622","100","16070","49","6146"
"178387","Missouri Western State University","2023","48","6084","37","2819","80","5089","51","6086"
"178396","University of Missouri-Columbia","2023","20","5808","31","2780","82","9586","44","8609"
"178402","University of Missouri-Kansas City","2023","45","5599","43","2765","85","6360","35","6331"
"178411","Missouri University of Science and Technology","2023","21","5265","46","3017","96","11559","46","8692"
"178420","University of Missouri-St Louis","2023","49","6487","49","2768","99","10776","42","5836"
"178615","Truman State University","2023","20","5270","38","2867","100","8735","40","6914"
"178624","Northwest Missouri State University","2023","35","4930","33","2692","93","6194","59","6611"
"178679","Ozark Christian College","2023","42","4787","0",,"100","5474","62","6887"
"178697","College of the Ozarks","2023","43","5621","29","2323","100","16881","0",
"178721","Park University","2023","45","6028","18","2632","72","5443","47","5754"
"178767","Stevens-The Institute of Business & Arts","2023","100","7470","0",,"0",,"50","8907"
"178891","Ranken Technical College","2023","51","5867","31","3984","60","7567","66","6088"
"178989","Research College of Nursing","2023",,,,,,,,
"179043","Rockhurst University","2023","32","5356","28","2598","100","31777","51","6703"
"179159","Saint Louis University","2023","25","7284","22","2729","99","36058","50","7750"
"179265","University of Health Sciences and Pharmacy in St. Louis","2023","60","5752","15","2470","100","16349","71","10583"
"179326","Southwest Baptist University","2023","44","5475","26","4713","76","18222","52","8802"
"179548","Stephens College","2023","38","6439","31","2561","100","16227","69","10827"
"179557","Southeast Missouri State University","2023","37","5433","36","2638","85","6367","41","6273"
"179566","Missouri State University-Springfield","2023","28","5425","35","2527","80","6010","47","7594"
"179867","Washington University in St Louis","2023","20","8678","8","3696","48","57007","16","7789"
"179894","Webster University","2023","28","5159","33","2547","98","19237","52","6989"
"179946","Westminster College","2023","42","5167","44","2595","97","20252","70","6477"
"179955","William Jewell College","2023","32","7705","56","5496","100","11382","48","6810"
"179964","William Woods University","2023","38","5572","34","2859","98","19299","60","9649"
"180106","Carroll College","2023","17","5730","0",,"100","26961","50","7176"
"180179","Montana State University Billings","2023","38","5453","15","1956","74","2541","36","5288"
"180258","University of Providence","2023","39","5712","0",,"97","19625","60","8058"
"180416","Montana Technological University","2023","21","5465","29","1155","70","4466","51","5999"
"180461","Montana State University","2023","22","5036","9","986","78","9477","39","9510"
"180489","The University of Montana","2023","29","5361","9","3046","76","8199","50","7482"
"180522","Montana State University-Northern","2023","45","5190","9","3133","45","4208","39","4821"
"180595","Rocky Mountain College","2023","37","6310","0",,"100","23265","63","8257"
"180647","Salish Kootenai College","2023","59","5096","3","1692","33","1225","9","5175"
"180692","The University of Montana-Western","2023","32","2493","46","4487","44","4873","41","14879"
"180814","Bellevue University","2023","36","4251","6","1782","30","6638","28","6008"
"180832","Clarkson College","2023","29","4921","48","4603","68","6081","97","10353"
"180878","Bryan College of Health Sciences","2023","29","6104","29","1439","74","3940","77","14601"
"180948","Chadron State College","2023","43","4972","17","1414","87","4762","63","5088"
"180984","Concordia University-Nebraska","2023","26","5398","16","2147","100","25326","67","7308"
"181002","Creighton University","2023","11","7117","2","3400","100","26959","45","9152"
"181020","Doane University","2023","29","5773","18","2075","100","27326","93","8713"
"181127","Hastings College","2023","32","5992","14","3074","100","24871","69","7645"
"181215","University of Nebraska at Kearney","2023","33","5095","18","4340","82","6217","40","6656"
"181297","Nebraska Methodist College of Nursing & Allied Health","2023","30","5759","27","3271","97","7583","68","6801"
"181330","Midland University","2023","33","5830","13","2974","99","26031","72","7799"
"181394","University of Nebraska at Omaha","2023","40","5573","21","2505","74","4112","29","5865"
"181428","University of Nebraska Medical Center","2023",,,,,,,,
"181446","Nebraska Wesleyan University","2023","38","5252","28","2273","100","26075","58","8417"
"181464","University of Nebraska-Lincoln","2023","27","4583","14","2193","92","8033","41","7178"
"181534","Peru State College","2023","46","5608","40","6966","84","4072","54","4884"
"181604","College of Saint Mary","2023","41","7833","28","2723","100","15852","55","6003"
"181738","Union Adventist University","2023","47","6168","20","3207","100","13506","81","4432"
"181783","Wayne State College","2023","37","4908","92","2538","54","2871","56","5591"
"181853","York University","2023","93","2893","6","571","97","10432","88","5543"
"182005","College of Southern Nevada","2023","54","5493","52","1999","14","2729","10","3523"
"182281","University of Nevada-Las Vegas","2023","47","5668","67","1905","76","3760","25","6308"
"182290","University of Nevada-Reno","2023","28","5312","66","3251","83","2991","33","6810"
"182306","Great Basin College","2023","40","4643","53","2477","8","1945","7","6831"
"182500","Truckee Meadows Community College","2023","42","3798","56","2699","31","2036","2","5830"
"182564","Western Nevada College","2023","41","4781","64","2551","34","1615","1","6186"
"182634","Colby-Sawyer College","2023","25","5920","15","2518","100","37454","80","9539"
"182670","Dartmouth College","2023","15","8627","0","3498","45","64165","43","6152"
"182795","Franklin Pierce University","2023","31","6016","10","2890","99","34326","79","9306"
"182917","Magdalen College","2023","53","4008","20","1967","100","14267","60","5120"
"182980","New England College","2023","41","5917","8","3276","95","28127","80","9165"
"183026","Southern New Hampshire University","2023","61","3742","5","5509","12","4192","66","6208"
"183044","University of New Hampshire-Main Campus","2023","16","6096","7","1259","95","12949","58","11683"
"183062","Keene State College","2023","25","6451","13","2342","100","8573","71","9716"
"183071","University of New Hampshire at Manchester","2023","43","4553","36","1029","85","7021","43","7106"
"183080","Plymouth State University","2023","27","6557","16","2180","99","8056","81","8999"
"183211","Rivier University","2023","25","5905","14","5722","98","20455","79","9302"
"183239","Saint Anselm College","2023","10","5880","4","1514","100","29355","72","10575"
"183257","University of New Hampshire College of Professional Studies Online","2023","39","5198","30","1424","39","2078","48","5807"
"183275","Thomas More College of Liberal Arts","2023","50","5072","0",,"96","17057","88","5369"
"183789","Berkeley College-Woodland Park","2023","77","5577","58","11135","88","7998","57","5448"
"183804","Beth Medrash Govoha","2023",,,,,,,,
"183822","Bloomfield College","2023","77","5723","76","10993","97","12558","94","3974"
"183910","Caldwell University","2023","48","5580","47","10954","100","22722","72","7160"
"183974","Centenary University","2023","40","7821","35","10145","94","22905","82","8702"
"184348","Drew University","2023","30","6402","26","11502","98","28129","67","10428"
"184603","Fairleigh Dickinson University-Metropolitan Campus","2023","56","6570","45","11931","88","21227","45","7405"
"184612","Felician University","2023","63","6299","52","12500","99","23655","40","9252"
"184694","Fairleigh Dickinson University-Florham Campus","2023","39","6426","30","11509","98","19825","61","10445"
"184773","Georgian Court University","2023","40","6386","33","11174","99","21434","49","8832"
"184782","Rowan University","2023","34","5786","32","7834","77","7451","54","9225"
"184959","Eastwick College-Ramsey","2023","100","3803","13","5926","100","1154","74","7833"
"185129","New Jersey City University","2023","69","6980","50","7406","51","6826","30","7475"
"185262","Kean University","2023","60","6100","55","8021","75","4921","48","6835"
"185572","Monmouth University","2023","31","6140","25","10614","100","22547","68","13227"
"185590","Montclair State University","2023","52","6070","48","8593","51","3692","43","7858"
"185828","New Jersey Institute of Technology","2023","47","6094","41","10029","75","11462","32","7916"
"186131","Princeton University","2023","19","7426","3","10475","60","57898","8","7667"
"186186","Rabbinical College of America","2023","44","8432","7","9114","76","6382","0",
"186201","Ramapo College of New Jersey","2023","28","6098","27","7952","54","8784","49","9936"
"186283","Rider University","2023","36","6111","30","10797","100","21981","64","9609"
"186371","Rutgers University-Camden","2023","47","5965","38","8773","90","9371","46","9467"
"186380","Rutgers University-New Brunswick","2023","26","6249","22","8906","47","10408","42","11606"
"186399","Rutgers University-Newark","2023","57","6113","50","8934","58","7819","26","8509"
"186432","Saint Peter's University","2023","66","6018","58","11582","99","25197","39","6327"
"186584","Seton Hall University","2023","39","7004","33","11518","100","27142","59","11404"
"186618","Saint Elizabeth University","2023","73","6449","66","13768","98","19752","63","7597"
"186867","Stevens Institute of Technology","2023","19","7147","15","9761","99","29954","56","10331"
"186876","Stockton University","2023","46","5715","41","7468","84","6370","57","8268"
"186900","Talmudical Academy-New Jersey","2023","42","6770","17","10332","83","8854","0",
"187046","Thomas Edison State University","2023",,,,,,,,
"187134","The College of New Jersey","2023","24","5747","20","8567","57","9442","50","11187"
"187444","William Paterson University of New Jersey","2023","56","5840","46","7493","65","7416","48","7082"
"187596","Navajo Technical University","2023","76","5972","79","2202","92","876","0",
"187648","Eastern New Mexico University-Main Campus","2023","50","5686","91","7581","38","1784","19","4831"
"187745","Institute of American Indian and Alaska Native Culture and Arts Development","2023","60","5350","56","5275","94","2850","0",
"187897","New Mexico Highlands University","2023","56","3034","79","2568","80","2422","20","2396"
"187967","New Mexico Institute of Mining and Technology","2023","34","6817","89","8247","85","4307","38","4939"
"187985","University of New Mexico-Main Campus","2023","40","5828","81","8644","74","3826","19","6395"
"188030","New Mexico State University-Main Campus","2023","49","5701","71","7736","73","8707","27","5131"
"188058","Northern New Mexico College","2023","70","5505","100","6109","27","677","4","2771"
"188182","University of the Southwest","2023","52","5763","3","1875","92","6950","62","6335"
"188304","Western New Mexico University","2023","54","5774","68","8573","35","7937","30","5545"
"188340","Vaughn College of Aeronautics and Technology","2023","65","3397","49","2940","78","3834","54","4105"
"188429","Adelphi University","2023","34","6049","41","3134","92","25658","67","7955"
"188517","Bryant & Stratton College-Albany","2023","73","5016","38","2808","75","8311","58","5740"
"188526","Albany College of Pharmacy and Health Sciences","2023","33","6538","61","1968","100","22029","93","14171"
"188641","Alfred University","2023","41","5944","39","3433","99","24615","69","7509"
"188854","American Musical and Dramatic Academy","2023","39","6620","1","5724","100","14962","72","11903"
"189088","Bard College","2023","36","3313","13","3732","77","54213","47","7145"
"189097","Barnard College","2023","34","3707","20","3098","47","52716","58","7781"
"189228","Berkeley College-New York","2023","54","6216","32","5215","97","6519","51","5664"
"189282","Mount Sinai Phillips School of Nursing","2023",,,,,,,,
"189413","Boricua College","2023","90","5338","78","4274","10","1674","2","4453"
"189565","Bryant & Stratton College-Syracuse North","2023","66","4911","46","3419","85","11171","52","4695"
"189583","Bryant & Stratton College-Buffalo","2023","71","4525","53","3236","73","4622","50","5342"
"189592","Bryant & Stratton College-Greece","2023","62","3713","43","3254","84","6893","49","5661"
"189705","Canisius University","2023","32","6354","38","3598","100","19416","58","7973"
"189857","Central Yeshiva Tomchei Tmimim Lubavitz","2023","95","6186","9","3854","77","1193","0",
"190044","Clarkson University","2023","20","5730","26","2774","100","41260","70","9822"
"190099","Colgate University","2023","12","6436","6","2567","43","55010","15","9807"
"190114","Metropolitan College of New York","2023","58","4487","27","4770","88","2757","46","7208"
"190150","Columbia University in the City of New York","2023","22","7929","6","4798","51","61951","7","14737"
"190372","The Cooper Union for the Advancement of Science and Art","2023","29","5762","9","2919","100","37278","30","7657"
"190415","Cornell University","2023","19","7540","14","3557","49","55091","29","8574"
"190503","Culinary Institute of America","2023","30","6610","6","5089","98","15853","59","16177"
"190512","CUNY Bernard M Baruch College","2023","69","6126","76","4419","70","1227","9","5399"
"190549","CUNY Brooklyn College","2023","69","5865","79","3989","74","1293","3","6646"
"190558","College of Staten Island CUNY","2023","61","5592","66","3452","58","1441","11","6770"
"190567","CUNY City College","2023","71","5806","78","4043","68","985","5","6182"
"190576","CUNY Graduate School and University Center","2023",,,,,,,,
"190594","CUNY Hunter College","2023","68","5842","85","4223","80","1146","4","7576"
"190600","CUNY John Jay College of Criminal Justice","2023","71","6005","76","4061","71","1030","7","10927"
"190637","CUNY Lehman College","2023","81","5787","79","4090","72","921","3","4727"
"190646","CUNY Medgar Evers College","2023","80","5275","65","3101","65","1114","6","3848"
"190655","CUNY New York City College of Technology","2023","74","5295","69","3180","65","1014","2","4543"
"190664","CUNY Queens College","2023","62","5802","72","4043","62","1154","7","5928"
"190691","CUNY York College","2023","70","5463","71","3402","60","820","2","4402"
"190716","D'Youville  University","2023","28","6239","25","4214","69","18629","39","12577"
"190725","Daemen University","2023","42","5724","45","3432","100","21188","79","8350"
"190752","Yeshiva of Far Rockaway Derech Ayson Rabbinical Seminary","2023","7","6076","7","2337","57","6554","0",
"190761","Dominican University New York","2023","45","6011","42","2797","100","18643","77","8784"
"190983","Elmira College","2023","38","5921","33","2938","100","23140","77","9614"
"191126","Fashion Institute of Technology","2023","35","5901","31","3761","14","2795","40","9587"
"191205","Five Towns College","2023","58","6196","58","10375","88","9257","43","6474"
"191241","Fordham University","2023","23","6958","19","4912","94","30590","52","9585"
"191515","Hamilton College","2023","17","7049","9","4454","51","51621","33","5781"
"191533","Hartwick College","2023","40","5673","39","2330","100","36421","87","8849"
"191597","Helene Fuld College of Nursing","2023","100","3128","33","924","100","565","100","14948"
"191621","Hilbert College","2023","49","5089","52","3544","96","14141","74","10058"
"191630","Hobart William Smith Colleges","2023","23","6507","15","5567","99","45145","78","5511"
"191649","Hofstra University","2023","29","6452","22","3596","99","30361","53","9717"
"191676","Houghton University","2023","34","5093","37","2998","95","4512","62","8493"
"191931","Iona University","2023","33","5614","32","3510","99","26358","53","9031"
"191968","Ithaca College","2023","19","7803","15","3116","100","29932","67","5352"
"192004","Jamestown Business College","2023","71","6675","71","3721","92","4518","2","8329"
"192040","Jewish Theological Seminary of America","2023","5","5270","0",,"68","25601","10","26307"
"192110","The Juilliard School","2023","13","7056","1","5665","94","37615","30","5545"
"192165","Kehilath Yakov Rabbinical Seminary","2023","82","6972","76","4816","88","3525","0",
"192192","Keuka College","2023","54","5312","49","3720","100","22921","96","9697"
"192271","LIM College","2023","34","6347","7","3085","100","8887","66","12000"
"192323","Le Moyne College","2023","38","6484","46","3111","100","25214","75","8623"
"192448","Long Island University","2023","41","8188","39","3278","95","25513","39","8164"
"192624","Machzikei Hadath Rabbinical College","2023","79","6855","70","5189","45","3913","0",
"192703","Manhattan College","2023","38","5911","34","3796","98","31659","54","7524"
"192712","Manhattan School of Music","2023","10","6805","2","6208","85","21947","29","7557"
"192749","Manhattanville College","2023","39","6106","36","3237","95","25197","63","7594"
"192785","Maria College of Albany","2023","81","4906","41","2668","44","4237","53","5522"
"192819","Marist College","2023","18","6134","9","4127","96","22444","82","8551"
"192864","Marymount Manhattan College","2023","38","6126","16","4773","100","22366","90","7514"
"193016","Mercy University","2023","68","5931","60","3863","98","9196","50","6335"
"193052","Mesivta Torah Vodaath Rabbinical Seminary","2023","26","10439","30","3552","100","7440","0",
"193070","Mesivtha Tifereth Jerusalem of America","2023","27","7127","0",,"0",,"0",
"193247","Mirrer Yeshiva Cent Institute","2023","33","4119","26","4319","90","6176","0",
"193292","Molloy College","2023","40","6724","44","2635","94","18024","61","8638"
"193308","Monroe College","2023","70","6355","66","4610","85","9333","39","5027"
"193353","Mount Saint Mary College","2023","36","5963","50","2950","99","23633","79","8322"
"193399","University of Mount Saint Vincent","2023","57","5740","45","3832","84","26789","60","8742"
"193584","Nazareth University","2023","27","5200","31","3463","99","22286","73","9507"
"193654","The New School","2023","16","6792","3","4079","93","19247","31","11164"
"193900","New York University","2023","22","6698","9","5058","39","45087","22","9849"
"193973","Niagara University","2023","32","5811","39","3147","100","28587","73","9305"
"194091","New York Institute of Technology","2023","51","6341","48","3570","100","25988","44","5743"
"194116","New York School of Interior Design","2023","40","4850","7","500","27","5250","53","11656"
"194310","Pace University","2023","34","6216","13","3933","99","31540","57","10485"
"194392","Paul Smiths College of Arts and Science","2023","36","6452","31","2756","100","21338","80","9870"
"194499","Plaza College","2023","91","5657","48","2450","10","2700","90","6665"
"194569","Davis College","2023","67","500","0",,"67","7760","67","5442"
"194578","Pratt Institute-Main","2023","20","5878","7","5305","72","24362","41","9636"
"194657","Rabbinical Academy Mesivta Rabbi Chaim Berlin","2023","23","7266","23","3851","93","9518","0",
"194666","Rabbinical College Bobover Yeshiva Bnei Zion","2023","97","7009","85","4299","0",,"0",
"194736","Rabbinical College of Long Island","2023","30","8368","24","1601","57","8381","0",
"194763","Rabbinical Seminary of America","2023","11","5027","0",,"81","9989","0",
"194824","Rensselaer Polytechnic Institute","2023","19","7451","18","3068","96","41926","58","8839"
"194958","Roberts Wesleyan University","2023","47","5778","45","2710","99","22193","86","5225"
"195003","Rochester Institute of Technology","2023","28","5735","22","3331","98","29658","65","10110"
"195030","University of Rochester","2023","21","6313","13","3187","71","40996","39","7496"
"195128","Russell Sage College","2023","50","5905","45","5270","100","22075","95","7980"
"195164","St Bonaventure University","2023","25","5160","23","2870","97","25733","89","8922"
"195173","St. Francis College","2023","56","6108","44","3466","99","13544","23","10894"
"195216","St Lawrence University","2023","19","6072","13","3250","99","41915","54","8912"
"195234","The College of Saint Rose","2023","36","5665","37","3635","100","24795","64","10509"
"195243","St. Thomas Aquinas College","2023","42","6199","27","3870","100","26586","58","6120"
"195304","Sarah Lawrence College","2023","11","6455","3","3591","83","35026","47","7802"
"195438","Sh'or Yoshuv Rabbinical College","2023","50","800","0",,"50","4100","0",
"195474","Siena College","2023","26","5745","24","3394","98","27435","68","9780"
"195526","Skidmore College","2023","10","6222","9","7384","52","47435","33","7301"
"195544","St. Joseph's University-New York","2023","39","5513","38","3245","98","17567","49","6773"
"195720","St. John Fisher University","2023","33","6207","41","4014","100","19914","76","10870"
"195809","St. John's University-New York","2023","41","6240","43","3221","100","29797","47","7937"
"196006","SUNY College of Technology at Alfred","2023","50","5594","71","4481","91","2436","66","7841"
"196015","SUNY College of Technology at Canton","2023","56","5107","70","3776","82","1960","69","6425"
"196024","SUNY College of Technology at Delhi","2023","50","5408","70","4236","81","2181","63","7047"
"196033","SUNY College of Agriculture and Technology at Cobleskill","2023","47","5377","66","4263","90","2784","64","7201"
"196042","Farmingdale State College","2023","41","5870","60","3860","62","1091","26","5690"
"196051","SUNY Morrisville","2023","63","5352","75","3488","89","2057","79","6338"
"196060","University at Albany","2023","46","5853","57","4268","92","4344","61","7297"
"196079","Binghamton University","2023","27","5950","47","5037","55","4652","48","7637"
"196088","University at Buffalo","2023","38","6041","51","4796","68","3886","51","7787"
"196097","Stony Brook University","2023","43","6444","47","4986","79","4118","44","6839"
"196103","SUNY College of Environmental Science and Forestry","2023","22","6254","36","4043","94","5623","54","8292"
"196112","SUNY Polytechnic Institute","2023","37","5541","65","4533","89","2586","49","7157"
"196121","SUNY Brockport","2023","46","5335","62","4108","82","4480","70","7090"
"196130","SUNY Buffalo State University","2023","67","5172","82","3574","87","1726","60","6012"
"196149","State University of New York at Cortland","2023","50","4826","42","4557","54","2548","65","7653"
"196158","SUNY at Fredonia","2023","41","5204","61","4108","95","4504","73","6933"
"196167","SUNY College at Geneseo","2023","25","5675","57","4972","90","2977","57","7765"
"196176","State University of New York at New Paltz","2023","34","5656","55","4453","72","2780","54","7050"
"196185","SUNY Oneonta","2023","36","5576","58","4620","77","3302","66","7550"
"196194","State University of New York at Oswego","2023","40","6082","62","4708","86","4375","64","7230"
"196200","SUNY College at Potsdam","2023","46","5727","66","4497","94","3934","69","7404"
"196219","SUNY at Purchase College","2023","35","5560","54","4631","69","3516","50","6318"
"196237","SUNY Old Westbury","2023","58","5966","72","3792","76","1729","32","5708"
"196246","State University of New York at Plattsburgh","2023","50","5354","67","4531","87","4672","68","7709"
"196255","SUNY Downstate Health Sciences University","2023",,,,,,,,
"196264","Empire State University","2023","67","5951","48","3003","51","1048","54","7289"
"196291","SUNY Maritime College","2023","19","5882","41","5274","51","3782","46","9759"
"196307","Upstate Medical University","2023",,,,,,,,
"196413","Syracuse University","2023","13","6957","10","4442","81","27583","31","12630"
"196431","Talmudical Seminary Oholei Torah","2023","46","6503","31","4542","63","3847","0",
"196583","Torah Temimah Talmudical Seminary","2023","40","10908","0",,"80","4003","0",
"196592","Touro University","2023","36","6890","29","3543","84","7423","23","6195"
"196653","Trocaire College","2023","79","5357","68","4031","42","2516","74","6408"
"196680","Excelsior University","2023",,,,,,,,
"196866","Union College","2023","15","6227","10","7670","94","36993","50","7738"
"197018","United Talmudical Seminary","2023","78","10243","69","4706","66","2868","0",
"197027","United States Merchant Marine Academy","2023","7","4374","0",,"0",,"12","5061"
"197036","United States Military Academy","2023",,,,,,,,
"197045","Utica University","2023","38","4987","36","3660","95","11269","75","13361"
"197133","Vassar College","2023","22","5863","11","3185","57","51757","45","4507"
"197142","Villa Maria College","2023","58","4972","65","3311","98","12624","44","7626"
"197151","School of Visual Arts","2023","15","6104","6","3997","51","15557","25","13429"
"197197","Wagner College","2023","25","6305","20","3283","100","33072","58","9830"
"197221","Webb Institute","2023","4","1000","0",,"100","56612","24","4833"
"197230","Wells College","2023","53","6257","35","3425","100","22547","83","8904"
"197285","The College of Westchester","2023","84","6255","84","4662","100","9755","39","5045"
"197601","Yeshiva Karlin Stolin","2023","59","10671","56","3730","100","5871","0",
"197647","Yeshiva Derech Chaim","2023","26","5424","4","953","85","9525","0",
"197674","Yeshiva of Nitra Rabbinical College","2023","69","10390","63","4952","55","3035","0",
"197692","Yeshivath Shaar Hatorah","2023","13","7278","0",,"88","7286","0",
"197708","Yeshiva University","2023","15","5922","7","3188","94","29852","26","6267"
"197735","Yeshivath Viznitz","2023","64","6866","48","5120","22","3318","0",
"197744","Yeshivath Zichron Moshe","2023","30","6132","0",,"80","7283","0",
"197869","Appalachian State University","2023","24","5351","24","3241","45","3529","44","8140"
"197911","Barton College","2023","46","5883","47","6594","100","18552","70","7261"
"197984","Belmont Abbey College","2023","25","5337","18","6157","99","6667","50","7231"
"197993","Bennett College","2023","80","6878","20","5940","93","13159","73","6444"
"198066","Brevard College","2023","34","5788","23","5517","100","15272","67","7524"
"198109","Cabarrus College of Health Sciences","2023","33","7969","56","5784","78","2087","100","8422"
"198136","Campbell University","2023","41","4935","39","6731","100","29814","51","9044"
"198215","Catawba College","2023","41","5838","41","6068","100","24744","58","6088"
"198303","Chowan University","2023","55","6340","31","6296","100","16584","57","7590"
"198385","Davidson College","2023","17","6271","5","7278","65","47295","11","8446"
"198419","Duke University","2023","11","8830","2","6611","41","56922","16","11551"
"198464","East Carolina University","2023","42","5434","32","3192","47","3595","55","8473"
"198507","Elizabeth City State University","2023","64","6664","52","4207","83","3954","60","5109"
"198516","Elon University","2023","9","5527","5","7300","69","16389","30","11746"
"198543","Fayetteville State University","2023","71","6836","66","1335","63","3380","60","5509"
"198561","Gardner-Webb University","2023","40","6112","33","6176","99","20279","90","7203"
"198598","Greensboro College","2023","58","5977","60","6958","98","7031","80","7983"
"198613","Guilford College","2023","54","5475","47","6335","100","27166","68","7153"
"198677","Heritage Bible College","2023","100","3765","0",,"25","172","100","7218"
"198695","High Point University","2023","11","5937","7","6933","89","16942","40","13127"
"198756","Johnson C Smith University","2023","74","6722","45","5957","68","10128","63","6364"
"198808","Lees-McRae College","2023","28","5746","23","7181","100","16663","91","7278"
"198835","Lenoir-Rhyne University","2023","51","5905","43","6608","100","28107","58","7601"
"198862","Livingstone College","2023","94","6348","62","1718","93","6453","94","6564"
"198899","Mars Hill University","2023","40","5541","36","6312","97","24536","67","8564"
"198950","Meredith College","2023","44","5239","43","6984","99","26827","56","7623"
"198969","Methodist University","2023","43","5842","39","6283","99","22974","74","8613"
"198978","Miller-Motte College-Wilmington","2023","97","5841","81","280","0",,"74","6961"
"199032","Montreat College","2023","41","5278","35","5761","99","15480","78","7404"
"199069","University of Mount Olive","2023","44","5452","44","6050","96","12856","68","6532"
"199102","North Carolina A & T State University","2023","86","7697","41","2702","52","3526","62","6934"
"199111","University of North Carolina Asheville","2023","24","5538","30","2546","90","4617","43","7115"
"199120","University of North Carolina at Chapel Hill","2023","19","5251","18","5015","34","11706","19","8243"
"199139","University of North Carolina at Charlotte","2023","32","5711","30","2845","47","4366","46","7427"
"199148","University of North Carolina at Greensboro","2023","54","6026","53","3022","81","3159","49","6146"
"199157","North Carolina Central University","2023","79","7346","51","3558","83","4304","73","5900"
"199184","University of North Carolina School of the Arts","2023","26","5885","19","5596","66","9157","49","8494"
"199193","North Carolina State University at Raleigh","2023","18","5678","19","4683","48","8224","41","7609"
"199209","North Carolina Wesleyan University","2023","55","5349","46","6008","98","23606","69","6219"
"199218","University of North Carolina Wilmington","2023","22","5540","20","3005","50","3476","45","8642"
"199272","William Peace University","2023","43","6045","41","6521","100","19080","92","6926"
"199281","University of North Carolina at Pembroke","2023","59","5904","55","2040","42","2499","50","5076"
"199306","Pfeiffer University","2023","50","5916","48","6489","99","19613","73","6111"
"199412","Queens University of Charlotte","2023","24","5220","20","6461","99","27121","40","9248"
"199458","Mid-Atlantic Christian University","2023","48","3115","48","3202","93","2100","74","4413"
"199582","Saint Augustine's University","2023","87","8170","43","3986","62","4556","91","8400"
"199607","Salem College","2023","57","6196","56","6407","99","21958","69","5729"
"199643","Shaw University","2023","77","7406","44","5871","90","7688","52","5811"
"199698","St. Andrews University","2023","46","5648","18","5795","93","15378","72","8051"
"199759","Southeastern Baptist Theological Seminary","2023","33","6414","33","4675","42","5050","33","15733"
"199847","Wake Forest University","2023","10","7151","4","6618","34","52790","14","9868"
"199865","Warren Wilson College","2023","32","5962","28","5826","99","22119","58","5961"
"199962","Wingate University","2023","45","5842","26","6610","97","31974","57","7196"
"199971","Carolina Christian College","2023","100","6804","0",,"0",,"100","5000"
"199999","Winston-Salem State University","2023","76","5989","65","2685","55","3389","73","6270"
"200004","Western Carolina University","2023","98","2709","41","1508","69","3058","52","6085"
"200013","Rasmussen University-North Dakota","2023","82","7165","45","1349","36","1424","91","8884"
"200022","Bismarck State College","2023","24","4971","57","2058","42","2061","45","6506"
"200059","Dickinson State University","2023","24","4823","28","2049","80","3248","60","6684"
"200086","Nueta Hidatsa Sahnish College","2023","69","2925","56","4168","56","2667","0",
"200156","University of Jamestown","2023","23","6418","25","2579","100","13903","64","9032"
"200217","University of Mary","2023","19","5688","22","2884","100","12001","55","7584"
"200226","Mayville State University","2023","36","4761","48","2556","76","2793","57","7091"
"200253","Minot State University","2023","26","5135","50","2107","85","3189","47","5808"
"200280","University of North Dakota","2023","16","5153","27","2476","71","4426","59","13031"
"200332","North Dakota State University-Main Campus","2023","21","5440","26","2525","70","3963","63","10212"
"200466","Sitting Bull College","2023","80","2762","59","3162","54","2480","0",
"200484","Trinity Bible College and Graduate School","2023","68","5566","12","2200","100","5427","84","10451"
"200527","Turtle Mountain Community College","2023","100","6181","82","4113","9","2106","0",
"200554","United Tribes Technical College","2023","86","5471","68","3701","96","2834","0",
"200572","Valley City State University","2023","30","4642","52","2290","94","3880","65","6612"
"200785","Herzing University-Akron","2023","86","4759","36","3185","31","2572","81","8766"
"200800","University of Akron Main Campus","2023","42","5303","30","2588","91","6551","46","6859"
"200873","Allegheny Wesleyan College","2023","73","5699","80","917","67","2641","93","3500"
"201061","Art Academy of Cincinnati","2023","47","6966","24","3357","100","15231","97","6709"
"201104","Ashland University","2023","34","6879","21","3898","98","15724","72","7618"
"201177","Aultman College of Nursing and Health Sciences","2023","49","4579","36","3645","53","3331","76","9622"
"201195","Baldwin Wallace University","2023","28","5596","22","3751","100","23209","96","7469"
"201371","Bluffton University","2023","48","6378","27","4361","100","25062","81","8998"
"201441","Bowling Green State University-Main Campus","2023","29","5256","19","2981","90","6789","62","7553"
"201469","Bryant & Stratton College-Parma","2023","65","5230","48","3186","65","6355","78","4991"
"201548","Capital University","2023","40","6377","27","4102","99","27952","75","7696"
"201645","Case Western Reserve University","2023","17","7620","5","3861","86","38578","66","6182"
"201654","Cedarville University","2023","16","4973","8","4267","100","18776","43","8321"
"201690","Central State University","2023","86","4328","62","1323","41","2179","89","5843"
"201821","The Christ College of Nursing and Health Sciences","2023","56","5341","47","4501","77","4239","72","7430"
"201867","Cincinnati College of Mortuary Science","2023",,,,,,,,
"201885","University of Cincinnati-Main Campus","2023","20","5151","12","3622","62","6570","51","9613"
"201946","University of Cincinnati-Clermont College","2023","44","5242","1","4848","57","2838","42","5312"
"201955","University of Cincinnati-Blue Ash College","2023","46","5215","3","3206","48","2385","46","5871"
"201964","Ohio Christian University","2023","42","4805","23","2952","88","10410","72","7112"
"202046","Cleveland Institute of Art","2023","38","5217","23","3782","100","26580","99","6931"
"202073","Cleveland Institute of Music","2023","19","6666","0",,"100","21581","43","6520"
"202134","Cleveland State University","2023","52","6050","42","2933","76","6016","49","8111"
"202170","Columbus College of Art & Design","2023","40","5916","24","3816","97","18637","73","9135"
"202480","University of Dayton","2023","16","6415","10","5083","95","30266","53","12123"
"202514","Defiance College","2023","52","5924","26","3633","99","21245","76","7104"
"202523","Denison University","2023","13","6693","2","3975","95","33722","57","7227"
"202763","The University of Findlay","2023","27","4800","18","3679","98","24352","97","8781"
"202806","Franklin University","2023","82","4375","68","3275","14","556","68","4534"
"202903","Gods Bible School and College","2023","42","5103","0",,"100","7430","4","5073"
"202912","Good Samaritan College of Nursing and Health Science","2023","25","6036","17","3675","8","11737","83","12288"
"203085","Heidelberg University","2023","64","5080","56","3994","99","21689","98","5580"
"203128","Hiram College","2023","50","5947","32","4218","100","13241","75","7561"
"203368","John Carroll University","2023","20","6114","14","3969","100","30531","64","8687"
"203447","Kent State University at Ashtabula","2023","68","5532","1","300","37","1977","47","5185"
"203465","Kent State University at Stark","2023","42","5434","4","3311","52","1582","46","5481"
"203474","Kent State University at Trumbull","2023","56","5371","2","3752","54","3122","44","5540"
"203483","Kent State University at Tuscarawas","2023","48","5580","3","2966","77","1796","43","5233"
"203492","Kent State University at Salem","2023","45","5078","0",,"39","1767","48","5495"
"203517","Kent State University at Kent","2023","33","5306","22","2873","94","7394","60","8298"
"203526","Kent State University at Geauga","2023","52","5312","1","4775","26","1804","45","5364"
"203535","Kenyon College","2023","11","5637","2","2850","83","38528","26","8646"
"203544","Kettering College","2023","22","5546","14","3306","82","23855","35","6847"
"203580","Lake Erie College","2023","45","4366","23","5136","100","23123","90","7059"
"203757","Lourdes University","2023","40","5119","22","3576","100","17609","91","5106"
"203775","Malone University","2023","36","5567","22","3942","100","21724","96","5580"
"203845","Marietta College","2023","36","5755","20","4102","88","27754","65","11902"
"203960","Mercy College of Ohio","2023","16","4738","6","4045","97","9198","78","5323"
"204006","Miami University-Hamilton","2023","41","4806","2","1086","35","1586","43","5034"
"204015","Miami University-Middletown","2023","30","4724","0",,"29","2202","35","4964"
"204024","Miami University-Oxford","2023","15","5453","8","2717","94","11659","43","9650"
"204176","Mount Carmel College of Nursing","2023","45","5544","38","3818","48","5140","76","5936"
"204185","University of Mount Union","2023","35","4939","20","3852","100","21584","90","7766"
"204194","Mount Vernon Nazarene University","2023","35","5226","21","3935","99","23027","69","8003"
"204200","Mount St. Joseph University","2023","44","5216","27","5963","100","23960","78","7493"
"204264","Muskingum University","2023","46","5553","50","4123","97","19571","92","9518"
"204468","Notre Dame College","2023","48","5421","31","3820","98","22557","77","6685"
"204486","University of Northwestern Ohio","2023","36","6200","13","4279","23","3703","64","7238"
"204501","Oberlin College","2023","8","7480","1","3800","99","33119","32","5072"
"204617","Ohio Dominican University","2023","40","5321","34","3946","100","21174","67","6156"
"204635","Ohio Northern University","2023","22","5190","25","4028","96","24026","64","10974"
"204671","Ohio State University-Lima Campus","2023","36","5319","3","4819","75","3002","40","5236"
"204680","Ohio State University-Mansfield Campus","2023","38","5529","6","3520","65","2733","49","6446"
"204699","Ohio State University-Marion Campus","2023","26","5426","2","3775","98","3238","34","5554"
"204705","Ohio State University-Newark Campus","2023","39","5769","3","4276","63","3162","41","5725"
"204796","Ohio State University-Main Campus","2023","17","5530","11","3332","63","9815","33","8718"
"204857","Ohio University-Main Campus","2023","24","5244","14","2994","91","6922","60","8256"
"204909","Ohio Wesleyan University","2023","27","5800","15","3997","100","40326","62","7233"
"204936","Otterbein University","2023","32","5792","24","4909","100","22484","95","10801"
"205027","Pontifical College Josephinum","2023","0",,"0",,"0",,"0",
"205124","Rabbinical College Telshe","2023","33","12337","0",,"59","6182","0",
"205203","University of Rio Grande","2023","42","5785","3","3311","46","5653","60","8593"
"205443","Shawnee State University","2023","53","4848","38","2404","56","4310","47","6163"
"205957","Franciscan University of Steubenville","2023","23","4954","5","2402","95","17854","87","5070"
"206048","Tiffin University","2023","55","5789","38","4033","97","15984","83","8784"
"206084","University of Toledo","2023","32","5520","21","3177","82","6005","47","7032"
"206279","Union Institute & University","2023",,,,,,,,
"206349","Ursuline College","2023","50","6151","54","3962","99","26523","93","4722"
"206394","The North Coast College","2023",,,,,,,,
"206437","Walsh University","2023","29","6017","17","4103","99","22663","57","11608"
"206507","Wilmington College","2023","38","5410","29","3272","100","13818","94","7510"
"206525","Wittenberg University","2023","37","5980","20","4213","100","32039","65","8553"
"206589","The College of Wooster","2023","19","6280","7","3873","100","42063","46","8098"
"206604","Wright State University-Main Campus","2023","42","5871","38","3129","84","4088","56","6596"
"206613","Wright State University-Lake Campus","2023","32","5143","7","2360","84","2133","41","5295"
"206622","Xavier University","2023","36","3370","12","3948","100","29201","56","9920"
"206695","Youngstown State University","2023","39","5593","31","2750","82","5372","49","6205"
"206817","Bacone College","2023","49","7122","30","3196","65","9208","21","4984"
"206835","Oklahoma Wesleyan University","2023","47","5593","16","4755","99","13536","74","7847"
"206862","Southern Nazarene University","2023","49","6339","35","6410","99","16649","58","6601"
"206914","Cameron University","2023","50","6137","41","2810","53","4914","27","5420"
"206941","University of Central Oklahoma","2023","43","5160","34","3791","53","3080","39","8112"
"207041","East Central University","2023","49","5115","70","4211","55","4832","32","5370"
"207157","Randall University","2023","50","5252","23","4578","100","7093","55","7157"
"207209","Langston University","2023","60","5112","18","2676","24","18728","58","6851"
"207254","Spartan College of Aeronautics and Technology","2023","28","8484","0",,"9","7316","45","15397"
"207263","Northeastern State University","2023","52","5841","40","3130","55","4148","45","5638"
"207306","Northwestern Oklahoma State University","2023","53","5608","40","4171","88","5683","47","5093"
"207324","Oklahoma Christian University","2023","28","5541","9","5372","96","14628","47","7255"
"207342","University of Oklahoma-Health Sciences Center","2023",,,,,,,,
"207351","Oklahoma Panhandle State University","2023","56","6294","77","3578","74","2965","87","6170"
"207388","Oklahoma State University-Main Campus","2023","26","5767","15","4977","92","7189","45","8123"
"207397","Oklahoma State University-Oklahoma City","2023","47","5799","37","1997","18","2151","27","5101"
"207403","Oklahoma Baptist University","2023","35","4702","25","4875","100","18995","53","7346"
"207458","Oklahoma City University","2023","27","6258","13","6242","99","20630","46","5934"
"207500","University of Oklahoma-Norman Campus","2023","23","5628","15","4873","99","8795","36","9556"
"207564","Oklahoma State University Institute of Technology","2023","55","5634","23","4400","95","2344","65","5401"
"207582","Oral Roberts University","2023","41","6274","19","4032","93","19621","64","8530"
"207661","Rogers State University","2023","51","5130","30","3518","46","4221","42","8551"
"207722","University of Science and Arts of Oklahoma","2023","51","6650","50","4369","93","7540","37","6448"
"207847","Southeastern Oklahoma State University","2023","53","5318","25","4241","78","7193","30","6690"
"207856","Southwestern Christian University","2023","51","5248","32","4050","99","8217","52","6533"
"207865","Southwestern Oklahoma State University","2023","43","5498","31","5216","85","4876","80","5237"
"207971","University of Tulsa","2023","34","6032","18","4856","100","36801","42","7827"
"208646","Eastern Oregon University","2023","40","5640","50","3991","94","3084","46","6073"
"208725","New Hope Christian College-Eugene","2023","80","5656","0",,"90","6686","40","6742"
"208822","George Fox University","2023","24","5864","19","4919","96","22671","65","8758"
"209056","Lewis & Clark College","2023","19","6470","5","4226","100","37078","80","6764"
"209065","Linfield University","2023","35","5947","28","3879","96","30549","65","7963"
"209241","Mount Angel Seminary","2023","0",,"0",,"0",,"0",
"209287","Multnomah University","2023","56","4548","19","3572","100","15012","96","5544"
"209296","National University of Natural Medicine","2023",,,,,,,,
"209409","Bushnell University","2023","35","5840","16","4253","100","20178","54","6755"
"209490","Oregon Health & Science University","2023",,,,,,,,
"209506","Oregon Institute of Technology","2023","32","5855","24","3799","91","6276","43","6793"
"209542","Oregon State University","2023","19","5247","17","4572","87","8166","35","7621"
"209551","University of Oregon","2023","21","5796","14","4007","80","6882","38","7618"
"209603","Pacific Northwest College of Art","2023","39","5782","9","4049","99","22460","63","6473"
"209612","Pacific University","2023","27","6063","13","3999","97","32593","94","7524"
"209807","Portland State University","2023","59","5366","51","3927","55","4105","33","6104"
"209825","University of Portland","2023","25","6235","11","4165","100","32470","49","8587"
"209922","Reed College","2023","12","7201","1","4632","54","45242","47","7241"
"210146","Southern Oregon University","2023","38","5512","24","3639","86","4096","41","5323"
"210304","Warner Pacific University","2023","64","6497","60","4764","100","7574","60","5648"
"210331","Corban University","2023","33","5100","18","3954","99","22128","57","8852"
"210401","Willamette University","2023","18","7235","7","3963","100","32780","43","7078"
"210429","Western Oregon University","2023","42","5719","37","4330","88","3982","92","5765"
"210438","University of Western States","2023",,,,,,,,
"210492","Bryn Athyn College of the New Church","2023","45","5354","42","4756","99","15808","63","6017"
"210571","Albright College","2023","54","5442","37","4906","100","17446","79","7489"
"210669","Allegheny College","2023","31","8109","22","4523","97","40241","80","7475"
"210739","DeSales University","2023","25","5726","27","4497","100","26212","74","11070"
"210775","Alvernia University","2023","41","5721","42","4201","99","24475","96","8833"
"211024","Clarks Summit University","2023","44","5682","21","3844","100","14739","50","6848"
"211088","Arcadia University","2023","32","5514","32","4539","100","30989","76","10422"
"211273","Bryn Mawr College","2023","11","5883","3","3942","73","39066","62","7111"
"211291","Bucknell University","2023","12","6560","7","3868","56","39760","38","12134"
"211352","Cabrini University","2023","44","5485","31","4150","97","20480","79","7974"
"211431","Carlow University","2023","44","6345","49","5070","96","21564","80","9143"
"211440","Carnegie Mellon University","2023","17","8212","3","3644","48","44936","36","6883"
"211468","Cedar Crest College","2023","53","5783","48","4766","99","27813","88","8896"
"211477","Central Penn College","2023","49","5457","42","4214","81","4876","68","8378"
"211556","Chatham University","2023","27","5268","31","3912","100","25349","89","7922"
"211583","Chestnut Hill College","2023","61","5549","31","4702","100","24892","86","7214"
"211608","Cheyney University of Pennsylvania","2023","47","6461","69","10618","56","9064","32","6698"
"211893","Curtis Institute of Music","2023","0",,"0",,"100","8796","0",
"211981","Delaware Valley University","2023","36","6131","26","4505","100","26885","89","10493"
"212009","Dickinson College","2023","11","6131","7","3797","94","39234","45","7537"
"212054","Drexel University","2023","29","6276","15","4865","99","31109","61","10831"
"212106","Duquesne University","2023","21","5830","27","4594","100","25503","64","13945"
"212115","East Stroudsburg University of Pennsylvania","2023","48","5446","29","4216","89","4887","65","7598"
"212133","Eastern University","2023","44","5671","32","4783","83","26436","74","8942"
"212197","Elizabethtown College","2023","21","5396","27","4199","100","20084","72","9639"
"212577","Franklin and Marshall College","2023","10","6113","6","3842","68","44593","50","8225"
"212601","Gannon University","2023","25","5289","29","4174","82","24458","68","9328"
"212656","Geneva College","2023","41","4052","37","4284","99","17476","80","7778"
"212674","Gettysburg College","2023","21","6005","9","4799","95","42868","56","7551"
"212771","Gratz College","2023",,,,,,,,
"212805","Grove City College","2023","0",,"13","3934","59","7432","34","15288"
"212832","Gwynedd Mercy University","2023","38","6187","39","4930","100","21685","75","9761"
"212911","Haverford College","2023","13","6772","2","4221","42","59502","8","9559"
"212984","Holy Family University","2023","51","5938","51","4780","100","20439","75","8218"
"213011","Immaculata University","2023","23","6013","21","4565","100","13309","75","9865"
"213020","Indiana University of Pennsylvania-Main Campus","2023","44","5550","35","4060","94","4807","74","7707"
"213251","Juniata College","2023","50","3567","27","4494","100","37093","75","8250"
"213303","Keystone College","2023","62","5275","33","4694","100","5480","92","8672"
"213321","King's College","2023","35","6102","38","4836","100","27682","70","10460"
"213349","Kutztown University of Pennsylvania","2023","35","5211","34","4330","90","3366","68","6665"
"213358","La Roche University","2023","46","4049","34","4511","96","17628","62","5564"
"213367","La Salle University","2023","49","6311","41","5385","92","21967","66","10370"
"213376","Lackawanna College","2023","71","5268","41","4765","38","4190","84","7542"
"213385","Lafayette College","2023","11","7121","3","3908","52","42616","21","11146"
"213400","Lancaster Bible College","2023","31","5164","34","4503","99","14656","64","9229"
"213507","Lebanon Valley College","2023","20","5149","30","4337","100","32975","81","11262"
"213543","Lehigh University","2023","18","6057","7","3947","56","43478","41","9786"
"213598","Lincoln University","2023","71","5719","21","4333","97","9457","81","6622"
"213668","Lycoming College","2023","38","5547","33","5049","100","36964","72","10230"
"213774","Manor College","2023","77","6391","59","5155","46","5113","96","11370"
"213826","Marywood University","2023","32","5940","31","4983","100","24438","85","8256"
"213987","Mercyhurst University","2023","33","6574","31","5115","95","28508","69","9905"
"213996","Messiah University","2023","23","4811","28","4385","100","21885","63","11755"
"214041","Millersville University of Pennsylvania","2023","32","5084","29","4173","82","3315","65","9544"
"214069","Misericordia University","2023","31","5192","50","4924","100","21542","79","10612"
"214148","Moore College of Art and Design","2023","39","6364","12","4551","100","21225","87","14448"
"214157","Moravian University","2023","35","5533","32","4652","100","30166","80","10817"
"214166","Mount Aloysius College","2023","37","5883","61","5779","100","12949","78","9452"
"214175","Muhlenberg College","2023","25","8815","13","5282","99","39159","85","7356"
"214272","Neumann University","2023","55","5921","44","4732","100","22088","84","9106"
"214883","Peirce College","2023","50","7882","50","2630","50","198","100","9500"
"214971","Pennsylvania Academy of the Fine Arts","2023","47","5307","16","4792","95","16590","63","13446"
"215053","Pennsylvania College of Art and Design","2023","42","6264","33","5852","100","6771","77","9872"
"215062","University of Pennsylvania","2023","19","8468","6","4866","47","56764","12","13512"
"215105","University of the Arts","2023","36","5443","15","4411","99","23802","93","11503"
"215114","Cairn University-Langhorne","2023","31","5133","31","4181","62","19317","84","7845"
"215266","University of Pittsburgh-Bradford","2023","80","3382","26","5038","94","10639","67","9112"
"215275","University of Pittsburgh-Greensburg","2023","87","2734","27","4580","92","8084","60","8156"
"215284","University of Pittsburgh-Johnstown","2023","92","2156","31","4545","88","8164","60","8417"
"215293","University of Pittsburgh-Pittsburgh Campus","2023","61","1855","11","4557","52","13582","51","11463"
"215415","Pittsburgh Technical College","2023","52","5235","42","3989","100","3271","84","7369"
"215442","Point Park University","2023","39","5369","33","4168","100","21326","83","10165"
"215637","Walnut Hill College","2023","49","2154","22","939","42","1000","88","7114"
"215655","Robert Morris University","2023","30","5212","44","3797","98","21742","70","10477"
"215691","Rosemont College","2023","60","5378","35","4186","100","12874","100","10506"
"215743","Saint Francis University","2023","25","5654","35","3951","100","27409","79","13759"
"215770","Saint Joseph's University","2023","19","6033","16","4309","100","27579","64","11025"
"215798","Saint Vincent College","2023","29","6049","35","4880","100","27696","74","9109"
"215929","University of Scranton","2023","27","6302","25","4820","96","33295","71","10060"
"215947","Seton Hill University","2023","30","5944","43","4306","100","27413","77","9324"
"216010","Shippensburg University of Pennsylvania","2023","33","5236","32","4331","69","2817","73","9286"
"216038","Slippery Rock University of Pennsylvania","2023","29","5131","34","4284","59","2620","70","8469"
"216047","Saint Charles Borromeo Seminary-Overbrook","2023","33","6895","33","5260","0",,"33","5500"
"216278","Susquehanna University","2023","26","5529","28","4171","95","42577","75","9052"
"216287","Swarthmore College","2023","20","5983","5","4446","53","59421","8","5970"
"216311","Talmudical Yeshiva of Philadelphia","2023","15","6635","0",,"67","9074","0",
"216339","Temple University","2023","33","5558","22","4854","86","8925","62","11185"
"216357","Thiel College","2023","45","5681","46","3649","100","24367","88","9212"
"216366","Thomas Jefferson University","2023","39","6671","32","5059","100","28832","93","5796"
"216524","Ursinus College","2023","24","6443","24","4753","100","41089","81","9699"
"216542","University of Valley Forge","2023","46","4998","20","4392","97","12178","77","7814"
"216597","Villanova University","2023","12","6541","5","4186","47","41041","37","11971"
"216667","Washington & Jefferson College","2023","32","5897","32","4513","100","35647","75","9922"
"216694","Waynesburg University","2023","36","5492","38","4477","100","15084","75","8426"
"216764","West Chester University of Pennsylvania","2023","29","5168","23","4254","57","2325","68","9762"
"216807","Westminster College","2023","29","5354","34","3758","100","27772","76","8700"
"216852","Widener University","2023","37","6491","23","4709","100","34005","85","12399"
"216931","Wilkes University","2023","40","5831","42","4462","100","24262","83","10731"
"217013","Wilson College","2023","65","3165","38","4689","99","13436","94","6763"
"217059","York College of Pennsylvania","2023","33","5436","29","4292","98","11950","68","8855"
"217156","Brown University","2023","14","7776","0","1250","51","56435","10","11780"
"217165","Bryant University","2023","12","5531","2","3778","98","26731","61","14564"
"217235","Johnson & Wales University-Providence","2023","34","6290","10","1428","100","22844","79","11078"
"217305","New England Institute of Technology","2023","46","5524","32","808","86","8656","79","10894"
"217402","Providence College","2023","12","6536","2","3229","82","29024","62","10746"
"217420","Rhode Island College","2023","52","5575","1","7607","91","3768","54","7171"
"217484","University of Rhode Island","2023","23","5410","20","1074","98","11315","65","12343"
"217493","Rhode Island School of Design","2023","16","6810","1","1000","33","33895","30","8586"
"217518","Roger Williams University","2023","19","5739","1","1789","99","21350","71","13020"
"217536","Salve Regina University","2023","18","5588","3","1417","100","28765","77","10859"
"217606","Northpoint Bible College","2023","79","5178","7","900","43","4309","61","5210"
"217624","Allen University","2023","83","5660","33","5576","83","8164","80","5932"
"217633","Anderson University","2023","22","5105","64","8409","99","18965","48","8360"
"217688","Charleston Southern University","2023","36","5419","65","7237","97","15772","60","7283"
"217721","Benedict College","2023","79","6447","43","6550","64","4999","69","5992"
"217749","Bob Jones University","2023","35","4965","30","7485","98","10892","25","7424"
"217776","Southern Wesleyan University","2023","46","6006","56","7846","100","11604","72","7295"
"217819","College of Charleston","2023","20","5492","44","5367","65","7020","49","10072"
"217864","Citadel Military College of South Carolina","2023","19","5768","47","5552","65","13797","48","13036"
"217873","Claflin University","2023","98","7136","71","6257","36","1890","73","6849"
"217882","Clemson University","2023","14","5670","52","6402","53","7127","36","12069"
"217891","Clinton College","2023","87","5677","11","4125","60","7424","91","6958"
"217907","Coker University","2023","36","5532","50","6793","99","20164","66","7267"
"217925","Columbia International University","2023","37","5241","59","6936","91","13242","62","7097"
"217934","Columbia College","2023","61","5908","61","6266","84","7376","82","5656"
"217961","Converse University","2023","42","5657","62","7658","100","9206","66","7730"
"217998","Erskine College","2023","39","5230","56","7280","100","26301","67","8319"
"218061","Francis Marion University","2023","61","5926","92","6007","46","4952","64","5775"
"218070","Furman University","2023","12","6596","36","7891","100","37307","32","9717"
"218229","Lander University","2023","46","5646","85","5814","64","6477","65","6560"
"218238","Limestone University","2023","47","5965","49","6814","95","14016","69","7099"
"218335","Medical University of South Carolina","2023",,,,,,,,
"218399","Morris College","2023","92","7842","21","4696","24","2315","69","5629"
"218414","Newberry College","2023","55","5841","68","7207","99","15222","82","7302"
"218441","North Greenville University","2023","38","5574","69","7414","98","13444","59","6232"
"218539","Presbyterian College","2023","33","5752","49","8196","100","31316","56","7248"
"218645","University of South Carolina Aiken","2023","93","4356","82","5148","35","3625","53","5913"
"218654","University of South Carolina Beaufort","2023","46","5661","71","4568","50","2275","60","7348"
"218663","University of South Carolina-Columbia","2023","19","5974","50","5799","71","2982","49","10061"
"218724","Coastal Carolina University","2023","26","4827","34","7206","58","8502","64","11228"
"218733","South Carolina State University","2023","77","6318","59","4594","65","5821","71","6706"
"218742","University of South Carolina-Upstate","2023","57","5903","88","5698","40","4128","60","6356"
"218919","Voorhees University","2023","81","8269","21","6384","49","4042","40","5060"
"218964","Winthrop University","2023","47","5850","86","6410","83","7596","66","7185"
"218973","Wofford College","2023","13","6394","53","8082","97","34084","46","7684"
"219000","Augustana University","2023","18","7129","24","1978","100","26189","55","8156"
"219046","Black Hills State University","2023","35","5824","9","1214","58","2866","55","6728"
"219082","Dakota State University","2023","26","5892","19","1220","79","3606","66","7339"
"219091","Dakota Wesleyan University","2023","24","3252","52","4060","100","17701","88","8302"
"219198","Mount Marty University","2023","34","6273","7","1346","91","20512","74","7626"
"219204","National American University-Rapid City","2023","67","7146","0",,"0",,"33","9500"
"219259","Northern State University","2023","30","5841","14","1283","83","3889","61","6320"
"219277","Oglala Lakota College","2023","100","9338","36","1955","79","1977","0",
"219347","South Dakota School of Mines and Technology","2023","18","5246","21","1285","77","3565","54","7924"
"219356","South Dakota State University","2023","20","5108","19","1368","91","3049","60","7683"
"219374","Sinte Gleska University","2023","75","7042","10","740","35","2047","0",
"219383","University of Sioux Falls","2023","34","4986","18","1673","100","9709","75","7795"
"219471","University of South Dakota","2023","28","5966","16","1444","70","3709","63","7533"
"219505","American Baptist College","2023","100","7147","100","800","40","10162","60","8167"
"219602","Austin Peay State University","2023","52","5650","84","6268","54","4442","43","5883"
"219639","Baptist Health Sciences University","2023","53","2818","64","3435","61","3275","39","3018"
"219709","Belmont University","2023","21","5905","24","6266","91","20153","37","10550"
"219718","Bethel University","2023","56","4430","64","4038","59","7261","63","5527"
"219790","Bryan College-Dayton","2023","40","5212","67","6007","96","6439","55","5664"
"219806","Carson-Newman University","2023","48","5898","68","6489","100","19228","49","6676"
"219833","Christian Brothers University","2023","42","5843","57","6732","99","22927","38","7259"
"219949","Cumberland University","2023","43","5026","82","5698","100","16913","23","6060"
"219976","Lipscomb University","2023","24","5788","47","6059","99","22942","36","8616"
"220075","East Tennessee State University","2023","41","5395","67","5253","50","4218","37","7916"
"220181","Fisk University","2023","52","5284","17","6350","85","18651","56","7252"
"220206","Welch College","2023","40","5906","48","5540","96","10238","42","7080"
"220215","Freed-Hardeman University","2023","29","5776","53","5391","99","14284","51","6570"
"220473","Johnson University","2023","35","4917","45","6033","89","5274","54","7714"
"220516","King University","2023","38","5715","31","6261","78","20713","54","5946"
"220552","South College","2023","65","5238","52","3775","58","10424","42","8431"
"220598","Lane College","2023","85","5910","47","4314","42","6034","60","5167"
"220604","Le Moyne-Owen College","2023","85","6988","44","4627","44","6677","46","7352"
"220613","Lee University","2023","34","5397","45","6047","89","9958","51","7999"
"220631","Lincoln Memorial University","2023","39","6284","50","6367","99","15022","51","6888"
"220701","The University of Tennessee Southern","2023","41","5204","80","5337","89","3717","36","5740"
"220710","Maryville College","2023","44","5893","62","6607","99","24987","90","6971"
"220862","University of Memphis","2023","57","6660","71","5614","66","4051","43","5704"
"220978","Middle Tennessee State University","2023","40","5828","82","5709","50","4434","37","5877"
"221351","Rhodes College","2023","17","6761","40","4907","99","34678","54","6318"
"221519","The University of the South","2023","14","6206","19","6148","97","32944","34","5316"
"221661","Southern Adventist University","2023","31","5325","15","5811","100","9922","45","7788"
"221731","Tennessee Wesleyan University","2023","44","5417","74","6029","100","13980","56","6457"
"221740","The University of Tennessee-Chattanooga","2023","34","5498","83","5604","61","4279","42","6529"
"221759","The University of Tennessee-Knoxville","2023","17","5911","52","5431","78","7539","32","10134"
"221768","The University of Tennessee-Martin","2023","50","5548","86","5609","78","3176","43","5714"
"221838","Tennessee State University","2023","93","4173","29","5132","64","14556","36","11295"
"221847","Tennessee Technological University","2023","36","5289","88","5332","70","4415","44","6638"
"221892","Trevecca Nazarene University","2023","33","5722","55","6226","100","17287","39","6337"
"221953","Tusculum University","2023","46","5961","42","6980","100","14689","81","4170"
"221971","Union University","2023","21","7032","58","5601","100","24006","38","8187"
"221999","Vanderbilt University","2023","22","7208","9","6574","65","55160","10","11345"
"222178","Abilene Christian University","2023","24","5939","31","3822","100","25306","49","11103"
"222628","Amberton University","2023",,,,,,,,
"222831","Angelo State University","2023","49","5524","68","5184","59","3238","43","6163"
"222877","Arlington Baptist University","2023","54","2698","0",,"82","5063","96","5538"
"222983","Austin College","2023","33","6193","47","3646","100","31241","57","9149"
"222992","Austin Community College District","2023","40","7347","8","3105","11","2001","65","5601"
"223083","Baptist Health System School of Health Professions","2023",,,,,,,,
"223117","Baptist Missionary Association Theological Seminary","2023",,,,,,,,
"223232","Baylor University","2023","9","6834","15","3670","97","19350","41","16353"
"223463","Remington College-Dallas Campus","2023","94","6319","0",,"54","825","90","10101"
"223506","Brazosport College","2023","91","1908","14","2524","68","2523","1","5264"
"224004","Concordia University Texas","2023","43","7462","59","4080","99","22722","63","7081"
"224147","Texas A & M University-Corpus Christi","2023","45","5591","43","5281","63","3458","43","5874"
"224226","Dallas Baptist University","2023","31","6236","30","3917","89","16006","51","10602"
"224244","Dallas Christian College","2023","59","4962","0",,"96","7837","63","6126"
"224323","University of Dallas","2023","24","5851","26","3774","100","31531","52","9649"
"224527","East Texas Baptist University","2023","37","5317","50","4105","99","13460","67","9473"
"224545","Texas A&M University-Texarkana","2023","44","5420","43","6465","68","4342","46","6275"
"224554","Texas A & M University-Commerce","2023","60","5786","68","6024","78","4244","50","5251"
"224660","Western Technical College","2023","82","2801","0",,"3","2157","29","2530"
"224679","Western Technical College","2023","54","1724","0",,"46","459","42","1774"
"225201","Hallmark University","2023","65","5602","0",,"24","1909","54","8809"
"225247","Hardin-Simmons University","2023","40","6560","59","4121","100","18758","95","7724"
"225399","Houston Christian University","2023","59","5497","55","4342","100","21663","59","6537"
"225414","University of Houston-Clear Lake","2023","48","5573","42","9005","45","4375","22","4866"
"225432","University of Houston-Downtown","2023","73","5414","36","6348","19","2400","16","4882"
"225502","University of Houston-Victoria","2023","43","5639","39","9571","63","3195","29","6110"
"225511","University of Houston","2023","45","6009","37","7643","56","5252","36","6803"
"225548","Howard Payne University","2023","45","5970","64","3109","91","13800","72","7575"
"225575","Huston-Tillotson University","2023","64","3206","34","2480","52","3188","72","3665"
"225627","University of the Incarnate Word","2023","56","6194","71","3554","99","18643","93","3521"
"225885","Jarvis Christian University","2023","58","8472","52","4517","73","7185","48","5651"
"226091","Lamar University","2023","57","6110","20","5656","79","5941","43","6304"
"226134","Laredo College","2023","81","6014","13","2480","18","1064","0",
"226152","Texas A & M International University","2023","73","5708","79","4979","60","4909","15","4156"
"226231","LeTourneau University","2023","27","6078","30","4018","98","18687","59","11376"
"226383","Lubbock Christian University","2023","35","4432","42","3303","99","12344","91","6793"
"226471","University of Mary Hardin-Baylor","2023","37","4988","53","4197","99","11186","66","7899"
"226587","McMurry University","2023","49","5957","67","3718","96","16858","68","7467"
"226806","Midland College","2023","49","4518","11","1684","46","3352","3","5595"
"226833","Midwestern State University","2023","55","5643","50","4729","69","5692","51","5401"
"226879","Wade College","2023","79","7503","0",,"0",,"86","11263"
"227216","University of North Texas","2023","45","5648","39","5826","69","6380","44","5982"
"227331","Our Lady of the Lake University","2023","70","5628","53","3394","98","18768","65","5204"
"227368","The University of Texas Rio Grande Valley","2023","72","6117","71","5829","52","3788","14","3839"
"227429","Paul Quinn College","2023","98","4671","63","1289","98","1280","98","1654"
"227526","Prairie View A & M University","2023","79","5057","81","7180","63","7077","56","6697"
"227757","Rice University","2023","16","6623","6","4525","57","51409","7","10083"
"227845","Saint Edward's University","2023","43","5976","46","4214","99","32698","43","8563"
"227863","University of St Thomas","2023","49","6317","57","4226","88","18727","31","6356"
"227881","Sam Houston State University","2023","44","5504","60","6102","7","6103","52","5825"
"228042","Schreiner University","2023","52","5743","29","5080","100","20082","72","10831"
"228149","St. Mary's University","2023","45","6248","54","3999","98","21066","60","7730"
"228246","Southern Methodist University","2023","12","6368","12","3908","69","35291","25","14284"
"228325","Nelson University","2023","55","5398","32","3541","91","9074","70","6728"
"228343","Southwestern University","2023","22","5897","33","3309","98","30608","46","10508"
"228431","Stephen F Austin State University","2023","41","5454","41","4235","70","4284","49","6908"
"228459","Texas State University","2023","42","5381","48","7232","41","6263","49","6469"
"228468","Southwestern Adventist University","2023","45","5785","53","2486","98","10653","64","5636"
"228486","Southwestern Christian College","2023","100","5030","26","2720","28","3182","0",
"228501","Sul Ross State University","2023","57","5897","53","10040","48","2859","50","5009"
"228529","Tarleton State University","2023","36","6210","46","4947","80","2770","49","9552"
"228644","The University of Texas Health Science Center at San Antonio","2023",,,,,,,,
"228653","The University of Texas Medical Branch at Galveston","2023",,,,,,,,
"228705","Texas A & M University-Kingsville","2023","67","5869","73","5495","86","3548","48","5912"
"228723","Texas A & M University-College Station","2023","20","5783","21","6001","59","7887","30","8772"
"228769","The University of Texas at Arlington","2023","54","5572","44","6358","68","5204","31","6033"
"228778","The University of Texas at Austin","2023","27","5624","32","7410","40","4449","30","6066"
"228787","The University of Texas at Dallas","2023","25","5628","27","9520","59","8617","29","7615"
"228796","The University of Texas at El Paso","2023","70","5892","48","4285","44","2308","21","4410"
"228802","The University of Texas at Tyler","2023","44","5610","25","5551","75","5626","30","6523"
"228875","Texas Christian University","2023","16","5739","14","4190","81","32032","26","15777"
"228884","Texas College","2023","84","6830","69","4294","5","3000","69","6719"
"228981","Texas Lutheran University","2023","48","5245","47","3169","100","19616","67","7384"
"229018","The University of Texas Permian Basin","2023","50","5206","59","7138","83","4599","28","5505"
"229027","The University of Texas at San Antonio","2023","49","5466","42","5234","60","4892","44","5112"
"229063","Texas Southern University","2023","80","5718","51","3727","84","3186","71","6368"
"229115","Texas Tech University","2023","26","5833","22","5029","66","7412","44","8561"
"229160","Texas Wesleyan University","2023","46","6031","50","3955","89","23975","46","7302"
"229179","Texas Woman's University","2023","58","5855","47","5444","61","3954","53","5910"
"229267","Trinity University","2023","17","7723","24","4028","99","31314","31","8079"
"229300","The University of Texas Health Science Center at Houston","2023",,,,,,,,
"229337","Texas Tech University Health Sciences Center","2023",,,,,,,,
"229355","Tyler Junior College","2023","56","6078","7","3680","35","3696","25","4844"
"229780","Wayland Baptist University","2023","48","5308","61","4015","82","10834","66","7828"
"229814","West Texas A & M University","2023","43","5124","53","5446","62","2763","40","6949"
"229887","Wiley University","2023","72","5853","40","3906","71","3270","45","3914"
"230038","Brigham Young University","2023","11","5044","12","1918","44","4854","9","5745"
"230047","Brigham Young University-Hawaii","2023","12","3037","0",,"48","4705","14","1502"
"230171","Utah Tech University","2023","28","5379","14","2310","81","5186","25","5432"
"230366","Eagle Gate College-Murray","2023","80","6224","0",,"0",,"90","6567"
"230597","Snow College","2023","35","7833","12","1079","56","1793","21","4880"
"230603","Southern Utah University","2023","25","7278","16","1762","85","7136","21","7372"
"230728","Utah State University","2023","82","2759","19","1960","78","7666","18","6288"
"230737","Utah Valley University","2023","93","1990","15","1414","41","3816","11","6538"
"230764","University of Utah","2023","18","5627","16","1672","67","11284","21","7903"
"230782","Weber State University","2023","32","5238","7","1914","72","3770","17","5744"
"230807","Westminster University","2023","23","6157","15","2071","100","26955","86","6389"
"230816","Bennington College","2023","20","6664","1","3658","98","46418","57","6503"
"230852","Champlain College","2023","25","5548","15","5239","93","24809","65","9231"
"230889","Goddard College","2023","55","7378","9","350","73","1342","82","7194"
"230959","Middlebury College","2023","22","6254","2","2450","54","56879","28","8743"
"230995","Norwich University","2023","30","6877","12","2833","99","34591","61","8770"
"231059","Saint Michael's College","2023","15","7835","11","3093","100","34884","62","14290"
"231095","Sterling College","2023","100","2606","20","11903","100","16528","20","2750"
"231165","Vermont State University","2023","47","5036","28","2510","94","8937","73","8969"
"231174","University of Vermont","2023","13","6666","9","4681","99","17822","46","10346"
"231420","Averett University","2023","50","4758","50","5105","99","22413","81","6950"
"231554","Bluefield University","2023","52","5519","63","4046","95","14423","74","6591"
"231581","Bridgewater College","2023","28","5708","74","4498","100","31390","63","7496"
"231624","William & Mary","2023","9","6160","11","10467","38","17871","25","9746"
"231651","Regent University","2023","41","5516","35","4164","72","10366","51","5926"
"231712","Christopher Newport University","2023","19","6346","28","7569","54","4787","42","9452"
"231785","Bryant & Stratton College-Virginia Beach","2023","64","5789","0",,"82","8005","67","5668"
"232025","Emory & Henry University","2023","40","5288","53","4179","97","26239","61","6238"
"232043","Eastern Mennonite University","2023","31","8924","62","4273","95","24510","61","8785"
"232089","Ferrum College","2023","51","5727","61","4070","100","26649","83","6266"
"232186","George Mason University","2023","28","5862","38","5508","59","7603","41","7907"
"232256","Hampden-Sydney College","2023","23","6347","62","4452","99","33647","50","7922"
"232265","Hampton University","2023","46","6251","13","13165","71","14867","65","8472"
"232308","Hollins University","2023","37","5805","53","4333","100","29951","61","6461"
"232423","James Madison University","2023","14","5850","11","5913","80","2629","34","9972"
"232557","Liberty University","2023","30","5362","19","4160","97","9570","51","8105"
"232566","Longwood University","2023","31","7046","38","7379","96","6114","49","7451"
"232609","University of Lynchburg","2023","56","3900","73","4352","100","20620","74","9667"
"232618","Centra College","2023","67","9480","0",,"67","875","67","3001"
"232672","Mary Baldwin University","2023","83","4247","69","3954","97","19631","72","6244"
"232681","University of Mary Washington","2023","21","5849","29","7552","98","5457","33","7436"
"232706","Marymount University","2023","41","6522","57","4372","96","23021","46","8404"
"232797","American National University","2023","94","4077","0",,"0",,"89","3312"
"232885","Sentara College of Health Sciences","2023",,,,,,,,
"232937","Norfolk State University","2023","73","5829","52","7355","54","5003","65","10132"
"232982","Old Dominion University","2023","45","5610","54","5197","75","5453","53","7368"
"233277","Radford University","2023","39","5725","42","6136","98","4160","60","6994"
"233295","Randolph-Macon College","2023","22","5834","76","4282","99","28093","62","8009"
"233301","Randolph College","2023","56","7281","76","4518","100","15460","81","7766"
"233356","Bon Secours Memorial College of Nursing","2023",,,,,,,,
"233374","University of Richmond","2023","13","6535","14","4412","63","40886","33","9640"
"233426","Roanoke College","2023","29","7259","58","4467","100","21601","93","8300"
"233541","Shenandoah University","2023","47","2769","60","3978","100","20396","94","9305"
"233602","Southeastern Free Will Baptist Bible College","2023","33","4761","0",,"100","4633","5","1733"
"233611","Southern Virginia University","2023","33","5669","12","4543","99","5420","53","10469"
"233684","Strayer University-Virginia","2023","0",,"0",,"50","8875","0",
"233718","Sweet Briar College","2023","30","5662","44","4456","98","12388","49","7493"
"233897","University of Virginia's College at Wise","2023","50","5217","60","6695","93","7599","29","5336"
"233921","Virginia Polytechnic Institute and State University","2023","16","5687","15","5120","55","5568","41","10390"
"234030","Virginia Commonwealth University","2023","34","5442","50","7178","99","6925","49","7737"
"234076","University of Virginia-Main Campus","2023","11","5987","10","4717","26","26986","18","10002"
"234085","Virginia Military Institute","2023","24","7477","17","6563","68","12186","66","8998"
"234155","Virginia State University","2023","67","9198","43","7613","62","3036","92","7092"
"234164","Virginia Union University","2023","79","5469","49","11170","41","7799","56","6360"
"234173","Virginia Wesleyan University","2023","42","5540","69","4775","98","24257","63","7106"
"234207","Washington and Lee University","2023","13","8009","19","6302","57","60797","18","10360"
"234669","Bellevue College","2023","20","5174","23","4102","8","1640","5","4795"
"234696","Bellingham Technical College","2023","44","5110","40","4850","20","1566","9","6458"
"234827","Central Washington University","2023","38","5691","51","5945","88","3325","51","5640"
"234845","Centralia College","2023","27","4678","37","3911","44","1483","0",
"234915","City University of Seattle","2023","0",,"0",,"0",,"50","5699"
"234933","Clark College","2023","32","4388","39","3604","36","1412","14","4948"
"234951","Clover Park Technical College","2023","33","5134","42","4475","16","2169","4","7809"
"234979","Columbia Basin College","2023","38","4747","48","3785","29","1617","4","5050"
"235024","Cornish College of the Arts","2023","31","6258","24","8969","100","10935","86","9121"
"235097","Eastern Washington University","2023","43","5095","58","5263","73","3403","46","6403"
"235103","Edmonds College","2023","33","4492","36","3492","21","985","7","5829"
"235167","The Evergreen State College","2023","35","5375","34","5776","75","6599","44","5667"
"235237","Pierce College District","2023","28","4674","36","3494","10","1376","14","5107"
"235316","Gonzaga University","2023","14","5858","13","8052","100","27250","43","8751"
"235334","Grays Harbor College","2023","73","4396","51","4075","52","2497","6","4419"
"235343","Green River College","2023","29","4503","42","3510","12","1741","9","5047"
"235422","Heritage University","2023","81","5533","94","9149","92","4491","21","5360"
"235431","Highline College","2023","28","4745","37","3371","15","1490","3","4980"
"235547","Bastyr University","2023",,,,,,,,
"235699","Lake Washington Institute of Technology","2023","24","5277","27","3978","11","1592","3","6573"
"236072","North Seattle College","2023","33","4081","39","3744","9","1532","4","4901"
"236133","Northwest University","2023","18","6414","32","6632","99","18587","52","6943"
"236188","Olympic College","2023","25","4488","32","3242","15","1799","5","5439"
"236230","Pacific Lutheran University","2023","36","6393","43","9013","99","33257","50","7220"
"236258","Peninsula College","2023","46","4931","52","4336","23","3072","7","7917"
"236328","University of Puget Sound","2023","16","7538","9","6337","99","31340","52","7292"
"236382","Renton Technical College","2023","35","4985","51","5237","20","2012","7","7976"
"236452","Saint Martin's University","2023","36","5485","41","9219","83","26989","61","8029"
"236504","South Seattle College","2023","42","4683","55","3476","15","802","1","2516"
"236513","Seattle Central College","2023","81","2926","46","3522","31","1670","5","6498"
"236577","Seattle Pacific University","2023","39","6041","41","9273","98","21946","55","6358"
"236595","Seattle University","2023","27","8078","22","9495","98","27987","52","7820"
"236638","Skagit Valley College","2023","34","4785","40","3833","13","1712","6","5990"
"236692","Spokane Community College","2023","46","4943","57","4053","15","1248","28","5613"
"236708","Spokane Falls Community College","2023","33","4534","45","3347","15","1049","18","5182"
"236753","Tacoma Community College","2023","32","4493","41","3328","13","1532","12","5050"
"236887","Walla Walla Community College","2023","46","4681","47","4155","37","1602","15","5365"
"236896","Walla Walla University","2023","25","6835","9","6847","100","15843","54","7636"
"236939","Washington State University","2023","28","5260","36","8288","83","5471","32","7247"
"236948","University of Washington-Seattle Campus","2023","17","5988","24","8815","40","7669","19","6813"
"236975","Wenatchee Valley College","2023","48","5413","50","4433","36","1727","5","4420"
"237011","Western Washington University","2023","32","3842","30","5580","89","3996","33","7171"
"237039","Whatcom Community College","2023","45","3967","38","3801","20","981","7","5094"
"237057","Whitman College","2023","16","5674","8","6505","91","31983","41","5491"
"237066","Whitworth University","2023","29","5893","34","8958","98","33485","58","7186"
"237109","Yakima Valley College","2023","45","4952","64","3687","22","1693","5","5335"
"237136","Appalachian Bible College","2023","55","5351","35","2800","100","6806","26","5312"
"237181","Bethany College","2023","49","6846","19","4465","98","28014","64","7637"
"237215","Bluefield State University","2023","53","4470","32","3961","92","6366","65","8193"
"237312","University of Charleston","2023","36","5530","38","4536","92","21126","61","6703"
"237330","Concord University","2023","49","5408","50","3898","79","6106","41","7801"
"237358","Davis & Elkins College","2023","40","5785","41","4831","100","20332","65","7398"
"237367","Fairmont State University","2023","41","5232","61","4318","77","2186","50","8737"
"237385","Glenville State University","2023","57","4212","54","4491","68","3840","60","6902"
"237525","Marshall University","2023","45","6322","63","5338","88","6081","50","6171"
"237686","West Virginia University at Parkersburg","2023","63","4722","74","3543","29","1200","23","4368"
"237701","Potomac State College of West Virginia University","2023","48","5270","59","3830","76","2073","38","5923"
"237783","Salem University","2023","84","7370","13","2252","49","6798","92","11213"
"237792","Shepherd University","2023","35","5674","44","4812","86","4234","53","9177"
"237899","West Virginia State University","2023","49","5593","52","4119","51","4580","33","6670"
"237932","West Liberty University","2023","41","5648","34","3484","33","5590","62","10220"
"237950","West Virginia University Institute of Technology","2023","34","5381","58","4426","84","5381","40","6001"
"237969","West Virginia Wesleyan College","2023","45","5494","42","5110","100","22764","73","8629"
"238032","West Virginia University","2023","23","5465","39","4706","90","8921","56","9830"
"238078","Wheeling University","2023","22","6854","9","3067","78","20182","50","12797"
"238193","Alverno College","2023","68","6001","69","3794","99","20083","48","5334"
"238324","Bellin College","2023","17","6589","22","3212","100","1571","59","10278"
"238333","Beloit College","2023","31","5418","6","3933","100","41931","64","6879"
"238458","Carroll University","2023","25","5757","29","3488","100","22261","63","8240"
"238476","Carthage College","2023","28","5820","17","3487","98","21175","73","9053"
"238616","Concordia University-Wisconsin","2023","25","6031","23","3800","100","21291","61","8936"
"238661","Edgewood College","2023","28","5305","33","3710","98","19170","71","8425"
"238980","Lakeland University","2023","41","5692","42","3684","100","19038","94","6891"
"239017","Lawrence University","2023","18","6198","11","3762","100","38867","59","5930"
"239071","Maranatha Baptist University","2023","34","5065","19","3521","67","5062","24","6958"
"239080","Marian University","2023","100","2747","27","3075","94","15642","91","7301"
"239105","Marquette University","2023","19","6749","16","3876","100","29793","45","9519"
"239309","Milwaukee Institute of Art & Design","2023","37","5507","32","3786","100","21345","84","9111"
"239318","Milwaukee School of Engineering","2023","25","5488","35","3140","100","31922","68","6972"
"239390","Mount Mary University","2023","71","5469","88","3209","100","21316","97","5807"
"239512","Northland College","2023","26","5980","24","3444","100","27968","65","8527"
"239628","Ripon College","2023","36","6038","42","3494","100","35340","76","7927"
"239716","Saint Norbert College","2023","20","5900","31","3529","100","26696","58","10581"
"240107","Viterbo University","2023","18","4444","18","3654","100","18846","65","7004"
"240189","University of Wisconsin-Whitewater","2023","26","5034","28","2329","38","1425","54","6792"
"240268","University of Wisconsin-Eau Claire","2023","22","4367","18","2399","44","1921","50","7395"
"240277","University of Wisconsin-Green Bay","2023","36","5609","38","2593","33","3288","48","5923"
"240329","University of Wisconsin-La Crosse","2023","14","4873","17","2456","23","2610","47","6891"
"240338","Wisconsin Lutheran College","2023","33","5313","31","3712","100","21203","71","7916"
"240365","University of Wisconsin-Oshkosh","2023","29","5129","33","2194","27","3499","48","6020"
"240374","University of Wisconsin-Parkside","2023","42","5304","38","2817","35","2549","38","5678"
"240392","Herzing University-Madison","2023","73","4720","23","2528","72","2420","71","7887"
"240417","University of Wisconsin-Stout","2023","23","5392","22","2527","29","2000","58","7691"
"240426","University of Wisconsin-Superior","2023","25","5521","18","2687","48","2344","46","7499"
"240444","University of Wisconsin-Madison","2023","17","5793","16","2698","32","12811","26","9061"
"240453","University of Wisconsin-Milwaukee","2023","37","6424","38","2839","62","1504","48","7283"
"240462","University of Wisconsin-Platteville","2023","21","5309","22","2204","88","2541","46","6553"
"240471","University of Wisconsin-River Falls","2023","26","5432","21","2047","66","1703","55","7433"
"240480","University of Wisconsin-Stevens Point","2023","28","5332","41","2099","83","1559","54","6580"
"240727","University of Wyoming","2023","23","5618","53","4584","83","4905","34","9523"
"240736","American Samoa Community College","2023","71","6263","2","3000","2","357","0",
"240754","University of Guam","2023","45","5541","52","1957","3","5486","74","4347"
"240790","Northern Marianas College","2023","91","5440","53","2146","0",,"0",
"241100","American University of Puerto Rico","2023","100","12126","4","600","75","1489","4","8166"
"241128","American University of Puerto Rico","2023","100","12067","10","600","86","911","0",
"241191","Universidad Adventista de las Antillas","2023","96","5998","1","600","38","944","20","2937"
"241216","Atlantic University","2023","85","6047","3","325","0",,"1","2557"
"241225","Universidad Central de Bayamon","2023","99","6541","21","686","7","2620","1","1980"
"241304","Columbia Central University-Caguas","2023","94","8287","8","418","0",,"12","4062"
"241331","Albizu University-San Juan","2023","88","8823","12","507","5","1029","14","4090"
"241377","Caribbean University-Bayamon","2023","80","3356","0",,"6","1137","8","2527"
"241386","Caribbean University-Carolina","2023","87","3129","0",,"7","250","7","2750"
"241395","Pontifical Catholic University of Puerto Rico-Arecibo","2023","89","6295","19","514","32","710","11","4500"
"241410","Pontifical Catholic University of Puerto Rico-Ponce","2023","90","6854","14","578","39","916","21","3922"
"241517","CEM College-San Juan","2023","97","3851","0",,"0",,"16","2290"
"241614","Universidad Teologica del Caribe","2023","21","2298","0",,"0",,"5","1155"
"241720","Colegio Universitario de San Juan","2023","95","6255","0",,"0",,"0",
"241739","Universidad Ana G. Mendez-Cupey Campus","2023","100","6422","0",,"8","2075","16","4517"
"241766","Puerto Rico Conservatory of Music","2023","25","4015","0",,"0",,"13","3464"
"241836","EDP University of Puerto Rico Inc-San Sebastian","2023","96","8977","38","586","0",,"35","7174"
"241951","Escuela de Artes Plasticas y Diseno de Puerto Rico","2023","83","3085","32","375","0",,"0",
"242112","Huertas College","2023","93","5036","17","605","11","110","3","4141"
"242121","Humacao Community College","2023","100","7551","37","487","0",,"0",
"242617","Inter American University of Puerto Rico-San German","2023","88","6134","2","597","38","673","1","2644"
"242626","Inter American University of Puerto Rico-Aguadilla","2023","94","6411","6","597","71","611","1","2722"
"242635","Inter American University of Puerto Rico-Arecibo","2023","93","6191","7","600","71","536","2","3402"
"242644","Inter American University of Puerto Rico-Barranquitas","2023","98","6302","12","600","76","688","4","2170"
"242653","Inter American University of Puerto Rico-Metro","2023","84","5678","14","598","58","726","4","5931"
"242662","Inter American University of Puerto Rico-Ponce","2023","90","6423","7","599","34","529","2","1958"
"242680","Inter American University of Puerto Rico-Fajardo","2023","94","6077","0","600","18","387","6","4188"
"242699","Inter American University of Puerto Rico-Guayama","2023","91","6718","7","598","21","603","9","4632"
"242705","Inter American University of Puerto Rico-Bayamon","2023","89","5784","3","597","27","982","7","2288"
"242972","NUC University","2023","93","8236","2","826","6","414","35","8356"
"243106","University of Puerto Rico-Aguadilla","2023","86","6034","7","599","36","1852","3","2844"
"243115","University of Puerto Rico-Arecibo","2023","88","6161","5","955","21","1448","0","3464"
"243133","University of Puerto Rico-Bayamon","2023","86","4007","86","1959","86","1959","2","2614"
"243142","University of Puerto Rico-Carolina","2023","85","5877","31","765","74","1287","2","2871"
"243151","University of Puerto Rico at Cayey","2023","80","6053","20","1519","56","1073","2","6444"
"243179","University of Puerto Rico-Humacao","2023","97","6146","32","814","33","1959","1","3281"
"243188","University of Puerto Rico-Utuado","2023","96","6460","20","922","21","2161","4","3500"
"243197","University of Puerto Rico-Mayaguez","2023","69","6080","45","1180","35","2479","3","3511"
"243203","University of Puerto Rico-Medical Sciences","2023",,,,,,,,
"243212","University of Puerto Rico at Ponce","2023","80","6502","21","1193","44","1404","3","2793"
"243221","University of Puerto Rico-Rio Piedras","2023","71","6271","5","1605","41","1573","2","3831"
"243346","Universidad Ana G. Mendez-Carolina Campus","2023","100","6066","16","306","6","2502","15","3810"
"243443","Universidad del Sagrado Corazon","2023","81","6356","5","598","27","2384","10","4477"
"243568","Universidad Central Del Caribe","2023","100","6686","0",,"0",,"7","5500"
"243577","Universidad Politecnica de Puerto Rico","2023","81","5572","7","589","42","668","22","3738"
"243586","Pontifical Catholic University of Puerto Rico-Mayaguez","2023","95","7000","18","570","22","720","14","4166"
"243601","Universidad Ana G. Mendez-Gurabo Campus","2023","100","6235","12","312","7","2128","12","2726"
"243638","College of Micronesia-FSM","2023","89","3400","14","1640","17","801","0",
"243665","University of the Virgin Islands","2023","58","6299","54","4036","64","3746","17","4529"
"243744","Stanford University","2023","20","6651","5","9242","55","61082","7","14075"
"243780","Purdue University-Main Campus","2023","13","5630","11","6792","35","8075","28","9001"
"243823","Parker University","2023","67","6090","14","1916","97","4505","60","8404"
"243832","EDP University of Puerto Rico Inc-San Juan","2023","85","7814","28","540","0",,"17","9402"
"244233","City College-Hollywood","2023",,,,,,,,
"245652","St. John's College","2023","24","7336","1","190","92","22822","45","6125"
"245777","Bais Medrash Elyon","2023","89","100","0",,"56","5770","0",
"245838","Antioch University-Los Angeles","2023",,,,,,,,
"245847","Antioch University-Santa Barbara","2023",,,,,,,,
"245883","Antioch University-Seattle","2023",,,,,,,,
"245892","Antioch University","2023",,,,,,,,
"245953","Mid-America Christian University","2023","55","5107","19","4241","77","12693","51","7018"
"247065","Beckfield College-Florence","2023","78","4366","25","4404","0",,"88","7431"
"247649","Landmark College","2023","20","5109","9","6954","100","22699","41","16757"
"247773","Yeshiva Gedolah of Greater Detroit","2023","38","7289","0",,"81","6878","0",
"248934","ECPI University","2023","63","7083","0","3787","45","4564","73","11216"
"251312","South University-Columbia","2023","87","6191","13","1867","60","4932","80","7043"
"260789","Platt College-Los Angeles","2023","57","5641","4","2802","31","1182","54","9611"
"260813","Platt College-Aurora","2023","30","6559","0",,"0",,"100","11514"
"262086","University of Massachusetts Global","2023","43","2385","0",,"1","775","30","6442"
"262129","New College of Florida","2023","30","5240","62","5822","99","10193","15","6237"
"262165","Montana Bible College","2023","0",,"0",,"67","1300","0",
"363907","Caribbean University-Ponce","2023","85","3333","0",,"8","300","13","2521"
"363916","Caribbean University-Vega Baja","2023","82","3560","0",,"18","227","25","2529"
"363934","University of Advancing Technology","2023","50","6064","4","2138","93","7344","81","11800"
"366003","South Florida Bible College and Theological Seminary","2023","0",,"0",,"0",,"0",
"366252","Pennsylvania College of Technology","2023","33","5153","37","4188","39","4289","69","13144"
"366340","Stone Child College","2023","70","4785","17","4800","47","4338","0",
"366711","California State University-San Marcos","2023","47","5609","68","3087","48","5344","30","5995"
"367884","Hodges University","2023","82","4093","41","2504","35","1583","35","3973"
"368452","Nossi College of Art and Design","2023","69","2779","53","1000","63","591","74","4734"
"369516","Bryan University","2023","94","6156","0",,"12","1000","100","8186"
"372073","Fremont University","2023","72","5112","1","2007","8","7327","68","8813"
"375230","Yeshiva Gedolah Imrei Yosef D'spinka","2023","91","6395","38","4339","0",,"0",
"376224","CEM College-Humacao","2023","100","9067","37","466","0",,"0",
"376385","Universal Technology College of Puerto Rico","2023","98","5666","26","364","8","1012","0",
"376695","College of the Marshall Islands","2023","100","6802","0",,"0",,"0",
"377546","Northwest College of Art & Design","2023","57","4959","67","8152","20","1067","54","7532"
"377555","University of Washington-Bothell Campus","2023","30","5467","43","8603","33","4433","20","5125"
"377564","University of Washington-Tacoma Campus","2023","42","5259","58","8795","68","4515","27","5257"
"377661","Valley College-Martinsburg","2023","92","5312","24","2606","42","35","88","10181"
"380359","Bay Mills Community College","2023","97","3393","22","697","92","3090","0",
"380377","Northwest Indian College","2023","100","5036","41","3026","100","1817","0",
"380438","Provo College","2023","61","5399","4","4000","0",,"83","9704"
"384254","Beacon College","2023","15","7272","35","6894","95","17957","30","5476"
"384412","University of the Potomac-Washington DC Campus","2023","36","2923","0",,"4","875","27","2818"
"384421","Rabbi Jacob Joseph School","2023","16","5378","9","9123","72","8413","0",
"385619","Everglades University","2023","89","4924","43","3119","72","4210","75","12834"
"386472","Herzing University-Orlando","2023","53","5360","32","1908","61","3570","79","9361"
"388520","College of Biblical Studies-Houston","2023","22","3755","9","3745","22","8781","4","2722"
"392257","The College of Health Care Professions-Northwest","2023","77","5740","0",,"27","687","77","6267"
"399869","Southern California Institute of Technology","2023","75","6707","0",,"69","931","75","10986"
"399911","Soka University of America","2023","16","5883","6","6673","100","32579","73","8762"
"401223","World Mission University","2023","100","5958","0",,"0",,"0",
"404338","Schiller International University","2023","0",,"0",,"83","3591","17","11999"
"405854","Rabbinical College of Ohr Shimon Yisroel","2023","88","7178","100","5855","100","1720","0",
"406033","Galen College of Nursing-San Antonio","2023","70","6400","9","3428","7","1499","85","8674"
"408844","Florida National University-Main Campus","2023","60","6646","17","1205","44","4009","61","12356"
"409315","South Texas College","2023","99","5300","40","2603","1","1102","2","2686"
"409698","California State University-Monterey Bay","2023","44","6076","65","3462","48","5588","35","5397"
"413413","Capella University","2023","64","5054","0",,"0",,"73","6658"
"413617","College of Menominee Nation","2023","90","3020","90","1388","60","2441","0",
"414595","Pacific College of Health and Science","2023","23","1757","0",,"0",,"62","4423"
"414878","Trine University-Regional/Non-Traditional Campuses","2023","0",,"0",,"0",,"50","6500"
"416801","The University of Texas MD Anderson Cancer Center","2023",,,,,,,,
"417734","Southeast Missouri Hospital College of Nursing and Health Sciences","2023","50","3306","50","1500","0",,"50","5500"
"417752","Messenger College","2023","100","5866","0",,"100","2113","100","6833"
"418126","New York College of Health Professions","2023","50","3648","0",,"0",,"0",
"420024","Centura College-Chesapeake","2023","85","5839","22","1250","0",,"70","7750"
"420042","University of Phoenix-Hawaii","2023",,,,,,,,
"420325","Yeshiva D'monsey Rabbinical College","2023","68","6671","52","4310","40","2494","0",
"421878","Eastern International College-Jersey City","2023","93","3446","40","6335","0",,"60","5225"
"422695","Pacific College","2023","50","6774","20","5882","0",,"60","12608"
"426314","Embry-Riddle Aeronautical University-Worldwide","2023","22","4012","4","4784","15","749","7","5964"
"428259","Ottawa University-Milwaukee","2023",,,,,,,,
"430184","Strayer University-Maryland","2023","60","5746","0",,"0",,"60","6674"
"430670","San Juan Bautista School of Medicine","2023","94","5540","0",,"0",,"24","3250"
"430704","Texas Health and Science University","2023",,,,,,,,
"432384","Platt College-Ontario","2023","64","6546","5","4016","5","2752","71","11074"
"433004","American University of Health Sciences","2023",,,,,,,,
"433174","Carolinas College of Health Sciences","2023",,,,,,,,
"433387","Western Governors University","2023","50","4755","6","2600","4","1265","50","4022"
"433420","California Aeronautical University","2023","48","10889","0",,"33","2740","93","12230"
"433536","Herzing University-New Orleans","2023","96","5109","0",,"54","1321","83","6266"
"433660","Florida Gulf Coast University","2023","26","5876","44","4330","49","3185","30","10563"
"434900","Dewey University-Carolina","2023","100","7181","42","576","2","300","0",
"434937","Yeshiva College of the Nations Capital","2023","10","7895","0",,"90","11572","0",
"435000","Louisiana State University Health Sciences Center-Shreveport","2023",,,,,,,,
"436429","Los Angeles Film School","2023","78","5814","0",,"17","1840","77","8815"
"436614","International Baptist College and Seminary","2023","60","4995","0",,"100","5364","20","4500"
"437097","University of Management and Technology","2023","0",,"0",,"100","4680","0",
"438586","American InterContinental University-Atlanta","2023","81","6941","19","394","23","1090","81","6849"
"439190","Cascadia College","2023","25","4331","24","3266","9","1561","3","4463"
"439446","Atlantic Institute of Oriental Medicine","2023",,,,,,,,
"439701","The King's University","2023","100","1250","0",,"0",,"100","1361"
"439862","Pacific Islands University","2023","67","6077","33","2833","11","800","0",
"439871","PCI College","2023","78","6606","0",,"0",,"89","4856"
"440396","New Saint Andrews College","2023","0",,"0",,"92","3486","9","10866"
"440651","Atenas College","2023","97","8654","26","520","0",,"0",
"440749","National American University-Ellsworth","2023",,,,,,,,
"440794","Pillar College","2023","75","8034","51","14630","88","13705","18","7495"
"441229","Smith Chason College","2023","56","4538","1","4705","0",,"92","9945"
"441609","Yeshiva Shaarei Torah of Rockland","2023","10","6666","10","1985","70","5157","0",
"441690","Universidad Pentecostal Mizpa","2023","100","7045","0",,"0",,"0",
"441900","Nevada State University","2023","49","5884","76","2490","71","2832","11","4636"
"441937","California State University-Channel Islands","2023","56","5823","74","3064","63","7472","26","5166"
"441982","Franklin W Olin College of Engineering","2023","21","6095","0",,"100","39833","26","10155"
"442356","Saint Joseph's University - Lancaster","2023","31","5089","28","4108","10","2114","64","8280"
"442426","St Louis College of Health Careers-Fenton","2023","78","5250","6","5926","38","1012","88","9143"
"442569","University of Arkansas Grantham","2023","95","5353","0",,"9","3094","98","5945"
"442639","University of the Potomac-VA Campus","2023","0",,"0",,"0",,"0",
"442930","University of Antelope Valley","2023","44","7045","8","6948","37","5448","36","6081"
"443049","Faith International University","2023","50","2298","0",,"75","900","50","2145"
"443331","West Coast University-Los Angeles","2023","100","6645","0",,"0",,"100","9500"
"443340","Williamson Christian College","2023","67","2775","0",,"100","5561","17","8400"
"443410","DigiPen Institute of Technology","2023","23","5762","17","8361","51","7734","55","10630"
"443562","Dewey University-Hato Rey","2023","100","8803","64","403","0",,"32","5633"
"443599","American College of Healthcare Sciences","2023","83","4832","0",,"0",,"33","9774"
"443766","Strayer University-Tennessee","2023","40","5372","0",,"0",,"40","5463"
"443784","Strayer University-Pennsylvania","2023","100","2478","0",,"0",,"0",
"444088","Brookline College-Albuquerque","2023","73","5193","3","2500","0",,"73","9863"
"444130","Northcentral University","2023",,,,,,,,
"444398","Baptist University of the Americas","2023","44","6195","0",,"89","745","0",
"444413","Beis Medrash Heichal Dovid","2023","15","7758","17","3600","37","7184","0",
"444778","Charlotte Christian College and Theological Seminary","2023",,,,,,,,
"444787","Nightingale College","2023","68","5175","0",,"2","391","96","11966"
"445027","American InterContinental University System","2023","77","6574","0",,"14","2583","78","6601"
"445133","American InterContinental University-Houston","2023","50","6729","0",,"33","3906","50","8020"
"445188","University of California-Merced","2023","59","6312","75","11227","71","11298","31","5023"
"445267","Central Methodist University-College of Graduate and Extended Studies","2023","80","5065","20","1425","0",,"60","4897"
"445692","Neumont College of Computer Science","2023","54","5737","0",,"95","7090","88","7339"
"445708","Johnson & Wales University-Charlotte","2023","54","6749","24","6420","100","21331","84","9193"
"445735","Roseman University of Health Sciences","2023",,,,,,,,
"446048","Ave Maria University","2023","38","4257","29","4197","100","17114","55","8437"
"446233","Ecclesia College","2023","51","4903","11","625","100","4138","57","5523"
"446385","Los Angeles College of Music","2023","22","5379","7","3882","71","6501","27","7124"
"446525","SAE Institute of Technology-Nashville","2023","76","5386","6","1370","0","1000","87","6634"
"446561","Stanbridge University","2023","52","4064","1","10294","1","3000","73","11598"
"446604","Uta Mesivta of Kiryas Joel","2023","80","10169","71","4806","70","4417","0",
"446640","Harrisburg University of Science and Technology","2023","50","5374","45","4351","96","14376","61","5565"
"447050","United States University","2023","26","4375","11","9465","0",,"26","12168"
"447263","Joyce University of Nursing and Health Sciences","2023","47","4438","0",,"0",,"83","7602"
"447421","Eagle Gate College-Layton","2023","41","5536","0",,"0",,"82","8167"
"447689","Georgia Gwinnett College","2023","67","7097","39","3639","6","3845","26","5512"
"447953","SUM Bible College and Theological Seminary","2023","7","2723","0",,"7","2947","2","3668"
"448239","Careers Unlimited","2023",,,,,,,,
"449038","Strayer University-Florida","2023","38","5987","25","500","0",,"0",
"449135","Dewey University-Juana Díaz","2023","100","7048","62","663","0",,"28","5524"
"449339","American Public University System","2023","72","6654","0",,"75","1344","40","9167"
"449348","Huntsville Bible College","2023","100","6033","0",,"0",,"100","9402"
"449384","Gnomon","2023","8","7495","0",,"16","2500","28","5214"
"449658","Bais Medrash Toras Chesed","2023","30","5362","0",,"70","3885","0",
"449764","Visible Music College","2023","40","6939","0",,"57","3867","71","5496"
"449870","University of the West","2023","80","7493","60","6788","80","4675","60","5856"
"449889","American College of Education","2023",,,,,,,,
"449898","South University-Tampa","2023","86","7475","36","1966","14","2650","71","8216"
"450298","Strayer University-Delaware","2023","0",,"0",,"0",,"0",
"450377","Strayer University-Alabama","2023","100","915","0",,"0",,"0",
"450571","Rasmussen University-Wisconsin","2023","74","6536","0",,"37","2574","95","10743"
"450933","Columbia Southern University","2023","47","4115","0",,"14","601","49","6182"
"451103","Miami Regional University","2023","58","4893","0",,"18","1456","89","8571"
"451370","Yeshivas Be'er Yitzchok","2023","20","6686","10","10416","80","6564","0",
"451398","Yeshiva Toras Chaim","2023","42","5846","31","11162","69","12345","0",
"451404","Talmudical Seminary of Bobov","2023","95","12626","82","4553","93","2215","0",
"451556","Southwest University at El Paso","2023","90","6730","12","3609","1","7951","92","10860"
"451750","Bryant & Stratton College-Wauwatosa","2023","55","5902","0",,"80","8316","72","6116"
"451866","Remington College-Shreveport Campus","2023","94","6521","0",,"56","970","94","8945"
"451927","Patrick Henry College","2023","0",,"0",,"98","13798","16","15492"
"453163","Strayer University-North Carolina","2023","0",,"0",,"0",,"0",
"453215","Strayer University-New Jersey","2023",,,,,,,,
"454227","Chamberlain University-Illinois","2023","65","6625","58","6512","19","1240","88","8289"
"454236","Chamberlain University-Ohio","2023","80","4915","70","1177","80","2504","90","8068"
"454245","Chamberlain University-Arizona","2023","22","7145","0",,"33","1333","89","8624"
"454582","Ottawa University-Online","2023",,,,,,,,
"454786","Laurus College","2023","81","4893","0",,"0",,"46","8427"
"454829","Aspen University","2023",,,,,,,,
"454856","Denver College of Nursing","2023",,,,,,,,
"455257","Yeshiva of Machzikai Hadas","2023","91","6887","76","4827","65","2666","0",
"455664","The Chicago School at Los Angeles","2023",,,,,,,,
"455770","Providence Christian College","2023","51","3162","26","8119","100","22279","74","6637"
"456481","Polytechnic University of Puerto Rico-Miami","2023",,,,,,,,
"456490","Polytechnic University of Puerto Rico-Orlando","2023","20","5744","0",,"20","2100","60","5000"
"456621","Strayer University-West Virginia","2023","100","6895","0",,"0",,"0",
"456959","University of Minnesota-Rochester","2023","35","7137","46","8048","71","5581","53","10453"
"457129","Chamberlain University-Florida","2023","75","6824","0",,"0",,"100","11225"
"457226","Horizon University","2023","0",,"0",,"0",,"0",
"457299","Angeles College","2023","66","6229","2","1648","0",,"66","9511"
"457402","University of Fort Lauderdale","2023","59","5412","4","3426","49","1773","29","4992"
"457484","Pacific Rim Christian University","2023","86","728","0",,"86","647","71","1605"
"457697","City Vision University","2023","40","4659","0",,"80","1600","0",
"458113","Ascent College","2023",,,,,,,,
"458210","West Coast University-Orange County","2023","43","2938","0",,"0",,"71","12746"
"458229","West Coast University-Ontario","2023","33","6595","0",,"0",,"100","20577"
"458885","Strayer University-Arkansas","2023",,,,,,,,
"458919","Strayer University-Georgia","2023","50","5554","0",,"50","150","50","7755"
"458955","Strayer University-Mississippi","2023",,,,,,,,
"458964","Strayer University-South Carolina","2023","33","1704","0",,"0",,"17","1604"
"458973","Strayer University-Texas","2023","40","6321","0",,"0",,"40","7422"
"459204","Unitek College","2023","58","4264","2","6750","0",,"65","8244"
"459213","Gurnick Academy of Medical Arts","2023","59","5256","2","2105","0",,"76","13166"
"459259","South University-Richmond","2023","92","6537","0",,"38","3158","92","7504"
"459268","South University-Virginia Beach","2023","67","6145","0",,"100","4879","67","7917"
"459727","Touro University Worldwide","2023","52","6115","61","8257","22","2441","30","6929"
"459824","Touro University Nevada","2023",,,,,,,,
"459842","Herzing University-Kenosha","2023","43","6192","14","3417","71","4169","75","7872"
"459851","Herzing University-Brookfield","2023","85","4617","55","2473","65","1905","75","6015"
"459949","Texas A&M University-San Antonio","2023","62","5562","54","3815","51","3227","34","4454"
"459994","Strayer University-Global Region","2023","73","4801","0",,"7","6232","53","5717"
"460349","Johnson & Wales University-Online","2023","36","6538","4","2200","0",,"57","7156"
"460376","Fairfax University of America","2023","0",,"0",,"0",,"0",
"460871","Chamberlain University-Virginia","2023",,,,,,,,
"461023","National Paralegal College","2023","65","5147","0",,"0",,"77","6901"
"461032","Carolina College of Biblical Studies","2023","100","5522","0",,"0",,"100","4970"
"461148","New York Film Academy","2023","24","8095","5","3574","93","10120","36","15520"
"461528","Manna University","2023","13","6895","0",,"25","1629","13","3500"
"461643","Bergin University of Canine Studies","2023",,,,,,,,
"461759","Simmons College of Kentucky","2023","63","2884","43","3681","29","2617","47","1341"
"461795","North American University","2023","53","5385","0",,"92","9022","45","4608"
"461847","Keser Torah-Mayan Hatalmud","2023","8","6894","0",,"54","4606","0",
"461883","Millennia Atlantic University","2023","0",,"0",,"0",,"0",
"462354","John Paul the Great Catholic University","2023","40","5427","19","8308","98","11903","56","6046"
"464226","Ottawa University-Surprise","2023","37","4769","16","2248","100","14386","88","5405"
"466921","Chamberlain University-Missouri","2023","67","6670","0",,"0",,"67","9487"
"466930","Chamberlain University-Texas","2023","100","6650","0",,"25","1600","83","8425"
"469416","Dewey University-Manati","2023","100","7533","58","602","0",,"25","5926"
"474863","Los Angeles Pacific University","2023","92","6571","17","11698","0",,"83","6588"
"475121","South University-Savannah Online","2023","92","5554","0","900","2","3661","87","7734"
"475200","Whitworth University-Adult Degree Programs","2023",,,,,,,,
"475273","Springfield College-Regional, Online, and Continuing Education","2023",,,,,,,,
"475398","Catholic Distance University","2023","0",,"0",,"0",,"0",
"475608","Criswell College","2023","42","3886","8","3497","100","12938","33","6290"
"475732","Chamberlain University-Georgia","2023","89","6416","0",,"22","1000","89","8692"
"475741","Chamberlain University-Indiana","2023","50","5045","50","1750","50","4000","100","9500"
"476601","Bais HaMedrash and Mesivta of Baltimore","2023","60","6162","32","8938","64","6186","0",
"476692","Yeshiva Gedolah Zichron Leyma","2023","36","6694","0",,"79","7461","0",
"476717","Be'er Yaakov Talmudic Seminary","2023","96","10247","83","4816","7","1822","0",
"476975","Colorado State University Global","2023","50","6427","0",,"6","4390","69","6388"
"477039","West Coast University-Dallas","2023","100","6295","0",,"25","5000","100","12662"
"480073","South University-Austin","2023","61","6561","0",,"33","4984","67","7499"
"480091","Bryant & Stratton College-Online","2023","84","4948","8","3530","69","1464","86","8434"
"480198","Warner Pacific University Professional and Graduate Studies","2023",,,,,,,,
"480204","Platt College-Riverside","2023","75","6921","8","3485","18","1921","88","10024"
"480569","Florida Institute of Technology-Online","2023","61","3838","8","1333","8","922","61","5235"
"480657","Rasmussen University-Kansas","2023","88","7249","0",,"21","1265","88","11490"
"480781","California Miramar University","2023","72","6378","0",,"33","1600","89","4618"
"480985","Midwives College of Utah","2023","100","6895","0",,"0",,"100","3465"
"481058","Grace Mission University","2023","0",,"0",,"0",,"0",
"481225","Mid-South Christian College","2023","40","6054","0",,"80","3553","0",
"481401","Grace School of Theology","2023",,,,,,,,
"481410","Yeshiva Gedolah Kesser Torah","2023","22","6436","6","1661","78","5560","0",
"481438","Yeshiva Yesodei Hatorah","2023","39","5413","0",,"100","4922","0",
"482149","Augusta University","2023","43","5390","78","5801","16","8251","40","5446"
"482158","Middle Georgia State University","2023","53","5861","49","3528","7","4896","41","5847"
"482228","Veritas Baptist College","2023","40","4370","0",,"60","609","0",
"482413","DeVry College of New York","2023","50","4344","50","2798","0",,"50","5500"
"482422","DeVry University-Arizona","2023",,,,,,,,
"482431","DeVry University-California","2023","62","6066","0",,"77","1644","60","8152"
"482459","DeVry University-Florida","2023",,,,,,,,
"482468","DeVry University-Georgia","2023","100","7769","100","675","50","1337","100","8546"
"482477","DeVry University-Illinois","2023","80","5707","5","5019","82","2319","79","7690"
"482547","DeVry University-Nevada","2023",,,,,,,,
"482556","DeVry University-New Jersey","2023",,,,,,,,
"482565","DeVry University-North Carolina","2023",,,,,,,,
"482574","DeVry University-Ohio","2023",,,,,,,,
"482635","DeVry University-Texas","2023",,,,,,,,
"482653","DeVry University-Virginia","2023","100","6895","0",,"100","4320","100","5456"
"482680","University of North Georgia","2023","29","5158","76","4854","19","2629","24","5973"
"482699","South Georgia State College","2023","67","6809","52","2622","25","2891","36","4854"
"482705","Northeastern University Professional Programs","2023",,,,,,,,
"482936","Florida Polytechnic University","2023","32","5403","70","3899","100","4802","29","5786"
"483018","Antioch College","2023","77","5219","30","3450","100","34367","73","4064"
"483036","Texas A&M University-Central Texas","2023","85","6448","77","4133","77","4988","8","2250"
"483124","Arizona State University Digital Immersion","2023",,,,,,,,
"483595","Ana G. Mendez University","2023","0",,"0",,"0",,"0",
"484473","University of Florida-Online","2023","16","5542","82","5668","24","2670","8","6292"
"484613","University of Phoenix-Arizona","2023","75","6296","0","4721","29","1036","85","6834"
"484631","University of Phoenix-California","2023",,,,,,,,
"484710","University of Phoenix-Nevada","2023",,,,,,,,
"484756","University of Phoenix-Texas","2023",,,,,,,,
"484871","Rabbinical College Ohr Yisroel","2023","46","6871","38","3438","0",,"0",
"484905","University of North Texas at Dallas","2023","70","5873","62","8131","41","4607","17","4840"
"485111","Georgia Military College","2023","57","4595","68","3422","25","4409","57","2164"
"485272","West Coast University-Miami","2023","100","3954","0",,"0",,"100","10766"
"485546","California Intercontinental University","2023",,,,,,,,
"485698","American College of the Building Arts","2023","9","6345","0",,"43","8917","26","4990"
"485768","Atlantis University","2023","38","6417","11","4500","17","3237","35","5500"
"485999","Bet Medrash Gadol Ateret Torah","2023","50","5449","54","2329","75","8151","0",
"486017","Yeshiva Ohr Yisrael","2023","25","8145","0",,"0",,"0",
"486026","Yeshiva Sholom Shachna","2023","62","5177","31","4354","79","8629","0",
"486053","Bethlehem College & Seminary","2023","0",,"0",,"0",,"0",
"486196","Beth Medrash Meor Yitzchok","2023","52","6668","38","4267","70","4013","0",
"486239","San Ignacio University","2023","33","4872","0",,"100","2550","33","2721"
"486284","Bethany Global University","2023","100","3979","0",,"95","7991","45","5078"
"486354","United International College","2023","0",,"0",,"0",,"0",
"486488","California Jazz Conservatory","2023",,,,,,,,
"486840","Kennesaw State University","2023","38","5905","84","4543","8","5619","37","6037"
"486901","Milligan University","2023","26","4878","49","5469","100","24579","48","8424"
"486938","Chamberlain University-Nevada","2023","60","5868","0",,"0",,"100","18122"
"486947","Chamberlain University-Michigan","2023","100","827","0",,"0",,"100","5500"
"486956","Chamberlain University-New Jersey","2023","71","6362","0",,"0",,"86","8604"
"487010","The University of Tennessee Health Science Center","2023",,,,,,,,
"487375","Arizona College of Nursing-Las Vegas","2023","46","6570","0",,"0",,"88","9860"
"487524","Husson University","2023","37","5493","35","2272","100","10197","79","7750"
"487603","Northwest University-Center for Online and Extended Education","2023","48","4175","17","7149","13","2120","73","6104"
"488004","Central Yeshiva Beth Joseph","2023",,,,,,,,
"488031","Abraham Lincoln University","2023","100","6895","0",,"0",,"100","20000"
"488314","Beth Medrash of Asbury Park","2023","39","5522","0",,"91","5737","0",
"488448","Seattle Film Institute","2023","45","4502","27","4631","0",,"45","5433"
"488679","Indiana Wesleyan University-National & Global","2023","73","4135","32","4487","4","1011","71","5768"
"488776","John Patrick University of Health and Applied Sciences","2023","33","3448","0",,"0",,"33","5500"
"488785","University of Saint Katherine","2023","32","6075","35","7135","94","12098","53","7711"
"488846","University of the People","2023","0",,"0",,"76","962","0",
"489344","Chamberlain University-North Carolina","2023","50","6033","0",,"0",,"50","9500"
"489353","Chamberlain University-California","2023",,,,,,,,
"489779","Purdue University Global","2023","70","3497","40","8903","20","9225","30","4976"
"489937","Carolina University","2023","41","6317","0",,"99","9091","48","6742"
"490045","Presbyterian Theological Seminary in America","2023",,,,,,,,
"490081","America Evangelical University","2023","86","2201","0",,"14","1146","86","2690"
"490133","Westcliff University","2023","1","4818","2","3937","32","10460","1","8542"
"490230","Reformed University","2023","0",,"0",,"0",,"0",
"490276","Yeshiva Shaar Ephraim","2023","79","10079","70","4424","96","5272","0",
"490328","Mechon L'hoyroa","2023",,,,,,,,
"490513","Bais Medrash Mayan Hatorah","2023","23","7103","0",,"38","6370","0",
"490805","Purdue University Northwest","2023","42","5323","34","4956","68","2344","35","5259"
"490878","Platt College-Anaheim","2023","73","6230","5","3919","17","1355","76","9293"
"491057","Yeshiva Kollel Tifereth Elizer","2023","73","6829","38","4949","69","4915","0",
"491288","University of Wisconsin-Milwaukee Flex","2023",,,,,,,,
"491297","University of Wisconsin-Parkside Flex","2023",,,,,,,,
"491525","Union Bible College","2023","41","5327","0",,"53","4636","0",
"491622","Yeshiva Chemdas Hatorah","2023","47","6561","0",,"93","7128","0",
"491631","Women's Institute of Torah Seminary and College","2023","45","6250","53","11037","4","672","4","4500"
"491710","Yeshiva Gedolah of Cliffwood","2023","0",,"0",,"100","4027","0",
"492069","Champion Christian College","2023","46","5433","19","1300","77","2670","81","6536"
"492689","Texas Tech University Health Sciences Center-El Paso","2023",,,,,,,,
"492801","Drury University-College of Continuing Professional Studies","2023","58","6674","33","2725","58","811","38","6542"
"492962","Indiana Institute of Technology-College of Professional Studies","2023","73","4300","33","3943","24","2694","74","5411"
"493512","San Diego Global Knowledge University","2023","0",,"0",,"0",,"0",
"493594","Yeshiva of Ocean","2023","44","6766","0",,"56","3010","0",
"493600","Congregation Talmidei Mesivta Tiferes Shmiel Aleksander","2023","79","9950","73","4420","89","4364","0",
"493664","Yeshivat Hechal Shemuel","2023","25","6493","13","845","88","7877","0",
"493707","Yeshiva Gedolah of Woodlake Village","2023","27","5648","0",,"87","3923","0",
"493716","Yeshiva Gedola Tiferes Yaakov Yitzchok","2023","15","6734","0",,"85","7115","0",
"493822","College Unbound","2023","43","3509","57","7999","14","6240","14","4702"
"494597","Faith Theological Seminary and Christian College","2023",,,,,,,,
"494630","Christ Mission College","2023","57","4985","0",,"57","3000","0",
"494685","Urshan College","2023","51","3238","0",,"12","1960","65","3521"
"494737","Yeshiva Yesoda Hatorah Vetz Chaim","2023","81","9986","75","3776","100","5124","0",
"495031","Bais Medrash of Dexter Park","2023","13","5879","0",,"53","4611","0",
"495059","Oak Valley College","2023","57","6475","14","9519","100","11848","0",
