"unitid","institution name","year","IC2014_AY.In-state average tuition for full-time undergraduates","IC2014_AY.Out-of-state average tuition for full-time undergraduates"
"100654","Alabama A & M University","2014","7500","15000"
"100663","University of Alabama at Birmingham","2014","7510","17062"
"100690","Amridge University","2014","6000","6000"
"100706","University of Alabama in Huntsville","2014","9158","21232"
"100724","Alabama State University","2014","6936","13872"
"100751","The University of Alabama","2014","9826","24950"
"100812","Athens State University","2014","5370","10740"
"100830","Auburn University at Montgomery","2014","8430","18990"
"100858","Auburn University","2014","8592","25776"
"100937","Birmingham-Southern College","2014","30754","30754"
"101116","South University-Montgomery","2014","16185","16185"
"101189","Faulkner University","2014","17020","17020"
"101365","Herzing University-Birmingham","2014","12020","12020"
"101435","Huntingdon College","2014","20200","20200"
"101453","Heritage Christian University","2014","8952","8952"
"101480","Jacksonville State University","2014","8490","16980"
"101587","University of West Alabama","2014","6868","13736"
"101675","Miles College","2014","10632","10632"
"101693","University of Mobile","2014","18720","18720"
"101709","University of Montevallo","2014","9990","20550"
"101879","University of North Alabama","2014","5856","11712"
"101912","Oakwood University","2014","15714","15714"
"102049","Samford University","2014","26524","26524"
"102094","University of South Alabama","2014","6888","13776"
"102234","Spring Hill College","2014","30506","30506"
"102270","Stillman College","2014","13548","13548"
"102298","Talladega College","2014","11192","11192"
"102368","Troy University","2014","6528","13056"
"102377","Tuskegee University","2014","18560","18560"
"102395","United States Sports Academy","2014","12960","12960"
"102553","University of Alaska Anchorage","2014","5376","17808"
"102580","Alaska Bible College","2014","9000","9000"
"102614","University of Alaska Fairbanks","2014","5376","17808"
"102632","University of Alaska Southeast","2014","5376","17808"
"102669","Alaska Pacific University","2014","19500","19500"
"102845","Charter College","2014","19195","19195"
"104090","Brookline College-Phoenix","2014",,
"104151","Arizona State University Campus Immersion","2014","9454","23830"
"104179","University of Arizona","2014","9576","27374"
"104586","Embry-Riddle Aeronautical University-Prescott","2014","30720","30720"
"104717","Grand Canyon University","2014","16442","16442"
"105297","Dine College","2014","660","660"
"105330","Northern Arizona University","2014","8072","14742"
"105534","Pima Medical Institute-Tucson","2014",,
"105589","Prescott College","2014","24960","24960"
"105899","Arizona Christian University","2014","21476","21476"
"106245","University of Arkansas at Little Rock","2014","5768","16100"
"106263","University of Arkansas for Medical Sciences","2014","7485","7485"
"106306","Arkansas Baptist College","2014","8040","8040"
"106342","Lyon College","2014","24070","24070"
"106397","University of Arkansas","2014","6824","18914"
"106412","University of Arkansas at Pine Bluff","2014","4440","10110"
"106458","Arkansas State University","2014","5760","11520"
"106467","Arkansas Tech University","2014","5016","10032"
"106485","University of Arkansas at Monticello","2014","4230","10200"
"106704","University of Central Arkansas","2014","5918","11835"
"106713","Central Baptist College","2014","12300","12300"
"106810","Crowley's Ridge College","2014","9900","9900"
"107044","Harding University","2014","16560","16560"
"107071","Henderson State University","2014","5970","12330"
"107080","Hendrix College","2014","38840","38840"
"107141","John Brown University","2014","22552","22552"
"107512","Ouachita Baptist University","2014","22800","22800"
"107558","University of the Ozarks","2014","23750","23750"
"107600","Philander Smith University","2014","11804","11804"
"107877","Williams Baptist University","2014","13400","13400"
"107983","Southern Arkansas University Main Campus","2014","6300","9750"
"108092","University of Arkansas-Fort Smith","2014","3336","9120"
"108232","Academy of Art University","2014","19440","19440"
"109350","Antelope Valley Community College District","2014","1104","5664"
"109651","Art Center College of Design","2014","37330","37330"
"109785","Azusa Pacific University","2014","32516","32516"
"109819","Bakersfield College","2014","1288","6692"
"110060","Bethesda University","2014","9000","9000"
"110097","Biola University","2014","33322","33322"
"110219","Bryan University","2014","10936","10936"
"110316","California Institute of Integral Studies","2014","26910","26910"
"110361","California Baptist University","2014","27612","27612"
"110370","California College of the Arts","2014","41592","41592"
"110404","California Institute of Technology","2014","41790","41790"
"110413","California Lutheran University","2014","36690","36690"
"110422","California Polytechnic State University-San Luis Obispo","2014","5472","16632"
"110468","Alliant International University-San Diego","2014","16842","16842"
"110486","California State University-Bakersfield","2014","5472","16632"
"110495","California State University-Stanislaus","2014","5472","16632"
"110510","California State University-San Bernardino","2014","5472","16632"
"110529","California State Polytechnic University-Pomona","2014","5472","16632"
"110538","California State University-Chico","2014","5472","16632"
"110547","California State University-Dominguez Hills","2014","5472","16632"
"110556","California State University-Fresno","2014","5472","16632"
"110565","California State University-Fullerton","2014","5472","16632"
"110574","California State University-East Bay","2014","5472","16632"
"110583","California State University-Long Beach","2014","5472","16632"
"110592","California State University-Los Angeles","2014","5472","16632"
"110608","California State University-Northridge","2014","5472","16632"
"110617","California State University-Sacramento","2014","5472","16632"
"110635","University of California-Berkeley","2014","11220","34098"
"110644","University of California-Davis","2014","11220","34098"
"110653","University of California-Irvine","2014","11220","34098"
"110662","University of California-Los Angeles","2014","11220","34098"
"110671","University of California-Riverside","2014","11220","34098"
"110680","University of California-San Diego","2014","11220","34098"
"110705","University of California-Santa Barbara","2014","11220","34098"
"110714","University of California-Santa Cruz","2014","11220","34098"
"110778","Sofia University","2014","475","475"
"111081","California Institute of the Arts","2014","41700","41700"
"111188","California State University Maritime Academy","2014","5472","16632"
"111948","Chapman University","2014","44710","44710"
"111966","Charles R Drew University of Medicine and Science","2014","11416","11416"
"112075","Concordia University-Irvine","2014","29990","29990"
"112084","San Diego Christian College","2014","25550","25550"
"112260","Claremont McKenna College","2014","47150","47150"
"112394","University of Silicon Valley","2014","15980","15980"
"112570","California College of ASU","2014","18375","18375"
"113236","Cypress College","2014","1104","6192"
"113582","Design Institute of San Diego","2014","19329","19329"
"113698","Dominican University of California","2014","41280","41280"
"114354","FIDM-Fashion Institute of Design & Merchandising","2014","28965","28965"
"114433","Feather River Community College District","2014","0","5820"
"114716","Foothill College","2014","1395","8100"
"114813","Fresno Pacific University","2014","26250","26250"
"115083","Golden Gate University","2014","14640","14640"
"115409","Harvey Mudd College","2014","48315","48315"
"115755","California State Polytechnic University-Humboldt","2014","5472","16632"
"115773","Humphreys University-Stockton and Modesto Campuses","2014","12456","12456"
"116226","Interior Designers Institute","2014","17950","17950"
"116846","American Jewish University","2014","27312","27312"
"117104","Life Pacific University","2014","12360","12360"
"117140","University of La Verne","2014","35300","35300"
"117168","Laguna College of Art and Design","2014","27300","27300"
"117283","Latin American Bible Institute","2014",,
"117557","Lincoln University","2014","9600","9600"
"117575","Southern California Seminary","2014","13860","13860"
"117627","La Sierra University","2014","28764","28764"
"117636","Loma Linda University","2014","28752","28752"
"117672","Southern California University of Health Sciences","2014",,
"117751","The Master's University and Seminary","2014","29440","29440"
"117946","Loyola Marymount University","2014","40680","40680"
"118693","Menlo College","2014","36900","36900"
"118912","MiraCosta College","2014","1104","5736"
"118976","Modesto Junior College","2014","1104","6306"
"119058","Middlebury Institute of International Studies at Monterey","2014","36020","36020"
"119173","Mount Saint Mary's University","2014","33836","33836"
"119270","Musicians Institute","2014","23985","23985"
"119605","National University","2014","12384","12384"
"119775","Newschool of Architecture and Design","2014","21920","21920"
"120166","San Francisco Bay University","2014","7920","7920"
"120184","Notre Dame de Namur University","2014","31422","31422"
"120254","Occidental College","2014","46952","46952"
"120403","Otis College of Art and Design","2014","38290","38290"
"120537","Hope International University","2014","26550","26550"
"120698","Palo Alto University","2014","15669","15669"
"120768","Pacific Oaks College","2014","19872","19872"
"120865","Pacific Union College","2014","27081","27081"
"120883","University of the Pacific","2014","40822","40822"
"121150","Pepperdine University","2014","46440","46440"
"121257","Pitzer College","2014","46752","46752"
"121309","Point Loma Nazarene University","2014","30800","30800"
"121345","Pomona College","2014","45500","45500"
"121619","Santa Ana College","2014","1104","5280"
"121691","University of Redlands","2014","42836","42836"
"121886","Rio Hondo College","2014","1288","6692"
"122296","Samuel Merritt University","2014","54314","54314"
"122375","San Diego Mesa College","2014","1104","5736"
"122409","San Diego State University","2014","5472","16632"
"122436","University of San Diego","2014","42330","42330"
"122506","San Francisco Conservatory of Music","2014","40000","40000"
"122597","San Francisco State University","2014","5472","16632"
"122612","University of San Francisco","2014","40996","40996"
"122685","San Joaquin Valley College-Visalia","2014",,
"122728","William Jessup University","2014","23410","23410"
"122755","San Jose State University","2014","5472","16632"
"122931","Santa Clara University","2014","43812","43812"
"122977","Santa Monica College","2014","1104","7800"
"123165","Scripps College","2014","47164","47164"
"123280","Shasta Bible College and Graduate School","2014","10400","10400"
"123299","Shasta College","2014","1104","6144"
"123457","Simpson University","2014","24300","24300"
"123509","Skyline College","2014","1380","6132"
"123554","Saint Mary's College of California","2014","41230","41230"
"123563","Solano Community College","2014","1380","7350"
"123572","Sonoma State University","2014","5472","16632"
"123651","Vanguard University of Southern California","2014","29980","29980"
"123952","Southern California Institute of Architecture","2014","39162","39162"
"123961","University of Southern California","2014","47562","47562"
"124292","Thomas Aquinas College","2014","24500","24500"
"125231","Walden University","2014","11520","11520"
"125471","West Los Angeles College","2014","1196","6786"
"125727","Westmont College","2014","38960","38960"
"125763","Whittier College","2014","41246","41246"
"125897","Woodbury University","2014","34448","34448"
"126076","Yeshiva Ohr Elchonon Chabad West Coast Talmudical Seminary","2014","12600","12600"
"126182","Adams State University","2014","5160","15960"
"126562","University of Colorado Denver/Anschutz Medical Campus","2014","7272","21624"
"126580","University of Colorado Colorado Springs","2014","6168","16200"
"126614","University of Colorado Boulder","2014","9048","31410"
"126669","Colorado Christian University","2014","20435","20435"
"126678","Colorado College","2014","46000","46000"
"126711","Colorado Mountain College","2014","3750","8952"
"126775","Colorado School of Mines","2014","14790","31470"
"126818","Colorado State University-Fort Collins","2014","7868","24048"
"126827","Colorado Technical University-Colorado Springs","2014","10977","10977"
"126942","Community College of Denver","2014","2998","12296"
"127060","University of Denver","2014","41112","41112"
"127185","Fort Lewis College","2014","5544","16072"
"127556","Colorado Mesa University","2014","6357","16961"
"127565","Metropolitan State University of Denver","2014","4973","17791"
"127653","Naropa University","2014","29800","29800"
"127714","Nazarene Bible College","2014","10800","10800"
"127741","University of Northern Colorado","2014","6024","17568"
"127820","Pikes Peak State College","2014","2998","12296"
"127884","Pueblo Community College","2014","3096","12473"
"127909","Red Rocks Community College","2014","3034","12333"
"127918","Regis University","2014","32460","32460"
"127945","Rocky Mountain College of Art and Design","2014","18718","18718"
"128106","Colorado State University Pueblo","2014","5824","16765"
"128328","United States Air Force Academy","2014","0","0"
"128391","Western Colorado University","2014","5539","15984"
"128498","Albertus Magnus College","2014","28440","28440"
"128744","University of Bridgeport","2014","27900","27900"
"128771","Central Connecticut State University","2014","4600","14886"
"128780","Charter Oak State College","2014","6312","8304"
"128902","Connecticut College","2014","47420","47420"
"129020","University of Connecticut","2014","9858","30038"
"129154","Goodwin University","2014","18900","18900"
"129215","Eastern Connecticut State University","2014","4600","14886"
"129242","Fairfield University","2014","43170","43170"
"129525","University of Hartford","2014","32758","32758"
"129534","Holy Apostles College and Seminary","2014","10800","10800"
"129774","Mitchell College","2014","28272","28272"
"129941","University of New Haven","2014","33330","33330"
"130110","Paier College","2014","14000","14000"
"130183","Post University","2014","15258","15258"
"130226","Quinnipiac University","2014","39170","39170"
"130253","Sacred Heart University","2014","35500","35500"
"130314","University of Saint Joseph","2014","33205","33205"
"130493","Southern Connecticut State University","2014","4600","14886"
"130590","Trinity College","2014","46796","46796"
"130624","United States Coast Guard Academy","2014","0","0"
"130697","Wesleyan University","2014","47702","47702"
"130776","Western Connecticut State University","2014","4600","14886"
"130794","Yale University","2014","45800","45800"
"130907","Delaware Technical Community College-Terry","2014","3168","7920"
"130934","Delaware State University","2014","6506","14862"
"130943","University of Delaware","2014","10900","29250"
"130989","Goldey-Beacom College","2014","22500","22500"
"131113","Wilmington University","2014","10140","10140"
"131159","American University","2014","41316","41316"
"131283","The Catholic University of America","2014","39200","39200"
"131399","University of the District of Columbia","2014","4631","10613"
"131450","Gallaudet University","2014","14498","14498"
"131469","George Washington University","2014","46674","46674"
"131496","Georgetown University","2014","46200","46200"
"131520","Howard University","2014","22737","22737"
"131803","Strayer University-District of Columbia","2014","12780","12780"
"131876","Trinity Washington University","2014","21930","21930"
"132408","Baptist University of Florida","2014","9300","9300"
"132471","Barry University","2014","28160","28160"
"132602","Bethune-Cookman University","2014","13440","13440"
"132657","Lynn University","2014","32800","32800"
"132693","Eastern Florida State College","2014","1892","7573"
"132709","Broward College","2014","1810","1810"
"132842","Albizu University-Miami","2014","11484","11484"
"132851","College of Central Florida","2014","1910","7642"
"132879","Johnson University Florida","2014","13200","13200"
"132903","University of Central Florida","2014","4478","19810"
"133021","Chipola College","2014","2365","8195"
"133386","Daytona State College","2014","3134","12204"
"133465","South University-West Palm Beach","2014","16185","16185"
"133492","Eckerd College","2014","38342","38342"
"133508","Florida SouthWestern State College","2014","2436","9750"
"133526","Edward Waters University","2014","12325","12325"
"133553","Embry-Riddle Aeronautical University-Daytona Beach","2014","30720","30720"
"133650","Florida Agricultural and Mechanical University","2014","3152","14524"
"133669","Florida Atlantic University","2014","2522","14374"
"133702","Florida State College at Jacksonville","2014","2095","7947"
"133711","Flagler College","2014","16180","16180"
"133809","Florida College","2014","14490","14490"
"133872","AdventHealth University","2014","11850","11850"
"133881","Florida Institute of Technology","2014","37240","37240"
"133951","Florida International University","2014","4721","16529"
"133960","The College of the Florida Keys","2014","2483","9933"
"133979","Florida Memorial University","2014","12384","12384"
"134079","Florida Southern College","2014","29340","29340"
"134097","Florida State University","2014","4640","19084"
"134130","University of Florida","2014","4477","25694"
"134237","Full Sail University","2014","17764","17764"
"134343","Gulf Coast State College","2014","2042","8242"
"134510","Hobe Sound Bible College","2014","5200","5200"
"134608","Indian River State College","2014","2496","9360"
"134945","Jacksonville University","2014","31370","31370"
"135081","Keiser University-Ft Lauderdale","2014","16056","16056"
"135160","Florida Gateway College","2014","2369","9473"
"135188","Lake-Sumter State College","2014","3172","13276"
"135364","Luther Rice College & Seminary","2014","5640","5640"
"135391","State College of Florida-Manatee-Sarasota","2014","2365","9467"
"135610","Trinity International University-Florida","2014","10848","10848"
"135717","Miami Dade College","2014","2483","9933"
"135726","University of Miami","2014","43040","43040"
"136145","North Florida College","2014","2280","9180"
"136172","University of North Florida","2014","3853","16199"
"136215","Nova Southeastern University","2014","25950","25950"
"136233","Northwest Florida State College","2014","2313","9252"
"136330","Palm Beach Atlantic University","2014","25974","25974"
"136358","Palm Beach State College","2014","2358","8592"
"136400","Pasco-Hernando State College","2014","2297","9272"
"136473","Pensacola State College","2014","2051","8208"
"136516","Polk State College","2014","2483","9933"
"136774","Ringling College of Art and Design","2014","36880","36880"
"136950","Rollins College","2014","43080","43080"
"137032","Saint Leo University","2014","19740","19740"
"137078","St Petersburg College","2014","2483","10125"
"137096","Santa Fe College","2014","1872","7418"
"137209","Seminole State College of Florida","2014","2365","9466"
"137272","St. John Vianney College Seminary","2014","21000","21000"
"137281","Saint Johns River State College","2014","2700","9601"
"137315","South Florida State College","2014","3135","11829"
"137351","University of South Florida","2014","4559","15473"
"137476","St. Thomas University","2014","27150","27150"
"137546","Stetson University","2014","39690","39690"
"137564","Southeastern University","2014","21202","21202"
"137759","Tallahassee Community College","2014","2002","7982"
"137777","Talmudic College of Florida","2014","12250","12250"
"137847","The University of Tampa","2014","24528","24528"
"137953","Trinity Baptist College","2014","9110","9110"
"137962","Trinity College of Florida","2014","12740","12740"
"138187","Valencia College","2014","1984","7933"
"138275","Warner University","2014","18416","18416"
"138293","Webber International University","2014","21686","21686"
"138309","Rasmussen University-Florida","2014","10764","10764"
"138354","University of West Florida","2014","3735","16004"
"138558","Abraham Baldwin Agricultural College","2014","2392","8837"
"138600","Agnes Scott College","2014","35742","35742"
"138716","Albany State University","2014","3792","13796"
"138868","Point University","2014","16700","16700"
"138901","Atlanta Metropolitan State College","2014","2128","8054"
"138947","Clark Atlanta University","2014","19682","19682"
"139144","Berry College","2014","30330","30330"
"139153","Beulah Heights University","2014","9090","9090"
"139199","Brenau University","2014","24380","24380"
"139205","Brewton-Parker College","2014","13000","13000"
"139250","College of Coastal Georgia","2014","2990","11046"
"139311","Clayton  State University","2014","3792","13797"
"139366","Columbus State University","2014","4078","14396"
"139393","Covenant College","2014","29300","29300"
"139463","Dalton State College","2014","2363","8729"
"139579","South University-Savannah","2014","16185","16185"
"139621","East Georgia State College","2014","2660","10068"
"139630","Emmanuel University","2014","18000","18000"
"139658","Emory University","2014","44400","44400"
"139700","Georgia Highlands College","2014","2128","8054"
"139719","Fort Valley State University","2014","4740","17246"
"139755","Georgia Institute of Technology-Main Campus","2014","9002","28306"
"139764","Georgia Southwestern State University","2014","3792","13797"
"139861","Georgia College & State University","2014","6970","25318"
"139931","Georgia Southern University","2014","4078","14395"
"139940","Georgia State University","2014","6490","21058"
"139959","University of Georgia","2014","8590","26800"
"139968","Gordon State College","2014","2392","8837"
"140234","LaGrange College","2014","26290","26290"
"140252","Life University","2014","9450","9450"
"140340","Herzing University-Atlanta","2014","12900","12900"
"140447","Mercer University","2014","33480","33480"
"140553","Morehouse College","2014","23966","23966"
"140696","Oglethorpe University","2014","32200","32200"
"140720","Paine College","2014","11880","11880"
"140818","Piedmont University","2014","21350","21350"
"140872","Reinhardt University","2014","18996","18996"
"140951","Savannah College of Art and Design","2014","33795","33795"
"140960","Savannah State University","2014","3792","13797"
"140988","Shorter University","2014","19880","19880"
"141060","Spelman College","2014","22055","22055"
"141167","Thomas University","2014","14800","14800"
"141185","Toccoa Falls College","2014","19150","19150"
"141237","Truett McConnell University","2014","16650","16650"
"141264","Valdosta State University","2014","4078","14395"
"141325","Wesleyan College","2014","19750","19750"
"141334","University of West Georgia","2014","4080","14400"
"141361","Young Harris College","2014","25726","25726"
"141486","Chaminade University of Honolulu","2014","20810","20810"
"141565","University of Hawaii at Hilo","2014","6648","18648"
"141574","University of Hawaii at Manoa","2014","9840","28632"
"141644","Hawaii Pacific University","2014","20930","20930"
"141839","University of Hawaii Maui College","2014","2736","7584"
"141981","University of Hawaii-West Oahu","2014","6648","18648"
"142090","Boise Bible College","2014","11250","11250"
"142115","Boise State University","2014","4621","17473"
"142276","Idaho State University","2014","4910","17670"
"142285","University of Idaho","2014","4784","18314"
"142294","The College of Idaho","2014","24200","24200"
"142328","Lewis-Clark State College","2014","5900","16418"
"142461","Northwest Nazarene University","2014","26940","26940"
"142522","Brigham Young University-Idaho","2014","3750","3750"
"142887","American Academy of Art College","2014","29800","29800"
"143048","School of the Art Institute of Chicago","2014","41430","41430"
"143084","Augustana College","2014","37236","37236"
"143118","Aurora University","2014","21120","21120"
"143288","Blackburn College","2014","19150","19150"
"143297","Blessing Rieman College of Nursing and Health Sciences","2014","20772","20772"
"143358","Bradley University","2014","30500","30500"
"144005","Chicago State University","2014","7056","14016"
"144050","University of Chicago","2014","47139","47139"
"144281","Columbia College Chicago","2014","22884","22884"
"144351","Concordia University-Chicago","2014","28104","28104"
"144740","DePaul University","2014","34390","34390"
"144883","East-West University","2014","18300","18300"
"144892","Eastern Illinois University","2014","8341","25391"
"144962","Elmhurst University","2014","33700","33700"
"144971","Eureka College","2014","19210","19210"
"145336","Governors State University","2014","7650","15300"
"145372","Greenville University","2014","24140","24140"
"145497","Hebrew Theological College","2014","18780","18780"
"145600","University of Illinois Chicago","2014","11564","23814"
"145619","Benedictine University","2014","25572","25572"
"145637","University of Illinois Urbana-Champaign","2014","13775","29637"
"145646","Illinois Wesleyan University","2014","40664","40664"
"145691","Illinois College","2014","28660","28660"
"145725","Illinois Institute of Technology","2014","38752","38752"
"145813","Illinois State University","2014","10113","17451"
"146339","Judson University","2014","26750","26750"
"146427","Knox College","2014","39765","39765"
"146481","Lake Forest College","2014","40448","40448"
"146533","Lakeview College of Nursing","2014","13530","13530"
"146612","Lewis University","2014","27830","27830"
"146667","Lincoln Christian University","2014","15810","15810"
"146719","Loyola University Chicago","2014","36146","36146"
"146755","Trinity College of Nursing & Health Sciences","2014","24273","24273"
"147013","McKendree University","2014","25900","25900"
"147129","Methodist College","2014","18150","18150"
"147244","Millikin University","2014","28828","28828"
"147341","Monmouth College","2014","33200","33200"
"147369","Moody Bible Institute","2014","9600","9600"
"147536","National Louis University","2014","15336","15336"
"147590","National University of Health Sciences","2014","14982","14982"
"147660","North Central College","2014","34050","34050"
"147679","North Park University","2014","24540","24540"
"147703","Northern Illinois University","2014","8927","18506"
"147767","Northwestern University","2014","46836","46836"
"147776","Northeastern Illinois University","2014","6727","13454"
"147828","Olivet Nazarene University","2014","30550","30550"
"148016","Principia College","2014","26350","26350"
"148131","Quincy University","2014","25598","25598"
"148405","Rockford University","2014","27400","27400"
"148487","Roosevelt University","2014","26900","26900"
"148496","Dominican University","2014","29400","29400"
"148511","Rush University","2014","32671","32671"
"148575","Saint Francis Medical Center College of Nursing","2014","16926","16926"
"148584","University of St Francis","2014","28220","28220"
"148593","St. John's College-Department of Nursing","2014","17030","17030"
"148627","Saint Xavier University","2014","29280","29280"
"148654","University of Illinois Springfield","2014","9265","15180"
"148876","St. Augustine College","2014","9576","9576"
"149028","Saint Anthony College of Nursing","2014","22144","22144"
"149222","Southern Illinois University-Carbondale","2014","8198","20496"
"149231","Southern Illinois University-Edwardsville","2014","6706","8830"
"149505","Trinity Christian College","2014","25060","25060"
"149514","Trinity International University-Illinois","2014","26920","26920"
"149639","VanderCook College of Music","2014","24150","24150"
"149763","Oak Point University","2014","23846","23846"
"149772","Western Illinois University","2014","8175","12262"
"149781","Wheaton College","2014","31900","31900"
"150066","Anderson University","2014","26770","26770"
"150136","Ball State University","2014","8682","23948"
"150145","Bethel University","2014","25480","25480"
"150163","Butler University","2014","34750","34750"
"150172","Calumet College of Saint Joseph","2014","16170","16170"
"150400","DePauw University","2014","42050","42050"
"150455","Earlham College","2014","42000","42000"
"150534","University of Evansville","2014","30220","30220"
"150604","Franklin College","2014","28000","28000"
"150668","Goshen College","2014","29700","29700"
"150677","Grace College and Theological Seminary","2014","24670","24670"
"150756","Hanover College","2014","32423","32423"
"150774","Holy Cross College","2014","24471","24471"
"150941","Huntington University","2014","23976","23976"
"151102","Purdue University Fort Wayne","2014","6938","18081"
"151111","Indiana University-Indianapolis","2014","7878","29058"
"151263","University of Indianapolis","2014","25154","25154"
"151290","Indiana Institute of Technology","2014","24450","24450"
"151306","University of Southern Indiana","2014","6637","15977"
"151324","Indiana State University","2014","8216","18146"
"151333","Indiana University-Kokomo","2014","6220","17490"
"151342","Indiana University-South Bend","2014","6314","17490"
"151351","Indiana University-Bloomington","2014","9087","31940"
"151360","Indiana University-Northwest","2014","6263","17490"
"151379","Indiana University-Southeast","2014","6236","17490"
"151388","Indiana University-East","2014","6196","17490"
"151777","Manchester University","2014","28000","28000"
"151786","Marian University","2014","29400","29400"
"151801","Indiana Wesleyan University-Marion","2014","24102","24102"
"151810","Martin University","2014","11640","11640"
"151962","Mid-America College of Funeral Service","2014","10500","10500"
"152080","University of Notre Dame","2014","45730","45730"
"152099","Oakland City University","2014","19800","19800"
"152318","Rose-Hulman Institute of Technology","2014","40449","40449"
"152336","University of Saint Francis-Fort Wayne","2014","24659","24659"
"152381","Saint Mary-of-the-Woods College","2014","27410","27410"
"152390","Saint Mary's College","2014","35210","35210"
"152530","Taylor University","2014","29298","29298"
"152567","Trine University","2014","29300","29300"
"152600","Valparaiso University","2014","33680","33680"
"152637","Vincennes University","2014","4752","11812"
"152673","Wabash College","2014","37100","37100"
"152798","Allen College","2014","17262","17262"
"152992","Briar Cliff University","2014","26228","26228"
"153001","Buena Vista University","2014","30406","30406"
"153108","Central College","2014","32124","32124"
"153126","Clarke University","2014","28000","28000"
"153144","Coe College","2014","36990","36990"
"153162","Cornell College","2014","37275","37275"
"153241","Divine Word College","2014","12250","12250"
"153250","Dordt University","2014","27000","27000"
"153269","Drake University","2014","32100","32100"
"153278","University of Dubuque","2014","25730","25730"
"153302","Emmaus Bible College","2014","14600","14600"
"153320","Faith Baptist Bible College and Theological Seminary","2014","15598","15598"
"153366","Graceland University-Lamoni","2014","24570","24570"
"153375","Grand View University","2014","22986","22986"
"153384","Grinnell College","2014","45217","45217"
"153427","Orion Technical College","2014","11625","11625"
"153603","Iowa State University","2014","6648","19534"
"153658","University of Iowa","2014","6678","26008"
"153825","Loras College","2014","28340","28340"
"153834","Luther College","2014","38170","38170"
"153861","Maharishi International University","2014","26000","26000"
"153977","Mercy College of Health Sciences","2014","15642","15642"
"154004","Morningside University","2014","25710","25710"
"154013","Mount Mercy University","2014","27010","27010"
"154022","Ashford University","2014","10080","10080"
"154095","University of Northern Iowa","2014","6648","16546"
"154101","Northwestern College","2014","27680","27680"
"154174","Palmer College of Chiropractic","2014","8451","8451"
"154235","Saint Ambrose University","2014","27300","27300"
"154262","St Luke's College","2014","17460","17460"
"154350","Simpson College","2014","31935","31935"
"154493","Upper Iowa University","2014","26084","26084"
"154518","Waldorf University","2014","19266","19266"
"154527","Wartburg College","2014","35170","35170"
"154590","William Penn University","2014","18507","18507"
"154688","Baker University","2014","25950","25950"
"154712","Benedictine College","2014","24850","24850"
"154721","Bethany College","2014","23765","23765"
"154749","Bethel College-North Newton","2014","24200","24200"
"154855","Central Christian College of Kansas","2014","15854","15854"
"155007","Donnelly College","2014","6792","6792"
"155025","Emporia State University","2014","4500","16650"
"155061","Fort Hays State University","2014","3450","12140"
"155070","Barclay College","2014","11000","11000"
"155089","Friends University","2014","24450","24450"
"155140","Haskell Indian Nations University","2014","0","0"
"155177","Hesston College","2014","23824","23824"
"155283","Concorde Career College-Kansas City","2014",,
"155308","Kansas Christian College","2014","4200","4200"
"155317","University of Kansas","2014","8807","22947"
"155335","Newman University","2014","23700","23700"
"155399","Kansas State University","2014","8223","21813"
"155414","Kansas Wesleyan University","2014","25200","25200"
"155496","Manhattan Christian College","2014","13152","13152"
"155511","McPherson College","2014","23390","23390"
"155520","MidAmerica Nazarene University","2014","24250","24250"
"155627","Ottawa University-Ottawa","2014","24370","24370"
"155636","Ottawa University-Kansas City","2014","11520","11520"
"155681","Pittsburg State University","2014","4936","15042"
"155812","University of Saint Mary","2014","23750","23750"
"155900","Southwestern College","2014","24685","24685"
"155937","Sterling College","2014","21700","21700"
"155973","Tabor College","2014","23100","23100"
"156082","Washburn University","2014","5952","13440"
"156125","Wichita State University","2014","5869","13903"
"156189","Alice Lloyd College","2014","9200","9200"
"156213","Asbury University","2014","26670","26670"
"156286","Bellarmine University","2014","34900","34900"
"156295","Berea College","2014","23400","23400"
"156356","Brescia University","2014","19500","19500"
"156365","Campbellsville University","2014","22342","22342"
"156408","Centre College","2014","37100","37100"
"156417","Clear Creek Baptist Bible College","2014","6024","6024"
"156471","Galen College of Nursing-Louisville","2014",,
"156541","University of the Cumberlands","2014","19640","19640"
"156620","Eastern Kentucky University","2014","7920","17448"
"156745","Georgetown College","2014","32960","32960"
"157030","Kentucky Mountain Bible College","2014","6600","6600"
"157058","Kentucky State University","2014","7014","16824"
"157076","Kentucky Wesleyan College","2014","21400","21400"
"157085","University of Kentucky","2014","9403","21675"
"157100","Kentucky Christian University","2014","16500","16500"
"157216","Lindsey Wilson College","2014","22320","22320"
"157289","University of Louisville","2014","10236","24124"
"157377","Midway University","2014","22000","22000"
"157386","Morehead State University","2014","7866","19666"
"157401","Murray State University","2014","6360","19080"
"157447","Northern Kentucky University","2014","8472","16944"
"157535","University of Pikeville","2014","18290","18290"
"157748","The Southern Baptist Theological Seminary","2014","15792","15792"
"157757","Spalding University","2014","22950","22950"
"157793","Sullivan University","2014","19200","19200"
"157809","Thomas More University","2014","27268","27268"
"157818","Transylvania University","2014","32010","32010"
"157863","Union College","2014","21840","21840"
"157951","Western Kentucky University","2014","9140","23352"
"158477","Centenary College of Louisiana","2014","32750","32750"
"158802","Dillard University","2014","15038","15038"
"159009","Grambling State University","2014","4895","4895"
"159373","Louisiana State University Health Sciences Center-New Orleans","2014","4638","9287"
"159382","Louisiana State University-Alexandria","2014","4734","4734"
"159391","Louisiana State University and Agricultural & Mechanical College","2014","6678","6678"
"159416","Louisiana State University-Shreveport","2014","4937","4937"
"159568","Louisiana Christian University","2014","12750","12750"
"159647","Louisiana Tech University","2014","6233","20816"
"159656","Loyola University New Orleans","2014","35504","35504"
"159717","McNeese State University","2014","4679","15749"
"159939","University of New Orleans","2014","6388","19998"
"159948","New Orleans Baptist Theological Seminary","2014","6120","6120"
"159966","Nicholls State University","2014","4922","15169"
"159993","University of Louisiana at Monroe","2014","4986","17144"
"160038","Northwestern State University of Louisiana","2014","4934","15722"
"160065","University of Holy Cross","2014","9240","9240"
"160074","Franciscan Missionaries of Our Lady University","2014","10134","10134"
"160409","Saint Joseph Seminary College","2014","14320","14320"
"160612","Southeastern Louisiana University","2014","4798","17362"
"160621","Southern University and A & M College","2014","6630","8274"
"160630","Southern University at New Orleans","2014","3501","4752"
"160658","University of Louisiana at Lafayette","2014","4915","17315"
"160755","Tulane University of Louisiana","2014","44426","44426"
"160904","Xavier University of Louisiana","2014","19100","19100"
"160959","College of the Atlantic","2014","39942","39942"
"160977","Bates College","2014","46750","46750"
"161004","Bowdoin College","2014","46354","46354"
"161022","Maine College of Health Professions","2014","8065","8065"
"161086","Colby College","2014","45360","45360"
"161217","University of Maine at Augusta","2014","6510","15750"
"161226","University of Maine at Farmington","2014","8352","17440"
"161235","University of Maine at Fort Kent","2014","6600","9900"
"161253","University of Maine","2014","8370","26250"
"161299","Maine Maritime Academy","2014","9440","21080"
"161341","University of Maine at Presque Isle","2014","6600","9900"
"161457","University of New England","2014","32880","32880"
"161509","Maine College of Art & Design","2014","30940","30940"
"161518","Saint Joseph's College of Maine","2014","30800","30800"
"161554","University of Southern Maine","2014","6578","17290"
"161563","Thomas College","2014","22830","22830"
"161572","Unity Environmental University","2014","24620","24620"
"161873","University of Baltimore","2014","6172","17046"
"162007","Bowie State University","2014","4969","15545"
"162061","Capitol Technology University","2014","22176","22176"
"162210","Washington Adventist University","2014","19995","19995"
"162283","Coppin State University","2014","4089","9350"
"162584","Frostburg State University","2014","5800","17092"
"162654","Goucher College","2014","39808","39808"
"162760","Hood College","2014","33620","33620"
"162928","Johns Hopkins University","2014","47060","47060"
"163046","Loyola University Maryland","2014","42690","42690"
"163204","University of Maryland Global Campus","2014","6384","11976"
"163259","University of Maryland, Baltimore","2014","7930","29460"
"163268","University of Maryland-Baltimore County","2014","7518","19816"
"163286","University of Maryland-College Park","2014","7612","27905"
"163295","Maryland Institute College of Art","2014","40850","40850"
"163338","University of Maryland Eastern Shore","2014","4767","13791"
"163453","Morgan State University","2014","4960","14444"
"163462","Mount St. Mary's University","2014","35021","35021"
"163532","Ner Israel Rabbinical College","2014","10300","10300"
"163578","Notre Dame of Maryland University","2014","31910","31910"
"163851","Salisbury University","2014","6268","14614"
"163912","St. Mary's College of Maryland","2014","11195","26045"
"163976","St. John's College","2014","47176","47176"
"164076","Towson University","2014","6004","17682"
"164155","United States Naval Academy","2014","0","0"
"164173","Stevenson University","2014","26976","26976"
"164216","Washington College","2014","41596","41596"
"164270","McDaniel College","2014","38350","38350"
"164368","Hult International Business School","2014",,
"164447","American International College","2014","30940","30940"
"164465","Amherst College","2014","47720","47720"
"164492","Anna Maria College","2014","31920","31920"
"164562","Assumption University","2014","35510","35510"
"164580","Babson College","2014","45120","45120"
"164614","Boston Baptist College","2014","13500","13500"
"164632","Bay Path University","2014","30859","30859"
"164739","Bentley University","2014","40990","40990"
"164748","Berklee College of Music","2014","37800","37800"
"164872","Boston Architectural College","2014","20392","20392"
"164924","Boston College","2014","46670","46670"
"164988","Boston University","2014","45686","45686"
"165015","Brandeis University","2014","45939","45939"
"165024","Bridgewater State University","2014","910","7050"
"165167","Cambridge College","2014","13608","13608"
"165264","Laboure College of Healthcare","2014","31923","31923"
"165334","Clark University","2014","40380","40380"
"165529","Curry College","2014","33750","33750"
"165574","Dean College","2014","34390","34390"
"165644","Eastern Nazarene College","2014","28062","28062"
"165662","Emerson College","2014","36650","36650"
"165671","Emmanuel College","2014","35312","35312"
"165699","Endicott College","2014","28994","28994"
"165802","Fisher College","2014","27265","27265"
"165820","Fitchburg State University","2014","970","7050"
"165866","Framingham State University","2014","970","7050"
"165884","Benjamin Franklin Cummings Institute of Technology","2014","16950","16950"
"165936","Gordon College","2014","32930","32930"
"166018","Hampshire College","2014","46680","46680"
"166027","Harvard University","2014","40418","40418"
"166054","Hellenic College-Holy Cross Greek Orthodox School of Theology","2014","21939","21939"
"166124","College of the Holy Cross","2014","45080","45080"
"166391","Lasell University","2014","29800","29800"
"166452","Lesley University","2014","24000","24000"
"166513","University of Massachusetts-Lowell","2014","1454","8567"
"166629","University of Massachusetts-Amherst","2014","1714","9937"
"166638","University of Massachusetts-Boston","2014","1714","9758"
"166656","MCPHS University","2014","28600","28600"
"166674","Massachusetts College of Art and Design","2014","11225","29925"
"166683","Massachusetts Institute of Technology","2014","44720","44720"
"166692","Massachusetts Maritime Academy","2014","1480","16534"
"166717","William James College","2014",,
"166850","Merrimack College","2014","34615","34615"
"166869","MGH Institute of Health Professions","2014","41200","41200"
"166911","Montserrat College of Art","2014","27400","27400"
"166939","Mount Holyoke College","2014","42470","42470"
"167057","The New England Conservatory of Music","2014","40950","40950"
"167260","Nichols College","2014","32070","32070"
"167288","Massachusetts College of Liberal Arts","2014","1030","9975"
"167358","Northeastern University","2014","42534","42534"
"167394","College of Our Lady of the Elms","2014","29728","29728"
"167598","Regis College","2014","35750","35750"
"167677","Saint John's Seminary","2014","21650","21650"
"167729","Salem State University","2014","910","7050"
"167783","Simmons University","2014","35200","35200"
"167792","Bard College at Simon's Rock","2014","47442","47442"
"167835","Smith College","2014","44450","44450"
"167899","Springfield College","2014","32980","32980"
"167987","University of Massachusetts-Dartmouth","2014","1417","8099"
"167996","Stonehill College","2014","37426","37426"
"168005","Suffolk University","2014","32530","32530"
"168148","Tufts University","2014","47596","47596"
"168218","Wellesley College","2014","44802","44802"
"168227","Wentworth Institute of Technology","2014","29320","29320"
"168254","Western New England University","2014","31200","31200"
"168263","Westfield State University","2014","970","7050"
"168281","Wheaton College (Massachusetts)","2014","46120","46120"
"168342","Williams College","2014","48030","48030"
"168421","Worcester Polytechnic Institute","2014","43612","43612"
"168430","Worcester State University","2014","970","7050"
"168528","Adrian College","2014","31870","31870"
"168546","Albion College","2014","36872","36872"
"168591","Alma College","2014","34190","34190"
"168607","Alpena Community College","2014","5340","5340"
"168740","Andrews University","2014","25416","25416"
"168786","Aquinas College","2014","27332","27332"
"168847","Baker College","2014","8280","8280"
"169080","Calvin University","2014","29400","29400"
"169248","Central Michigan University","2014","11165","22881"
"169327","Cleary University","2014","19200","19200"
"169363","Concordia University Ann Arbor","2014","25930","25930"
"169442","College for Creative Studies","2014","35700","35700"
"169479","Davenport University","2014","14472","14472"
"169716","University of Detroit Mercy","2014","37320","37320"
"169798","Eastern Michigan University","2014","8244","24287"
"169910","Ferris State University","2014","10556","16414"
"169983","Kettering University","2014","36980","36980"
"170000","Grace Christian University","2014","12239","12239"
"170037","Cornerstone University","2014","24542","24542"
"170082","Grand Valley State University","2014","11028","15696"
"170091","Great Lakes Christian College","2014","13110","13110"
"170240","Henry Ford College","2014","3582","3702"
"170286","Hillsdale College","2014","22920","22920"
"170301","Hope College","2014","29390","29390"
"170444","Jackson College","2014","3864","5616"
"170532","Kalamazoo College","2014","40728","40728"
"170639","Lake Superior State University","2014","10128","15192"
"170675","Lawrence Technological University","2014","29580","29580"
"170806","Madonna University","2014","17250","17250"
"170967","Rochester University","2014","19422","19422"
"170976","University of Michigan-Ann Arbor","2014","14008","43049"
"171100","Michigan State University","2014","13954","35516"
"171128","Michigan Technological University","2014","13740","29220"
"171137","University of Michigan-Dearborn","2014","10542","22740"
"171146","University of Michigan-Flint","2014","9276","18504"
"171456","Northern Michigan University","2014","8664","13896"
"171483","Northwestern Michigan College","2014","5127","6566"
"171492","Northwood University","2014","21950","21950"
"171571","Oakland University","2014","11460","24736"
"171599","The University of Olivet","2014","22950","22950"
"171881","Kuyper College","2014","18400","18400"
"172033","Sacred Heart Major Seminary","2014","17407","17407"
"172051","Saginaw Valley State University","2014","8253","19971"
"172200","Schoolcraft Community College District","2014","4050","5970"
"172264","Siena Heights University","2014","22100","22100"
"172334","Spring Arbor University","2014","23750","23750"
"172608","Walsh College","2014","12000","12000"
"172644","Wayne State University","2014","10995","25237"
"172699","Western Michigan University","2014","9794","24026"
"172866","Academy College","2014","17500","17500"
"173045","Augsburg University","2014","33766","33766"
"173124","Bemidji State University","2014","7146","7146"
"173142","Bethany Lutheran College","2014","24000","24000"
"173160","Bethel University","2014","32840","32840"
"173258","Carleton College","2014","47460","47460"
"173300","Concordia College at Moorhead","2014","33900","33900"
"173328","Concordia University-Saint Paul","2014","20200","20200"
"173452","Martin Luther College","2014","12920","12920"
"173647","Gustavus Adolphus College","2014","39930","39930"
"173665","Hamline University","2014","35710","35710"
"173902","Macalester College","2014","46974","46974"
"173920","Minnesota State University-Mankato","2014","6667","14146"
"174020","Metropolitan State University","2014","6329","12914"
"174066","University of Minnesota-Twin Cities","2014","12060","19310"
"174075","University of Minnesota-Crookston","2014","10030","10030"
"174127","Minneapolis College of Art and Design","2014","33696","33696"
"174154","Herzing University-Minneapolis","2014","12140","12140"
"174233","University of Minnesota-Duluth","2014","11720","15385"
"174251","University of Minnesota-Morris","2014","11720","11720"
"174358","Minnesota State University Moorhead","2014","6898","13796"
"174437","North Central University","2014","20320","20320"
"174491","University of Northwestern-St Paul","2014","28390","28390"
"174507","Northwestern Health Sciences University","2014","10976","10976"
"174525","Oak Hills Christian College","2014","15500","15500"
"174747","College of Saint Benedict","2014","38428","38428"
"174783","Saint Cloud State University","2014","6584","14226"
"174792","Saint Johns University","2014","38024","38024"
"174817","Saint Mary's University of Minnesota","2014","29790","29790"
"174844","St Olaf College","2014","41700","41700"
"174862","Crown College","2014","23080","23080"
"174899","The College of Saint Scholastica","2014","32642","32642"
"174914","University of St Thomas","2014","35872","35872"
"175005","St Catherine University","2014","28035","28035"
"175014","Rasmussen University-Minnesota","2014","10764","10764"
"175078","Southwest Minnesota State University","2014","6986","6986"
"175227","Dunwoody College of Technology","2014","17792","17792"
"175272","Winona State University","2014","6860","12360"
"175342","Alcorn State University","2014","4923","4923"
"175421","Belhaven University","2014","20780","20780"
"175430","Blue Mountain Christian University","2014","9240","9240"
"175616","Delta State University","2014","6012","6012"
"175856","Jackson State University","2014","6602","6602"
"175980","Millsaps College","2014","31872","31872"
"176017","University of Mississippi","2014","6996","19044"
"176035","Mississippi University for Women","2014","5540","15260"
"176044","Mississippi Valley State University","2014","5916","5916"
"176053","Mississippi College","2014","14670","14670"
"176080","Mississippi State University","2014","7140","18478"
"176318","Rust College","2014","9286","9286"
"176336","Southeastern Baptist College","2014","4700","4700"
"176372","University of Southern Mississippi","2014","6980","15550"
"176406","Tougaloo College","2014","9740","9740"
"176479","William Carey University","2014","10500","10500"
"176628","Avila University","2014","24750","24750"
"176664","Mission University","2014","8480","8480"
"176770","Cox College","2014","11400","11400"
"176789","Calvary University","2014","9520","9520"
"176910","Central Christian College of the Bible","2014","7500","7500"
"176947","Central Methodist University-College of Liberal Arts and Sciences","2014","21100","21100"
"176965","University of Central Missouri","2014","6395","12789"
"177038","Cleveland University-Kansas City","2014","8460","8460"
"177065","Columbia College","2014","6582","6582"
"177083","Conception Seminary College","2014","19330","19330"
"177117","Cottey College","2014","18400","18400"
"177144","Culver-Stockton College","2014","23750","23750"
"177214","Drury University","2014","22750","22750"
"177339","Evangel University","2014","19676","19676"
"177418","Fontbonne University","2014","22770","22770"
"177542","Hannibal-LaGrange University","2014","18680","18680"
"177551","Harris-Stowe State University","2014","4776","9409"
"177719","Barnes-Jewish College Goldfarb School of Nursing","2014","17290","17290"
"177746","Kansas City Art Institute","2014","34268","34268"
"177940","Lincoln University","2014","6150","12540"
"177968","Lindenwood University","2014","15230","15230"
"177986","Logan University","2014","6000","6000"
"178059","Maryville University of Saint Louis","2014","24694","24694"
"178208","Midwestern Baptist Theological Seminary","2014","5980","5980"
"178244","Missouri Baptist University","2014","21620","21620"
"178341","Missouri Southern State University","2014","5196","10590"
"178369","Missouri Valley College","2014","17900","17900"
"178387","Missouri Western State University","2014","5488","10986"
"178396","University of Missouri-Columbia","2014","8220","23247"
"178402","University of Missouri-Kansas City","2014","8103","21162"
"178411","Missouri University of Science and Technology","2014","8220","24087"
"178420","University of Missouri-St Louis","2014","9474","24795"
"178615","Truman State University","2014","7096","13160"
"178624","Northwest Missouri State University","2014","4288","9289"
"178679","Ozark Christian College","2014","10720","10720"
"178697","College of the Ozarks","2014","18100","18100"
"178721","Park University","2014","10500","10500"
"178767","Stevens-The Institute of Business & Arts","2014","17640","17640"
"178891","Ranken Technical College","2014","14232","14232"
"178989","Research College of Nursing","2014","32075","32075"
"179043","Rockhurst University","2014","32075","32075"
"179159","Saint Louis University","2014","37350","37350"
"179265","University of Health Sciences and Pharmacy in St. Louis","2014","27106","27106"
"179326","Southwest Baptist University","2014","20000","20000"
"179548","Stephens College","2014","28310","28310"
"179557","Southeast Missouri State University","2014","6047","11439"
"179566","Missouri State University-Springfield","2014","6120","12780"
"179867","Washington University in St Louis","2014","45700","45700"
"179894","Webster University","2014","24500","24500"
"179946","Westminster College","2014","21360","21360"
"179955","William Jewell College","2014","30911","30911"
"179964","William Woods University","2014","20550","20550"
"180106","Carroll College","2014","28670","28670"
"180179","Montana State University Billings","2014","4397","15959"
"180258","University of Providence","2014","20456","20456"
"180416","Montana Technological University","2014","5177","18493"
"180461","Montana State University","2014","5330","19732"
"180489","The University of Montana","2014","4603","21347"
"180522","Montana State University-Northern","2014","3953","15690"
"180595","Rocky Mountain College","2014","24040","24040"
"180647","Salish Kootenai College","2014","5076","10260"
"180692","The University of Montana-Western","2014","3699","14357"
"180814","Bellevue University","2014","6000","6000"
"180832","Clarkson College","2014","11016","11016"
"180878","Bryan College of Health Sciences","2014","12812","12812"
"180948","Chadron State College","2014","4200","4230"
"180984","Concordia University-Nebraska","2014","25700","25700"
"181002","Creighton University","2014","33796","33796"
"181020","Doane University","2014","26560","26560"
"181127","Hastings College","2014","25230","25230"
"181215","University of Nebraska at Kearney","2014","5235","11393"
"181297","Nebraska Methodist College of Nursing & Allied Health","2014","12984","12984"
"181330","Midland University","2014","27750","27750"
"181394","University of Nebraska at Omaha","2014","5312","16632"
"181428","University of Nebraska Medical Center","2014","8736","27869"
"181446","Nebraska Wesleyan University","2014","27950","27950"
"181464","University of Nebraska-Lincoln","2014","6480","20400"
"181534","Peru State College","2014","4200","4200"
"181604","College of Saint Mary","2014","27984","27984"
"181738","Union Adventist University","2014","20132","20132"
"181783","Wayne State College","2014","4200","8400"
"181853","York University","2014","15680","15680"
"182005","College of Southern Nevada","2014","2535","9180"
"182281","University of Nevada-Las Vegas","2014","6044","19954"
"182290","University of Nevada-Reno","2014","6105","20015"
"182306","Great Basin College","2014","2535","9180"
"182500","Truckee Meadows Community College","2014","2535","9180"
"182564","Western Nevada College","2014","2535","9180"
"182634","Colby-Sawyer College","2014","38040","38040"
"182670","Dartmouth College","2014","46764","46764"
"182795","Franklin Pierce University","2014","29682","29682"
"182917","Magdalen College","2014","20600","20600"
"182980","New England College","2014","33300","33300"
"183026","Southern New Hampshire University","2014","29274","29274"
"183044","University of New Hampshire-Main Campus","2014","13670","26650"
"183062","Keene State College","2014","10410","18330"
"183071","University of New Hampshire at Manchester","2014","13350","26330"
"183080","Plymouth State University","2014","10410","18320"
"183211","Rivier University","2014","28300","28300"
"183239","Saint Anselm College","2014","35396","35396"
"183257","University of New Hampshire College of Professional Studies Online","2014","6840","7560"
"183275","Thomas More College of Liberal Arts","2014","20400","20400"
"183789","Berkeley College-Woodland Park","2014","21921","21921"
"183804","Beth Medrash Govoha","2014","18356","18356"
"183822","Bloomfield College","2014","25550","25550"
"183910","Caldwell University","2014","28900","28900"
"183974","Centenary University","2014","29360","29360"
"184348","Drew University","2014","44232","44232"
"184603","Fairleigh Dickinson University-Metropolitan Campus","2014","34904","34904"
"184612","Felician University","2014","28950","28950"
"184694","Fairleigh Dickinson University-Florham Campus","2014","37260","37260"
"184773","Georgian Court University","2014","29566","29566"
"184782","Rowan University","2014","9076","17030"
"184959","Eastwick College-Ramsey","2014","14258","14258"
"185129","New Jersey City University","2014","7704","16276"
"185262","Kean University","2014","7345","13754"
"185572","Monmouth University","2014","31682","31682"
"185590","Montclair State University","2014","8346","17060"
"185828","New Jersey Institute of Technology","2014","13120","26760"
"186131","Princeton University","2014","41820","41820"
"186186","Rabbinical College of America","2014","10700","10700"
"186201","Ramapo College of New Jersey","2014","8650","17299"
"186283","Rider University","2014","36120","36120"
"186371","Rutgers University-Camden","2014","10954","25249"
"186380","Rutgers University-New Brunswick","2014","10954","25732"
"186399","Rutgers University-Newark","2014","10954","25732"
"186432","Saint Peter's University","2014","32170","32170"
"186584","Seton Hall University","2014","34820","34820"
"186618","Saint Elizabeth University","2014","28148","28148"
"186867","Stevens Institute of Technology","2014","44210","44210"
"186876","Stockton University","2014","8107","14628"
"186900","Talmudical Academy-New Jersey","2014","11500","11500"
"187046","Thomas Edison State University","2014","5871","8647"
"187134","The College of New Jersey","2014","10562","21175"
"187444","William Paterson University of New Jersey","2014","7622","15298"
"187596","Navajo Technical University","2014","2760","2760"
"187648","Eastern New Mexico University-Main Campus","2014","3065","8840"
"187745","Institute of American Indian and Alaska Native Culture and Arts Development","2014","3600","3600"
"187897","New Mexico Highlands University","2014","3192","5796"
"187967","New Mexico Institute of Mining and Technology","2014","5298","17226"
"187985","University of New Mexico-Main Campus","2014","5646","19464"
"188030","New Mexico State University-Main Campus","2014","4812","17974"
"188058","Northern New Mexico College","2014","2748","10211"
"188182","University of the Southwest","2014","14616","14616"
"188304","Western New Mexico University","2014","3562","11400"
"188340","Vaughn College of Aeronautics and Technology","2014","20842","20842"
"188429","Adelphi University","2014","30840","30840"
"188517","Bryant & Stratton College-Albany","2014","15555","15555"
"188526","Albany College of Pharmacy and Health Sciences","2014","29400","29400"
"188641","Alfred University","2014","25156","25156"
"188854","American Musical and Dramatic Academy","2014","32320","32320"
"189088","Bard College","2014","47560","47560"
"189097","Barnard College","2014","44300","44300"
"189228","Berkeley College-New York","2014","21921","21921"
"189282","Mount Sinai Phillips School of Nursing","2014","16427","16427"
"189413","Boricua College","2014","10600","10600"
"189565","Bryant & Stratton College-Syracuse North","2014","15054","15054"
"189583","Bryant & Stratton College-Buffalo","2014","15555","15555"
"189592","Bryant & Stratton College-Greece","2014","15485","15485"
"189705","Canisius University","2014","32630","32630"
"189857","Central Yeshiva Tomchei Tmimim Lubavitz","2014","6700","6700"
"190044","Clarkson University","2014","41690","41690"
"190099","Colgate University","2014","47855","47855"
"190114","Metropolitan College of New York","2014","17280","17280"
"190150","Columbia University in the City of New York","2014","48646","48646"
"190372","The Cooper Union for the Advancement of Science and Art","2014","39600","39600"
"190415","Cornell University","2014","47050","47050"
"190503","Culinary Institute of America","2014","26950","26950"
"190512","CUNY Bernard M Baruch College","2014","6030","12840"
"190549","CUNY Brooklyn College","2014","6030","12840"
"190558","College of Staten Island CUNY","2014","6030","12840"
"190567","CUNY City College","2014","6030","12840"
"190576","CUNY Graduate School and University Center","2014","6030","12840"
"190594","CUNY Hunter College","2014","6030","12840"
"190600","CUNY John Jay College of Criminal Justice","2014","6030","12840"
"190637","CUNY Lehman College","2014","6030","12840"
"190646","CUNY Medgar Evers College","2014","6030","12840"
"190655","CUNY New York City College of Technology","2014","6030","12840"
"190664","CUNY Queens College","2014","6030","12840"
"190691","CUNY York College","2014","6030","12840"
"190716","D'Youville  University","2014","23092","23092"
"190725","Daemen University","2014","24480","24480"
"190752","Yeshiva of Far Rockaway Derech Ayson Rabbinical Seminary","2014","10000","10000"
"190761","Dominican University New York","2014","24932","24932"
"190983","Elmira College","2014","36600","36600"
"191126","Fashion Institute of Technology","2014","6170","17810"
"191205","Five Towns College","2014","21000","21000"
"191241","Fordham University","2014","44450","44450"
"191515","Hamilton College","2014","47350","47350"
"191533","Hartwick College","2014","39260","39260"
"191597","Helene Fuld College of Nursing","2014","16293","16293"
"191621","Hilbert College","2014","19300","19300"
"191630","Hobart William Smith Colleges","2014","46852","46852"
"191649","Hofstra University","2014","37850","37850"
"191676","Houghton University","2014","28406","28406"
"191931","Iona University","2014","31880","31880"
"191968","Ithaca College","2014","39532","39532"
"192004","Jamestown Business College","2014","11100","11100"
"192040","Jewish Theological Seminary of America","2014","18100","18100"
"192110","The Juilliard School","2014","38190","38190"
"192165","Kehilath Yakov Rabbinical Seminary","2014","9300","9300"
"192192","Keuka College","2014","27260","27260"
"192271","LIM College","2014","23650","23650"
"192323","Le Moyne College","2014","30350","30350"
"192448","Long Island University","2014","33018","33018"
"192624","Machzikei Hadath Rabbinical College","2014","10200","10200"
"192703","Manhattan College","2014","34300","34300"
"192712","Manhattan School of Music","2014","37250","37250"
"192749","Manhattanville College","2014","34870","34870"
"192785","Maria College of Albany","2014","11730","11730"
"192819","Marist College","2014","32000","32000"
"192864","Marymount Manhattan College","2014","26352","26352"
"193016","Mercy University","2014","17166","17166"
"193052","Mesivta Torah Vodaath Rabbinical Seminary","2014","9500","9500"
"193070","Mesivtha Tifereth Jerusalem of America","2014","9750","9750"
"193247","Mirrer Yeshiva Cent Institute","2014","6100","6100"
"193292","Molloy College","2014","25800","25800"
"193308","Monroe College","2014","12840","12840"
"193353","Mount Saint Mary College","2014","26312","26312"
"193399","University of Mount Saint Vincent","2014","29980","29980"
"193584","Nazareth University","2014","29244","29244"
"193654","The New School","2014","40309","40309"
"193900","New York University","2014","43746","43746"
"193973","Niagara University","2014","27700","27700"
"194091","New York Institute of Technology","2014","31050","31050"
"194116","New York School of Interior Design","2014","25830","25830"
"194310","Pace University","2014","38200","38200"
"194392","Paul Smiths College of Arts and Science","2014","22698","22698"
"194499","Plaza College","2014","9900","9900"
"194569","Davis College","2014","11590","11590"
"194578","Pratt Institute-Main","2014","42866","42866"
"194657","Rabbinical Academy Mesivta Rabbi Chaim Berlin","2014","12250","12250"
"194666","Rabbinical College Bobover Yeshiva Bnei Zion","2014","7750","7750"
"194736","Rabbinical College of Long Island","2014","8450","8450"
"194763","Rabbinical Seminary of America","2014","8800","8800"
"194824","Rensselaer Polytechnic Institute","2014","46700","46700"
"194958","Roberts Wesleyan University","2014","27036","27036"
"195003","Rochester Institute of Technology","2014","35256","35256"
"195030","University of Rochester","2014","46150","46150"
"195128","Russell Sage College","2014","27000","27000"
"195164","St Bonaventure University","2014","29510","29510"
"195173","St. Francis College","2014","21400","21400"
"195216","St Lawrence University","2014","47350","47350"
"195234","The College of Saint Rose","2014","28036","28036"
"195243","St. Thomas Aquinas College","2014","27130","27130"
"195304","Sarah Lawrence College","2014","49680","49680"
"195438","Sh'or Yoshuv Rabbinical College","2014","9000","9000"
"195474","Siena College","2014","32043","32043"
"195526","Skidmore College","2014","46390","46390"
"195544","St. Joseph's University-New York","2014","22200","22200"
"195720","St. John Fisher University","2014","28970","28970"
"195809","St. John's University-New York","2014","38082","38082"
"196006","SUNY College of Technology at Alfred","2014","6170","12780"
"196015","SUNY College of Technology at Canton","2014","6170","13174"
"196024","SUNY College of Technology at Delhi","2014","6170","10340"
"196033","SUNY College of Agriculture and Technology at Cobleskill","2014","6170","15320"
"196042","Farmingdale State College","2014","6170","15820"
"196051","SUNY Morrisville","2014","6170","15820"
"196060","University at Albany","2014","6170","17810"
"196079","Binghamton University","2014","6170","17810"
"196088","University at Buffalo","2014","6170","19590"
"196097","Stony Brook University","2014","6170","19590"
"196103","SUNY College of Environmental Science and Forestry","2014","6170","15820"
"196112","SUNY Polytechnic Institute","2014","6170","15820"
"196121","SUNY Brockport","2014","6170","15820"
"196130","SUNY Buffalo State University","2014","6170","15820"
"196149","State University of New York at Cortland","2014","6170","15820"
"196158","SUNY at Fredonia","2014","6170","15820"
"196167","SUNY College at Geneseo","2014","6170","15820"
"196176","State University of New York at New Paltz","2014","6170","15820"
"196185","SUNY Oneonta","2014","6170","15820"
"196194","State University of New York at Oswego","2014","6170","15820"
"196200","SUNY College at Potsdam","2014","6170","15820"
"196219","SUNY at Purchase College","2014","6170","15820"
"196237","SUNY Old Westbury","2014","6190","15820"
"196246","State University of New York at Plattsburgh","2014","6170","15820"
"196255","SUNY Downstate Health Sciences University","2014","6170","15820"
"196264","Empire State University","2014","6170","15820"
"196291","SUNY Maritime College","2014","6170","15820"
"196307","Upstate Medical University","2014","6170","15820"
"196413","Syracuse University","2014","40380","40380"
"196431","Talmudical Seminary Oholei Torah","2014","8900","8900"
"196583","Torah Temimah Talmudical Seminary","2014","10450","10450"
"196592","Touro University","2014","15200","15200"
"196653","Trocaire College","2014","15500","15500"
"196680","Excelsior University","2014",,
"196866","Union College","2014","47913","47913"
"197018","United Talmudical Seminary","2014","13530","13530"
"197027","United States Merchant Marine Academy","2014","0","0"
"197036","United States Military Academy","2014","0","0"
"197045","Utica University","2014","33216","33216"
"197133","Vassar College","2014","48840","48840"
"197142","Villa Maria College","2014","18520","18520"
"197151","School of Visual Arts","2014","33560","33560"
"197197","Wagner College","2014","40450","40450"
"197221","Webb Institute","2014","44000","44000"
"197230","Wells College","2014","35200","35200"
"197285","The College of Westchester","2014","20115","20115"
"197601","Yeshiva Karlin Stolin","2014","8800","8800"
"197647","Yeshiva Derech Chaim","2014","10800","10800"
"197674","Yeshiva of Nitra Rabbinical College","2014","8200","8200"
"197692","Yeshivath Shaar Hatorah","2014","14750","14750"
"197708","Yeshiva University","2014","37730","37730"
"197735","Yeshivath Viznitz","2014","8100","8100"
"197744","Yeshivath Zichron Moshe","2014","11500","11500"
"197869","Appalachian State University","2014","3772","16939"
"197911","Barton College","2014","24468","24468"
"197984","Belmont Abbey College","2014","18500","18500"
"197993","Bennett College","2014","14906","14906"
"198066","Brevard College","2014","25950","25950"
"198109","Cabarrus College of Health Sciences","2014","11316","11316"
"198136","Campbell University","2014","26550","26550"
"198215","Catawba College","2014","27360","27360"
"198303","Chowan University","2014","22900","22900"
"198385","Davidson College","2014","44928","44928"
"198419","Duke University","2014","45800","45800"
"198464","East Carolina University","2014","3959","19156"
"198507","Elizabeth City State University","2014","2776","14451"
"198516","Elon University","2014","30848","30848"
"198543","Fayetteville State University","2014","2743","14351"
"198561","Gardner-Webb University","2014","26690","26690"
"198598","Greensboro College","2014","26300","26300"
"198613","Guilford College","2014","33050","33050"
"198677","Heritage Bible College","2014","9675","9675"
"198695","High Point University","2014","27775","27775"
"198756","Johnson C Smith University","2014","15466","15466"
"198808","Lees-McRae College","2014","23450","23450"
"198835","Lenoir-Rhyne University","2014","30922","30922"
"198862","Livingstone College","2014","14637","14637"
"198899","Mars Hill University","2014","25006","25006"
"198950","Meredith College","2014","32100","32100"
"198969","Methodist University","2014","28766","28766"
"198978","Miller-Motte College-Wilmington","2014","9540","9540"
"199032","Montreat College","2014","23320","23320"
"199069","University of Mount Olive","2014","17800","17800"
"199102","North Carolina A & T State University","2014","3270","16030"
"199111","University of North Carolina Asheville","2014","3666","18537"
"199120","University of North Carolina at Chapel Hill","2014","6423","31505"
"199139","University of North Carolina at Charlotte","2014","3522","16693"
"199148","University of North Carolina at Greensboro","2014","3932","18794"
"199157","North Carolina Central University","2014","3455","14870"
"199184","University of North Carolina School of the Arts","2014","5870","21240"
"199193","North Carolina State University at Raleigh","2014","6038","21293"
"199209","North Carolina Wesleyan University","2014","27250","27250"
"199218","University of North Carolina Wilmington","2014","4026","18054"
"199272","William Peace University","2014","24450","24450"
"199281","University of North Carolina at Pembroke","2014","3211","13163"
"199306","Pfeiffer University","2014","25175","25175"
"199412","Queens University of Charlotte","2014","29569","29569"
"199458","Mid-Atlantic Christian University","2014","12800","12800"
"199582","Saint Augustine's University","2014","12890","12890"
"199607","Salem College","2014","24990","24990"
"199643","Shaw University","2014","11808","11808"
"199698","St. Andrews University","2014","23682","23682"
"199759","Southeastern Baptist Theological Seminary","2014","7152","7152"
"199847","Wake Forest University","2014","45638","45638"
"199865","Warren Wilson College","2014","30462","30462"
"199962","Wingate University","2014","24750","24750"
"199971","Carolina Christian College","2014","3500","3500"
"199999","Winston-Salem State University","2014","3144","12674"
"200004","Western Carolina University","2014","3669","14062"
"200013","Rasmussen University-North Dakota","2014","10764","10764"
"200022","Bismarck State College","2014","2808","7488"
"200059","Dickinson State University","2014","4891","7336"
"200086","Nueta Hidatsa Sahnish College","2014","3600","3600"
"200156","University of Jamestown","2014","18650","18650"
"200217","University of Mary","2014","14990","14990"
"200226","Mayville State University","2014","4810","7215"
"200253","Minot State University","2014","4941","4941"
"200280","University of North Dakota","2014","6388","17056"
"200332","North Dakota State University-Main Campus","2014","6604","17633"
"200466","Sitting Bull College","2014","3600","3600"
"200484","Trinity Bible College and Graduate School","2014","12670","12670"
"200527","Turtle Mountain Community College","2014","1776","1776"
"200554","United Tribes Technical College","2014","4410","4410"
"200572","Valley City State University","2014","5027","13423"
"200785","Herzing University-Akron","2014","11480","11480"
"200800","University of Akron Main Campus","2014","8618","17150"
"200873","Allegheny Wesleyan College","2014","5996","5996"
"201061","Art Academy of Cincinnati","2014","25626","25626"
"201104","Ashland University","2014","18908","18908"
"201177","Aultman College of Nursing and Health Sciences","2014","18288","18288"
"201195","Baldwin Wallace University","2014","28814","28814"
"201371","Bluffton University","2014","28866","28866"
"201441","Bowling Green State University-Main Campus","2014","9096","16404"
"201469","Bryant & Stratton College-Parma","2014","15510","15510"
"201548","Capital University","2014","31990","31990"
"201645","Case Western Reserve University","2014","42766","42766"
"201654","Cedarville University","2014","26220","26220"
"201690","Central State University","2014","3926","11608"
"201821","The Christ College of Nursing and Health Sciences","2014","17550","17550"
"201867","Cincinnati College of Mortuary Science","2014","17625","17625"
"201885","University of Cincinnati-Main Campus","2014","9332","24656"
"201946","University of Cincinnati-Clermont College","2014","4580","11812"
"201955","University of Cincinnati-Blue Ash College","2014","5274","14072"
"201964","Ohio Christian University","2014","16470","16470"
"202046","Cleveland Institute of Art","2014","35270","35270"
"202073","Cleveland Institute of Music","2014","44200","44200"
"202134","Cleveland State University","2014","9636","12878"
"202170","Columbus College of Art & Design","2014","28872","28872"
"202480","University of Dayton","2014","37230","37230"
"202514","Defiance College","2014","29256","29256"
"202523","Denison University","2014","44670","44670"
"202763","The University of Findlay","2014","29716","29716"
"202806","Franklin University","2014","11136","11136"
"202903","Gods Bible School and College","2014","6000","6000"
"202912","Good Samaritan College of Nursing and Health Science","2014","16717","16717"
"203085","Heidelberg University","2014","26900","26900"
"203128","Hiram College","2014","28800","28800"
"203368","John Carroll University","2014","34600","34600"
"203447","Kent State University at Ashtabula","2014","5664","13624"
"203465","Kent State University at Stark","2014","5664","13624"
"203474","Kent State University at Trumbull","2014","5664","13624"
"203483","Kent State University at Tuscarawas","2014","5664","13624"
"203492","Kent State University at Salem","2014","5664","13624"
"203517","Kent State University at Kent","2014","10012","17972"
"203526","Kent State University at Geauga","2014","5664","13624"
"203535","Kenyon College","2014","45500","45500"
"203544","Kettering College","2014","10440","10440"
"203580","Lake Erie College","2014","26962","26962"
"203757","Lourdes University","2014","18153","18153"
"203775","Malone University","2014","25560","25560"
"203845","Marietta College","2014","32215","32215"
"203960","Mercy College of Ohio","2014","11100","11100"
"204006","Miami University-Hamilton","2014","4770","14046"
"204015","Miami University-Middletown","2014","4770","14046"
"204024","Miami University-Oxford","2014","11673","27777"
"204176","Mount Carmel College of Nursing","2014","17413","17413"
"204185","University of Mount Union","2014","27670","27670"
"204194","Mount Vernon Nazarene University","2014","15845","15845"
"204200","Mount St. Joseph University","2014","25850","25850"
"204264","Muskingum University","2014","24000","24000"
"204468","Notre Dame College","2014","26194","26194"
"204486","University of Northwestern Ohio","2014","9364","9364"
"204501","Oberlin College","2014","48054","48054"
"204617","Ohio Dominican University","2014","28900","28900"
"204635","Ohio Northern University","2014","27500","27500"
"204671","Ohio State University-Lima Campus","2014","6912","23412"
"204680","Ohio State University-Mansfield Campus","2014","6912","23412"
"204699","Ohio State University-Marion Campus","2014","6912","23412"
"204705","Ohio State University-Newark Campus","2014","6912","23412"
"204796","Ohio State University-Main Campus","2014","9168","25668"
"204857","Ohio University-Main Campus","2014","10602","19566"
"204909","Ohio Wesleyan University","2014","41660","41660"
"204936","Otterbein University","2014","31424","31424"
"205027","Pontifical College Josephinum","2014","20388","20388"
"205124","Rabbinical College Telshe","2014","9800","9800"
"205203","University of Rio Grande","2014","21540","21540"
"205443","Shawnee State University","2014","6251","11504"
"205957","Franciscan University of Steubenville","2014","23470","23470"
"206048","Tiffin University","2014","21510","21510"
"206084","University of Toledo","2014","8052","17390"
"206279","Union Institute & University","2014","11760","11760"
"206349","Ursuline College","2014","27420","27420"
"206394","The North Coast College","2014","15800","15800"
"206437","Walsh University","2014","25330","25330"
"206507","Wilmington College","2014","28420","28420"
"206525","Wittenberg University","2014","37230","37230"
"206589","The College of Wooster","2014","42920","42920"
"206604","Wright State University-Main Campus","2014","8730","16910"
"206613","Wright State University-Lake Campus","2014","5842","14022"
"206622","Xavier University","2014","33030","33030"
"206695","Youngstown State University","2014","7847","8087"
"206817","Bacone College","2014","11350","11350"
"206835","Oklahoma Wesleyan University","2014","21930","21930"
"206862","Southern Nazarene University","2014","21990","21990"
"206914","Cameron University","2014","3720","11760"
"206941","University of Central Oklahoma","2014","4928","13407"
"207041","East Central University","2014","4236","12149"
"207157","Randall University","2014","9300","9300"
"207209","Langston University","2014","3305","10291"
"207254","Spartan College of Aeronautics and Technology","2014","16395","16395"
"207263","Northeastern State University","2014","4163","11513"
"207306","Northwestern Oklahoma State University","2014","4898","11348"
"207324","Oklahoma Christian University","2014","19120","19120"
"207342","University of Oklahoma-Health Sciences Center","2014","4128","16902"
"207351","Oklahoma Panhandle State University","2014","4043","4043"
"207388","Oklahoma State University-Main Campus","2014","4425","17010"
"207397","Oklahoma State University-Oklahoma City","2014","2770","7630"
"207403","Oklahoma Baptist University","2014","20600","20600"
"207458","Oklahoma City University","2014","26246","26246"
"207500","University of Oklahoma-Norman Campus","2014","4128","16902"
"207564","Oklahoma State University Institute of Technology","2014","3465","9075"
"207582","Oral Roberts University","2014","22564","22564"
"207661","Rogers State University","2014","3521","10562"
"207722","University of Science and Arts of Oklahoma","2014","5100","14040"
"207847","Southeastern Oklahoma State University","2014","5055","13359"
"207856","Southwestern Christian University","2014","11160","11160"
"207865","Southwestern Oklahoma State University","2014","4455","10905"
"207971","University of Tulsa","2014","34085","34085"
"208646","Eastern Oregon University","2014","6030","16110"
"208725","New Hope Christian College-Eugene","2014","13650","13650"
"208822","George Fox University","2014","31510","31510"
"209056","Lewis & Clark College","2014","43022","43022"
"209065","Linfield University","2014","37000","37000"
"209241","Mount Angel Seminary","2014","13753","13753"
"209287","Multnomah University","2014","21600","21600"
"209296","National University of Natural Medicine","2014",,
"209409","Bushnell University","2014","26020","26020"
"209490","Oregon Health & Science University","2014","12492","22896"
"209506","Oregon Institute of Technology","2014","6975","22200"
"209542","Oregon State University","2014","7650","24822"
"209551","University of Oregon","2014","8190","29160"
"209603","Pacific Northwest College of Art","2014","30472","30472"
"209612","Pacific University","2014","37632","37632"
"209807","Portland State University","2014","6525","22050"
"209825","University of Portland","2014","38350","38350"
"209922","Reed College","2014","47500","47500"
"210146","Southern Oregon University","2014","6306","19881"
"210304","Warner Pacific University","2014","19640","19640"
"210331","Corban University","2014","27980","27980"
"210401","Willamette University","2014","43760","43760"
"210429","Western Oregon University","2014","7560","20655"
"210438","University of Western States","2014",,
"210492","Bryn Athyn College of the New Church","2014","17325","17325"
"210571","Albright College","2014","37320","37320"
"210669","Allegheny College","2014","40260","40260"
"210739","DeSales University","2014","31000","31000"
"210775","Alvernia University","2014","29500","29500"
"211024","Clarks Summit University","2014","18960","18960"
"211088","Arcadia University","2014","37500","37500"
"211273","Bryn Mawr College","2014","44470","44470"
"211291","Bucknell University","2014","48234","48234"
"211352","Cabrini University","2014","28932","28932"
"211431","Carlow University","2014","25956","25956"
"211440","Carnegie Mellon University","2014","48030","48030"
"211468","Cedar Crest College","2014","33904","33904"
"211477","Central Penn College","2014","15840","15840"
"211556","Chatham University","2014","32234","32234"
"211583","Chestnut Hill College","2014","31930","31930"
"211608","Cheyney University of Pennsylvania","2014","6820","11254"
"211893","Curtis Institute of Music","2014","0","0"
"211981","Delaware Valley University","2014","31766","31766"
"212009","Dickinson College","2014","47242","47242"
"212054","Drexel University","2014","39759","39759"
"212106","Duquesne University","2014","30070","30070"
"212115","East Stroudsburg University of Pennsylvania","2014","6820","17050"
"212133","Eastern University","2014","29440","29440"
"212197","Elizabethtown College","2014","39920","39920"
"212577","Franklin and Marshall College","2014","48414","48414"
"212601","Gannon University","2014","28595","28595"
"212656","Geneva College","2014","25220","25220"
"212674","Gettysburg College","2014","47480","47480"
"212771","Gratz College","2014","18048","18048"
"212805","Grove City College","2014","15550","15550"
"212832","Gwynedd Mercy University","2014","29860","29860"
"212911","Haverford College","2014","46790","46790"
"212984","Holy Family University","2014","27510","27510"
"213011","Immaculata University","2014","30148","30148"
"213020","Indiana University of Pennsylvania-Main Campus","2014","6820","17050"
"213251","Juniata College","2014","37870","37870"
"213303","Keystone College","2014","21000","21000"
"213321","King's College","2014","31416","31416"
"213349","Kutztown University of Pennsylvania","2014","6820","17050"
"213358","La Roche University","2014","24750","24750"
"213367","La Salle University","2014","39200","39200"
"213376","Lackawanna College","2014","12980","12980"
"213385","Lafayette College","2014","45230","45230"
"213400","Lancaster Bible College","2014","18170","18170"
"213507","Lebanon Valley College","2014","36470","36470"
"213543","Lehigh University","2014","44520","44520"
"213598","Lincoln University","2014","7160","11836"
"213668","Lycoming College","2014","34016","34016"
"213774","Manor College","2014","15470","15470"
"213826","Marywood University","2014","30070","30070"
"213987","Mercyhurst University","2014","29600","29600"
"213996","Messiah University","2014","30510","30510"
"214041","Millersville University of Pennsylvania","2014","7920","21300"
"214069","Misericordia University","2014","27470","27470"
"214148","Moore College of Art and Design","2014","34237","34237"
"214157","Moravian University","2014","35991","35991"
"214166","Mount Aloysius College","2014","19790","19790"
"214175","Muhlenberg College","2014","43860","43860"
"214272","Neumann University","2014","24800","24800"
"214883","Peirce College","2014","13200","13200"
"214971","Pennsylvania Academy of the Fine Arts","2014","32695","32695"
"215053","Pennsylvania College of Art and Design","2014","20500","20500"
"215062","University of Pennsylvania","2014","42176","42176"
"215105","University of the Arts","2014","38410","38410"
"215114","Cairn University-Langhorne","2014","23035","23035"
"215266","University of Pittsburgh-Bradford","2014","12452","23268"
"215275","University of Pittsburgh-Greensburg","2014","12452","23268"
"215284","University of Pittsburgh-Johnstown","2014","12452","23268"
"215293","University of Pittsburgh-Pittsburgh Campus","2014","16872","27268"
"215415","Pittsburgh Technical College","2014","15657","15657"
"215442","Point Park University","2014","25980","25980"
"215637","Walnut Hill College","2014","19650","19650"
"215655","Robert Morris University","2014","25380","25380"
"215691","Rosemont College","2014","30600","30600"
"215743","Saint Francis University","2014","30028","30028"
"215770","Saint Joseph's University","2014","40420","40420"
"215798","Saint Vincent College","2014","30540","30540"
"215929","University of Scranton","2014","39556","39556"
"215947","Seton Hill University","2014","30280","30280"
"216010","Shippensburg University of Pennsylvania","2014","6820","15346"
"216038","Slippery Rock University of Pennsylvania","2014","6820","10230"
"216047","Saint Charles Borromeo Seminary-Overbrook","2014","18300","18300"
"216278","Susquehanna University","2014","39830","39830"
"216287","Swarthmore College","2014","45700","45700"
"216311","Talmudical Yeshiva of Philadelphia","2014","8400","8400"
"216339","Temple University","2014","14406","24432"
"216357","Thiel College","2014","25998","25998"
"216366","Thomas Jefferson University","2014","34573","34573"
"216524","Ursinus College","2014","45890","45890"
"216542","University of Valley Forge","2014","18644","18644"
"216597","Villanova University","2014","45376","45376"
"216667","Washington & Jefferson College","2014","40722","40722"
"216694","Waynesburg University","2014","20890","20890"
"216764","West Chester University of Pennsylvania","2014","6820","17050"
"216807","Westminster College","2014","32170","32170"
"216852","Widener University","2014","39052","39052"
"216931","Wilkes University","2014","29750","29750"
"217013","Wilson College","2014","23745","23745"
"217059","York College of Pennsylvania","2014","15920","15920"
"217156","Brown University","2014","46408","46408"
"217165","Bryant University","2014","38199","38199"
"217235","Johnson & Wales University-Providence","2014","28239","28239"
"217305","New England Institute of Technology","2014","20775","20775"
"217402","Providence College","2014","43443","43443"
"217420","Rhode Island College","2014","6530","17228"
"217484","University of Rhode Island","2014","10878","26444"
"217493","Rhode Island School of Design","2014","44284","44284"
"217518","Roger Williams University","2014","29976","29976"
"217536","Salve Regina University","2014","35140","35140"
"217606","Northpoint Bible College","2014","9900","9900"
"217624","Allen University","2014","12740","12740"
"217633","Anderson University","2014","21660","21660"
"217688","Charleston Southern University","2014","22800","22800"
"217721","Benedict College","2014","16356","16356"
"217749","Bob Jones University","2014","13570","13570"
"217776","Southern Wesleyan University","2014","22350","22350"
"217819","College of Charleston","2014","70","70"
"217864","Citadel Military College of South Carolina","2014","150","410"
"217873","Claflin University","2014","14640","14640"
"217882","Clemson University","2014","12606","30622"
"217891","Clinton College","2014","4620","4620"
"217907","Coker University","2014","25536","25536"
"217925","Columbia International University","2014","18940","18940"
"217934","Columbia College","2014","26900","26900"
"217961","Converse University","2014","15500","15500"
"217998","Erskine College","2014","29310","29310"
"218061","Francis Marion University","2014","9266","18532"
"218070","Furman University","2014","44288","44288"
"218229","Lander University","2014","9538","18858"
"218238","Limestone University","2014","23000","23000"
"218335","Medical University of South Carolina","2014","14876","22000"
"218399","Morris College","2014","10962","10962"
"218414","Newberry College","2014","22275","22275"
"218441","North Greenville University","2014","15510","15510"
"218539","Presbyterian College","2014","32076","32076"
"218645","University of South Carolina Aiken","2014","9312","18636"
"218654","University of South Carolina Beaufort","2014","9018","19038"
"218663","University of South Carolina-Columbia","2014","10758","29040"
"218724","Coastal Carolina University","2014","10140","23480"
"218733","South Carolina State University","2014","7290","17058"
"218742","University of South Carolina-Upstate","2014","10068","20418"
"218919","Voorhees University","2014","10180","10180"
"218964","Winthrop University","2014","13812","26738"
"218973","Wofford College","2014","35850","35850"
"219000","Augustana University","2014","28764","28764"
"219046","Black Hills State University","2014","3993","5993"
"219082","Dakota State University","2014","3993","5993"
"219091","Dakota Wesleyan University","2014","23550","23550"
"219198","Mount Marty University","2014","21062","21062"
"219204","National American University-Rapid City","2014","12492","12492"
"219259","Northern State University","2014","3993","5992"
"219277","Oglala Lakota College","2014","1920","1920"
"219347","South Dakota School of Mines and Technology","2014","4170","7000"
"219356","South Dakota State University","2014","4164","6246"
"219374","Sinte Gleska University","2014","2640","2640"
"219383","University of Sioux Falls","2014","25480","25480"
"219471","University of South Dakota","2014","4164","6246"
"219505","American Baptist College","2014","8688","8688"
"219602","Austin Peay State University","2014","5904","20400"
"219639","Baptist Health Sciences University","2014","9672","9672"
"219709","Belmont University","2014","27320","27320"
"219718","Bethel University","2014","9600","9600"
"219790","Bryan College-Dayton","2014","22200","22200"
"219806","Carson-Newman University","2014","23300","23300"
"219833","Christian Brothers University","2014","28600","28600"
"219949","Cumberland University","2014","19200","19200"
"219976","Lipscomb University","2014","25290","25290"
"220075","East Tennessee State University","2014","6312","22656"
"220181","Fisk University","2014","19240","19240"
"220206","Welch College","2014","16891","16891"
"220215","Freed-Hardeman University","2014","20468","20468"
"220473","Johnson University","2014","11200","11200"
"220516","King University","2014","24316","24316"
"220552","South College","2014","19100","19100"
"220598","Lane College","2014","8980","8980"
"220604","Le Moyne-Owen College","2014","10460","10460"
"220613","Lee University","2014","13680","13680"
"220631","Lincoln Memorial University","2014","19440","19440"
"220701","The University of Tennessee Southern","2014","21850","21850"
"220710","Maryville College","2014","31018","31018"
"220862","University of Memphis","2014","7056","18768"
"220978","Middle Tennessee State University","2014","6240","22488"
"221351","Rhodes College","2014","41262","41262"
"221519","The University of the South","2014","34930","34930"
"221661","Southern Adventist University","2014","19440","19440"
"221731","Tennessee Wesleyan University","2014","21500","21500"
"221740","The University of Tennessee-Chattanooga","2014","6430","22548"
"221759","The University of Tennessee-Knoxville","2014","9493","27683"
"221768","The University of Tennessee-Martin","2014","6716","20660"
"221838","Tennessee State University","2014","5904","18624"
"221847","Tennessee Technological University","2014","6168","21168"
"221892","Trevecca Nazarene University","2014","22626","22626"
"221953","Tusculum University","2014","22670","22670"
"221971","Union University","2014","27470","27470"
"221999","Vanderbilt University","2014","42768","42768"
"222178","Abilene Christian University","2014","29450","29450"
"222628","Amberton University","2014","7260","7260"
"222831","Angelo State University","2014","3760","12448"
"222877","Arlington Baptist University","2014","8110","8110"
"222983","Austin College","2014","34655","34655"
"222992","Austin Community College District","2014","2010","10290"
"223083","Baptist Health System School of Health Professions","2014","325","325"
"223117","Baptist Missionary Association Theological Seminary","2014","4800","4800"
"223232","Baylor University","2014","34480","34480"
"223463","Remington College-Dallas Campus","2014","15591","15591"
"223506","Brazosport College","2014","2790","4200"
"224004","Concordia University Texas","2014","26400","26400"
"224147","Texas A & M University-Corpus Christi","2014","4623","13255"
"224226","Dallas Baptist University","2014","23250","23250"
"224244","Dallas Christian College","2014","14592","14592"
"224323","University of Dallas","2014","32080","32080"
"224527","East Texas Baptist University","2014","22350","22350"
"224545","Texas A&M University-Texarkana","2014","4569","13745"
"224554","Texas A & M University-Commerce","2014","3832","12520"
"224660","Western Technical College","2014",,
"224679","Western Technical College","2014",,
"225201","Hallmark University","2014",,
"225247","Hardin-Simmons University","2014","22350","22350"
"225399","Houston Christian University","2014","27050","27050"
"225414","University of Houston-Clear Lake","2014","4536","14904"
"225432","University of Houston-Downtown","2014","4470","13158"
"225502","University of Houston-Victoria","2014","4151","12839"
"225511","University of Houston","2014","7651","18739"
"225548","Howard Payne University","2014","22800","22800"
"225575","Huston-Tillotson University","2014","11460","11460"
"225627","University of the Incarnate Word","2014","24900","24900"
"225885","Jarvis Christian University","2014","10090","10090"
"226091","Lamar University","2014","5232","13920"
"226134","Laredo College","2014","2400","3648"
"226152","Texas A & M International University","2014","3731","12507"
"226231","LeTourneau University","2014","26390","26390"
"226383","Lubbock Christian University","2014","19400","19400"
"226471","University of Mary Hardin-Baylor","2014","21840","21840"
"226587","McMurry University","2014","24844","24844"
"226806","Midland College","2014","3810","4980"
"226833","Midwestern State University","2014","5012","6962"
"226879","Wade College","2014","12780","12780"
"227216","University of North Texas","2014","6904","15592"
"227331","Our Lady of the Lake University","2014","23868","23868"
"227368","The University of Texas Rio Grande Valley","2014","4176","13026"
"227429","Paul Quinn College","2014","9300","9300"
"227526","Prairie View A & M University","2014","5898","17365"
"227757","Rice University","2014","39880","39880"
"227845","Saint Edward's University","2014","36150","36150"
"227863","University of St Thomas","2014","29100","29100"
"227881","Sam Houston State University","2014","4896","13584"
"228042","Schreiner University","2014","22760","22760"
"228149","St. Mary's University","2014","25480","25480"
"228246","Southern Methodist University","2014","40770","40770"
"228325","Nelson University","2014","18570","18570"
"228343","Southwestern University","2014","36120","36120"
"228431","Stephen F Austin State University","2014","5304","13992"
"228459","Texas State University","2014","6684","16820"
"228468","Southwestern Adventist University","2014","18840","18840"
"228486","Southwestern Christian College","2014","6504","6504"
"228501","Sul Ross State University","2014","3984","12672"
"228529","Tarleton State University","2014","3696","12384"
"228644","The University of Texas Health Science Center at San Antonio","2014","5101","15541"
"228653","The University of Texas Medical Branch at Galveston","2014","5731","16434"
"228705","Texas A & M University-Kingsville","2014","4366","15226"
"228723","Texas A & M University-College Station","2014","6476","23374"
"228769","The University of Texas at Arlington","2014","8878","18102"
"228778","The University of Texas at Austin","2014","9830","34836"
"228787","The University of Texas at Dallas","2014","10864","26894"
"228796","The University of Texas at El Paso","2014","5606","16666"
"228802","The University of Texas at Tyler","2014","5370","16230"
"228875","Texas Christian University","2014","38510","38510"
"228884","Texas College","2014","8208","8208"
"228981","Texas Lutheran University","2014","26670","26670"
"229018","The University of Texas Permian Basin","2014","4029","12717"
"229027","The University of Texas at San Antonio","2014","4786","13836"
"229063","Texas Southern University","2014","1400","12360"
"229115","Texas Tech University","2014","5110","13798"
"229160","Texas Wesleyan University","2014","20642","20642"
"229179","Texas Woman's University","2014","5650","16510"
"229267","Trinity University","2014","35688","35688"
"229300","The University of Texas Health Science Center at Houston","2014","6180","24908"
"229337","Texas Tech University Health Sciences Center","2014","5580","16802"
"229355","Tyler Junior College","2014","2310","2910"
"229780","Wayland Baptist University","2014","11880","11880"
"229814","West Texas A & M University","2014","4602","5358"
"229887","Wiley University","2014","9240","9240"
"230038","Brigham Young University","2014","5000","5000"
"230047","Brigham Young University-Hawaii","2014","4940","4940"
"230171","Utah Tech University","2014","3794","12130"
"230366","Eagle Gate College-Murray","2014","15438","15438"
"230597","Snow College","2014","2998","10952"
"230603","Southern Utah University","2014","5416","17874"
"230728","Utah State University","2014","5454","17561"
"230737","Utah Valley University","2014","4542","14074"
"230764","University of Utah","2014","6889","24111"
"230782","Weber State University","2014","4326","12980"
"230807","Westminster University","2014","29856","29856"
"230816","Bennington College","2014","46048","46048"
"230852","Champlain College","2014","32800","32800"
"230889","Goddard College","2014","14738","14738"
"230959","Middlebury College","2014","45637","45637"
"230995","Norwich University","2014","32812","32812"
"231059","Saint Michael's College","2014","39050","39050"
"231095","Sterling College","2014","29992","29992"
"231165","Vermont State University","2014","11856","22704"
"231174","University of Vermont","2014","14184","35832"
"231420","Averett University","2014","29150","29150"
"231554","Bluefield University","2014","22840","22840"
"231581","Bridgewater College","2014","29750","29750"
"231624","William & Mary","2014","10237","34132"
"231651","Regent University","2014","15900","15900"
"231712","Christopher Newport University","2014","6928","16860"
"231785","Bryant & Stratton College-Virginia Beach","2014","15088","15088"
"232025","Emory & Henry University","2014","30126","30126"
"232043","Eastern Mennonite University","2014","30660","30660"
"232089","Ferrum College","2014","29680","29680"
"232186","George Mason University","2014","7562","27140"
"232256","Hampden-Sydney College","2014","38018","38018"
"232265","Hampton University","2014","19548","19548"
"232308","Hollins University","2014","33660","33660"
"232423","James Madison University","2014","5406","19710"
"232557","Liberty University","2014","20300","20300"
"232566","Longwood University","2014","6930","20700"
"232609","University of Lynchburg","2014","33600","33600"
"232618","Centra College","2014","8543","8543"
"232672","Mary Baldwin University","2014","29210","29210"
"232681","University of Mary Washington","2014","5190","18476"
"232706","Marymount University","2014","27100","27100"
"232797","American National University","2014","11412","11412"
"232885","Sentara College of Health Sciences","2014","392","392"
"232937","Norfolk State University","2014","4536","16920"
"232982","Old Dominion University","2014","5795","21470"
"233277","Radford University","2014","6386","18626"
"233295","Randolph-Macon College","2014","35360","35360"
"233301","Randolph College","2014","33500","33500"
"233356","Bon Secours Memorial College of Nursing","2014","4871","4871"
"233374","University of Richmond","2014","46680","46680"
"233426","Roanoke College","2014","36688","36688"
"233541","Shenandoah University","2014","28998","28998"
"233602","Southeastern Free Will Baptist Bible College","2014",,
"233611","Southern Virginia University","2014","14600","14600"
"233684","Strayer University-Virginia","2014","12780","12780"
"233718","Sweet Briar College","2014","34460","34460"
"233897","University of Virginia's College at Wise","2014","4862","19864"
"233921","Virginia Polytechnic Institute and State University","2014","10088","25515"
"234030","Virginia Commonwealth University","2014","10306","27755"
"234076","University of Virginia-Main Campus","2014","10484","38988"
"234085","Virginia Military Institute","2014","7498","29554"
"234155","Virginia State University","2014","4876","14132"
"234164","Virginia Union University","2014","13614","13614"
"234173","Virginia Wesleyan University","2014","32636","32636"
"234207","Washington and Lee University","2014","44660","44660"
"234669","Bellevue College","2014","3523","8713"
"234696","Bellingham Technical College","2014","2645","7130"
"234827","Central Washington University","2014","7941","20304"
"234845","Centralia College","2014","3523","3917"
"234915","City University of Seattle","2014","14880","14880"
"234933","Clark College","2014","3410","8600"
"234951","Clover Park Technical College","2014","4760","11697"
"234979","Columbia Basin College","2014","3995","6386"
"235024","Cornish College of the Arts","2014","35400","35400"
"235097","Eastern Washington University","2014","7372","20466"
"235103","Edmonds College","2014","4000","9235"
"235167","The Evergreen State College","2014","7845","20898"
"235237","Pierce College District","2014","3522","8712"
"235316","Gonzaga University","2014","36040","36040"
"235334","Grays Harbor College","2014","3523","8713"
"235343","Green River College","2014","4000","9600"
"235422","Heritage University","2014","18456","18456"
"235431","Highline College","2014","3217","3217"
"235547","Bastyr University","2014","23280","23280"
"235699","Lake Washington Institute of Technology","2014","2829","7625"
"236072","North Seattle College","2014","3523","8713"
"236133","Northwest University","2014","26410","26410"
"236188","Olympic College","2014","3525","3942"
"236230","Pacific Lutheran University","2014","36180","36180"
"236258","Peninsula College","2014","4000","4400"
"236328","University of Puget Sound","2014","43200","43200"
"236382","Renton Technical College","2014","3590","3590"
"236452","Saint Martin's University","2014","31300","31300"
"236504","South Seattle College","2014","3523","8713"
"236513","Seattle Central College","2014","3523","8713"
"236577","Seattle Pacific University","2014","35100","35100"
"236595","Seattle University","2014","37485","37485"
"236638","Skagit Valley College","2014","3800","4300"
"236692","Spokane Community College","2014","2829","7625"
"236708","Spokane Falls Community College","2014","2829","7625"
"236753","Tacoma Community College","2014","3984","9144"
"236887","Walla Walla Community College","2014","4376","5675"
"236896","Walla Walla University","2014","25296","25296"
"236939","Washington State University","2014","10874","23956"
"236948","University of Washington-Seattle Campus","2014","11305","32424"
"236975","Wenatchee Valley College","2014","3523","3917"
"237011","Western Washington University","2014","8088","19530"
"237039","Whatcom Community College","2014","4180","9415"
"237057","Whitman College","2014","44440","44440"
"237066","Whitworth University","2014","36734","36734"
"237109","Yakima Valley College","2014","3846","4314"
"237136","Appalachian Bible College","2014","12020","12020"
"237181","Bethany College","2014","24836","24836"
"237215","Bluefield State University","2014","5832","11064"
"237312","University of Charleston","2014","18600","18600"
"237330","Concord University","2014","6422","14118"
"237358","Davis & Elkins College","2014","27000","27000"
"237367","Fairmont State University","2014","6306","13306"
"237385","Glenville State University","2014","4944","11712"
"237525","Marshall University","2014","5450","13950"
"237686","West Virginia University at Parkersburg","2014","2928","10416"
"237701","Potomac State College of West Virginia University","2014","3480","9456"
"237783","Salem University","2014","17700","17700"
"237792","Shepherd University","2014","4660","13766"
"237899","West Virginia State University","2014","6229","14557"
"237932","West Liberty University","2014","6415","13540"
"237950","West Virginia University Institute of Technology","2014","6048","15192"
"237969","West Virginia Wesleyan College","2014","26680","26680"
"238032","West Virginia University","2014","6960","20242"
"238078","Wheeling University","2014","27000","27000"
"238193","Alverno College","2014","23784","23784"
"238324","Bellin College","2014","21050","21050"
"238333","Beloit College","2014","42220","42220"
"238458","Carroll University","2014","27850","27850"
"238476","Carthage College","2014","36570","36570"
"238616","Concordia University-Wisconsin","2014","25930","25930"
"238661","Edgewood College","2014","25590","25590"
"238980","Lakeland University","2014","23050","23050"
"239017","Lawrence University","2014","42357","42357"
"239071","Maranatha Baptist University","2014","12370","12370"
"239080","Marian University","2014","25510","25510"
"239105","Marquette University","2014","35480","35480"
"239309","Milwaukee Institute of Art & Design","2014","30800","30800"
"239318","Milwaukee School of Engineering","2014","33870","33870"
"239390","Mount Mary University","2014","25336","25336"
"239512","Northland College","2014","30450","30450"
"239628","Ripon College","2014","33207","33207"
"239716","Saint Norbert College","2014","32408","32408"
"240107","Viterbo University","2014","23200","23200"
"240189","University of Wisconsin-Whitewater","2014","6519","14092"
"240268","University of Wisconsin-Eau Claire","2014","7361","14934"
"240277","University of Wisconsin-Green Bay","2014","6298","13871"
"240329","University of Wisconsin-La Crosse","2014","7585","15158"
"240338","Wisconsin Lutheran College","2014","25810","25810"
"240365","University of Wisconsin-Oshkosh","2014","6422","13995"
"240374","University of Wisconsin-Parkside","2014","6298","13871"
"240392","Herzing University-Madison","2014","12020","12020"
"240417","University of Wisconsin-Stout","2014","7014","14760"
"240426","University of Wisconsin-Superior","2014","6535","14108"
"240444","University of Wisconsin-Madison","2014","9273","25523"
"240453","University of Wisconsin-Milwaukee","2014","8091","17820"
"240462","University of Wisconsin-Platteville","2014","6418","13991"
"240471","University of Wisconsin-River Falls","2014","6428","14001"
"240480","University of Wisconsin-Stevens Point","2014","6298","13871"
"240727","University of Wyoming","2014","2712","10896"
"240736","American Samoa Community College","2014","3300","3600"
"240754","University of Guam","2014","4560","10968"
"240790","Northern Marianas College","2014","2280","4560"
"241100","American University of Puerto Rico","2014","4296","4296"
"241128","American University of Puerto Rico","2014","4296","4296"
"241191","Universidad Adventista de las Antillas","2014","5560","5560"
"241216","Atlantic University","2014","6720","6720"
"241225","Universidad Central de Bayamon","2014","5618","5618"
"241304","Columbia Central University-Caguas","2014","6290","6290"
"241331","Albizu University-San Juan","2014","6012","6012"
"241377","Caribbean University-Bayamon","2014","4200","4200"
"241386","Caribbean University-Carolina","2014","4200","4200"
"241395","Pontifical Catholic University of Puerto Rico-Arecibo","2014","4440","4440"
"241410","Pontifical Catholic University of Puerto Rico-Ponce","2014","4440","4440"
"241517","CEM College-San Juan","2014","5230","5230"
"241614","Universidad Teologica del Caribe","2014","3120","3120"
"241720","Colegio Universitario de San Juan","2014","2040","2040"
"241739","Universidad Ana G. Mendez-Cupey Campus","2014","4680","4680"
"241766","Puerto Rico Conservatory of Music","2014","2520","2520"
"241836","EDP University of Puerto Rico Inc-San Sebastian","2014","5220","5220"
"241951","Escuela de Artes Plasticas y Diseno de Puerto Rico","2014","2997","5157"
"242112","Huertas College","2014","6500","6500"
"242121","Humacao Community College","2014","4572","4572"
"242617","Inter American University of Puerto Rico-San German","2014","4272","4272"
"242626","Inter American University of Puerto Rico-Aguadilla","2014","4272","4272"
"242635","Inter American University of Puerto Rico-Arecibo","2014","4272","4272"
"242644","Inter American University of Puerto Rico-Barranquitas","2014","4472","4472"
"242653","Inter American University of Puerto Rico-Metro","2014","6408","6408"
"242662","Inter American University of Puerto Rico-Ponce","2014","4272","4272"
"242680","Inter American University of Puerto Rico-Fajardo","2014","4272","4272"
"242699","Inter American University of Puerto Rico-Guayama","2014","4272","4272"
"242705","Inter American University of Puerto Rico-Bayamon","2014","4272","4272"
"242972","NUC University","2014","6120","10800"
"243106","University of Puerto Rico-Aguadilla","2014","1870","3892"
"243115","University of Puerto Rico-Arecibo","2014","1853","3891"
"243133","University of Puerto Rico-Bayamon","2014","1870","3891"
"243142","University of Puerto Rico-Carolina","2014","2750","5775"
"243151","University of Puerto Rico at Cayey","2014","1870","3891"
"243179","University of Puerto Rico-Humacao","2014","1700","3892"
"243188","University of Puerto Rico-Utuado","2014","1853","3892"
"243197","University of Puerto Rico-Mayaguez","2014","1850","3892"
"243203","University of Puerto Rico-Medical Sciences","2014","1980","4327"
"243212","University of Puerto Rico at Ponce","2014","1853","3892"
"243221","University of Puerto Rico-Rio Piedras","2014","1537","1565"
"243346","Universidad Ana G. Mendez-Carolina Campus","2014","4680","4680"
"243443","Universidad del Sagrado Corazon","2014","4680","4680"
"243568","Universidad Central Del Caribe","2014","6725","6725"
"243577","Universidad Politecnica de Puerto Rico","2014","7020","7020"
"243586","Pontifical Catholic University of Puerto Rico-Mayaguez","2014","4440","4440"
"243601","Universidad Ana G. Mendez-Gurabo Campus","2014","4680","4680"
"243638","College of Micronesia-FSM","2014","4230","4230"
"243665","University of the Virgin Islands","2014","4190","12570"
"243744","Stanford University","2014","44184","44184"
"243780","Purdue University-Main Campus","2014","9208","28010"
"243823","Parker University","2014","23486","23486"
"243832","EDP University of Puerto Rico Inc-San Juan","2014","5100","6960"
"244233","City College-Hollywood","2014","11342","11342"
"245652","St. John's College","2014","47176","47176"
"245777","Bais Medrash Elyon","2014","7800","7800"
"245838","Antioch University-Los Angeles","2014","26356","26356"
"245847","Antioch University-Santa Barbara","2014","17316","17316"
"245883","Antioch University-Seattle","2014","20880","20880"
"245892","Antioch University","2014","18972","18972"
"245953","Mid-America Christian University","2014","15072","15072"
"247065","Beckfield College-Florence","2014","12420","12420"
"247649","Landmark College","2014","49950","49950"
"247773","Yeshiva Gedolah of Greater Detroit","2014","6100","6100"
"248934","ECPI University","2014","14190","14190"
"251312","South University-Columbia","2014","16185","16185"
"260789","Platt College-Los Angeles","2014","14820","14820"
"260813","Platt College-Aurora","2014","18361","18361"
"262086","University of Massachusetts Global","2014","12000","12000"
"262129","New College of Florida","2014","5227","27159"
"262165","Montana Bible College","2014","6720","6720"
"363907","Caribbean University-Ponce","2014","4200","4200"
"363916","Caribbean University-Vega Baja","2014","4200","4200"
"363934","University of Advancing Technology","2014","19325","19325"
"366003","South Florida Bible College and Theological Seminary","2014","6000","6000"
"366252","Pennsylvania College of Technology","2014","12960","19440"
"366340","Stone Child College","2014","1680","1680"
"366711","California State University-San Marcos","2014","5472","16632"
"367884","Hodges University","2014","12720","12720"
"368452","Nossi College of Art and Design","2014","17700","17700"
"369516","Bryan University","2014","13810","13810"
"372073","Fremont University","2014",,
"375230","Yeshiva Gedolah Imrei Yosef D'spinka","2014","8000","8000"
"376224","CEM College-Humacao","2014","5229","5229"
"376385","Universal Technology College of Puerto Rico","2014",,
"376695","College of the Marshall Islands","2014","4280","4280"
"377546","Northwest College of Art & Design","2014","18200","18200"
"377555","University of Washington-Bothell Campus","2014","11305","32424"
"377564","University of Washington-Tacoma Campus","2014","11305","32424"
"377661","Valley College-Martinsburg","2014",,
"380359","Bay Mills Community College","2014","2660","2660"
"380377","Northwest Indian College","2014","4032","4032"
"380438","Provo College","2014","14807","14807"
"384254","Beacon College","2014","31916","31916"
"384412","University of the Potomac-Washington DC Campus","2014","12984","12984"
"384421","Rabbi Jacob Joseph School","2014","10700","10700"
"385619","Everglades University","2014","14400","14400"
"386472","Herzing University-Orlando","2014","12570","12570"
"388520","College of Biblical Studies-Houston","2014","6576","6576"
"392257","The College of Health Care Professions-Northwest","2014",,
"399869","Southern California Institute of Technology","2014","16680","16680"
"399911","Soka University of America","2014","28510","28510"
"401223","World Mission University","2014","5040","5040"
"404338","Schiller International University","2014","21240","21240"
"405854","Rabbinical College of Ohr Shimon Yisroel","2014","11500","11500"
"406033","Galen College of Nursing-San Antonio","2014",,
"408844","Florida National University-Main Campus","2014","12600","12600"
"409315","South Texas College","2014","2330","3204"
"409698","California State University-Monterey Bay","2014","5472","16632"
"413413","Capella University","2014","12816","12816"
"413617","College of Menominee Nation","2014","6000","6000"
"414595","Pacific College of Health and Science","2014","10951","10951"
"414878","Trine University-Regional/Non-Traditional Campuses","2014","10080","10080"
"416801","The University of Texas MD Anderson Cancer Center","2014","4870","21347"
"417734","Southeast Missouri Hospital College of Nursing and Health Sciences","2014","14490","14490"
"417752","Messenger College","2014","7500","7500"
"418126","New York College of Health Professions","2014","13644","13644"
"420024","Centura College-Chesapeake","2014","15750","15750"
"420042","University of Phoenix-Hawaii","2014","10726","10726"
"420325","Yeshiva D'monsey Rabbinical College","2014","5900","5900"
"421878","Eastern International College-Jersey City","2014","20400","20400"
"422695","Pacific College","2014",,
"426314","Embry-Riddle Aeronautical University-Worldwide","2014","8040","8040"
"428259","Ottawa University-Milwaukee","2014","11520","11520"
"430184","Strayer University-Maryland","2014","12780","12780"
"430670","San Juan Bautista School of Medicine","2014","5400","11250"
"430704","Texas Health and Science University","2014","9900","9900"
"432384","Platt College-Ontario","2014","14820","14820"
"433004","American University of Health Sciences","2014","19908","19908"
"433174","Carolinas College of Health Sciences","2014","12117","12117"
"433387","Western Governors University","2014","5780","5780"
"433420","California Aeronautical University","2014","13543","13543"
"433536","Herzing University-New Orleans","2014","12020","12020"
"433660","Florida Gulf Coast University","2014","4191","22328"
"434900","Dewey University-Carolina","2014","8845","8845"
"434937","Yeshiva College of the Nations Capital","2014","9400","9400"
"435000","Louisiana State University Health Sciences Center-Shreveport","2014","8175","17215"
"436429","Los Angeles Film School","2014",,
"436614","International Baptist College and Seminary","2014","10500","10500"
"437097","University of Management and Technology","2014","9360","9360"
"438586","American InterContinental University-Atlanta","2014","15787","15787"
"439190","Cascadia College","2014","3523","8712"
"439446","Atlantic Institute of Oriental Medicine","2014","15000","15000"
"439701","The King's University","2014","9120","9120"
"439862","Pacific Islands University","2014","7080","7080"
"439871","PCI College","2014",,
"440396","New Saint Andrews College","2014","11500","11500"
"440651","Atenas College","2014","4920","4920"
"440749","National American University-Ellsworth","2014","6000","6000"
"440794","Pillar College","2014","17976","17976"
"441229","Smith Chason College","2014","32800","32800"
"441609","Yeshiva Shaarei Torah of Rockland","2014","9750","9750"
"441690","Universidad Pentecostal Mizpa","2014","3360","3360"
"441900","Nevada State University","2014","4147","14423"
"441937","California State University-Channel Islands","2014","5472","16632"
"441982","Franklin W Olin College of Engineering","2014","43500","43500"
"442356","Saint Joseph's University - Lancaster","2014","21770","21770"
"442426","St Louis College of Health Careers-Fenton","2014",,
"442569","University of Arkansas Grantham","2014","6360","6360"
"442639","University of the Potomac-VA Campus","2014","12984","12984"
"442930","University of Antelope Valley","2014",,
"443049","Faith International University","2014","7425","7425"
"443331","West Coast University-Los Angeles","2014","32450","32450"
"443340","Williamson Christian College","2014","10125","10125"
"443410","DigiPen Institute of Technology","2014","27200","27200"
"443562","Dewey University-Hato Rey","2014","4680","4680"
"443599","American College of Healthcare Sciences","2014","7560","7560"
"443766","Strayer University-Tennessee","2014","12780","12780"
"443784","Strayer University-Pennsylvania","2014","12780","12780"
"444088","Brookline College-Albuquerque","2014",,
"444130","Northcentral University","2014","10000","10000"
"444398","Baptist University of the Americas","2014","6300","6300"
"444413","Beis Medrash Heichal Dovid","2014","8600","8600"
"444778","Charlotte Christian College and Theological Seminary","2014","8454","8454"
"444787","Nightingale College","2014",,
"445027","American InterContinental University System","2014","11104","11104"
"445133","American InterContinental University-Houston","2014","14250","14250"
"445188","University of California-Merced","2014","11220","34098"
"445267","Central Methodist University-College of Graduate and Extended Studies","2014","6750","6750"
"445692","Neumont College of Computer Science","2014","22500","22500"
"445708","Johnson & Wales University-Charlotte","2014","28239","28239"
"445735","Roseman University of Health Sciences","2014","32360","32360"
"446048","Ave Maria University","2014","17196","17196"
"446233","Ecclesia College","2014","14250","14250"
"446385","Los Angeles College of Music","2014","22575","22575"
"446525","SAE Institute of Technology-Nashville","2014","15360","15360"
"446561","Stanbridge University","2014",,
"446604","Uta Mesivta of Kiryas Joel","2014","9000","9000"
"446640","Harrisburg University of Science and Technology","2014","23900","23900"
"447050","United States University","2014","9480","9480"
"447263","Joyce University of Nursing and Health Sciences","2014","18458","18458"
"447421","Eagle Gate College-Layton","2014","15089","15089"
"447689","Georgia Gwinnett College","2014","3548","13244"
"447953","SUM Bible College and Theological Seminary","2014","7800","7800"
"448239","Careers Unlimited","2014",,
"449038","Strayer University-Florida","2014","12780","12780"
"449135","Dewey University-Juana Díaz","2014","8845","8845"
"449339","American Public University System","2014","6000","6000"
"449348","Huntsville Bible College","2014","3600","3600"
"449384","Gnomon","2014",,
"449658","Bais Medrash Toras Chesed","2014","8800","8800"
"449764","Visible Music College","2014","19200","19200"
"449870","University of the West","2014","9168","9168"
"449889","American College of Education","2014",,
"449898","South University-Tampa","2014","16185","16185"
"450298","Strayer University-Delaware","2014","12780","12780"
"450377","Strayer University-Alabama","2014","12780","12780"
"450571","Rasmussen University-Wisconsin","2014","10764","10764"
"450933","Columbia Southern University","2014","5040","5040"
"451103","Miami Regional University","2014",,
"451370","Yeshivas Be'er Yitzchok","2014","10200","10200"
"451398","Yeshiva Toras Chaim","2014","11650","11650"
"451404","Talmudical Seminary of Bobov","2014","7100","7100"
"451556","Southwest University at El Paso","2014","12500","12500"
"451750","Bryant & Stratton College-Wauwatosa","2014","15983","15983"
"451866","Remington College-Shreveport Campus","2014","15521","15521"
"451927","Patrick Henry College","2014",,
"453163","Strayer University-North Carolina","2014","12780","12780"
"453215","Strayer University-New Jersey","2014","12780","12780"
"454227","Chamberlain University-Illinois","2014","17160","17160"
"454236","Chamberlain University-Ohio","2014","17160","17160"
"454245","Chamberlain University-Arizona","2014","17160","17160"
"454582","Ottawa University-Online","2014","11520","11520"
"454786","Laurus College","2014",,
"454829","Aspen University","2014","4500","4500"
"454856","Denver College of Nursing","2014","16557","16557"
"455257","Yeshiva of Machzikai Hadas","2014","7500","7500"
"455664","The Chicago School at Los Angeles","2014","11550","11550"
"455770","Providence Christian College","2014","24880","24880"
"456481","Polytechnic University of Puerto Rico-Miami","2014","11340","11340"
"456490","Polytechnic University of Puerto Rico-Orlando","2014","10620","10620"
"456621","Strayer University-West Virginia","2014","12780","12780"
"456959","University of Minnesota-Rochester","2014","11720","11720"
"457129","Chamberlain University-Florida","2014","17160","17160"
"457226","Horizon University","2014","9000","9000"
"457299","Angeles College","2014",,
"457402","University of Fort Lauderdale","2014","7200","7200"
"457484","Pacific Rim Christian University","2014","8640","8640"
"457697","City Vision University","2014","6000","6000"
"458113","Ascent College","2014","8000","8000"
"458210","West Coast University-Orange County","2014","32450","32450"
"458229","West Coast University-Ontario","2014","32450","32450"
"458885","Strayer University-Arkansas","2014","12780","12780"
"458919","Strayer University-Georgia","2014","12780","12780"
"458955","Strayer University-Mississippi","2014","12780","12780"
"458964","Strayer University-South Carolina","2014","12780","12780"
"458973","Strayer University-Texas","2014","12780","12780"
"459204","Unitek College","2014","22106","22106"
"459213","Gurnick Academy of Medical Arts","2014",,
"459259","South University-Richmond","2014","16185","16185"
"459268","South University-Virginia Beach","2014","16185","16185"
"459727","Touro University Worldwide","2014","14400","14400"
"459824","Touro University Nevada","2014","30600","30600"
"459842","Herzing University-Kenosha","2014","12020","12020"
"459851","Herzing University-Brookfield","2014","12020","12020"
"459949","Texas A&M University-San Antonio","2014",,
"459994","Strayer University-Global Region","2014","12780","12780"
"460349","Johnson & Wales University-Online","2014","18252","18252"
"460376","Fairfax University of America","2014",,
"460871","Chamberlain University-Virginia","2014","17160","17160"
"461023","National Paralegal College","2014","6600","6600"
"461032","Carolina College of Biblical Studies","2014","4500","4500"
"461148","New York Film Academy","2014",,
"461528","Manna University","2014","3360","3360"
"461643","Bergin University of Canine Studies","2014","9275","9275"
"461759","Simmons College of Kentucky","2014","4320","4320"
"461795","North American University","2014","11450","11450"
"461847","Keser Torah-Mayan Hatalmud","2014","13200","13200"
"461883","Millennia Atlantic University","2014","8112","8112"
"462354","John Paul the Great Catholic University","2014","24000","24000"
"464226","Ottawa University-Surprise","2014",,
"466921","Chamberlain University-Missouri","2014","17160","17160"
"466930","Chamberlain University-Texas","2014","17160","17160"
"469416","Dewey University-Manati","2014","8845","8845"
"474863","Los Angeles Pacific University","2014","11208","11208"
"475121","South University-Savannah Online","2014","14472","14472"
"475200","Whitworth University-Adult Degree Programs","2014","12240","12240"
"475273","Springfield College-Regional, Online, and Continuing Education","2014","15192","15192"
"475398","Catholic Distance University","2014",,
"475608","Criswell College","2014","7200","7200"
"475732","Chamberlain University-Georgia","2014","17160","17160"
"475741","Chamberlain University-Indiana","2014","17160","17160"
"476601","Bais HaMedrash and Mesivta of Baltimore","2014","11750","11750"
"476692","Yeshiva Gedolah Zichron Leyma","2014","11500","11500"
"476717","Be'er Yaakov Talmudic Seminary","2014","8350","8350"
"476975","Colorado State University Global","2014","8400","8400"
"477039","West Coast University-Dallas","2014","25350","25350"
"480073","South University-Austin","2014","16185","16185"
"480091","Bryant & Stratton College-Online","2014","13520","13520"
"480198","Warner Pacific University Professional and Graduate Studies","2014","10800","10800"
"480204","Platt College-Riverside","2014","14820","14820"
"480569","Florida Institute of Technology-Online","2014","12240","12240"
"480657","Rasmussen University-Kansas","2014","10764","10764"
"480781","California Miramar University","2014","7800","7800"
"480985","Midwives College of Utah","2014","4235","4235"
"481058","Grace Mission University","2014","2500","2500"
"481225","Mid-South Christian College","2014","4640","4640"
"481401","Grace School of Theology","2014","4320","4320"
"481410","Yeshiva Gedolah Kesser Torah","2014","9900","9900"
"481438","Yeshiva Yesodei Hatorah","2014","11000","11000"
"482149","Augusta University","2014","6000","20317"
"482158","Middle Georgia State University","2014","2392","8837"
"482228","Veritas Baptist College","2014","4800","4800"
"482413","DeVry College of New York","2014","17052","17052"
"482422","DeVry University-Arizona","2014","17052","17052"
"482431","DeVry University-California","2014","17052","17052"
"482459","DeVry University-Florida","2014","17052","17052"
"482468","DeVry University-Georgia","2014","17052","17052"
"482477","DeVry University-Illinois","2014","17052","17052"
"482547","DeVry University-Nevada","2014","17052","17052"
"482556","DeVry University-New Jersey","2014","17052","17052"
"482565","DeVry University-North Carolina","2014","17052","17052"
"482574","DeVry University-Ohio","2014","17052","17052"
"482635","DeVry University-Texas","2014","17052","17052"
"482653","DeVry University-Virginia","2014","17052","17052"
"482680","University of North Georgia","2014","3364","12041"
"482699","South Georgia State College","2014","2660","10068"
"482705","Northeastern University Professional Programs","2014","14138","14138"
"482936","Florida Polytechnic University","2014","3018","3018"
"483018","Antioch College","2014","30250","30250"
"483036","Texas A&M University-Central Texas","2014","3982","12959"
"483124","Arizona State University Digital Immersion","2014","8178","14768"
"483595","Ana G. Mendez University","2014",,
"484473","University of Florida-Online","2014","3358","15000"
"484613","University of Phoenix-Arizona","2014","10702","10702"
"484631","University of Phoenix-California","2014","11479","11479"
"484710","University of Phoenix-Nevada","2014","10783","10783"
"484756","University of Phoenix-Texas","2014","11085","11085"
"484871","Rabbinical College Ohr Yisroel","2014","9000","9000"
"484905","University of North Texas at Dallas","2014","7599","16237"
"485111","Georgia Military College","2014","5265","5265"
"485272","West Coast University-Miami","2014","24500","24500"
"485546","California Intercontinental University","2014",,
"485698","American College of the Building Arts","2014",,
"485768","Atlantis University","2014",,
"485999","Bet Medrash Gadol Ateret Torah","2014",,
"486017","Yeshiva Ohr Yisrael","2014",,
"486026","Yeshiva Sholom Shachna","2014",,
"486053","Bethlehem College & Seminary","2014",,
"486196","Beth Medrash Meor Yitzchok","2014",,
"486239","San Ignacio University","2014",,
"486284","Bethany Global University","2014",,
"486354","United International College","2014",,
"486488","California Jazz Conservatory","2014",,
"486840","Kennesaw State University","2014",,
"486901","Milligan University","2014",,
"486938","Chamberlain University-Nevada","2014",,
"486947","Chamberlain University-Michigan","2014",,
"486956","Chamberlain University-New Jersey","2014",,
"487010","The University of Tennessee Health Science Center","2014",,
"487375","Arizona College of Nursing-Las Vegas","2014",,
"487524","Husson University","2014",,
"487603","Northwest University-Center for Online and Extended Education","2014",,
"488004","Central Yeshiva Beth Joseph","2014",,
"488031","Abraham Lincoln University","2014",,
"488314","Beth Medrash of Asbury Park","2014",,
"488448","Seattle Film Institute","2014",,
"488679","Indiana Wesleyan University-National & Global","2014",,
"488776","John Patrick University of Health and Applied Sciences","2014",,
"488785","University of Saint Katherine","2014",,
"488846","University of the People","2014",,
"489344","Chamberlain University-North Carolina","2014",,
"489353","Chamberlain University-California","2014",,
"489779","Purdue University Global","2014",,
"489937","Carolina University","2014",,
"490045","Presbyterian Theological Seminary in America","2014",,
"490081","America Evangelical University","2014",,
"490133","Westcliff University","2014",,
"490230","Reformed University","2014",,
"490276","Yeshiva Shaar Ephraim","2014",,
"490328","Mechon L'hoyroa","2014",,
"490513","Bais Medrash Mayan Hatorah","2014",,
"490805","Purdue University Northwest","2014",,
"490878","Platt College-Anaheim","2014",,
"491057","Yeshiva Kollel Tifereth Elizer","2014",,
"491288","University of Wisconsin-Milwaukee Flex","2014",,
"491297","University of Wisconsin-Parkside Flex","2014",,
"491525","Union Bible College","2014",,
"491622","Yeshiva Chemdas Hatorah","2014",,
"491631","Women's Institute of Torah Seminary and College","2014",,
"491710","Yeshiva Gedolah of Cliffwood","2014",,
"492069","Champion Christian College","2014",,
"492689","Texas Tech University Health Sciences Center-El Paso","2014",,
"492801","Drury University-College of Continuing Professional Studies","2014",,
"492962","Indiana Institute of Technology-College of Professional Studies","2014",,
"493512","San Diego Global Knowledge University","2014",,
"493594","Yeshiva of Ocean","2014",,
"493600","Congregation Talmidei Mesivta Tiferes Shmiel Aleksander","2014",,
"493664","Yeshivat Hechal Shemuel","2014",,
"493707","Yeshiva Gedolah of Woodlake Village","2014",,
"493716","Yeshiva Gedola Tiferes Yaakov Yitzchok","2014",,
"493822","College Unbound","2014",,
"494597","Faith Theological Seminary and Christian College","2014",,
"494630","Christ Mission College","2014",,
"494685","Urshan College","2014",,
"494737","Yeshiva Yesoda Hatorah Vetz Chaim","2014",,
"495031","Bais Medrash of Dexter Park","2014",,
"495059","Oak Valley College","2014",,
