INSTNM,ADM_RATE,AGE_ENTRY,AVGFACSAL,CITY,CONTROL,COSTT4_A,ENDOWBEGIN,FEMALE,FIRST_GEN,GRAD_DEBT_MDN,HBCU,HSI,INSTURL,MD_EARN_WNE_P10,NANTI,OPEID,PCIP13,PCIP14,PCIP27,PCIP52,PCTPELL,PFTFAC,RELAFFIL,SAT_AVG,SCH_DEG,STABBR,UGDS,UGDS_MEN,UGDS_WOMEN,UGDS_2MOR,UGDS_AIAN,UGDS_ASIAN,UGDS_BLACK,UGDS_HISP,UGDS_NHPI,UGDS_NRA,UGDS_UNKN,UGDS_WHITE,date,unitid,State abbreviation,ZIP code,Bureau of Economic Analysis (BEA) regions,Control of institution,Historically Black College or University,Tribal college,Degree of urbanization (Urban-centric locale),Fips County code,Religious affiliation
Abilene Christian University,0.6388,19.877770316,8590,Abilene,2,56121,605598419,0.6118200134,0.2445229682,24250,0,0,www.acu.edu/,55736,0,00353700,0.0495,0.0325,0.0113,0.1132,0.2202,0.6916,74,1189,3,TX,3129,0.402,0.598,0.0447,0.0048,0.0195,0.0678,0.1799,0,0.0441,0.0134,0.6258,2025-05-19,222178,Texas,79699,"Southwest (AZ, NM, OK, TX)",Private not-for-profit,No,No,City: Midsize,"Taylor County, TX",Churches of Christ
Abraham Baldwin Agricultural College,0.7716,21.321301474,7368,Tifton,1,13103,19053103,0.5739705135,0.3443449048,16750,0,0,https://www.abac.edu/,34996,0,00154100,0.0632,0,0,0.0462,0.3412,0.7566,NA,994,2,GA,3218,0.4055,0.5945,0.0149,0.0025,0.0081,0.0752,0.1035,6e-4,0.0078,0.0012,0.7862,2025-05-19,138558,Georgia,31793-2601,"Southeast (AL, AR, FL, GA, KY, LA, MS, NC, SC, TN, VA, WV)",Public,No,No,Town: Distant,"Tift County, GA",Not applicable
Adams State University,NA,22.287336245,7075,Alamosa,1,23800,62674,0.4890829694,0.4151309408,19500,0,1,www.adams.edu/,44372,0,00134500,0.0144,0,0.0123,0.1437,0.3499,0.4472,NA,NA,3,CO,1239,0.5456,0.4544,0.0541,0.0178,0.0056,0.0815,0.3705,0.0113,0.0145,0.0831,0.3616,2025-05-19,126182,Colorado,81101,"Rocky Mountains (CO, ID, MT, UT, WY)",Public,No,No,Town: Remote,"Alamosa County, CO",Not applicable
Adelphi University,0.7751,21.727628149,13227,Garden City,2,57444,212345742,0.7211120765,0.354206501,25000,0,0,www.adelphi.edu/,75482,0,00266600,0.0175,0,0.0175,0.1125,0.2944,0.2959,NA,1224,3,NY,5077,0.3378,0.6622,0.0329,0.0039,0.1286,0.093,0.2131,0.001,0.0485,0.0441,0.4349,2025-05-19,188429,New York,11530-0701,"Mid East (DE ,DC, MD, NJ, NY, PA)",Private not-for-profit,No,No,Suburb: Large,"Nassau County, NY",Not applicable
Adrian College,0.6837,19.731658291,6360,Adrian,2,54950,41060715,0.4221105528,0.3100529101,27000,0,0,www.adrian.edu/,55504,0,00223400,0.0985,0,0.006,0.2716,0.3114,0.494,71,1030,3,MI,1635,0.5431,0.4569,0.0385,0.0018,0.0073,0.0654,0.0667,0.0024,0.0648,0.1358,0.6171,2025-05-19,168528,Michigan,49221-2575,"Great Lakes (IL, IN, MI, OH, WI)",Private not-for-profit,No,No,Town: Distant,"Lenawee County, MI",United Methodist
AdventHealth University,NA,26.983074753,8762,Orlando,2,38194,10320727,0.8251057828,0.3902053712,24590,0,1,www.ahu.edu/,72282,0,03115500,0,0,0,0,0.3739,0.9626,95,NA,3,FL,1068,0.147,0.853,0.0281,0,0.0403,0.1713,0.3708,0.0056,0.0449,0.03,0.309,2025-05-19,133872,Florida,32803,"Southeast (AL, AR, FL, GA, KY, LA, MS, NC, SC, TN, VA, WV)",Private not-for-profit,No,No,City: Large,"Orange County, FL",Seventh Day Adventist
Agnes Scott College,0.6731,19.9525,9149,Decatur,2,60585,218548954,PS,0.2119565217,26749,0,0,www.agnesscott.edu/,56274,0,00154200,0,0,0.0352,0.0854,0.3613,0.7239,66,1296,3,GA,898,0,1,0.0635,0.0011,0.0445,0.314,0.1392,0.0033,0.0212,0.0122,0.4009,2025-05-19,138600,Georgia,30030-3770,"Southeast (AL, AR, FL, GA, KY, LA, MS, NC, SC, TN, VA, WV)",Private not-for-profit,No,No,Suburb: Large,"DeKalb County, GA",Presbyterian Church (USA)
Alabama A & M University,0.6622,20.283741368,8610,Normal,1,23751,NA,0.5640301318,0.3658280922,31000,1,0,www.aamu.edu/,40628,0,00100200,0.0411,0.1115,0.0098,0.1448,0.6441,0.7146,NA,947,3,AL,5726,0.4172,0.5828,0.0182,0.0012,0.0017,0.9043,0.015,0.001,0.0196,0.021,0.018,2025-05-19,100654,Alabama,35762,"Southeast (AL, AR, FL, GA, KY, LA, MS, NC, SC, TN, VA, WV)",Public,Yes,No,City: Midsize,"Madison County, AL",Not applicable
Alabama State University,0.9564,20.130990415,8015,Montgomery,1,22028,108202146,0.6134185304,0.3434343434,31000,1,0,www.alasu.edu/,34502,0,00100500,0.0737,0.0168,0.0084,0.1663,0.7203,0.6637,NA,977,3,AL,3322,0.3624,0.6376,0.0126,0.0015,0.0018,0.9082,0.0111,0.0012,0.0205,0.0208,0.0223,2025-05-19,100724,Alabama,36104-0271,"Southeast (AL, AR, FL, GA, KY, LA, MS, NC, SC, TN, VA, WV)",Public,Yes,No,City: Midsize,"Montgomery County, AL",Not applicable
Alaska Pacific University,0.8621,25.582191781,7297,Anchorage,2,34964,89661298,0.6301369863,PS,23500,0,0,www.alaskapacific.edu/,54271,1,00106100,0,0,0,0.1869,0.3442,0.4775,71,NA,3,AK,400,0.275,0.725,0.115,0.2325,0.07,0.0275,0.09,0.015,0.0075,0.11,0.3325,2025-05-19,102669,Alaska,99508,"Far West (AK ,CA ,HI, NV, OR, WA)",Private not-for-profit,No,No,City: Large,"Anchorage Municipality, AK",United Methodist
Albany College of Pharmacy and Health Sciences,0.5908,20.755102041,10022,Albany,2,52317,63658295,0.6031746032,0.2169811321,25500,0,0,www.acphs.edu/,131426,0,00288500,0,0,0,0,0.2928,0.6207,NA,1280,3,NY,509,0.3792,0.6208,0.0786,0.002,0.1906,0.1022,0.0864,0,0.0472,0.0629,0.4303,2025-05-19,188526,New York,12208-3492,"Mid East (DE ,DC, MD, NJ, NY, PA)",Private not-for-profit,No,No,City: Small,"Albany County, NY",Not applicable
Albany State University,NA,23.117001828,7703,Albany,1,20574,4043047,0.6648385131,0.3351686167,25024,1,0,https://www.asurams.edu/,40674,0,00154400,0.1221,0,8e-4,0.0654,0.6498,0.7077,NA,NA,2,GA,5829,0.2613,0.7387,0.0196,0.0021,0.0034,0.8245,0.0429,0,0.0034,0.0367,0.0674,2025-05-19,138716,Georgia,31705,"Southeast (AL, AR, FL, GA, KY, LA, MS, NC, SC, TN, VA, WV)",Public,Yes,No,City: Small,"Dougherty County, GA",Not applicable
Albertus Magnus College,0.6437,28.57354759,8289,New Haven,2,56268,25962284,0.694684796,0.5338235294,30964,0,0,https://www.albertus.edu/,60144,0,00137400,0,0,0.0098,0.3779,0.4711,0.4545,30,NA,3,CT,882,0.407,0.593,0.0351,0.0011,0.0159,0.2732,0.2574,0,0.042,0.0181,0.3571,2025-05-19,128498,Connecticut,06511-1189,"New England (CT, ME, MA, NH, R,I VT)",Private not-for-profit,No,No,City: Midsize,"New Haven County, CT",Roman Catholic
Albion College,0.8316,19.627118644,7378,Albion,2,68794,176126977,0.4957627119,0.2797619048,27000,0,0,www.albion.edu/,58799,0,00223500,0.0707,0.0071,0.0035,0.159,0.4526,0.8451,NA,NA,3,MI,1347,0.4699,0.5301,0.0319,0.003,0.0148,0.17,0.1284,0,0.0379,0.0653,0.5486,2025-05-19,168546,Michigan,49224,"Great Lakes (IL, IN, MI, OH, WI)",Private not-for-profit,No,No,Town: Fringe,"Calhoun County, MI",United Methodist
Albizu University-Miami,1,26.48,8982,Miami,2,48144,NA,0.8042105263,0.2505800464,5500,0,1,https://www.albizu.edu/,41544,0,01072401,0.0909,0,0,0,0.5161,0.9474,NA,NA,3,FL,225,0.1378,0.8622,0,0,0,0.0178,0.8756,0,0.0089,0.0667,0.0311,2025-05-19,132842,Florida,33172-2209,"Southeast (AL, AR, FL, GA, KY, LA, MS, NC, SC, TN, VA, WV)",Private not-for-profit,No,No,Suburb: Large,"Miami-Dade County, FL",Not applicable
Albizu University-San Juan,1,26.48,4198,San Juan,2,19676,1152626,0.8042105263,0.2505800464,5500,0,1,https://www.albizu.edu/,41544,0,01072400,0,0,0,0,0.6913,0.2363,NA,NA,3,PR,758,0.1728,0.8272,0,0,0,0,0.9908,0,0,0.0053,0.004,2025-05-19,241331,Puerto Rico,00902-3711,"Other U.S. jurisdictions (AS, FM GU, MH, MP, PR, PW, VI)",Private not-for-profit,No,No,City: Large,"San Juan Municipio, PR",Not applicable
Albright College,0.8615,22.133385951,6670,Reading,2,44381,63838000,0.6258879242,0.3605263158,27000,0,0,www.albright.edu/home/,58700,0,00322900,0,0,0.004,0.26,0.5039,0.7582,71,NA,3,PA,1296,0.4437,0.5563,0.0671,0.0015,0.027,0.2215,0.2037,0,0.0154,0.0108,0.4529,2025-05-19,210571,Pennsylvania,19612-5234,"Mid East (DE ,DC, MD, NJ, NY, PA)",Private not-for-profit,No,No,City: Small,"Berks County, PA",United Methodist
Alcorn State University,0.2466,21.559285328,7090,Alcorn State,1,23937,20252468,0.621548457,0.3451053284,27000,1,0,www.alcorn.edu/,36421,0,00239600,0.0221,0,0.004,0.1288,0.7742,0.5327,NA,1039,3,MS,2290,0.3367,0.6633,0,0.0022,4e-4,0.9585,0.0066,0.0039,0.007,0,0.0214,2025-05-19,175342,Mississippi,39096-7500,"Southeast (AL, AR, FL, GA, KY, LA, MS, NC, SC, TN, VA, WV)",Public,Yes,No,Rural: Remote,"Claiborne County, MS",Not applicable
Alfred University,0.4833,19.844243792,7126,Alfred,2,54516,162029568,0.4638826185,0.245049505,26000,0,0,www.alfred.edu/,54897,0,00266800,0.0736,0.204,0.0033,0.1538,0.3898,0.8152,NA,1205,3,NY,1401,0.4747,0.5253,0.0264,0.0021,0.0143,0.0985,0.1106,0.0014,0.0714,0.0421,0.6331,2025-05-19,188641,New York,14802-1205,"Mid East (DE ,DC, MD, NJ, NY, PA)",Private not-for-profit,No,No,Town: Remote,"Allegany County, NY",Not applicable
Alice Lloyd College,0.8557,19.928774929,5344,Pippa Passes,2,30294,57103324,0.5726495726,0.4678899083,19599,0,0,www.alc.edu/,40573,0,00195100,0.087,0,0,0.0326,0.5565,1,NA,980,3,KY,528,0.5095,0.4905,0.0114,0.0038,0.0038,0.0473,0.0114,0,0.0038,0.0057,0.9129,2025-05-19,156189,Kentucky,41844,"Southeast (AL, AR, FL, GA, KY, LA, MS, NC, SC, TN, VA, WV)",Private not-for-profit,No,No,Rural: Remote,"Knott County, KY",Not applicable
Allegheny College,0.5853,19.510506799,8452,Meadville,2,70614,264303547,0.5290482077,0.2213333333,27000,0,0,https://allegheny.edu/,62069,0,00323000,0,0,0.0108,0.0596,0.2515,0.7366,71,1292,3,PA,1209,0.4839,0.5161,0.0422,8e-4,0.0289,0.0802,0.0794,0,0.0505,0.0223,0.6956,2025-05-19,210669,Pennsylvania,16335-3902,"Mid East (DE ,DC, MD, NJ, NY, PA)",Private not-for-profit,No,No,Town: Distant,"Crawford County, PA",United Methodist
Allen College,NA,24.619230769,7886,Waterloo,2,NA,9850563,0.8846153846,PS,18750,0,0,www.allencollege.edu/,71261,0,03069100,0,0,0,0,0.2662,0.5696,NA,NA,3,IA,279,0.0824,0.9176,0.0179,0.0036,0.0287,0.0108,0.0287,0.0072,0.0036,0.1254,0.7742,2025-05-19,152798,Iowa,50703-1999,"Plains (IA, KS, MN, MO, NE, ND, SD)",Private not-for-profit,No,No,City: Small,"Black Hawk County, IA",Not applicable
Allen University,0.3212,21.097727273,5295,Columbia,2,24804,458613,0.5,0.5065616798,34290,1,0,https://www.allenuniversity.edu/,30497,0,00341700,0,0,0.0361,0.3133,0.7977,0.5224,51,NA,3,SC,635,0.5701,0.4299,0.0252,0.0094,0,0.9024,0.0331,0,0.0157,0.011,0.0031,2025-05-19,217624,South Carolina,29204,"Southeast (AL, AR, FL, GA, KY, LA, MS, NC, SC, TN, VA, WV)",Private not-for-profit,Yes,No,City: Midsize,"Richland County, SC",African Methodist Episcopal
Alma College,0.6566,19.777456647,7148,Alma,2,61380,128521753,0.5534682081,0.2410714286,27000,0,0,www.alma.edu/,54742,0,00223600,0.1095,0,0.0036,0.1898,0.2092,0.6794,66,NA,3,MI,1208,0.4776,0.5224,0.0306,0.0025,0.0083,0.0604,0.0348,8e-4,0.0381,0.0248,0.7997,2025-05-19,168591,Michigan,48801-1599,"Great Lakes (IL, IN, MI, OH, WI)",Private not-for-profit,No,No,Town: Distant,"Gratiot County, MI",Presbyterian Church (USA)
Alpena Community College,NA,23.078353254,9704,Alpena,1,11320,7385053,0.4714475432,0.4283646889,9024,0,0,www.alpenacc.edu/,36442,0,00223700,0.0199,0.0133,0,0.1063,0.2077,0.4891,NA,NA,2,MI,715,0.4839,0.5161,0,0.0322,0.0098,0.0336,0.0266,0.0028,0,0.0098,0.8853,2025-05-19,168607,Michigan,49707,"Great Lakes (IL, IN, MI, OH, WI)",Public,No,No,Rural: Fringe,"Alpena County, MI",Not applicable
Alvernia University,0.6232,24.968006563,7924,Reading,2,54650,15583269,0.7112387203,0.4500458295,27000,0,0,https://www.alvernia.edu/,55055,0,00323300,0.0333,0,0.0044,0.1286,0.337,1,30,1160,3,PA,2042,0.3692,0.6308,0.0323,0.0015,0.0152,0.1043,0.1533,0,0.0431,0.0397,0.6107,2025-05-19,210775,Pennsylvania,19607-1799,"Mid East (DE ,DC, MD, NJ, NY, PA)",Private not-for-profit,No,No,City: Small,"Berks County, PA",Roman Catholic
Alverno College,0.931,24.360552764,6253,Milwaukee,2,44163,35474095,PS,0.4426470588,27000,0,1,https://www.alverno.edu/,53145,0,00383200,0.1727,0,0.0091,0.0455,0.4911,0.4251,30,NA,3,WI,724,0.011,0.989,0.0497,0.0028,0.0442,0.163,0.4116,0.0014,0.0055,0.011,0.3108,2025-05-19,238193,Wisconsin,53234-3922,"Great Lakes (IL, IN, MI, OH, WI)",Private not-for-profit,No,No,City: Large,"Milwaukee County, WI",Roman Catholic
Amberton University,NA,34.387096774,6924,Garland,2,NA,48445590,PS,PS,PS,0,0,www.amberton.edu/,NA,0,02259400,0,0,0,0.3333,0.2276,0.3846,88,NA,3,TX,110,0.2727,0.7273,0,0.0182,0.1,0.3182,0.1545,0.0091,0.1364,0.0182,0.2455,2025-05-19,222628,Texas,75041-5595,"Southwest (AZ, NM, OK, TX)",Private not-for-profit,No,No,Suburb: Large,"Dallas County, TX",Undenominational
American College of the Building Arts,0.6207,NA,7465,Charleston,2,38984,1843852,NA,NA,12500,0,0,acba.edu/,NA,0,04283000,0,0,0,0,0.1986,0.8889,NA,1137,3,SC,140,0.8143,0.1857,0.0071,0.0143,0.0071,0.0214,0.0143,0.0071,0,0,0.9286,2025-05-19,485698,NA,NA,NA,NA,NA,NA,NA,NA,NA
American International College,0.969,21.604678363,7944,Springfield,2,55463,28023986,0.5941520468,0.4057377049,27000,0,0,www.aic.edu/,53124,0,00211400,0.0047,0,0,0.1028,0.5004,0.1573,NA,NA,3,MA,1097,0.4959,0.5041,0.0447,0.0018,0.01,0.2607,0.2388,0.0191,0.0729,0.0128,0.3391,2025-05-19,164447,Massachusetts,01109,"New England (CT, ME, MA, NH, R,I VT)",Private not-for-profit,No,No,City: Midsize,"Hampden County, MA",Not applicable
American Musical and Dramatic Academy,0.2471,19.577287066,6026,New York,2,63779,NA,0.6963722397,0.2504302926,15250,0,0,www.amda.edu/,26975,0,00757200,0,0,0,0,0.3596,0.3145,NA,NA,1,NY,1502,0.2823,0.7177,0.0519,0.0033,0.0233,0.1658,0.1858,0.0013,0.1245,0.1165,0.3276,2025-05-19,188854,New York,10023,"Mid East (DE ,DC, MD, NJ, NY, PA)",Private not-for-profit,No,No,City: Large,"New York County, NY",Not applicable
American Samoa Community College,NA,19.699228792,5100,Pago Pago,1,10560,3121995,0.6439588689,0.5780346821,PS,0,0,www.amsamoa.edu/,30087,0,01001000,0.0708,0.0425,0,0.1557,0.6717,1,NA,NA,2,AS,884,0.3054,0.6946,0,0,0.0181,0,0,0.8778,0.1007,0.0034,0,2025-05-19,240736,American Samoa,96799-2609,"Other U.S. jurisdictions (AS, FM GU, MH, MP, PR, PW, VI)",Public,No,No,Town: Remote,"Western District, AS",Not applicable
American University,0.4738,19.730314157,13264,Washington,2,71549,908905000,0.6609547124,0.156343443,22750,0,0,www.american.edu/,77370,0,00143400,0.006,0,0.0154,0.1696,0.1273,0.5369,71,1392,3,DC,7593,0.3645,0.6355,0.0569,3e-4,0.0711,0.0788,0.128,5e-4,0.0661,0.0296,0.5687,2025-05-19,131159,District of Columbia,20016-8001,"Mid East (DE ,DC, MD, NJ, NY, PA)",Private not-for-profit,No,No,City: Large,"District of Columbia, DC",United Methodist
Amherst College,0.0982,19.660056657,14540,Amherst,2,83650,3321852777,0.5439093484,0.2084592145,13740,0,0,www.amherst.edu/,77644,0,00211500,0.0108,0,0.0868,0,0.216,0.9559,NA,1494,3,MA,1907,0.4625,0.5375,0.0844,0.0021,0.1557,0.1122,0.151,5e-4,0.1222,0.0126,0.3592,2025-05-19,164465,Massachusetts,01002-5000,"New England (CT, ME, MA, NH, R,I VT)",Private not-for-profit,No,No,Suburb: Large,"Hampshire County, MA",Not applicable
Ana G. Mendez University,NA,NA,5857,Orlando,2,NA,NA,NA,NA,12188,0,1,www.agmu.edu/,NA,0,04240400,0.0114,0,0,0.2043,0.455,0.07,NA,NA,3,FL,4897,0.2414,0.7586,0.0012,2e-4,0,0.0012,0.6769,0,0.0186,0.2775,0.0243,2025-05-19,483595,Puerto Rico,00926,"Other U.S. jurisdictions (AS, FM GU, MH, MP, PR, PW, VI)",Private not-for-profit,No,No,City: Large,"San Juan Municipio, PR",Not applicable
Anderson University,0.5281,22.545588235,7485,Anderson,2,47724,56357814,0.6955882353,0.2534562212,26700,0,0,www.andersonuniversity.edu/,42101,0,00341800,0.1467,0,0.0221,0.1562,0.2166,1,54,1190,3,SC,3080,0.3679,0.6321,0.0302,6e-4,0.0162,0.049,0.0526,3e-4,0.0143,0.0052,0.8315,2025-05-19,217633,South Carolina,29621-4035,"Southeast (AL, AR, FL, GA, KY, LA, MS, NC, SC, TN, VA, WV)",Private not-for-profit,No,No,City: Small,"Anderson County, SC",Baptist
Anderson University,0.5281,22.545588235,7485,Anderson,2,47724,56357814,0.6955882353,0.2534562212,26700,0,0,www.andersonuniversity.edu/,42101,0,00341800,0.1467,0,0.0221,0.1562,0.2166,1,54,1190,3,SC,3080,0.3679,0.6321,0.0302,6e-4,0.0162,0.049,0.0526,3e-4,0.0143,0.0052,0.8315,2025-05-19,150066,Indiana,46012-3495,"Great Lakes (IL, IN, MI, OH, WI)",Private not-for-profit,No,No,City: Small,"Madison County, IN",Church of God
Anderson University,0.5342,21.994571118,6622,Anderson,2,49098,40596000,0.5635179153,0.2316513761,27000,0,0,https://anderson.edu/,48899,0,00178500,0.1102,0.049,0.0041,0.1306,0.3587,1,57,1054,3,IN,1070,0.4916,0.5084,0.0589,0,0.0131,0.1084,0.071,0.0019,0.0084,0.0075,0.7308,2025-05-19,217633,South Carolina,29621-4035,"Southeast (AL, AR, FL, GA, KY, LA, MS, NC, SC, TN, VA, WV)",Private not-for-profit,No,No,City: Small,"Anderson County, SC",Baptist
Anderson University,0.5342,21.994571118,6622,Anderson,2,49098,40596000,0.5635179153,0.2316513761,27000,0,0,https://anderson.edu/,48899,0,00178500,0.1102,0.049,0.0041,0.1306,0.3587,1,57,1054,3,IN,1070,0.4916,0.5084,0.0589,0,0.0131,0.1084,0.071,0.0019,0.0084,0.0075,0.7308,2025-05-19,150066,Indiana,46012-3495,"Great Lakes (IL, IN, MI, OH, WI)",Private not-for-profit,No,No,City: Small,"Madison County, IN",Church of God
Andrews University,0.874,21.493230174,6920,Berrien Springs,2,43670,65553164,0.580270793,0.1721311475,26000,0,0,https://www.andrews.edu/,53187,0,00223800,0.0062,0.0492,0.0123,0.0985,0.22,0.6464,95,1177,3,MI,1262,0.4905,0.5095,0.0578,0.0016,0.1212,0.1704,0.2044,0.0063,0.2052,0.0143,0.2187,2025-05-19,168740,Michigan,49104,"Great Lakes (IL, IN, MI, OH, WI)",Private not-for-profit,No,No,Town: Fringe,"Berrien County, MI",Seventh Day Adventist
Angelo State University,0.7923,21.054108894,7914,San Angelo,1,21625,228528638,0.5607034156,0.403975994,20000,0,1,www.angelo.edu/,50116,0,00354100,8e-4,0.0224,0.0133,0.1638,0.2707,0.7427,NA,1049,3,TX,5515,0.4459,0.5541,0.0359,0.0022,0.0132,0.0618,0.4178,0.0015,0.0281,0.0054,0.4341,2025-05-19,222831,Texas,76909,"Southwest (AZ, NM, OK, TX)",Public,No,No,City: Midsize,"Tom Green County, TX",Not applicable
Anna Maria College,0.8956,22.691107644,7192,Paxton,2,61106,5821338,0.6302652106,0.3969335605,25000,0,0,www.annamaria.edu/,46651,0,00211700,0.015,0,0,0.1391,0.3424,0.2805,30,NA,3,MA,948,0.6255,0.3745,0.0105,0.0053,0.0148,0.1403,0.1435,0,0.0981,0.0981,0.4895,2025-05-19,164492,Massachusetts,01612-1198,"New England (CT, ME, MA, NH, R,I VT)",Private not-for-profit,No,No,Rural: Fringe,"Worcester County, MA",Roman Catholic
Antelope Valley Community College District,NA,24.98190709,10708,Lancaster,1,15158,6686245,0.588590057,0.5615699806,12500,0,1,www.avc.edu/,36526,0,00111300,0.0016,0.0103,0.0122,0.0661,0.4203,0.2503,NA,NA,2,CA,10905,0.4313,0.5687,0.0375,0.0022,0.0343,0.1346,0.6481,0.0014,0.0019,0.0105,0.1295,2025-05-19,109350,California,93536-5426,"Far West (AK ,CA ,HI, NV, OR, WA)",Public,No,No,Suburb: Large,"Los Angeles County, CA",Not applicable
Antioch College,0.8167,21.04,6692,Yellow Springs,2,50383,20533861,0.67,0.2777777778,PS,0,0,antiochcollege.edu/,NA,0,04244300,0,0,0,0,0.748,1,NA,NA,3,OH,127,0.3701,0.6299,0.0472,0.0157,0.0472,0.126,0.1654,0.0157,0,0.0866,0.4961,2025-05-19,483018,Ohio,45387,"Great Lakes (IL, IN, MI, OH, WI)",Private not-for-profit,No,No,Town: Fringe,"Greene County, OH",Not applicable
Antioch University,NA,35.235294118,6577,Yellow Springs,2,NA,686875,0.7478991597,0.3682539683,23501,0,0,www.antioch.edu/,51541,0,00301000,0,0,0,0.06,0.4286,NA,NA,NA,3,OH,107,0.215,0.785,0.0561,0.0093,0.0374,0.1308,0.1589,0,0.0093,0.1308,0.4673,2025-05-19,245892,Ohio,45387,"Great Lakes (IL, IN, MI, OH, WI)",Private not-for-profit,No,No,Rural: Fringe,"Greene County, OH",Not applicable
Appalachian Bible College,0.9857,20.941860465,3349,Mount Hope,2,29451,1961665,0.5697674419,PS,11000,0,0,https://abc.edu/,37467,0,00754400,0,0,0,0,0.4091,0.6053,54,1068,3,WV,168,0.5774,0.4226,0,0,0,0.0298,0.006,0,0.0357,0.0119,0.9167,2025-05-19,237136,West Virginia,25880-9557,"Southeast (AL, AR, FL, GA, KY, LA, MS, NC, SC, TN, VA, WV)",Private not-for-profit,No,No,Rural: Fringe,"Raleigh County, WV",Baptist
Appalachian State University,0.8864,21.07693575,8995,Boone,1,22654,190712711,0.5749588138,0.2500863558,20231,0,0,https://www.appstate.edu/,51836,0,00290600,0.0939,0,0.0086,0.2192,0.257,0.775,NA,1187,3,NC,19304,0.4378,0.5622,0.0463,0.0017,0.0178,0.0306,0.088,2e-4,0.0028,0.0058,0.8068,2025-05-19,197869,North Carolina,28608,"Southeast (AL, AR, FL, GA, KY, LA, MS, NC, SC, TN, VA, WV)",Public,No,No,Town: Distant,"Watauga County, NC",Not applicable
Aquinas College,0.7106,20.214876033,6676,Grand Rapids,2,49018,41318389,0.6396694215,0.2191780822,23000,0,0,https://www.aquinas.edu/,49584,0,00223900,0.1057,0,0.0163,0.2886,0.2301,0.5926,30,1087,3,MI,1201,0.4197,0.5803,0.0508,0.0017,0.0183,0.0225,0.0833,0.0017,0.0441,0.0283,0.7494,2025-05-19,168786,Michigan,49506-1801,"Great Lakes (IL, IN, MI, OH, WI)",Private not-for-profit,No,No,City: Midsize,"Kent County, MI",Roman Catholic
Arcadia University,0.7919,20.176423416,8734,Glenside,2,61240,84484000,0.6840417001,0.3067010309,27000,0,0,https://www.arcadia.edu/,58336,0,00323500,0.08,0,0.02,0.125,0.2765,0.3914,66,1210,3,PA,1799,0.3719,0.6281,0.0195,0.0056,0.0506,0.1451,0.1001,6e-4,0.0812,0.0378,0.5598,2025-05-19,211088,Pennsylvania,19038-3295,"Mid East (DE ,DC, MD, NJ, NY, PA)",Private not-for-profit,No,No,Suburb: Large,"Montgomery County, PA",Presbyterian Church (USA)
Arizona Christian University,0.7442,22.759109312,5432,Glendale,2,50950,419892,0.2894736842,0.3825503356,23000,0,1,arizonachristian.edu/,51612,0,00711300,0.1659,0,0,0.2537,0.3318,0.3736,88,NA,3,AZ,1127,0.5901,0.4099,0.0736,0.008,0.0115,0.1118,0.2671,0.0115,0.0275,0.0044,0.4845,2025-05-19,105899,Arizona,85032-7097,"Southwest (AZ, NM, OK, TX)",Private not-for-profit,No,No,City: Large,"Maricopa County, AZ",Undenominational
Arizona State University Campus Immersion,0.9019,24.7478311,12336,Tempe,1,28047,1151139450,0.5568306611,0.3813179205,19500,0,1,www.asu.edu/,62668,0,00108100,0.0467,0.0839,0.012,0.2361,0.2966,0.7282,NA,NA,3,AZ,64398,0.5155,0.4845,0.0498,0.0104,0.0908,0.0425,0.2603,0.002,0.0762,0.033,0.435,2025-05-19,104151,Arizona,85287,"Southwest (AZ, NM, OK, TX)",Public,No,No,City: Midsize,"Maricopa County, AZ",Not applicable
Arkansas Baptist College,NA,21.672,4972,Little Rock,2,22626,NA,0.2502857143,0.4495289367,25375,1,0,https://www.arkansasbaptist.edu/,28418,0,00108700,0.0417,0,0,0.2083,0.4597,0.4146,54,NA,2,AR,373,0.7373,0.2627,0.0161,0.0027,0,0.9115,0.0456,0,0.008,0.0054,0.0107,2025-05-19,106306,Arkansas,72202-6068,"Southeast (AL, AR, FL, GA, KY, LA, MS, NC, SC, TN, VA, WV)",Private not-for-profit,Yes,No,City: Midsize,"Pulaski County, AR",Baptist
Arkansas State University,0.6967,23.319087044,7601,Jonesboro,1,22823,88808323,0.6108749161,0.3882667965,20500,0,0,www.astate.edu/,42617,0,00109000,0.0619,0.0187,0.004,0.1187,0.3679,1,NA,1119,3,AR,7994,0.3787,0.6213,0.0345,0.0029,0.0099,0.1454,0.0494,6e-4,0.0781,0.0084,0.6709,2025-05-19,106458,Arkansas,72401,"Southeast (AL, AR, FL, GA, KY, LA, MS, NC, SC, TN, VA, WV)",Public,No,No,City: Small,"Craighead County, AR",Not applicable
Arkansas Tech University,0.9629,23.041621268,6868,Russellville,1,21536,62417057,0.5661364132,0.4574780059,21000,0,0,https://www.atu.edu/,41766,0,00108900,0.0418,0.0171,0.0058,0.1397,0.3375,1,NA,1050,3,AR,5993,0.4228,0.5772,0.0499,0.008,0.0185,0.0641,0.1178,5e-4,0.0225,0,0.7187,2025-05-19,106467,Arkansas,72801-2222,"Southeast (AL, AR, FL, GA, KY, LA, MS, NC, SC, TN, VA, WV)",Public,No,No,Town: Remote,"Pope County, AR",Not applicable
Arlington Baptist University,NA,23.364341085,4038,Arlington,2,32374,NA,0.3643410853,0.4576271186,27000,0,1,https://abu.edu/,44644,0,02081400,0.15,0,0,0.25,0.5509,0.1613,54,NA,3,TX,268,0.6269,0.3731,0.0075,0.0075,0.0037,0.2201,0.3657,0.0037,0.0037,0.0037,0.3843,2025-05-19,222877,Texas,76012-3425,"Southwest (AZ, NM, OK, TX)",Private not-for-profit,No,No,City: Large,"Tarrant County, TX",Baptist
Art Academy of Cincinnati,0.3314,21.765957447,5573,Cincinnati,2,48176,2173941,0.7446808511,0.3076923077,27000,0,0,https://www.artacademy.edu/,34368,0,00301100,0,0,0,0,0.4803,0.2444,NA,NA,3,OH,254,0.2441,0.7559,0.0827,0,0.0079,0.1811,0.0591,0,0.0039,0.0276,0.6378,2025-05-19,201061,Ohio,45202-1706,"Great Lakes (IL, IN, MI, OH, WI)",Private not-for-profit,No,No,City: Large,"Hamilton County, OH",Not applicable
Art Center College of Design,0.7498,22.846570397,8726,Pasadena,2,71652,127039000,0.5523465704,0.2428842505,31000,0,0,www.artcenter.edu/,71958,0,00111600,0,0,0,0,0.245,0.2389,NA,NA,3,CA,2054,0.409,0.591,0.0394,0,0.3043,0.0151,0.1013,0.0024,0.443,0,0.0944,2025-05-19,109651,California,91103,"Far West (AK ,CA ,HI, NV, OR, WA)",Private not-for-profit,No,No,City: Midsize,"Los Angeles County, CA",Not applicable
Asbury University,0.6406,23.255878285,7012,Wilmore,2,46209,68574686,0.6154910097,0.2362318841,24028,0,0,https://www.asbury.edu/,42368,0,00195200,0.1053,0.0075,0.0075,0.218,0.2631,0.4703,NA,NA,3,KY,1369,0.3952,0.6048,0.0292,0.0015,0.0102,0.0365,0.0657,0,0.0584,0.0212,0.7772,2025-05-19,156213,Kentucky,40390-1198,"Southeast (AL, AR, FL, GA, KY, LA, MS, NC, SC, TN, VA, WV)",Private not-for-profit,No,No,Town: Fringe,"Jessamine County, KY",Not applicable
Ashland University,0.8057,29.591521525,7441,Ashland,2,40519,58736343,0.4403549129,0.4089443997,25000,0,0,https://www.ashland.edu/,52928,0,00301200,0.123,0,0.0015,0.1581,0.276,0.3697,28,1119,3,OH,2250,0.4667,0.5333,0.0333,0.0067,0.0129,0.0884,0.036,0,0.0227,0.0284,0.7716,2025-05-19,201104,Ohio,44805,"Great Lakes (IL, IN, MI, OH, WI)",Private not-for-profit,No,No,Town: Fringe,"Ashland County, OH",Brethren Church
Assumption University,0.8654,20.621,9542,Worcester,2,61777,108227034,0.597,0.1752903907,27000,0,0,https://www.assumption.edu/,74895,0,00211800,0.0021,0,0.0256,0.2692,0.1937,0.5125,30,NA,3,MA,1664,0.4591,0.5409,0.0331,0.0012,0.027,0.0565,0.1136,6e-4,0.0258,0.0156,0.7266,2025-05-19,164562,Massachusetts,01609-1296,"New England (CT, ME, MA, NH, R,I VT)",Private not-for-profit,No,No,City: Midsize,"Worcester County, MA",Roman Catholic
Atenas College,NA,22.193617021,1733,Manati,2,15338,NA,0.6946808511,0.5214646465,6525,0,1,www.atenascollege.edu/,20231,0,03544300,0,0,0,0,0.8119,0.5287,NA,NA,2,PR,545,0.2404,0.7596,0,0,0,0,1,0,0,0,0,2025-05-19,440651,Puerto Rico,00674-0000,"Other U.S. jurisdictions (AS, FM GU, MH, MP, PR, PW, VI)",Private not-for-profit,No,No,Suburb: Large,"Manatí  Municipio, PR",Not applicable
Athens State University,NA,30.384765625,9452,Athens,1,NA,4982337,0.705078125,0.4774964838,18051,0,0,https://www.athens.edu/,50273,0,00100800,0.3251,0,0.0234,0.3416,0.4238,0.4783,NA,NA,3,AL,2407,0.2842,0.7158,0.0353,0.0137,0.0075,0.1172,0.0536,8e-4,0.0037,0.0079,0.7603,2025-05-19,100812,Alabama,35611,"Southeast (AL, AR, FL, GA, KY, LA, MS, NC, SC, TN, VA, WV)",Public,No,No,Town: Fringe,"Limestone County, AL",Not applicable
Atlanta Metropolitan State College,NA,24.264351852,7745,Atlanta,1,11528,533698,0.6287037037,0.3948094975,14123,0,0,https://www.atlm.edu/,33252,0,01216500,0,0,0,0.2076,0.5382,0.4648,NA,NA,2,GA,1348,0.3464,0.6536,0.0326,0.0015,0.0104,0.8702,0.0467,0,0.0134,0.003,0.0223,2025-05-19,138901,Georgia,30310-4448,"Southeast (AL, AR, FL, GA, KY, LA, MS, NC, SC, TN, VA, WV)",Public,No,No,City: Large,"Fulton County, GA",Not applicable
Atlantic University,NA,20.993362832,2721,Guaynabo,2,12363,NA,0.2654867257,0.1530120482,5457,0,1,www.atlanticu.edu/,25272,0,02505400,0,0,0,0,0.8351,0.8796,NA,NA,3,PR,1517,0.6065,0.3935,0,0,0,0,1,0,0,0,0,2025-05-19,241216,Puerto Rico,00970,"Other U.S. jurisdictions (AS, FM GU, MH, MP, PR, PW, VI)",Private not-for-profit,No,No,City: Small,"Guaynabo Municipio, PR",Not applicable
Auburn University,0.5047,20.516795866,11907,Auburn,1,34402,911152148,0.531504671,0.1726471191,21000,0,0,www.auburn.edu/,65337,0,00100900,0.0418,0.1714,0.005,0.2523,0.1226,0.8587,NA,1318,3,AL,25732,0.4995,0.5005,0.0299,0.0026,0.0283,0.0418,0.0432,6e-4,0.0199,0.0034,0.8303,2025-05-19,100858,Alabama,36849,"Southeast (AL, AR, FL, GA, KY, LA, MS, NC, SC, TN, VA, WV)",Public,No,No,City: Small,"Lee County, AL",Not applicable
Auburn University at Montgomery,0.9263,22.199804114,8823,Montgomery,1,21873,57070175,0.6929480901,0.38189609,25000,0,0,www.aum.edu/,44391,0,00831000,0.065,0,0.0042,0.1935,0.4275,0.6955,NA,1090,3,AL,2693,0.339,0.661,0.0486,0.0041,0.033,0.4203,0.0178,0.0011,0.046,0.0071,0.4218,2025-05-19,100830,Alabama,36117-3596,"Southeast (AL, AR, FL, GA, KY, LA, MS, NC, SC, TN, VA, WV)",Public,No,No,City: Midsize,"Montgomery County, AL",Not applicable
Augsburg University,0.7653,22.592505855,8411,Minneapolis,2,57966,70632324,0.5464480874,0.2890120037,25347,0,0,www.augsburg.edu/,58829,0,00233400,0.0537,0,0.0179,0.2545,0.515,0.5348,39,NA,3,MN,2429,0.445,0.555,0.0729,0.0144,0.107,0.2882,0.1449,0.0016,0.021,0.021,0.3289,2025-05-19,173045,Minnesota,55454,"Plains (IA, KS, MN, MO, NE, ND, SD)",Private not-for-profit,No,No,City: Large,"Hennepin County, MN",Evangelical Lutheran Church
Augusta University,0.8931,22.655701754,9791,Augusta,1,22146,328832564,0.673245614,0.2831900669,20500,0,0,www.augusta.edu/,48472,0,00157900,0.047,0.0018,0.009,0.1184,0.3838,0.6551,NA,1113,3,GA,5282,0.3593,0.6407,0.0594,0.0023,0.0846,0.2639,0.1024,0.0015,0.0136,0.0129,0.4593,2025-05-19,482149,Georgia,30912,"Southeast (AL, AR, FL, GA, KY, LA, MS, NC, SC, TN, VA, WV)",Public,No,No,City: Midsize,"Richmond County, GA",Not applicable
Augustana College,0.6765,19.553406998,8058,Rock Island,2,60798,196811090,0.5883977901,0.2224352828,27000,0,0,www.augustana.edu/,62971,0,00163300,0.0852,0.0076,0.017,0.233,0.2192,0.7739,39,1133,3,IL,2418,0.4648,0.5352,0.0364,4e-4,0.0244,0.0426,0.1274,4e-4,0.1679,0.0174,0.5831,2025-05-19,143084,Illinois,61201-2296,"Great Lakes (IL, IN, MI, OH, WI)",Private not-for-profit,No,No,City: Small,"Rock Island County, IL",Evangelical Lutheran Church
Augustana University,0.5925,20.236065574,7514,Sioux Falls,2,53169,108384198,0.6524590164,0.1448275862,25000,0,0,www.augie.edu/,59217,0,00345800,0.0604,0.0026,0.0315,0.1496,0.16,0.7232,39,1187,3,SD,1818,0.3872,0.6128,0.0314,0.0055,0.0209,0.0347,0.0484,0.0017,0.1045,0.0017,0.7514,2025-05-19,219000,South Dakota,57197-0001,"Plains (IA, KS, MN, MO, NE, ND, SD)",Private not-for-profit,No,No,City: Midsize,"Minnehaha County, SD",Evangelical Lutheran Church
Aultman College of Nursing and Health Sciences,0.4127,26.131147541,6986,Canton,2,27792,2598765,0.9016393443,0.5240174672,20000,0,0,https://www.aultmancollege.edu/,63582,0,00648700,0,0,0,0,0.372,0.3171,NA,1020,2,OH,232,0.0819,0.9181,0.0345,0,0.0043,0.0733,0.0043,0,0,0.0345,0.8491,2025-05-19,201177,Ohio,44710-1797,"Great Lakes (IL, IN, MI, OH, WI)",Private not-for-profit,No,No,City: Small,"Stark County, OH",Not applicable
Aurora University,0.8514,23.373099954,8990,Aurora,2,39232,45525480,0.6651312759,0.4569466455,20318,0,1,https://aurora.edu/,58709,0,00163400,0.0802,0,0.0091,0.2109,0.4345,0.2348,NA,1072,3,IL,4021,0.3382,0.6618,0.0241,0.0015,0.0348,0.0594,0.4225,0,0.0075,0.0584,0.3917,2025-05-19,143118,Illinois,60506-4892,"Great Lakes (IL, IN, MI, OH, WI)",Private not-for-profit,No,No,Suburb: Large,"Kane County, IL",Not applicable
Austin College,0.4666,19.667377399,8520,Sherman,2,59654,158325617,0.5053304904,0.2339449541,24500,0,1,www.austincollege.edu/,61296,0,00354300,0,0,0.0105,0.2211,0.3042,0.8551,66,1272,3,TX,1125,0.4791,0.5209,0.0427,0.008,0.1084,0.072,0.2507,9e-4,0.0116,0.0027,0.5031,2025-05-19,222983,Texas,75090-4400,"Southwest (AZ, NM, OK, TX)",Private not-for-profit,No,No,City: Small,"Grayson County, TX",Presbyterian Church (USA)
Austin Community College District,NA,24.566759665,8735,Austin,1,11156,12655671,0.558947788,0.4522895402,10499,0,1,www.austincc.edu/,43177,0,01201500,0.0107,0.0082,0.0025,0.1311,0.2309,0.4091,NA,NA,2,TX,25969,0.4291,0.5709,0.0325,0.0035,0.0601,0.0903,0.4259,0.0027,0.0167,0.0053,0.3632,2025-05-19,222992,Texas,78752,"Southwest (AZ, NM, OK, TX)",Public,No,No,City: Large,"Travis County, TX",Not applicable
Austin Peay State University,0.9595,23.378538903,8879,Clarksville,1,26790,42838950,0.5990892892,0.395009936,20547,0,0,www.apsu.edu/,44301,0,00347800,0.0319,0.0016,0.0028,0.0802,0.456,1,NA,1050,3,TN,7365,0.4109,0.5891,0.0631,0.0033,0.0229,0.2153,0.1147,0.0027,0.0087,0.0519,0.5173,2025-05-19,219602,Tennessee,37044,"Southeast (AL, AR, FL, GA, KY, LA, MS, NC, SC, TN, VA, WV)",Public,No,No,City: Midsize,"Montgomery County, TN",Not applicable
Ave Maria University,0.4481,19.974304069,8738,Ave Maria,2,43220,8682351,0.4839400428,0.1763392857,20776,0,0,www.avemaria.edu/,49520,0,03941300,0.0189,0,0.0264,0.2491,0.2318,1,30,NA,3,FL,1229,0.4508,0.5492,0,0.0073,0.0391,0.0342,0.1603,0,0.0244,0.0334,0.7014,2025-05-19,446048,Florida,34142-9505,"Southeast (AL, AR, FL, GA, KY, LA, MS, NC, SC, TN, VA, WV)",Private not-for-profit,No,No,Rural: Distant,"Collier County, FL",Roman Catholic
Averett University,0.478,24.65512979,6509,Danville,2,51456,26654790,0.5265760198,0.3755102041,25000,0,0,https://www.averett.edu/,51516,0,00370200,0.0602,0,0.0038,0.1842,0.3904,1,54,1054,3,VA,1162,0.5,0.5,0.0499,0.006,0.012,0.2728,0.0542,0.0034,0.0904,0.0215,0.4897,2025-05-19,231420,Virginia,24541,"Southeast (AL, AR, FL, GA, KY, LA, MS, NC, SC, TN, VA, WV)",Private not-for-profit,No,No,Town: Distant,"Danville City, VA",Baptist
Avila University,0.5954,23.66621067,6864,Kansas City,2,32863,16273905,0.6292749658,0.3674698795,25000,0,0,https://www.avila.edu/,52773,0,00244900,0.0556,0,0,0.1759,0.4908,0.3039,30,942,3,MO,1192,0.3767,0.6233,0.0201,0.0109,0.026,0.281,0.1846,0.0042,0.021,0.0193,0.4329,2025-05-19,176628,Missouri,64145-1698,"Plains (IA, KS, MN, MO, NE, ND, SD)",Private not-for-profit,No,No,City: Large,"Jackson County, MO",Roman Catholic
Azusa Pacific University,0.7948,26.05728789,10096,Azusa,2,54735,89461386,0.7258883249,0.3798259924,23219,0,1,www.apu.edu/,66677,0,00111700,0.0016,0.0072,0.0064,0.1099,0.3465,0.349,88,1155,3,CA,2977,0.3161,0.6839,0.0527,0.004,0.1407,0.0665,0.3839,0.0094,0.0417,0.0386,0.2623,2025-05-19,109785,California,91702-7000,"Far West (AK ,CA ,HI, NV, OR, WA)",Private not-for-profit,No,No,Suburb: Large,"Los Angeles County, CA",Undenominational
Babson College,0.1974,19.440711462,19491,Wellesley,2,77248,663315949,0.4822134387,0.1487603306,20000,0,0,www.babson.edu/,123938,0,00212100,0,0,0,1,0.1423,1,NA,1435,3,MA,2696,0.572,0.428,0.0252,4e-4,0.1332,0.0471,0.1658,0,0.2852,0.0423,0.3008,2025-05-19,164580,Massachusetts,02457-0310,"New England (CT, ME, MA, NH, R,I VT)",Private not-for-profit,No,No,Suburb: Large,"Norfolk County, MA",Not applicable
Bacone College,NA,22.116251483,6462,Muskogee,2,30407,5956616,0.334519573,0.4520547945,26187,0,0,www.bacone.edu/,40006,1,00314700,0.0968,0,0,0.1613,0.5296,1,NA,NA,3,OK,106,0.5849,0.4151,0.066,0.5377,0,0.1226,0.0755,0,0.0189,0.0943,0.0849,2025-05-19,206817,Oklahoma,74403-1597,"Southwest (AZ, NM, OK, TX)",Private not-for-profit,No,No,Town: Distant,"Muskogee County, OK",American Baptist
Bais Medrash Toras Chesed,0.6301,22.071428571,5206,Lakewood,2,13700,NA,PS,PS,PS,0,0,www.bmtc.edu/,NA,0,04081300,0,0,0,0,0.3182,NA,NA,NA,3,NJ,125,1,0,0,0,0,0,0,0,0,0,1,2025-05-19,449658,New Jersey,08701,"Mid East (DE ,DC, MD, NJ, NY, PA)",Private not-for-profit,No,No,City: Small,"Ocean County, NJ",Not applicable
Baker College,0.875,26.256857402,6411,Owosso,2,23456,348217506,0.6670299728,0.4714151828,25000,0,0,www.baker.edu/,35833,0,00467300,0.0153,0,0,0.2224,0.3811,0.1661,NA,1080,2,MI,3026,0.2323,0.7677,0.0492,0.0063,0.0182,0.1008,0.0555,0.0013,0.002,0.0099,0.7568,2025-05-19,168847,Michigan,48507-5508,"Great Lakes (IL, IN, MI, OH, WI)",Private not-for-profit,No,No,Suburb: Large,"Genesee County, MI",Not applicable
Baker University,0.921,25.493718593,6838,Baldwin City,2,48117,49600633,0.5992462312,0.3628922237,25000,0,0,https://www.bakeru.edu/,63855,0,00190300,0.0687,0,0.0103,0.2955,0.2386,0.2327,71,950,3,KS,1080,0.4806,0.5194,0.0389,0.0157,0.012,0.113,0.112,0.0019,0.0306,0.0241,0.6519,2025-05-19,154688,Kansas,66006-0065,"Plains (IA, KS, MN, MO, NE, ND, SD)",Private not-for-profit,No,No,Town: Fringe,"Douglas County, KS",United Methodist
Bakersfield College,NA,23.196973425,11454,Bakersfield,1,13726,13049194,0.5835383858,0.6305084746,8312,0,1,https://www.bakersfieldcollege.edu/,37291,0,00111800,0.0037,0.0034,0.0069,0.0376,0.2876,0.5346,NA,NA,2,CA,16451,0.4493,0.5507,0.034,0.0031,0.0381,0.0551,0.6509,0.0011,0.0031,0.005,0.2095,2025-05-19,109819,California,93305-1299,"Far West (AK ,CA ,HI, NV, OR, WA)",Public,No,No,City: Large,"Kern County, CA",Not applicable
Baldwin Wallace University,0.7685,21.133462282,8511,Berea,2,54200,163274965,0.5390070922,0.3180887372,27000,0,0,https://www.bw.edu/,54122,0,00301400,0.0744,0.0174,0.0079,0.1978,0.285,0.5067,NA,1176,3,OH,2775,0.4548,0.5452,0.0602,0.0014,0.0187,0.0638,0.0724,7e-4,0.0029,0.0065,0.7733,2025-05-19,201195,Ohio,44017-2088,"Great Lakes (IL, IN, MI, OH, WI)",Private not-for-profit,No,No,Suburb: Large,"Cuyahoga County, OH",United Methodist
Ball State University,0.716,20.629952896,8181,Muncie,1,25134,240976230,0.5982266556,0.2772175946,23250,0,0,https://www.bsu.edu/,51833,0,00178600,0.117,0,0.0013,0.1816,0.3358,0.7813,NA,1172,3,IN,13770,0.3911,0.6089,0.0466,0.0014,0.0227,0.1012,0.0757,4e-4,0.0051,0.0166,0.7303,2025-05-19,150136,Indiana,47306,"Great Lakes (IL, IN, MI, OH, WI)",Public,No,No,City: Small,"Delaware County, IN",Not applicable
Baptist Health Sciences University,0.6776,26.654761905,7254,Memphis,2,21438,75177752,0.9200680272,0.4285714286,29500,0,0,www.baptistu.edu/,72529,0,03440300,0,0,0,0,0.4698,0.9737,54,1050,3,TN,673,0.0817,0.9183,0.0134,0.0059,0.0223,0.4651,0.0713,0,0,0.0327,0.3893,2025-05-19,219639,Tennessee,38104,"Southeast (AL, AR, FL, GA, KY, LA, MS, NC, SC, TN, VA, WV)",Private not-for-profit,No,No,City: Large,"Shelby County, TN",Baptist
Baptist University of Florida,0.641,26.005376344,5241,Graceville,2,20596,8326187,0.4731182796,0.3414634146,23590,0,0,www.buf.edu/,42836,0,02159600,0.0625,0,0,0.1042,0.3403,1,75,1045,3,FL,248,0.5242,0.4758,0.0685,0.004,0.0161,0.0565,0.0121,0,0,0.2097,0.6331,2025-05-19,132408,Florida,32440,"Southeast (AL, AR, FL, GA, KY, LA, MS, NC, SC, TN, VA, WV)",Private not-for-profit,No,No,Town: Distant,"Jackson County, FL",Southern Baptist
Barclay College,0.5449,24.097222222,5336,Haviland,2,40190,7048498,0.4444444444,0.4031007752,27000,0,0,www.barclaycollege.edu/,36355,0,00191700,0.1515,0,0,0.1818,0.6513,0.5122,65,NA,3,KS,161,0.4969,0.5031,0.0745,0.0248,0.0124,0.1925,0.1801,0,0.0373,0.0062,0.472,2025-05-19,155070,Kansas,67059-0288,"Plains (IA, KS, MN, MO, NE, ND, SD)",Private not-for-profit,No,No,Rural: Remote,"Kiowa County, KS",Friends
Bard College,0.5229,19.82629108,12376,Annandale-On-Hudson,2,81661,141748775,0.6197183099,0.1217105263,24254,0,0,www.bard.edu/,46543,0,00267100,0,0,0,0,0.2308,0.6312,NA,1387,3,NY,2280,0.4346,0.5654,0.0675,0.0013,0.0259,0.1351,0.1325,0,0.136,0.05,0.4518,2025-05-19,189088,New York,12504-5000,"Mid East (DE ,DC, MD, NJ, NY, PA)",Private not-for-profit,No,No,Town: Fringe,"Dutchess County, NY",Not applicable
Bard College at Simon's Rock,0.9721,19.82629108,8162,Great Barrington,2,82465,2175187,0.6197183099,0.1217105263,24254,0,0,www.simons-rock.edu/,46543,0,00267122,0,0.0179,0.0536,0,0.2349,0.6984,NA,NA,2,MA,237,0.3797,0.6203,0.0042,0.0042,0.0675,0.0844,0.0759,0,0.2236,0.1013,0.4388,2025-05-19,167792,Massachusetts,01230-9702,"New England (CT, ME, MA, NH, R,I VT)",Private not-for-profit,No,No,Rural: Fringe,"Berkshire County, MA",Not applicable
Barnard College,0.0796,19.256,15399,New York,2,84023,447544000,PS,0.1556503198,18000,0,0,www.barnard.edu/,80516,0,00270800,0.0146,0,0.0543,0,0.154,1,NA,1500,3,NY,3219,0,1,0.0758,6e-4,0.2041,0.0556,0.1559,0,0.1401,0.0227,0.3451,2025-05-19,189097,New York,10027-6598,"Mid East (DE ,DC, MD, NJ, NY, PA)",Private not-for-profit,No,No,City: Large,"New York County, NY",Not applicable
Barnes-Jewish College Goldfarb School of Nursing,NA,26.285472973,8165,Saint Louis,2,NA,41674716,0.875,0.3087719298,16750,0,0,https://www.barnesjewishcollege.edu/,84393,0,00638900,0,0,0,0,0.2458,0.4737,NA,NA,3,MO,426,0.1033,0.8967,0.0423,0.0047,0.0376,0.2019,0.0023,0,0.0117,0.0493,0.6502,2025-05-19,177719,Missouri,63110,"Plains (IA, KS, MN, MO, NE, ND, SD)",Private not-for-profit,No,No,City: Large,"St. Louis City, MO",Not applicable
Barry University,0.5907,26.625468165,8784,Miami,2,48300,49943246,0.6736222579,0.4355670103,26997,0,1,www.barry.edu/,55966,0,00146600,0.0315,0,0,0.2137,0.4571,0.2524,30,NA,3,FL,2245,0.3693,0.6307,0.0312,0.0031,0.0143,0.3782,0.3479,9e-4,0.1065,0.0094,0.1087,2025-05-19,132471,Florida,33161-6695,"Southeast (AL, AR, FL, GA, KY, LA, MS, NC, SC, TN, VA, WV)",Private not-for-profit,No,No,Suburb: Large,"Miami-Dade County, FL",Roman Catholic
Barton College,0.9587,23.259504132,6679,Wilson,2,48055,29122201,0.7305785124,0.3500931099,25877,0,0,https://www.barton.edu/,47913,0,00290800,0.0508,0,0,0.178,0.369,0.9655,61,NA,3,NC,1020,0.5186,0.4814,0.0098,0.0049,0.0039,0.2706,0.1127,0,0.049,0.002,0.5471,2025-05-19,197911,North Carolina,27893-7000,"Southeast (AL, AR, FL, GA, KY, LA, MS, NC, SC, TN, VA, WV)",Private not-for-profit,No,No,Town: Fringe,"Wilson County, NC",Christian Church (Disciples of Christ)
Bates College,0.1302,19.421404682,11817,Lewiston,2,80440,418543930,0.491638796,0.150877193,14275,0,0,www.bates.edu/,69498,0,00203600,0,0,0.0433,0,0.1022,0.9526,NA,1446,3,ME,1753,0.4934,0.5066,0.0839,0.0023,0.0656,0.0445,0.0884,6e-4,0.0953,0.0057,0.6138,2025-05-19,160977,Maine,04240,"New England (CT, ME, MA, NH, R,I VT)",Private not-for-profit,No,No,City: Small,"Androscoggin County, ME",Not applicable
Bay Mills Community College,NA,27.51010101,6028,Brimley,1,11801,11985586,0.702020202,0.5614035088,PS,0,0,www.bmcc.edu/,30048,0,03066600,0.531,0,0,0.1062,0.4209,0.2025,NA,NA,1,MI,531,0.2015,0.7985,0,0.6742,0,0.0188,0.0113,0,0,0,0.2957,2025-05-19,380359,Michigan,49715,"Great Lakes (IL, IN, MI, OH, WI)",Public,No,Yes,Rural: Distant,"Chippewa County, MI",Not applicable
Bay Path University,0.735,29.326963907,9298,Longmeadow,2,47064,64645290,PS,0.4970662196,24901,0,0,www.baypath.edu/,55383,0,00212200,0.0881,0,0,0.2264,0.6616,0.1413,NA,NA,3,MA,1186,0,1,0.0067,8e-4,0.0219,0.1206,0.2504,0,0.0017,0.1273,0.4705,2025-05-19,164632,Massachusetts,01106,"New England (CT, ME, MA, NH, R,I VT)",Private not-for-profit,No,No,Suburb: Large,"Hampden County, MA",Not applicable
Baylor University,0.5099,20.037364302,11631,Waco,2,70130,1993617000,0.6033829841,0.1710906702,23000,0,0,www.baylor.edu/,65793,0,00354500,0.0279,0.0255,0.0106,0.2756,0.1298,0.6462,54,1313,3,TX,15007,0.4028,0.5972,0.0501,0.0029,0.0868,0.0501,0.1642,0.0016,0.0296,0.0061,0.6086,2025-05-19,223232,Texas,76798,"Southwest (AZ, NM, OK, TX)",Private not-for-profit,No,No,City: Midsize,"McLennan County, TX",Baptist
Be'er Yaakov Talmudic Seminary,NA,18.468085106,1650,Spring Valley,2,19351,NA,PS,PS,PS,0,0,www.byts.edu/,17360,0,04192800,0,0,0,0,0.8934,0.5968,NA,NA,3,NY,679,1,0,0,0,0,0,0,0,0,0,1,2025-05-19,476717,New York,10977-1912,"Mid East (DE ,DC, MD, NJ, NY, PA)",Private not-for-profit,No,No,Suburb: Large,"Rockland County, NY",Not applicable
Beacon College,0.6037,22.205479452,6728,Leesburg,2,68815,1682950,0.4657534247,0.1911764706,25000,0,0,https://www.beaconcollege.edu/,29420,0,03373300,0,0,0,0.181,0.2601,1,NA,NA,3,FL,497,0.6217,0.3783,0.0503,0.002,0.0382,0.1167,0.0905,0.004,0.0121,0.004,0.6821,2025-05-19,384254,Florida,34748,"Southeast (AL, AR, FL, GA, KY, LA, MS, NC, SC, TN, VA, WV)",Private not-for-profit,No,No,Suburb: Midsize,"Lake County, FL",Not applicable
Beis Medrash Heichal Dovid,0.7,19.65,12801,Far Rockaway,2,20500,NA,PS,PS,PS,0,0,www.heichaldovid.org/,NA,0,03713300,0,0,0,0,0.1497,NA,80,NA,3,NY,183,1,0,0,0,0,0,0,0,0.0546,0,0.9454,2025-05-19,444413,New York,11691-4433,"Mid East (DE ,DC, MD, NJ, NY, PA)",Private not-for-profit,No,No,City: Large,"Queens County, NY",Jewish
Belhaven University,0.5325,30.590542099,5598,Jackson,2,38359,6552352,0.6828143022,0.3951187335,26333,0,0,https://www.belhaven.edu/,46440,0,00239700,0.0314,0,0.0048,0.3261,0.4454,0.1368,66,1050,3,MS,1370,0.3686,0.6314,0.0518,0.0109,0.008,0.4409,0.0445,7e-4,0.0168,0.0562,0.3701,2025-05-19,175421,Mississippi,39202,"Southeast (AL, AR, FL, GA, KY, LA, MS, NC, SC, TN, VA, WV)",Private not-for-profit,No,No,City: Midsize,"Hinds County, MS",Presbyterian Church (USA)
Bellarmine University,0.9359,20.672742336,8511,Louisville,2,60247,71030451,0.6793703397,0.2726480836,25000,0,0,https://www.bellarmine.edu/,62069,0,00195400,0.0427,0.0253,0.0095,0.1487,0.2501,0.4914,30,1208,3,KY,2286,0.3876,0.61240000000000006,0.0512,0.0022,0.0328,0.0971,0.077,4e-4,0.0201,0.0083,0.7108,2025-05-19,156286,Kentucky,40205-0671,"Southeast (AL, AR, FL, GA, KY, LA, MS, NC, SC, TN, VA, WV)",Private not-for-profit,No,No,City: Large,"Jefferson County, KY",Roman Catholic
Bellevue College,NA,25.995650455,10919,Bellevue,1,19798,13438887,0.5591142744,0.4112149533,12375,0,0,https://bellevuecollege.edu/,56310,0,00376900,0.0238,0.0057,0,0.1313,0.0977,0.29,NA,NA,2,WA,6901,0.4446,0.5554,0.0794,0.0014,0.1969,0.053,0.1336,0.0016,0.1069,0.1035,0.3236,2025-05-19,234669,Washington,98007-6484,"Far West (AK ,CA ,HI, NV, OR, WA)",Public,No,No,City: Midsize,"King County, WA",Not applicable
Bellevue University,NA,31.506609385,6501,Bellevue,2,33315,96628759,0.5948446794,0.4493882091,20000,0,0,www.bellevue.edu/,61289,0,00974300,0.0043,0,0.0027,0.4997,0.2891,0.1141,NA,NA,3,NE,10426,0.4708,0.5292,0.0333,0.0073,0.033,0.1635,0.152,0.0032,3e-4,0.1076,0.4998,2025-05-19,180814,Nebraska,68005-3098,"Plains (IA, KS, MN, MO, NE, ND, SD)",Private not-for-profit,No,No,Suburb: Large,"Sarpy County, NE",Not applicable
Bellin College,1,25.154205607,7875,Green Bay,2,32000,13958982,0.8878504673,0.3103448276,18000,0,0,https://www.bellincollege.edu/,76222,0,00663900,0,0,0,0,0.1332,0.8727,NA,NA,3,WI,338,0.068,0.932,0.0325,0.0089,0.0207,0.0089,0.0207,0.003,0,0.0178,0.8876,2025-05-19,238324,Wisconsin,54311,"Great Lakes (IL, IN, MI, OH, WI)",Private not-for-profit,No,No,Rural: Fringe,"Brown County, WI",Not applicable
Bellingham Technical College,NA,28.854491463,9750,Bellingham,1,14885,3975180,0.4825538233,0.405451448,17459,0,0,https://www.btc.edu/,49748,0,00499900,0,0,0,0.0925,0.3113,0.9859,NA,NA,1,WA,1523,0.4734,0.5266,0.0716,0.0085,0.0552,0.0151,0.1733,0.0013,7e-4,0.086,0.5883,2025-05-19,234696,Washington,98225-1599,"Far West (AK ,CA ,HI, NV, OR, WA)",Public,No,No,City: Small,"Whatcom County, WA",Not applicable
Belmont Abbey College,0.9038,23.723964868,6584,Belmont,2,32494,12195801,0.5181932246,0.2736982644,26000,0,0,www.belmontabbeycollege.edu/,47937,0,00291000,0.0564,0,0.0075,0.3308,0.2542,0.6184,30,1082,3,NC,1454,0.5337,0.4663,0.0241,0.0014,0.0151,0.0839,0.086,0.0034,0.0406,0.1059,0.6396,2025-05-19,197984,North Carolina,28012-1802,"Southeast (AL, AR, FL, GA, KY, LA, MS, NC, SC, TN, VA, WV)",Private not-for-profit,No,No,Suburb: Midsize,"Gaston County, NC",Roman Catholic
Belmont University,0.9636,20.476534296,10135,Nashville,2,60480,369312966,0.6539453326,0.1584582441,20500,0,0,https://www.belmont.edu/,55930,0,00347900,0.0165,6e-4,0.0044,0.1117,0.1852,0.6256,42,1277,3,TN,7306,0.3422,0.6578,0.0442,0.003,0.0331,0.0531,0.095,0.001,0.0093,0.012,0.7492,2025-05-19,219709,Tennessee,37212-3757,"Southeast (AL, AR, FL, GA, KY, LA, MS, NC, SC, TN, VA, WV)",Private not-for-profit,No,No,City: Large,"Davidson County, TN",Interdenominational
Beloit College,0.5736,19.727810651,7473,Beloit,2,68653,83541468,0.5325443787,0.1930184805,25738,0,0,www.beloit.edu/,53260,0,00383500,0.0427,0.0047,0.0095,0.0521,0.2946,0.781,NA,1318,3,WI,898,0.4855,0.5145,0.0445,0,0.0245,0.0846,0.1771,0,0.1425,0.0234,0.5033,2025-05-19,238333,Wisconsin,53511-5595,"Great Lakes (IL, IN, MI, OH, WI)",Private not-for-profit,No,No,City: Small,"Rock County, WI",Not applicable
Bemidji State University,0.7066,24.029595665,9734,Bemidji,1,23066,30044000,0.5981659025,0.2725245317,19750,0,0,https://www.bemidjistate.edu/,53755,0,00233600,0.1183,0,0.0142,0.2125,0.2628,0.6165,NA,1090,3,MN,3120,0.4093,0.5907,0.0615,0.049,0.017,0.0314,0.0407,6e-4,0.0173,0.0045,0.7779,2025-05-19,173124,Minnesota,56601,"Plains (IA, KS, MN, MO, NE, ND, SD)",Public,No,No,Town: Remote,"Beltrami County, MN",Not applicable
Benedict College,0.673,20.529620853,7165,Columbia,2,29921,24673002,0.4555687204,0.4078762307,32500,1,0,www.benedict.edu/,31902,0,00342000,0.0725,0.0242,0,0.1813,0.6348,0.7643,54,910,3,SC,1573,0.4749,0.5251,0,0.0095,0.0045,0.7718,0.0235,6e-4,0.1316,0.0496,0.0089,2025-05-19,217721,South Carolina,29204-1086,"Southeast (AL, AR, FL, GA, KY, LA, MS, NC, SC, TN, VA, WV)",Private not-for-profit,Yes,No,City: Midsize,"Richland County, SC",Baptist
Benedictine College,0.7645,19.746514575,8032,Atchison,2,50820,41986243,0.4980988593,0.1496062992,24599,0,0,www.benedictine.edu/,53175,0,01025600,0.064,0.0735,0.019,0.1848,0.1621,0.9855,30,1244,3,KS,2236,0.4991,0.5009,0.0371,0.0036,0.0152,0.0246,0.131,0.0018,0.0098,0.0268,0.75,2025-05-19,154712,Kansas,66002-1499,"Plains (IA, KS, MN, MO, NE, ND, SD)",Private not-for-profit,No,No,Town: Distant,"Atchison County, KS",Roman Catholic
Benedictine University,0.7722,23.520921771,9169,Lisle,2,46548,41680677,0.5761067314,0.3431952663,22500,0,0,https://ben.edu/,63446,0,00176700,0.0261,0.0056,0.0037,0.3575,0.3918,0.3531,30,NA,3,IL,1817,0.5234,0.4766,0.0275,0.0061,0.2069,0.0881,0.2102,0.0044,0.0187,0.0182,0.4199,2025-05-19,145619,Illinois,60532-0900,"Great Lakes (IL, IN, MI, OH, WI)",Private not-for-profit,No,No,Suburb: Large,"DuPage County, IL",Roman Catholic
Benjamin Franklin Cummings Institute of Technology,NA,23.603571429,7648,Boston,2,27631,950010,0.1107142857,0.487804878,12000,0,1,www.bfit.edu/,57556,0,00215100,0,0,0,0.0331,0.4023,0.5424,NA,NA,2,MA,412,0.8714,0.1286,0.0631,0.0073,0.068,0.284,0.3277,0,0,0.0801,0.1699,2025-05-19,165884,Massachusetts,02116,"New England (CT, ME, MA, NH, R,I VT)",Public,No,No,City: Large,"Suffolk County, MA",Not applicable
Bennett College,0.3361,19.543252595,6164,Greensboro,2,39900,14267353,PS,0.316872428,28130,1,0,https://www.bennett.edu/,36654,0,00291100,0.0556,0,0.0278,0.1667,0.75,0.3175,71,890,3,NC,191,0,1,0.2042,0.0052,0.0052,0.5393,0.0262,0,0.0524,0.1623,0.0052,2025-05-19,197993,North Carolina,27401-3239,"Southeast (AL, AR, FL, GA, KY, LA, MS, NC, SC, TN, VA, WV)",Private not-for-profit,Yes,No,City: Large,"Guilford County, NC",United Methodist
Bennington College,0.4804,20.0078125,11162,Bennington,2,82968,36022212,0.671875,0.1260162602,26000,0,0,https://www.bennington.edu/,38289,0,00368200,0.0125,0,0.0188,0,0.2124,0.4844,NA,1358,3,VT,759,0.3175,0.6825,0.0514,0.0026,0.0171,0.0343,0.1054,0,0.1357,0.0224,0.6311,2025-05-19,230816,Vermont,05201-6003,"New England (CT, ME, MA, NH, R,I VT)",Private not-for-profit,No,No,Town: Distant,"Bennington County, VT",Not applicable
Bentley University,0.4844,19.811183144,15685,Waltham,2,77082,333061000,0.3995137763,0.1555367709,25023,0,0,www.bentley.edu/,120959,0,00212400,0,0,0.0021,0.9167,0.1508,0.6613,NA,1340,3,MA,4288,0.6108,0.3892,0.0296,0.0019,0.1012,0.0399,0.125,2e-4,0.1406,0.0091,0.5525,2025-05-19,164739,Massachusetts,02452-4705,"New England (CT, ME, MA, NH, R,I VT)",Private not-for-profit,No,No,City: Small,"Middlesex County, MA",Not applicable
Berea College,0.3271,19.814201183,8894,Berea,2,56068,1418870700,0.5585798817,0.4057771664,3591,0,0,https://www.berea.edu/,43150,0,00195500,0.0511,0,0.0032,0.1246,0.8101,0.8173,NA,1248,3,KY,1472,0.409,0.591,0.0788,0,0.0387,0.1909,0.1637,0.0014,0.0808,0.0075,0.4382,2025-05-19,156295,Kentucky,40404-2182,"Southeast (AL, AR, FL, GA, KY, LA, MS, NC, SC, TN, VA, WV)",Private not-for-profit,No,No,Town: Distant,"Madison County, KY",Not applicable
Berklee College of Music,0.4991,24.495095509,10565,Boston,2,69874,406592352,0.3608673206,0.2123362445,25000,0,0,www.berklee.edu/,33647,0,00212600,0.0081,0,0,0,0.1536,0.34,NA,NA,3,MA,7510,0.5594,0.4406,0.0461,0.0016,0.0583,0.0602,0.1272,9e-4,0.3015,0.0123,0.392,2025-05-19,164748,Massachusetts,02215,"New England (CT, ME, MA, NH, R,I VT)",Private not-for-profit,No,No,City: Large,"Suffolk County, MA",Not applicable
Berry College,0.6185,19.653846154,9163,Mount Berry,2,55714,1236197740,0.6193633952,0.1687413555,23250,0,0,https://www.berry.edu/,53800,0,00155400,0.0475,0,0.013,0.162,0.2434,0.7739,NA,1223,3,GA,2213,0.3732,0.6268,0.0474,0.0018,0.028,0.0859,0.1008,0.0014,0.0036,0.0072,0.7239,2025-05-19,139144,Georgia,30149,"Southeast (AL, AR, FL, GA, KY, LA, MS, NC, SC, TN, VA, WV)",Private not-for-profit,No,No,Suburb: Small,"Floyd County, GA",Not applicable
Bet Medrash Gadol Ateret Torah,0.6531,19.75,4378,Brooklyn,2,16500,NA,PS,PS,PS,0,0,betmedrashgadolaterettorah.com/,NA,0,04227200,0,0,0,0,0.5824,1,NA,NA,3,NY,108,1,0,0,0,0,0,0,0,0,0,1,2025-05-19,485999,New York,11223-1933,"Mid East (DE ,DC, MD, NJ, NY, PA)",Private not-for-profit,No,No,City: Large,"Kings County, NY",Not applicable
Beth Medrash Govoha,NA,23.742081448,8783,Lakewood,2,NA,13167967,PS,0.3081463991,PS,0,0,yeshivanotices.org/,47544,0,00794700,0,0,0,0,0.7274,0.1407,NA,NA,3,NJ,3532,1,0,0,0,0,0,0.0017,0,0.0204,0,0.9779,2025-05-19,183804,New Jersey,08701-2754,"Mid East (DE ,DC, MD, NJ, NY, PA)",Private not-for-profit,No,No,City: Small,"Ocean County, NJ",Not applicable
Beth Medrash Meor Yitzchok,0.5212,18.264150943,5063,Monsey,2,22200,NA,PS,PS,PS,0,0,https://bethmedrashmeoryitzchok.com/,NA,0,04210400,0,0,0,0,0.5344,NA,NA,NA,2,NY,222,1,0,0,0,0,0,0,0,0.027,0,0.973,2025-05-19,486196,New York,10952-4023,"Mid East (DE ,DC, MD, NJ, NY, PA)",Private not-for-profit,No,No,Suburb: Large,"Rockland County, NY",Not applicable
Beth Medrash of Asbury Park,0.4231,23.818181818,6830,Lakewood,2,18810,NA,PS,PS,PS,0,0,https://baismedrashzichronmeir.com/,NA,0,04251500,0,0,0,0,0.4433,NA,NA,NA,3,NJ,109,1,0,0,0,0,0,0,0,0.156,0,0.844,2025-05-19,488314,New Jersey,08701-5842,"Mid East (DE ,DC, MD, NJ, NY, PA)",Private not-for-profit,No,No,Suburb: Large,"Ocean County, NJ",Not applicable
Bethany College,0.6049,19.881612091,6307,Bethany,2,49137,50379522,0.2921914358,0.3387978142,27000,0,0,www.bethanywv.edu/,44512,0,00380800,0.1667,0,0.0196,0.10780000000000001,0.4097,1,61,NA,3,WV,642,0.595,0.405,0.0421,0.0016,0.0062,0.1807,0.0436,0.0016,0.0732,0.176,0.4751,2025-05-19,237181,West Virginia,26032,"Southeast (AL, AR, FL, GA, KY, LA, MS, NC, SC, TN, VA, WV)",Private not-for-profit,No,No,Rural: Fringe,"Brooke County, WV",Christian Church (Disciples of Christ)
Bethany College,0.6049,19.881612091,6307,Bethany,2,49137,50379522,0.2921914358,0.3387978142,27000,0,0,www.bethanywv.edu/,44512,0,00380800,0.1667,0,0.0196,0.10780000000000001,0.4097,1,61,NA,3,WV,642,0.595,0.405,0.0421,0.0016,0.0062,0.1807,0.0436,0.0016,0.0732,0.176,0.4751,2025-05-19,154721,Kansas,67456-1897,"Plains (IA, KS, MN, MO, NE, ND, SD)",Private not-for-profit,No,No,Town: Remote,"McPherson County, KS",Evangelical Lutheran Church
Bethany College,0.786,20.542797495,4620,Lindsborg,2,52396,11395817,0.3402922756,0.3325842697,23250,0,0,https://www.bethanylb.edu/,49694,0,00190400,0.1462,0,0,0.2385,0.4328,1,39,NA,3,KS,583,0.5918,0.4082,0.0429,0.0154,0.0154,0.2007,0.199,0.0051,0.0583,0,0.4631,2025-05-19,237181,West Virginia,26032,"Southeast (AL, AR, FL, GA, KY, LA, MS, NC, SC, TN, VA, WV)",Private not-for-profit,No,No,Rural: Fringe,"Brooke County, WV",Christian Church (Disciples of Christ)
Bethany College,0.786,20.542797495,4620,Lindsborg,2,52396,11395817,0.3402922756,0.3325842697,23250,0,0,https://www.bethanylb.edu/,49694,0,00190400,0.1462,0,0,0.2385,0.4328,1,39,NA,3,KS,583,0.5918,0.4082,0.0429,0.0154,0.0154,0.2007,0.199,0.0051,0.0583,0,0.4631,2025-05-19,154721,Kansas,67456-1897,"Plains (IA, KS, MN, MO, NE, ND, SD)",Private not-for-profit,No,No,Town: Remote,"McPherson County, KS",Evangelical Lutheran Church
Bethany Global University,0.9388,21.715053763,4897,Bloomington,2,29638,NA,0.688172043,0.2183908046,12000,0,0,https://bethanygu.edu/,NA,0,04227800,0.141,0,0,0,0.4685,0.0889,42,NA,2,MN,162,0.2716,0.7284,0.0309,0.0123,0.037,0.0185,0.0494,0,0.0062,0.0988,0.7469,2025-05-19,486284,Minnesota,55438-2849,"Plains (IA, KS, MN, MO, NE, ND, SD)",Private not-for-profit,No,No,City: Small,"Hennepin County, MN",Interdenominational
Bethany Lutheran College,0.5096,19.884462151,7225,Mankato,2,39624,48033174,0.5537848606,PS,23000,0,0,https://www.blc.edu/,46110,0,00233700,0.0894,0.0488,0.0244,0.2033,0.221,0.4819,99,1144,3,MN,682,0.5015,0.4985,0.0381,0.0015,0.0117,0.0352,0.0601,0.0015,0.1848,0.0073,0.6598,2025-05-19,173142,Minnesota,56001,"Plains (IA, KS, MN, MO, NE, ND, SD)",Private not-for-profit,No,No,City: Small,"Blue Earth County, MN",Other (none of the above)
Bethel College-North Newton,0.957,21.301204819,6038,North Newton,2,47672,27577842,0.4728915663,0.3440514469,24000,0,0,www.bethelks.edu/,49898,0,00190500,0.0843,0,0.0241,0.2289,0.3879,0.5902,99,NA,3,KS,499,0.5411,0.4589,0,0.0481,0.016,0.1683,0.1683,0.006,0.0421,0.02,0.5311,2025-05-19,154749,Kansas,67117-1716,"Plains (IA, KS, MN, MO, NE, ND, SD)",Private not-for-profit,No,No,Town: Distant,"Harvey County, KS",Other (none of the above)
Bethel University,0.9099,23.839256866,7816,Saint Paul,2,56310,92871511,0.6357027464,0.1858254105,21500,0,0,https://www.bethel.edu/,63764,0,00905800,0.0955,0.021,0.0032,0.2039,0.1898,0.3595,54,1243,3,MN,2012,0.4294,0.5706,0.0348,0.0025,0.0477,0.0591,0.0726,5e-4,0.0015,0.0214,0.7599,2025-05-19,173160,Minnesota,55112,"Plains (IA, KS, MN, MO, NE, ND, SD)",Private not-for-profit,No,No,Suburb: Large,"Ramsey County, MN",Baptist
Bethel University,0.9099,23.839256866,7816,Saint Paul,2,56310,92871511,0.6357027464,0.1858254105,21500,0,0,https://www.bethel.edu/,63764,0,00905800,0.0955,0.021,0.0032,0.2039,0.1898,0.3595,54,1243,3,MN,2012,0.4294,0.5706,0.0348,0.0025,0.0477,0.0591,0.0726,5e-4,0.0015,0.0214,0.7599,2025-05-19,150145,Indiana,46545-5591,"Great Lakes (IL, IN, MI, OH, WI)",Private not-for-profit,No,No,City: Small,"St. Joseph County, IN",Missionary Church Inc
Bethel University,0.9099,23.839256866,7816,Saint Paul,2,56310,92871511,0.6357027464,0.1858254105,21500,0,0,https://www.bethel.edu/,63764,0,00905800,0.0955,0.021,0.0032,0.2039,0.1898,0.3595,54,1243,3,MN,2012,0.4294,0.5706,0.0348,0.0025,0.0477,0.0591,0.0726,5e-4,0.0015,0.0214,0.7599,2025-05-19,219718,Tennessee,38201,"Southeast (AL, AR, FL, GA, KY, LA, MS, NC, SC, TN, VA, WV)",Private not-for-profit,No,No,Town: Distant,"Carroll County, TN",Cumberland Presbyterian
Bethel University,0.9717,30.239382239,3055,McKenzie,2,32270,11860356,0.5837135837,0.5121749897,27249,0,0,www.bethelu.edu/,47482,0,00348000,0.0544,0,0.012,0.3579,0.3114,1,60,1035,3,TN,1671,0.5589,0.4411,0.0419,0.0042,0.0048,0.3004,0.0521,0.0012,0.0551,0.0383,0.5021,2025-05-19,173160,Minnesota,55112,"Plains (IA, KS, MN, MO, NE, ND, SD)",Private not-for-profit,No,No,Suburb: Large,"Ramsey County, MN",Baptist
Bethel University,0.9717,30.239382239,3055,McKenzie,2,32270,11860356,0.5837135837,0.5121749897,27249,0,0,www.bethelu.edu/,47482,0,00348000,0.0544,0,0.012,0.3579,0.3114,1,60,1035,3,TN,1671,0.5589,0.4411,0.0419,0.0042,0.0048,0.3004,0.0521,0.0012,0.0551,0.0383,0.5021,2025-05-19,150145,Indiana,46545-5591,"Great Lakes (IL, IN, MI, OH, WI)",Private not-for-profit,No,No,City: Small,"St. Joseph County, IN",Missionary Church Inc
Bethel University,0.9717,30.239382239,3055,McKenzie,2,32270,11860356,0.5837135837,0.5121749897,27249,0,0,www.bethelu.edu/,47482,0,00348000,0.0544,0,0.012,0.3579,0.3114,1,60,1035,3,TN,1671,0.5589,0.4411,0.0419,0.0042,0.0048,0.3004,0.0521,0.0012,0.0551,0.0383,0.5021,2025-05-19,219718,Tennessee,38201,"Southeast (AL, AR, FL, GA, KY, LA, MS, NC, SC, TN, VA, WV)",Private not-for-profit,No,No,Town: Distant,"Carroll County, TN",Cumberland Presbyterian
Bethel University,0.9868,24.841352406,6332,Mishawaka,2,42276,10183492,0.6631989597,0.3245125348,25000,0,0,https://betheluniversity.edu/,48860,0,00178700,0.1255,0.0228,0.0304,0.1901,0.3522,1,87,1073,3,IN,1069,0.4238,0.5762,0.0402,0.0019,0.015,0.0524,0.0992,0.0028,0.0889,0.0037,0.696,2025-05-19,173160,Minnesota,55112,"Plains (IA, KS, MN, MO, NE, ND, SD)",Private not-for-profit,No,No,Suburb: Large,"Ramsey County, MN",Baptist
Bethel University,0.9868,24.841352406,6332,Mishawaka,2,42276,10183492,0.6631989597,0.3245125348,25000,0,0,https://betheluniversity.edu/,48860,0,00178700,0.1255,0.0228,0.0304,0.1901,0.3522,1,87,1073,3,IN,1069,0.4238,0.5762,0.0402,0.0019,0.015,0.0524,0.0992,0.0028,0.0889,0.0037,0.696,2025-05-19,150145,Indiana,46545-5591,"Great Lakes (IL, IN, MI, OH, WI)",Private not-for-profit,No,No,City: Small,"St. Joseph County, IN",Missionary Church Inc
Bethel University,0.9868,24.841352406,6332,Mishawaka,2,42276,10183492,0.6631989597,0.3245125348,25000,0,0,https://betheluniversity.edu/,48860,0,00178700,0.1255,0.0228,0.0304,0.1901,0.3522,1,87,1073,3,IN,1069,0.4238,0.5762,0.0402,0.0019,0.015,0.0524,0.0992,0.0028,0.0889,0.0037,0.696,2025-05-19,219718,Tennessee,38201,"Southeast (AL, AR, FL, GA, KY, LA, MS, NC, SC, TN, VA, WV)",Private not-for-profit,No,No,Town: Distant,"Carroll County, TN",Cumberland Presbyterian
Bethesda University,NA,26.635416667,4123,Anaheim,2,11766,NA,0.34375,0.4939759036,9000,0,0,www.buc.edu/,NA,0,03266300,0.1034,0,0,0.7586,0.25,0.125,99,NA,3,CA,212,0.6934,0.3066,0.0566,0.0094,0.0283,0.184,0.1887,0.0094,0.4292,0.0094,0.0849,2025-05-19,110060,California,92801,"Far West (AK ,CA ,HI, NV, OR, WA)",Private not-for-profit,No,No,City: Large,"Orange County, CA",Other (none of the above)
Bethune-Cookman University,0.9985,20.22826087,7196,Daytona Beach,2,29782,33794414,0.60409699,0.4223088164,31000,1,0,https://www.cookman.edu/,38518,0,00146700,0.0208,0.0148,0,0.1365,0.7694,0.7136,71,913,3,FL,2414,0.3666,0.6334,0.0162,0.0017,4e-4,0.5812,0.0331,4e-4,0.0186,0.343,0.0054,2025-05-19,132602,Florida,32114-3099,"Southeast (AL, AR, FL, GA, KY, LA, MS, NC, SC, TN, VA, WV)",Private not-for-profit,Yes,No,City: Small,"Volusia County, FL",United Methodist
Beulah Heights University,NA,43.598870056,5789,Atlanta,2,9992,NA,0.4802259887,0.4573643411,PS,0,0,www.beulah.edu/,35236,0,03076300,0,0,0,0.5333,0.2238,0.1296,42,NA,3,GA,158,0.4557,0.5443,0,0.019,0.0949,0.4684,0.1139,0.0127,0.0127,0.1076,0.1709,2025-05-19,139153,Georgia,30316,"Southeast (AL, AR, FL, GA, KY, LA, MS, NC, SC, TN, VA, WV)",Private not-for-profit,No,No,City: Large,"Fulton County, GA",Interdenominational
Binghamton University,0.3773,20.234634462,10739,Vestal,1,29657,134838046,0.5177916757,0.2483826248,18500,0,0,www.binghamton.edu/,80596,0,00283600,0,0.0893,0.0246,0.1343,0.2747,0.7562,NA,1415,3,NY,14401,0.4726,0.5274,0.0408,3e-4,0.1839,0.0492,0.1343,3e-4,0.0395,0.0243,0.5273,2025-05-19,196079,New York,13850-6000,"Mid East (DE ,DC, MD, NJ, NY, PA)",Public,No,No,Suburb: Midsize,"Broome County, NY",Not applicable
Biola University,0.6008,20.36529372,8314,La Mirada,2,58430,152137916,0.6677920324,0.2355072464,23875,0,0,https://www.biola.edu/,56778,0,00112200,0.0429,0.0147,0.0159,0.1544,0.2601,1,88,1258,3,CA,3390,0.4047,0.5953,0.0858,0.0012,0.1286,0.031,0.2363,0.0018,0.0678,0.0442,0.4032,2025-05-19,110097,California,90639-0001,"Far West (AK ,CA ,HI, NV, OR, WA)",Private not-for-profit,No,No,Suburb: Large,"Los Angeles County, CA",Undenominational
Bismarck State College,NA,23.143521209,7031,Bismarck,1,15274,23996238,0.4491574666,0.272327044,11533,0,0,https://bismarckstate.edu/,54277,0,00298800,0.0082,0,0,0.0594,0.1403,0.8545,NA,NA,2,ND,2629,0.5645,0.4355,0.0521,0.0175,0.0065,0.0312,0.0563,0.0015,0.0114,0.0099,0.8136,2025-05-19,200022,North Dakota,58506-5587,"Plains (IA, KS, MN, MO, NE, ND, SD)",Public,No,No,City: Small,"Burleigh County, ND",Not applicable
Black Hills State University,0.9443,22.829174664,8111,Spearfish,1,21343,23173287,0.6218809981,0.2839673913,26000,0,0,www.bhsu.edu/,46674,0,00345900,0.1323,0,0.0174,0.2343,0.1849,0.6237,NA,1050,3,SD,1935,0.337,0.663,0.016,0.0419,0.0057,0.0165,0.0434,0.001,0.015,0.0605,0.8,2025-05-19,219046,South Dakota,57799-9500,"Plains (IA, KS, MN, MO, NE, ND, SD)",Public,No,No,Town: Distant,"Lawrence County, SD",Not applicable
Blackburn College,0.8014,20.555555556,7124,Carlinville,2,36962,30001668,0.5603864734,0.4395604396,24242,0,0,www.blackburn.edu/,46802,0,00163900,0.2319,0,0.0145,0.1884,0.544,0.7451,66,NA,3,IL,341,0.4516,0.5484,0.0264,0.0029,0.0088,0.0469,0.0997,0,0.0029,0.0968,0.7155,2025-05-19,143288,Illinois,62626,"Great Lakes (IL, IN, MI, OH, WI)",Private not-for-profit,No,No,Town: Distant,"Macoupin County, IL",Presbyterian Church (USA)
Blessing Rieman College of Nursing and Health Sciences,NA,25.333333333,6780,Quincy,2,NA,NA,0.8510638298,0.3700787402,13000,0,0,www.brcn.edu/,72430,0,00621400,0,0,0,0,0.366,0.9459,NA,NA,3,IL,176,0.0739,0.9261,0.0114,0.0057,0.017,0.0284,0,0,0,0.0341,0.9034,2025-05-19,143297,Illinois,62305-7005,"Great Lakes (IL, IN, MI, OH, WI)",Private not-for-profit,No,No,Town: Remote,"Adams County, IL",Not applicable
Bloomfield College,0.6723,21.686017989,8995,Bloomfield,2,44298,14833362,0.6263286999,0.5084210526,26746,0,1,www.bloomfield.edu/,45902,0,00259700,0.0038,0,0.0076,0.1947,0.6892,1,66,NA,3,NJ,901,0.4029,0.5971,0.0011,0.0067,0.0355,0.4839,0.3163,0.0011,0.0344,0.0433,0.0777,2025-05-19,183822,New Jersey,07003,"Mid East (DE ,DC, MD, NJ, NY, PA)",Private not-for-profit,No,No,Suburb: Large,"Essex County, NJ",Presbyterian Church (USA)
Blue Mountain Christian University,1,22.719723183,6210,Blue Mountain,2,32140,18062246,0.5259515571,0.3695652174,18534,0,0,www.bmc.edu/,40421,0,00239800,0.2483,0,0.0069,0.2414,0.2623,0.6866,75,1047,3,MS,536,0.472,0.528,0.0205,0.0131,0.0037,0.1418,0.0858,0,0.0578,0.0112,0.666,2025-05-19,175430,Mississippi,38610-9509,"Southeast (AL, AR, FL, GA, KY, LA, MS, NC, SC, TN, VA, WV)",Private not-for-profit,No,No,Rural: Distant,"Tippah County, MS",Southern Baptist
Bluefield State University,0.8722,24.338582677,7396,Bluefield,1,20747,4099523,0.6272965879,0.4924924925,18250,1,0,https://bluefieldstate.edu/,38217,0,00380900,0.047,0,0,0.0769,0.4075,0.6075,NA,998,3,WV,1231,0.3972,0.6028,0.0512,0,0.0024,0.1714,0.0406,0,0.0041,0.0081,0.7222,2025-05-19,237215,West Virginia,24701,"Southeast (AL, AR, FL, GA, KY, LA, MS, NC, SC, TN, VA, WV)",Public,Yes,No,Town: Distant,"Mercer County, WV",Not applicable
Bluefield University,0.6272,26.166919575,5877,Bluefield,2,41806,6707650,0.5660091047,0.4250411862,21855,0,0,www.bluefield.edu/,48896,0,00370300,0.0966,0,0.0114,0.1705,0.4567,1,54,NA,3,VA,683,0.5505,0.4495,0.0176,0.0073,0.0059,0.1977,0.06,0.0015,0.0176,0.0996,0.593,2025-05-19,231554,Virginia,24605,"Southeast (AL, AR, FL, GA, KY, LA, MS, NC, SC, TN, VA, WV)",Private not-for-profit,No,No,Town: Distant,"Tazewell County, VA",Baptist
Bluffton University,0.6116,21.158008658,4096,Bluffton,2,50579,23552031,0.4675324675,0.3272311213,27000,0,0,www.bluffton.edu/,49547,0,00301600,0.1321,0,0.0377,0.2516,0.3735,0.5366,69,1020,3,OH,595,0.5714,0.4286,0.0286,0.0017,0.0084,0.1866,0.0336,0,0.0134,0.0605,0.6672,2025-05-19,201371,Ohio,45817-2104,"Great Lakes (IL, IN, MI, OH, WI)",Private not-for-profit,No,No,Town: Distant,"Allen County, OH",Mennonite Church
Bob Jones University,NA,19.795294118,6503,Greenville,2,34770,17986887,0.5588235294,0.1440677966,16585,0,0,www.bju.edu/,44354,0,00342100,0.1222,0.0289,0.0034,0.1868,0.2923,0.932,102,NA,3,SC,2209,0.464,0.536,0.0118,0.0023,0.0389,0.0163,0.0851,0.0032,0.0801,0.0181,0.7442,2025-05-19,217749,South Carolina,29614-0001,"Southeast (AL, AR, FL, GA, KY, LA, MS, NC, SC, TN, VA, WV)",Private for-profit,No,No,City: Small,"Greenville County, SC",Not applicable
Boise Bible College,0.9643,22.786666667,6169,Boise,2,22045,697969,0.4533333333,PS,PS,0,0,https://www.boisebible.edu/,33140,0,02234500,0,0,0,0,0.4688,0.8824,88,1080,3,ID,103,0.4854,0.5146,0.0097,0,0,0.0291,0.0097,0.0097,0.0291,0,0.9126,2025-05-19,142090,Idaho,83714-1220,"Rocky Mountains (CO, ID, MT, UT, WY)",Private not-for-profit,No,No,Suburb: Large,"Ada County, ID",Undenominational
Boise State University,0.8396,23.650083195,9425,Boise,1,25387,135302476,0.56921797,0.3347085202,20500,0,0,https://www.boisestate.edu/,51658,0,00161600,0.0427,0.0498,0.0073,0.1988,0.1794,0.5703,NA,NA,3,ID,17081,0.4363,0.5637,0.0542,0.0054,0.0278,0.018,0.1516,0.0042,0.008,0.0228,0.7079,2025-05-19,142115,Idaho,83725,"Rocky Mountains (CO, ID, MT, UT, WY)",Public,No,No,City: Midsize,"Ada County, ID",Not applicable
Bon Secours Memorial College of Nursing,NA,29.302083333,8465,Richmond,2,NA,495506,0.90625,0.3620689655,26500,0,0,https://www.bsmcon.edu/,77014,0,01004300,0,0,0,0,0.2058,0.7541,30,NA,3,VA,527,0.0892,0.9108,0.0361,0.0076,0.0626,0.2543,0.0095,0,0,0,0.63,2025-05-19,233356,Virginia,23227-1149,"Southeast (AL, AR, FL, GA, KY, LA, MS, NC, SC, TN, VA, WV)",Private not-for-profit,No,No,Suburb: Large,"Henrico County, VA",Roman Catholic
Boricua College,NA,29.132352941,5061,New York,2,23338,681731,0.756684492,0.5232198142,6733,0,1,https://www.boricuacollege.edu/,35348,0,01302900,0.2586,0,0,0.0345,0.8517,1,NA,NA,3,NY,401,0.197,0.803,0,0,0,0.202,0.7905,0,0,0,0.0075,2025-05-19,189413,New York,10032-1560,"Mid East (DE ,DC, MD, NJ, NY, PA)",Private not-for-profit,No,No,City: Large,"New York County, NY",Not applicable
Boston Architectural College,NA,24.428571429,6788,Boston,2,47152,11666895,0.4285714286,PS,37250,0,0,www.the-bac.edu/,62123,0,00396600,0,0,0,0,0.202,0.1154,NA,NA,3,MA,269,0.4126,0.5874,0.0297,0,0.0743,0.0595,0.2119,0,0.1747,0.0595,0.3903,2025-05-19,164872,Massachusetts,02115-2703,"New England (CT, ME, MA, NH, R,I VT)",Private not-for-profit,No,No,City: Large,"Suffolk County, MA",Not applicable
Boston College,0.1565,19.469064748,17441,Chestnut Hill,2,83683,3715412313,0.5189448441,0.1318956871,19000,0,0,www.bc.edu/,103937,0,00212800,0.0061,0,0.0139,0.2251,0.1273,0.5993,30,1501,3,MA,9865,0.4696,0.5304,0.0381,0.0011,0.1117,0.0541,0.1161,5e-4,0.0718,0.0241,0.5825,2025-05-19,164924,Massachusetts,02467,"New England (CT, ME, MA, NH, R,I VT)",Private not-for-profit,No,No,City: Small,"Middlesex County, MA",Roman Catholic
Boston University,0.1085,19.95540186,16124,Boston,2,82694,2973352000,0.6546625328,0.169382716,23250,0,0,www.bu.edu/,83238,0,00213000,0.0105,0.0793,0.0274,0.173,0.1797,0.6934,NA,1473,3,MA,17850,0.4171,0.5829,0.0455,6e-4,0.1988,0.0596,0.1131,7e-4,0.2184,0.0348,0.3285,2025-05-19,164988,Massachusetts,02215,"New England (CT, ME, MA, NH, R,I VT)",Private not-for-profit,No,No,City: Large,"Suffolk County, MA",Not applicable
Bowdoin College,0.0802,19.387820513,14059,Brunswick,2,80390,2472818000,0.5064102564,0.1883561644,18500,0,0,https://www.bowdoin.edu/,82735,0,00203800,0.0042,0,0.0604,0,0.1614,0.8755,NA,1514,3,ME,1846,0.481,0.519,0.1018,0.0011,0.1105,0.0547,0.1343,0.0016,0.0677,0.0022,0.526,2025-05-19,161004,Maine,04011,"New England (CT, ME, MA, NH, R,I VT)",Private not-for-profit,No,No,Town: Fringe,"Cumberland County, ME",Not applicable
Bowie State University,0.8354,22.437546194,10830,Bowie,1,24302,41247594,0.6363636364,0.3552006905,22985,1,0,www.bowiestate.edu/,54537,0,00206200,0.0327,0,0.0047,0.1719,0.439,0.4429,NA,935,3,MD,5207,0.395,0.605,0.0376,0.0033,0.0119,0.8241,0.0574,0.0019,0.0148,0.0238,0.0252,2025-05-19,162007,Maryland,20715-9465,"Mid East (DE ,DC, MD, NJ, NY, PA)",Public,Yes,No,Suburb: Large,"Prince George's County, MD",Not applicable
Bowling Green State University-Main Campus,0.8061,20.805938211,10259,Bowling Green,1,29238,202081000,0.6013106861,0.3032948465,25000,0,0,www.bgsu.edu/,47896,0,00301800,0.2148,0.0309,0.0065,0.1391,0.227,0.7027,NA,1118,3,OH,12255,0.435,0.565,0.0358,9e-4,0.0113,0.0654,0.0515,6e-4,0.013,0.0236,0.798,2025-05-19,201441,Ohio,43403,"Great Lakes (IL, IN, MI, OH, WI)",Public,No,No,Town: Fringe,"Wood County, OH",Not applicable
Bradley University,0.7666,20.055747126,9484,Peoria,2,52730,345573676,0.5298850575,0.2360436893,27000,0,0,www.bradley.edu/,66852,0,00164100,0.0694,0.1779,0.0029,0.1593,0.2942,0.5743,NA,1237,3,IL,3865,0.4872,0.5128,0.0274,0.0021,0.0427,0.1066,0.142,0.0013,0.023,0.0285,0.6264,2025-05-19,143358,Illinois,61625-0001,"Great Lakes (IL, IN, MI, OH, WI)",Private not-for-profit,No,No,City: Midsize,"Peoria County, IL",Not applicable
Brandeis University,0.3531,19.484198646,14477,Waltham,2,82123,1205167500,0.6027088036,0.1630695444,25648,0,0,https://www.brandeis.edu/,77231,0,00213300,0.0124,0,0.0633,0.0566,0.144,0.7261,NA,1473,3,MA,3663,0.4248,0.5752,0.0404,0,0.1717,0.0568,0.0822,0,0.208,0.0186,0.4223,2025-05-19,165015,Massachusetts,02454-9110,"New England (CT, ME, MA, NH, R,I VT)",Private not-for-profit,No,No,City: Small,"Middlesex County, MA",Not applicable
Brazosport College,NA,24.748251748,7600,Lake Jackson,1,8423,17647883,0.5902097902,0.5394957983,5641,0,1,www.brazosport.edu/,45910,0,00728700,0.011,0,0,0.0783,0.1763,1,NA,NA,1,TX,2827,0.4595,0.5405,0.0216,0.005,0.0092,0.0775,0.4846,0.0014,0,0.0421,0.3587,2025-05-19,223506,Texas,77566-3199,"Southwest (AZ, NM, OK, TX)",Public,No,No,Suburb: Small,"Brazoria County, TX",Not applicable
Brenau University,0.8696,29.514096186,7796,Gainesville,2,45931,50668512,0.8980099502,0.4032411821,27000,0,0,www.brenau.edu/,54003,0,00155600,0.1803,0,0,0.102,0.4671,0.5058,NA,1087,3,GA,981,0.0754,0.9246,0.0398,0,0.0183,0.2446,0.1896,0.001,0.0581,0.0112,0.4373,2025-05-19,139199,Georgia,30501-3668,"Southeast (AL, AR, FL, GA, KY, LA, MS, NC, SC, TN, VA, WV)",Private not-for-profit,No,No,City: Small,"Hall County, GA",Not applicable
Brescia University,0.3461,27.423670669,5746,Owensboro,2,41865,15810956,0.7409948542,0.4521072797,29430,0,0,www.brescia.edu/,45500,0,00195800,0.061,0,0.0122,0.1951,0.4283,0.6286,30,NA,3,KY,538,0.4349,0.5651,0.0019,0.0056,0.0335,0.0948,0.0446,0,0.0836,0.1357,0.6004,2025-05-19,156356,Kentucky,42301-3023,"Southeast (AL, AR, FL, GA, KY, LA, MS, NC, SC, TN, VA, WV)",Private not-for-profit,No,No,City: Small,"Daviess County, KY",Roman Catholic
Brevard College,0.395,20.122621564,5869,Brevard,2,45413,34470393,0.4186046512,0.2946428571,25000,0,0,https://www.brevard.edu/,43545,0,00291200,0.0427,0,0,0.1585,0.3769,1,71,1064,3,NC,760,0.6132,0.3868,0.0645,0.0092,0.0105,0.1342,0.0816,0,0.0579,0.0013,0.6408,2025-05-19,198066,North Carolina,28712,"Southeast (AL, AR, FL, GA, KY, LA, MS, NC, SC, TN, VA, WV)",Private not-for-profit,No,No,Town: Fringe,"Transylvania County, NC",United Methodist
Brewton-Parker College,0.8635,20.842975207,5812,Mount Vernon,2,35557,7928344,0.3719008264,0.376146789,24990,0,0,https://www.bpc.edu/,42009,0,00155700,0.0397,0,0,0.2381,0.461,0.9111,54,NA,3,GA,684,0.6784,0.3216,0.0234,0.0102,0.0058,0.3538,0.0994,0.0029,0.0336,0.0132,0.4576,2025-05-19,139205,Georgia,30445,"Southeast (AL, AR, FL, GA, KY, LA, MS, NC, SC, TN, VA, WV)",Private not-for-profit,No,No,Rural: Distant,"Montgomery County, GA",Baptist
Briar Cliff University,NA,23.880503145,7069,Sioux City,2,49693,21130677,0.570754717,0.3641207815,23250,0,0,www.briarcliff.edu/,54475,0,00184600,0.0459,0,0.0275,0.1651,0.295,0.6344,30,NA,3,IA,626,0.5128,0.4872,0.0495,0.0096,0.0064,0.0719,0.1613,0.0016,0.1198,0.0064,0.5735,2025-05-19,152992,Iowa,51104,"Plains (IA, KS, MN, MO, NE, ND, SD)",Private not-for-profit,No,No,City: Small,"Woodbury County, IA",Roman Catholic
Bridgewater College,0.9081,19.532868526,7292,Bridgewater,2,56195,97906051,0.5239043825,0.320212766,26000,0,0,https://www.bridgewater.edu/,53453,0,00370400,0,0,0.0061,0.2165,0.2939,0.7163,58,1225,3,VA,1388,0.5086,0.4914,0.0512,0.0036,0.013,0.116,0.0785,7e-4,0.0331,0.0375,0.6664,2025-05-19,231581,Virginia,22812-1599,"Southeast (AL, AR, FL, GA, KY, LA, MS, NC, SC, TN, VA, WV)",Private not-for-profit,No,No,Suburb: Small,"Rockingham County, VA",Church of Brethren
Bridgewater State University,0.8919,21.950323012,10418,Bridgewater,1,25164,60993492,0.5927823569,0.3414215686,24286,0,0,www.bridgew.edu/,57466,0,00218300,0.1561,0,0.0225,0.1656,0.3031,1,NA,1127,3,MA,7899,0.4225,0.5775,0.0667,9e-4,0.0222,0.1063,0.1015,4e-4,0.0041,0.0054,0.6925,2025-05-19,165024,Massachusetts,02325,"New England (CT, ME, MA, NH, R,I VT)",Public,No,No,Suburb: Large,"Plymouth County, MA",Not applicable
Brigham Young University,0.6919,21.399299152,13861,Provo,2,20879,3123969000,0.4795278495,0.1379568885,11069,0,0,https://byu.edu/,75790,0,00367000,0.0601,0.0803,0.0328,0.1413,0.3229,0.7152,94,1376,3,UT,32221,0.4804,0.5196,0.0435,0.0019,0.0167,0.0039,0.08,0.0061,0.0279,0.0132,0.8068,2025-05-19,230038,Utah,84602,"Rocky Mountains (CO, ID, MT, UT, WY)",Private not-for-profit,No,No,City: Midsize,"Utah County, UT",Latter Day Saints (Mormon Church)
Brigham Young University-Hawaii,0.3787,21.823788546,10464,Laie,2,22970,229633000,0.6020558003,0.191904048,9413,0,0,www.byuh.edu/,52064,0,00160600,0.1071,0,0.0162,0.3036,0.2969,1,94,1104,3,HI,2812,0.42,0.58,0.0935,0.0018,0.0846,0.0032,0.0697,0.058,0.4822,0.0043,0.2027,2025-05-19,230047,Hawaii,96762-1294,"Far West (AK ,CA ,HI, NV, OR, WA)",Private not-for-profit,No,No,Town: Fringe,"Honolulu County, HI",Latter Day Saints (Mormon Church)
Brigham Young University-Idaho,0.9695,23.942580232,9398,Rexburg,2,13357,163625000,0.5382646064,0.2434898308,13969,0,0,www.byui.edu/,53406,0,00162500,0.0353,0.0233,0.0068,0.1753,0.2487,NA,94,1123,3,ID,42090,0.4495,0.5505,0.0183,0.0017,0.0122,0.0264,0.1854,0.0055,0.0322,0.1294,0.589,2025-05-19,142522,Idaho,83460-1690,"Rocky Mountains (CO, ID, MT, UT, WY)",Private not-for-profit,No,No,Town: Distant,"Madison County, ID",Latter Day Saints (Mormon Church)
Broward College,NA,24.374647017,6815,Fort Lauderdale,1,24948,44257918,0.5896134839,0.4873697419,7500,0,1,www.broward.edu/,41939,0,00150000,0.01,0,0,0.2979,0.4002,0.3197,NA,NA,2,FL,23799,0.4038,0.5962,0.0416,0.002,0.0327,0.3307,0.377,0.0024,0.0623,0.0287,0.1227,2025-05-19,132709,Florida,33301,"Southeast (AL, AR, FL, GA, KY, LA, MS, NC, SC, TN, VA, WV)",Public,No,No,City: Midsize,"Broward County, FL",Not applicable
Brown University,0.0523,19.463917526,17335,Providence,2,84986,6141243000,0.5403780069,0.1704035874,11428,0,0,www.brown.edu/,93487,0,00340100,0.0089,0.0589,0.1064,0.0202,0.1327,0.9008,NA,1546,3,RI,7273,0.4925,0.5075,0.0808,0.0027,0.2045,0.0869,0.1218,0.0014,0.1218,0.0216,0.3584,2025-05-19,217156,Rhode Island,02912,"New England (CT, ME, MA, NH, R,I VT)",Private not-for-profit,No,No,City: Midsize,"Providence County, RI",Not applicable
Bryan College-Dayton,NA,24.389097744,6382,Dayton,2,29541,7931305,0.5620300752,0.3571428571,23000,0,0,www.bryan.edu/,54434,0,00353600,0.2069,0.0483,0.0138,0.2414,0.224,0.2472,42,NA,3,TN,815,0.5092,0.4908,0.0123,0,0.0098,0.0503,0.0429,0.0012,0.0258,0.0405,0.8172,2025-05-19,219790,Tennessee,37321,"Southeast (AL, AR, FL, GA, KY, LA, MS, NC, SC, TN, VA, WV)",Private not-for-profit,No,No,Town: Distant,"Rhea County, TN",Interdenominational
Bryan College of Health Sciences,0.6291,23.188284519,8174,Lincoln,2,28837,8777439,0.9205020921,PS,24985,0,0,https://www.bryanhealthcollege.edu/bcohs/,70845,0,00639900,0,0,0,0,0.2124,0.575,NA,NA,3,NE,534,0.0674,0.9326,0.0262,0,0.0187,0.015,0.0824,0,0,0.0206,0.8371,2025-05-19,180878,Nebraska,68506-1299,"Plains (IA, KS, MN, MO, NE, ND, SD)",Private not-for-profit,No,No,City: Large,"Lancaster County, NE",Not applicable
Bryant & Stratton College-Albany,NA,30.370617696,4998,Albany,2,22650,NA,0.8171590332,0.5378553335,21549,0,1,https://www.bryantstratton.edu/,32568,0,00267807,0,0,0,0.3936,0.6531,0.1087,NA,NA,2,NY,224,0.4509,0.5491,0.0982,0.0089,0.0357,0.375,0.2366,0.0045,0,0,0.2411,2025-05-19,188517,New York,12205,"Mid East (DE ,DC, MD, NJ, NY, PA)",Private for-profit,No,No,Suburb: Large,"Albany County, NY",Not applicable
Bryant & Stratton College-Buffalo,NA,30.370617696,5785,Buffalo,2,23942,NA,0.8171590332,0.5378553335,21549,0,0,https://www.bryantstratton.edu/,32568,0,00267800,0,0,0,0.364,0.6579,0.301,NA,NA,2,NY,656,0.2637,0.7363,0.0595,0.0076,0.0274,0.471,0.1021,0,0,0.0152,0.3171,2025-05-19,189583,New York,14203,"Mid East (DE ,DC, MD, NJ, NY, PA)",Private for-profit,No,No,City: Large,"Erie County, NY",Not applicable
Bryant & Stratton College-Greece,NA,30.370617696,6075,Rochester,2,23142,NA,0.8171590332,0.5378553335,21549,0,0,https://www.bryantstratton.edu/,32568,0,00267803,0,0,0,0.145,0.6612,0.4,NA,NA,2,NY,320,0.2688,0.7313,0.0375,0,0.025,0.4219,0.0938,0.0031,0.0063,0.0156,0.3969,2025-05-19,189592,New York,14612,"Mid East (DE ,DC, MD, NJ, NY, PA)",Private for-profit,No,No,Suburb: Large,"Monroe County, NY",Not applicable
Bryant & Stratton College-Parma,NA,30.370617696,5689,Parma,2,23695,NA,0.8171590332,0.5378553335,21549,0,0,https://www.bryantstratton.edu/,32568,0,00267808,0,0,0,0.1404,0.6827,0.3204,NA,NA,2,OH,522,0.2567,0.7433,0.0556,0.0038,0.023,0.3582,0.0766,0.0038,0.0019,0.023,0.454,2025-05-19,201469,Ohio,44130-3151,"Great Lakes (IL, IN, MI, OH, WI)",Private for-profit,No,No,Suburb: Large,"Cuyahoga County, OH",Not applicable
Bryant & Stratton College-Syracuse North,NA,30.370617696,6161,Liverpool,2,21955,NA,0.8171590332,0.5378553335,21549,0,0,https://www.bryantstratton.edu/,32568,0,00267806,0,0,0,0.3252,0.6508,0.5556,NA,NA,2,NY,454,0.2643,0.7357,0.0551,0.022,0.0396,0.3194,0.0859,0.0044,0,0.0088,0.4648,2025-05-19,189565,New York,13090,"Mid East (DE ,DC, MD, NJ, NY, PA)",Private for-profit,No,No,Suburb: Large,"Onondaga County, NY",Not applicable
Bryant & Stratton College-Virginia Beach,NA,30.370617696,6093,Virginia Beach,2,22769,NA,0.8171590332,0.5378553335,21549,0,0,https://www.bryantstratton.edu/,32568,0,00267811,0.0226,0,0,0.0971,0.6187,0.2209,NA,NA,2,VA,1327,0.162,0.838,0.0648,0.0023,0.0188,0.5712,0.0708,0.0038,8e-4,0.0121,0.2555,2025-05-19,231785,Virginia,23462,"Southeast (AL, AR, FL, GA, KY, LA, MS, NC, SC, TN, VA, WV)",Private for-profit,No,No,City: Large,"Virginia Beach City, VA",Not applicable
Bryant & Stratton College-Wauwatosa,NA,30.370617696,6565,Wauwatosa,2,25392,NA,0.8171590332,0.5378553335,21549,0,0,https://www.bryantstratton.edu/,32568,0,00267814,0.0072,0,0,0.1583,0.5738,0.4112,NA,NA,2,WI,952,0.2153,0.7847,0.0452,0.0074,0.0399,0.3634,0.1544,0.0063,0,0.0095,0.3739,2025-05-19,451750,Wisconsin,53226,"Great Lakes (IL, IN, MI, OH, WI)",Private for-profit,No,No,Suburb: Large,"Milwaukee County, WI",Not applicable
Bryant University,0.6565,19.634125637,14517,Smithfield,2,67926,208384000,0.3977947413,0.160667252,26849,0,0,https://www.bryant.edu/,90008,0,00340200,0,0,0.0435,0.8069,0.1076,0.6037,NA,1263,3,RI,3236,0.6595,0.3405,0.0287,0.0015,0.0392,0.0445,0.081,9e-4,0.0535,0.0117,0.7389,2025-05-19,217165,Rhode Island,02917-1291,"New England (CT, ME, MA, NH, R,I VT)",Private not-for-profit,No,No,Suburb: Large,"Providence County, RI",Not applicable
Bryn Athyn College of the New Church,0.742,20.267973856,7657,Bryn Athyn,2,39685,60565457,0.522875817,0.3381294964,22250,0,0,www.brynathyn.edu/,40457,0,00322800,0.0893,0,0,0.3571,0.4632,0.68,99,1174,3,PA,273,0.5128,0.4872,0.0293,0,0.0403,0.1575,0.0623,0,0.0256,0.0879,0.5971,2025-05-19,210492,Pennsylvania,19009-0717,"Mid East (DE ,DC, MD, NJ, NY, PA)",Private not-for-profit,No,No,Suburb: Large,"Montgomery County, PA",Other (none of the above)
Bryn Mawr College,0.3106,20.146511628,11943,Bryn Mawr,2,79380,1201149000,0.9488372093,0.1515892421,25000,0,0,www.brynmawr.edu/,75217,0,00323700,0,0,0.0794,0,0.1434,0.8419,NA,1404,3,PA,1346,0,1,0.0713,7e-4,0.1144,0.0505,0.1018,0,0.1315,0.0282,0.5015,2025-05-19,211273,Pennsylvania,19010,"Mid East (DE ,DC, MD, NJ, NY, PA)",Private not-for-profit,No,No,Suburb: Large,"Montgomery County, PA",Not applicable
Bucknell University,0.3201,19.535871157,12727,Lewisburg,2,79956,1070375000,0.5183016105,0.1200607903,27000,0,0,www.bucknell.edu/,93807,0,00323800,0.0311,0.1984,0.0196,0.1615,0.111,1,NA,1389,3,PA,3818,0.4717,0.5283,0.0398,3e-4,0.0453,0.0437,0.0796,3e-4,0.0443,5e-4,0.7462,2025-05-19,211291,Pennsylvania,17837,"Mid East (DE ,DC, MD, NJ, NY, PA)",Private not-for-profit,No,No,Town: Distant,"Union County, PA",Not applicable
Buena Vista University,0.7176,26.973604827,6784,Storm Lake,2,52490,150992944,0.6892911011,0.352553542,25000,0,0,https://www.bvu.edu/,49156,0,00184700,0.3178,0,0.0052,0.2041,0.4254,0.3302,66,1090,3,IA,1378,0.3483,0.6517,0.0189,0.0065,0.0073,0.0298,0.1219,0.0022,0.0065,0.0203,0.7866,2025-05-19,153001,Iowa,50588,"Plains (IA, KS, MN, MO, NE, ND, SD)",Private not-for-profit,No,No,Town: Remote,"Buena Vista County, IA",Presbyterian Church (USA)
Bushnell University,0.6636,27.915254237,5733,Eugene,2,45535,17067714,0.6355932203,0.3476923077,23500,0,0,www.bushnell.edu/,53623,0,00320800,0.062,0,0.0388,0.2248,0.3438,1,61,1120,3,OR,533,0.4353,0.5647,0.0807,0.0094,0.0394,0.0281,0.1407,0.0188,0.03,0.0319,0.621,2025-05-19,209409,Oregon,97401-3745,"Far West (AK ,CA ,HI, NV, OR, WA)",Private not-for-profit,No,No,City: Midsize,"Lane County, OR",Christian Church (Disciples of Christ)
Butler University,0.8587,19.714285714,9338,Indianapolis,2,64503,265591000,0.6011042098,0.1295116773,26000,0,0,www.butler.edu/,77235,0,00178800,0.0728,0.0012,0.0153,0.3016,0.1378,1,NA,1282,3,IN,4383,0.4063,0.5937,0.0372,0.0011,0.0399,0.044,0.0682,0,0.0112,0.0064,0.7919,2025-05-19,150163,Indiana,46208,"Great Lakes (IL, IN, MI, OH, WI)",Private not-for-profit,No,No,City: Large,"Marion County, IN",Not applicable
Cabarrus College of Health Sciences,0.4921,26.815384615,8202,Concord,2,24764,4634799,0.8653846154,0.3699186992,16000,0,0,https://cabarruscollege.edu/,58708,0,00647700,0,0,0,0,0.2772,0.4795,NA,1020,2,NC,602,0.0814,0.9186,0.0581,0.0033,0.0316,0.2591,0.0831,0.0017,0,0,0.5631,2025-05-19,198109,North Carolina,28025-3959,"Southeast (AL, AR, FL, GA, KY, LA, MS, NC, SC, TN, VA, WV)",Private not-for-profit,No,No,City: Small,"Cabarrus County, NC",Not applicable
Cairn University-Langhorne,0.8356,22.691326531,6263,Langhorne,2,45473,12826185,0.4897959184,0.295890411,26926,0,0,www.cairn.edu/,44172,0,00335100,0.1802,0,0.0116,0.186,0.3024,0.3673,NA,1154,3,PA,782,0.4987,0.5013,0.0793,0,0.0371,0.078,0.0332,0,0.0614,0.0997,0.6113,2025-05-19,215114,Pennsylvania,19047-2990,"Mid East (DE ,DC, MD, NJ, NY, PA)",Private not-for-profit,No,No,Suburb: Large,"Bucks County, PA",Not applicable
Caldwell University,0.654,21.388335704,8294,Caldwell,2,53586,10143000,0.7425320057,0.4306688418,25000,0,1,www.caldwell.edu/,53843,0,00259800,0.036,0,0.003,0.1441,0.4592,1,30,NA,3,NJ,1437,0.4057,0.5943,0.0111,0,0.0355,0.183,0.30620000000000003,0,0.167,0.0668,0.2303,2025-05-19,183910,New Jersey,07006-6195,"Mid East (DE ,DC, MD, NJ, NY, PA)",Private not-for-profit,No,No,Suburb: Large,"Essex County, NJ",Roman Catholic
California Baptist University,0.7357,24.09567021,10668,Riverside,2,52408,119106756,0.6606170599,0.4160798122,26063,0,1,www.calbaptist.edu/,61504,0,00112500,0.0378,0.0724,0.0059,0.1518,0.4096,0.4943,75,NA,3,CA,7914,0.3772,0.6228,0.0576,0.0048,0.0615,0.0625,0.423,0.0068,0.0195,0.0441,0.3201,2025-05-19,110361,California,92504-3297,"Far West (AK ,CA ,HI, NV, OR, WA)",Private not-for-profit,No,No,City: Large,"Riverside County, CA",Southern Baptist
California College of ASU,NA,21.175675676,6406,Los Angeles,2,33732,NA,0.4504504505,0.2953367876,25000,0,0,https://www.columbiacollege.edu/,42014,0,02110200,0,0,0,0,0.474,0.0617,NA,NA,3,CA,149,0.5638,0.4362,0.047,0.0268,0.0872,0.1879,0.094,0.0067,0.0067,0.1342,0.4094,2025-05-19,112570,California,91356-1411,"Far West (AK ,CA ,HI, NV, OR, WA)",Private not-for-profit,No,No,City: Large,"Los Angeles County, CA",Not applicable
California College of the Arts,0.734,21.543243243,9086,San Francisco,2,78664,43266000,0.6189189189,0.2441860465,27000,0,0,www.cca.edu/,49414,0,00112700,0,0,0,0,0.2474,0.2292,NA,NA,3,CA,1004,0.3297,0.6703,0.0618,0.003,0.1584,0.0349,0.1643,0,0.3406,0.0359,0.2012,2025-05-19,110370,California,94107-2247,"Far West (AK ,CA ,HI, NV, OR, WA)",Private not-for-profit,No,No,City: Large,"San Francisco County, CA",Not applicable
California Institute of Technology,0.0314,19.347826087,22762,Pasadena,2,83598,3390504000,0.4565217391,PS,PS,0,0,www.caltech.edu/,128566,0,00113100,0,0.3605,0.1073,0,0.1487,0.9304,NA,NA,3,CA,1023,0.567,0.433,0.0899,0.002,0.3539,0.0371,0.1896,0,0.1232,0.0049,0.1994,2025-05-19,110404,California,91125,"Far West (AK ,CA ,HI, NV, OR, WA)",Private not-for-profit,No,No,City: Midsize,"Los Angeles County, CA",Not applicable
California Institute of the Arts,0.2595,21.19205298,10050,Valencia,2,78425,215891775,0.5264900662,0.1573426573,25000,0,0,https://www.calarts.edu/,41198,0,00113200,0,0,0,0,0.2213,0.4675,NA,NA,3,CA,881,0.395,0.605,0.0749,0.0023,0.0885,0.0465,0.151,0.0011,0.2736,0.0318,0.3303,2025-05-19,111081,California,91355-2397,"Far West (AK ,CA ,HI, NV, OR, WA)",Private not-for-profit,No,No,Suburb: Large,"Los Angeles County, CA",Not applicable
California Lutheran University,0.8888,22.313108614,10463,Thousand Oaks,2,63768,143062043,0.6172284644,0.3538587849,21669,0,1,www.callutheran.edu/,68712,0,00113300,0,0.0013,0.0093,0.252,0.3016,1,39,1224,3,CA,2374,0.4629,0.5371,0.0653,0.0013,0.0543,0.04,0.4132,0.0051,0.0358,0.0202,0.3648,2025-05-19,110413,California,91360-2787,"Far West (AK ,CA ,HI, NV, OR, WA)",Private not-for-profit,No,No,City: Midsize,"Ventura County, CA",Evangelical Lutheran Church
California Polytechnic State University-San Luis Obispo,0.2975,20.141066545,11452,San Luis Obispo,1,29918,243030195,0.5029626253,0.2480620155,18500,0,0,calpoly.edu/,90768,0,00114300,0.0107,0.2367,0.0186,0.1726,0.1832,0.6907,NA,NA,3,CA,21521,0.4985,0.5015,0.079,0.0011,0.144,0.0069,0.2311,0.0026,0.0086,0.0296,0.4972,2025-05-19,110422,California,93407,"Far West (AK ,CA ,HI, NV, OR, WA)",Public,No,No,Suburb: Small,"San Luis Obispo County, CA",Not applicable
California State Polytechnic University-Humboldt,0.9883,22.30773496,10596,Arcata,1,24412,29965657,0.5871915719,0.44061178,18000,0,1,www.humboldt.edu/,47626,0,00114900,0,0.0265,0.0088,0.0662,0.4571,0.5283,NA,NA,3,CA,5491,0.4453,0.5547,0.0727,0.0118,0.0306,0.0262,0.2972,0.0031,0.0027,0.0461,0.5096,2025-05-19,115755,California,95521-8299,"Far West (AK ,CA ,HI, NV, OR, WA)",Public,No,No,Town: Remote,"Humboldt County, CA",Not applicable
California State Polytechnic University-Pomona,0.737,22.382135827,11656,Pomona,1,22672,149864736,0.4947096457,0.4927816639,16000,0,1,www.cpp.edu/,71902,0,00114400,0.0231,0.1658,0.0126,0.2713,0.4603,0.4669,NA,NA,3,CA,24271,0.5562,0.4438,0.0385,0.001,0.2224,0.0245,0.5426,0.0017,0.0124,0.0246,0.1322,2025-05-19,110529,California,91768,"Far West (AK ,CA ,HI, NV, OR, WA)",Public,No,No,Suburb: Large,"Los Angeles County, CA",Not applicable
California State University-Bakersfield,0.8819,23.174311927,10274,Bakersfield,1,18815,35096739,0.6426605505,0.5817223199,16600,0,1,www.csub.edu/,59009,0,00799300,0.0594,0.0238,0.0091,0.165,0.612,0.5383,NA,NA,3,CA,8183,0.3473,0.6527,0.0213,0.0031,0.0692,0.0422,0.6883,9e-4,0.0145,0.0372,0.1235,2025-05-19,110486,California,93311-1099,"Far West (AK ,CA ,HI, NV, OR, WA)",Public,No,No,City: Large,"Kern County, CA",Not applicable
California State University-Channel Islands,0.9306,23.299628001,11321,Camarillo,1,24039,16294961,0.6834629692,0.5068836045,15000,0,1,www.csuci.edu/,62152,0,03980300,0.0353,0.0077,0.0099,0.1434,0.469,0.5477,NA,NA,3,CA,5230,0.3444,0.6556,0.0373,0.0017,0.0652,0.0218,0.6008,0.0017,0.0082,0.0317,0.2315,2025-05-19,441937,California,93012,"Far West (AK ,CA ,HI, NV, OR, WA)",Public,No,No,Suburb: Midsize,"Ventura County, CA",Not applicable
California State University-Chico,0.9372,22.35678392,10386,Chico,1,25590,81761062,0.5745917085,0.4734012975,16552,0,1,www.csuchico.edu/,64172,0,00114600,0.0147,0.0592,0.0099,0.141,0.4008,0.5733,NA,NA,3,CA,13057,0.4451,0.5549,0.0575,0.0044,0.0574,0.0281,0.3842,0.0023,0.0103,0.0352,0.4205,2025-05-19,110538,California,95929-0150,"Far West (AK ,CA ,HI, NV, OR, WA)",Public,No,No,City: Small,"Butte County, CA",Not applicable
California State University-Dominguez Hills,0.9132,25.305068383,10743,Carson,1,15449,22480427,0.6572807723,0.5905017921,13807,0,1,https://www.csudh.edu/,57162,0,00114100,0.0721,0,0.0124,0.172,0.6104,0.4635,NA,NA,3,CA,12642,0.3994,0.6006,0.0212,6e-4,0.0672,0.1199,0.7165,0.0021,0.0079,0.0221,0.0424,2025-05-19,110547,California,90747-0005,"Far West (AK ,CA ,HI, NV, OR, WA)",Public,No,No,City: Small,"Los Angeles County, CA",Not applicable
California State University-East Bay,0.9681,24.616321762,11430,Hayward,1,22803,22543520,0.659212283,0.5092975207,16544,0,1,https://www.csueastbay.edu/,71401,0,00113800,0,0.0082,0.0127,0.2441,0.4357,0.4487,NA,NA,3,CA,10422,0.4122,0.5878,0.0517,0.0012,0.2206,0.0923,0.4088,0.0101,0.0232,0.0398,0.1524,2025-05-19,110574,California,94542,"Far West (AK ,CA ,HI, NV, OR, WA)",Public,No,No,City: Midsize,"Alameda County, CA",Not applicable
California State University-Fresno,0.9638,22.340420892,10275,Fresno,1,18650,199855793,0.6211972522,0.5324517404,14505,0,1,www.fresnostate.edu/,61244,0,00114700,0.017,0.0338,0.0092,0.1193,0.5573,0.5416,NA,NA,3,CA,21070,0.4165,0.5835,0.0239,0.0028,0.118,0.0301,0.6228,0.0012,0.0243,0.0265,0.1503,2025-05-19,110556,California,93740,"Far West (AK ,CA ,HI, NV, OR, WA)",Public,No,No,City: Large,"Fresno County, CA",Not applicable
California State University-Fullerton,0.8674,22.855964516,11109,Fullerton,1,16767,125170390,0.5980079371,0.4944552529,13750,0,1,www.fullerton.edu/,62951,0,00113700,0.0437,0.0359,0.0056,0.2343,0.4714,0.4951,NA,NA,3,CA,36956,0.43120000000000003,0.5688,0.0364,0.0011,0.2151,0.0236,0.5432,0.0015,0.0122,0.0229,0.144,2025-05-19,110565,California,92831-3599,"Far West (AK ,CA ,HI, NV, OR, WA)",Public,No,No,Suburb: Large,"Orange County, CA",Not applicable
California State University-Long Beach,0.4712,22.631205088,11149,Long Beach,1,20310,108177617,0.5901544561,0.4862716763,14289,0,1,www.csulb.edu/,64403,0,00113900,0,0.0849,0.012,0.159,0.4932,0.4567,NA,NA,3,CA,34131,0.4155,0.5845,0.0469,0.001,0.2124,0.0359,0.5127,0.0023,0.0214,0.019,0.1485,2025-05-19,110583,California,90840-0115,"Far West (AK ,CA ,HI, NV, OR, WA)",Public,No,No,City: Large,"Los Angeles County, CA",Not applicable
California State University-Los Angeles,0.9193,23.049723757,11197,Los Angeles,1,17153,55013887,0.6057798555,0.6153393718,13000,0,1,https://www.calstatela.edu/,59211,0,00114000,0.0761,0.0429,0.0066,0.1601,0.6605,0.4162,NA,NA,3,CA,21478,0.433,0.567,0.0146,8e-4,0.1014,0.0397,0.7716,6e-4,0.0106,0.0203,0.0406,2025-05-19,110592,California,90032-8506,"Far West (AK ,CA ,HI, NV, OR, WA)",Public,No,No,City: Large,"Los Angeles County, CA",Not applicable
California State University-Monterey Bay,0.9483,23.837155201,11013,Seaside,1,26017,32209059,0.6709870389,0.5177157149,12750,0,1,https://csumb.edu/,59247,0,03260300,0,0,0.0168,0.1281,0.4299,0.472,NA,NA,3,CA,5811,0.4053,0.5947,0.0546,0.0015,0.0614,0.0265,0.5386,0.0029,0.0198,0.0268,0.2678,2025-05-19,409698,California,93955-8001,"Far West (AK ,CA ,HI, NV, OR, WA)",Public,No,No,Suburb: Midsize,"Monterey County, CA",Not applicable
California State University-Northridge,0.9315,22.681205723,11094,Northridge,1,20317,198276391,0.5794554799,0.5386728094,13872,0,1,https://www.csun.edu/,59115,0,00115300,0.0386,0.0424,0.0068,0.1847,0.5599,0.4456,NA,NA,3,CA,32357,0.4682,0.5318,0.0311,8e-4,0.089,0.0526,0.572,0.0015,0.0313,0.0343,0.1874,2025-05-19,110608,California,91330,"Far West (AK ,CA ,HI, NV, OR, WA)",Public,No,No,City: Large,"Los Angeles County, CA",Not applicable
California State University-Sacramento,0.9362,23.194871795,10624,Sacramento,1,22714,66309218,0.5933941764,0.4904833191,15000,0,1,https://www.csus.edu/,64876,0,00115000,0.0595,0.0639,0.0064,0.1278,0.4863,0.4705,NA,NA,3,CA,27867,0.4457,0.5543,0.0585,0.0026,0.2087,0.0664,0.3862,0.0099,0.0153,0.0349,0.2176,2025-05-19,110617,California,95819-2694,"Far West (AK ,CA ,HI, NV, OR, WA)",Public,No,No,City: Large,"Sacramento County, CA",Not applicable
California State University-San Bernardino,0.9825,22.733373713,10810,San Bernardino,1,16910,46844837,0.6247122956,0.5968578162,14715,0,1,www.csusb.edu/,59977,0,00114200,0.0012,0.0103,0.0196,0.1792,0.5713,0.4573,NA,NA,3,CA,15771,0.3884,0.6116,0.0252,0.0015,0.0607,0.0524,0.7228,0.001,0.0116,0.0249,0.0997,2025-05-19,110510,California,92407-2397,"Far West (AK ,CA ,HI, NV, OR, WA)",Public,No,No,City: Midsize,"San Bernardino County, CA",Not applicable
California State University-San Marcos,0.957,23.506063947,10830,San Marcos,1,21144,31187653,0.6596839397,0.4825760918,17350,0,1,www.csusm.edu/,62908,0,03011300,0.033,0.0146,0.0088,0.1371,0.436,0.4793,NA,NA,3,CA,14174,0.4165,0.5835,0.06,0.0032,0.096,0.0382,0.5125,0.0032,0.0082,0.0294,0.2493,2025-05-19,366711,California,92096-0001,"Far West (AK ,CA ,HI, NV, OR, WA)",Public,No,No,Suburb: Large,"San Diego County, CA",Not applicable
California State University-Stanislaus,0.9747,23.210428737,10561,Turlock,1,18542,17521345,0.6771726535,0.5994566858,13540,0,1,https://www.csustan.edu/,63188,0,00115700,0.0262,0,0.0159,0.1652,0.5531,0.5287,NA,NA,3,CA,8564,0.3392,0.6608,0.0253,0.0021,0.0893,0.0285,0.6297,0.0062,0.0041,0.0416,0.1732,2025-05-19,110495,California,95382-0299,"Far West (AK ,CA ,HI, NV, OR, WA)",Public,No,No,Suburb: Small,"Stanislaus County, CA",Not applicable
California State University Maritime Academy,0.9873,21.15920398,11356,Vallejo,1,27138,12264913,0.1915422886,0.1994750656,24965,0,0,https://www.csum.edu/,94784,0,00113400,0,0.1258,0,0.1987,0.2871,0.7625,NA,NA,3,CA,761,0.8108,0.1892,0.0946,0.0053,0.1025,0.0315,0.2221,0.0092,0.0039,0.053900000000000003,0.477,2025-05-19,111188,California,94590,"Far West (AK ,CA ,HI, NV, OR, WA)",Public,No,No,City: Midsize,"Solano County, CA",Not applicable
Calumet College of Saint Joseph,NA,24.577720207,6071,Whiting,2,31758,4853582,0.5025906736,0.5182926829,21534,0,1,www.ccsj.edu/,46945,0,00183400,0.0472,0,0,0.2441,0.4849,0.359,30,NA,3,IN,560,0.6571,0.3429,0.0304,0.0054,0.0089,0.2857,0.3411,0,0.0446,0.0071,0.2768,2025-05-19,150172,Indiana,46394,"Great Lakes (IL, IN, MI, OH, WI)",Private not-for-profit,No,No,Suburb: Large,"Lake County, IN",Roman Catholic
Calvary University,0.7091,25.614035088,3957,Kansas City,2,20044,529932,0.4035087719,0.3461538462,20839,0,0,www.calvary.edu/,45421,0,00245000,0.0612,0,0,0.1837,0.3584,0.4762,79,1008,3,MO,170,0.4412,0.5588,0.0353,0,0.0176,0.0529,0.1118,0.0059,0.0059,0.0059,0.7647,2025-05-19,176789,Missouri,64147-1341,"Plains (IA, KS, MN, MO, NE, ND, SD)",Private not-for-profit,No,No,City: Large,"Cass County, MO",Other Protestant
Calvin University,0.7131,19.837073982,9611,Grand Rapids,2,53286,248568000,0.5627597672,0.1322525597,23250,0,0,www.calvin.edu/,58375,0,00224100,0.0915,0.1033,0.0131,0.1176,0.144,1,35,1205,3,MI,2921,0.4899,0.5101,0.0318,0.001,0.0442,0.0514,0.049,0,0.128,0.0116,0.683,2025-05-19,169080,Michigan,49546,"Great Lakes (IL, IN, MI, OH, WI)",Private not-for-profit,No,No,City: Midsize,"Kent County, MI",Christian Reformed Church
Cambridge College,NA,33.255186722,8831,Boston,2,NA,41731928,0.7427385892,0.509383378,21791,0,1,www.cambridgecollege.edu/,45998,0,02182900,0.0994,0,0,0.4444,0.331,1,NA,NA,3,MA,591,0.22,0.78,0.0102,0.0085,0.0305,0.2978,0.291,0.0017,0.0389,0,0.3215,2025-05-19,165167,Massachusetts,02129,"New England (CT, ME, MA, NH, R,I VT)",Private not-for-profit,No,No,City: Large,"Suffolk County, MA",Not applicable
Cameron University,NA,24.641994751,7280,Lawton,1,18742,22254434,0.6419947507,0.469858156,21500,0,0,https://www.cameron.edu/,40118,0,00315000,0.0766,0.0153,0.0031,0.2634,0.4124,0.5308,NA,NA,3,OK,2534,0.3682,0.6318,0.1081,0.0533,0.0221,0.1046,0.1697,0.0055,0.0284,0.041,0.4672,2025-05-19,206914,Oklahoma,73505-6377,"Southwest (AZ, NM, OK, TX)",Public,No,No,City: Small,"Comanche County, OK",Not applicable
Campbell University,0.9429,23.996165317,9252,Buies Creek,2,58752,190998063,0.5773327652,0.3112033195,22500,0,0,https://www.campbell.edu/,54886,0,00291300,0.0751,0.0356,0.004,0.2003,0.3332,0.4841,54,NA,3,NC,2790,0.4781,0.5219,0.0462,0.0061,0.0186,0.1552,0.128,0.0014,0.0233,0.0394,0.5817,2025-05-19,198136,North Carolina,27506,"Southeast (AL, AR, FL, GA, KY, LA, MS, NC, SC, TN, VA, WV)",Private not-for-profit,No,No,Town: Fringe,"Harnett County, NC",Baptist
Campbellsville University,0.9833,24.49048496,6329,Campbellsville,2,40924,35720002,0.6151012891,0.4664842681,17156,0,0,https://www.campbellsville.edu/,41583,0,00195900,0.0966,0,0.0033,0.1718,0.2154,0.4176,54,NA,3,KY,2641,0.4184,0.5816,0,0.0042,0.0133,0.1469,0.0208,0,0.0935,0.0409,0.6804,2025-05-19,156365,Kentucky,42718-2799,"Southeast (AL, AR, FL, GA, KY, LA, MS, NC, SC, TN, VA, WV)",Private not-for-profit,No,No,Town: Distant,"Taylor County, KY",Southern Baptist
Canisius University,0.8177,19.742138365,8621,Buffalo,2,42271,155680773,0.5408805031,0.2305502846,24250,0,0,https://www.canisius.edu/,60681,0,00268100,0.0357,0,0.0051,0.2423,0.2679,0.4755,30,NA,3,NY,1768,0.5051,0.4949,0.0356,0.004,0.0322,0.1256,0.0554,0,0.0577,0.0441,0.6454,2025-05-19,189705,New York,14208-1098,"Mid East (DE ,DC, MD, NJ, NY, PA)",Private not-for-profit,No,No,City: Large,"Erie County, NY",Roman Catholic
Capital University,0.7317,21.992977528,8529,Columbus,2,54086,125406226,0.6257022472,0.275147929,26889,0,0,https://www.capital.edu/,54143,0,00302300,0.1401,0.0019,0.0078,0.1654,0.3101,0.4506,39,1118,3,OH,1709,0.4219,0.5781,0.0696,0.0029,0.0263,0.1205,0.0702,0,0.014,0.0187,0.6776,2025-05-19,201548,Ohio,43209-2394,"Great Lakes (IL, IN, MI, OH, WI)",Private not-for-profit,No,No,Suburb: Large,"Franklin County, OH",Evangelical Lutheran Church
Capitol Technology University,0.7794,23.026200873,5193,Laurel,2,40900,4978506,0.1528384279,0.356097561,20264,0,0,www.captechu.edu/,85035,0,00143600,0,0.3684,0,0.0263,0.3523,0.1242,NA,NA,3,MD,259,0.8069,0.1931,0.0232,0.0154,0.0888,0.3591,0.0618,0,0.0154,0.1429,0.2934,2025-05-19,162061,Maryland,20708,"Mid East (DE ,DC, MD, NJ, NY, PA)",Private not-for-profit,No,No,Suburb: Large,"Prince George's County, MD",Not applicable
Caribbean University-Bayamon,NA,22.494714588,2398,Bayamon,2,9748,30244,0.5554968288,0.4988095238,10500,0,1,www.caribbean.edu/,22842,0,01252500,0.053,0.0379,0,0.0833,0.7546,0.1183,NA,NA,3,PR,623,0.4029,0.5971,0,0,0,0,1,0,0,0,0,2025-05-19,241377,Puerto Rico,00960-0493,"Other U.S. jurisdictions (AS, FM GU, MH, MP, PR, PW, VI)",Private not-for-profit,No,No,Suburb: Large,"Bayamón Municipio, PR",Not applicable
Caribbean University-Carolina,NA,22.494714588,2100,Carolina,2,10784,1975,0.5554968288,0.4988095238,10500,0,1,www.caribbean.edu/,22842,0,01252503,0.0435,0,0,0.3478,0.7176,NA,NA,NA,3,PR,113,0.2389,0.7611,0,0,0,0,1,0,0,0,0,2025-05-19,241386,Puerto Rico,00985,"Other U.S. jurisdictions (AS, FM GU, MH, MP, PR, PW, VI)",Private not-for-profit,No,No,City: Midsize,"Carolina Municipio, PR",Not applicable
Caribbean University-Ponce,NA,22.494714588,2281,Ponce,2,10042,4132,0.5554968288,0.4988095238,10500,0,1,www.caribbean.edu/,22842,0,01252502,0.0484,0.5323,0,0.0806,0.7457,0.2581,NA,NA,3,PR,419,0.6468,0.3532,0,0,0,0,1,0,0,0,0,2025-05-19,363907,Puerto Rico,00716-7733,"Other U.S. jurisdictions (AS, FM GU, MH, MP, PR, PW, VI)",Private not-for-profit,No,No,City: Midsize,"Ponce Municipio, PR",Not applicable
Caribbean University-Vega Baja,NA,22.494714588,2185,Vega Baja,2,9920,2156,0.5554968288,0.4988095238,10500,0,1,www.caribbean.edu/,22842,0,01252501,0.0667,0,0,0.4,0.7943,NA,NA,NA,3,PR,176,0.2955,0.7045,0,0,0,0,1,0,0,0,0,2025-05-19,363916,Puerto Rico,00964,"Other U.S. jurisdictions (AS, FM GU, MH, MP, PR, PW, VI)",Private not-for-profit,No,No,Suburb: Large,"Vega Baja Municipio, PR",Not applicable
Carleton College,0.2228,19.383292383,12173,Northfield,2,81350,1093697498,0.4594594595,0.1568123393,16750,0,0,https://www.carleton.edu/,75525,0,00234000,0,0,0.079,0,0.1404,0.8419,NA,1491,3,MN,2019,0.4948,0.5052,0.0896,0.001,0.1045,0.0684,0.0996,5e-4,0.0981,0.0228,0.5156,2025-05-19,173258,Minnesota,55057-4001,"Plains (IA, KS, MN, MO, NE, ND, SD)",Private not-for-profit,No,No,Town: Distant,"Rice County, MN",Not applicable
Carlow University,0.871,24.440217391,7616,Pittsburgh,2,46864,37743958,0.8467391304,0.3683574879,25500,0,0,www.carlow.edu/,51051,0,00330300,0.122,0,0,0.126,0.4122,1,30,NA,3,PA,1336,0.1654,0.8346,0.0389,0.0045,0.0352,0.1916,0.0412,7e-4,0.0097,0.009,0.6692,2025-05-19,211431,Pennsylvania,15213-3165,"Mid East (DE ,DC, MD, NJ, NY, PA)",Private not-for-profit,No,No,City: Large,"Allegheny County, PA",Roman Catholic
Carnegie Mellon University,0.114,19.340872375,13724,Pittsburgh,2,80514,3032907673,0.4725363489,0.0995024876,21750,0,0,www.cmu.edu/,114862,0,00324200,0,0.2193,0.1242,0.0911,0.1521,0.9246,NA,1545,3,PA,7187,0.4997,0.5003,0.0541,3e-4,0.3356,0.0424,0.108,4e-4,0.1913,0.0516,0.2162,2025-05-19,211440,Pennsylvania,15213-3890,"Mid East (DE ,DC, MD, NJ, NY, PA)",Private not-for-profit,No,No,City: Large,"Allegheny County, PA",Not applicable
Carolina College of Biblical Studies,NA,40.044247788,NA,Fayetteville,2,24267,489776,0.4955752212,0.5730337079,25750,0,0,ccbs.edu/,24581,0,04154200,0,0,0,0,0.5625,NA,NA,NA,3,NC,122,0.5574,0.4426,0,0.1066,0.0082,0.4344,0.0902,0,0,0.0082,0.3525,2025-05-19,461032,North Carolina,28303-5157,"Southeast (AL, AR, FL, GA, KY, LA, MS, NC, SC, TN, VA, WV)",Private not-for-profit,No,No,City: Midsize,"Cumberland County, NC",Not applicable
Carolina University,0.34,28.35483871,5130,Winston-Salem,2,29965,2850191,0.4838709677,0.3266331658,20287,0,0,https://www.carolinau.edu/,32864,0,00295600,0.1111,0,0,0.3472,0.4562,0.6889,108,NA,3,NC,424,0.5849,0.4151,0.0637,0.0024,0.0118,0.1533,0.125,0.0024,0.2712,0.0118,0.3585,2025-05-19,489937,North Carolina,27101,"Southeast (AL, AR, FL, GA, KY, LA, MS, NC, SC, TN, VA, WV)",Private not-for-profit,No,No,City: Midsize,"Forsyth County, NC",Baptist
Carolinas College of Health Sciences,0.8148,26.732484076,8038,Charlotte,1,NA,NA,0.9108280255,0.3184931507,15337,0,0,www.carolinascollege.edu/,64624,0,03104200,0,0,0,0,0.1663,0.5577,NA,NA,2,NC,409,0.1491,0.8509,0.0342,0,0.0269,0.1858,0.0758,0.0122,0.0024,0.2029,0.4597,2025-05-19,433174,North Carolina,28203-2861,"Southeast (AL, AR, FL, GA, KY, LA, MS, NC, SC, TN, VA, WV)",Public,No,No,City: Large,"Mecklenburg County, NC",Not applicable
Carroll College,0.7264,20.357692308,7115,Helena,2,54141,65990770,0.6038461538,0.1971830986,25757,0,0,www.carroll.edu/,61772,0,00252600,0.0358,0.0502,0.0143,0.1326,0.1804,0.626,30,1170,3,MT,1052,0.4202,0.5798,0.0599,0.0048,0.0105,0.0057,0.0751,0.0019,0,0.058,0.7842,2025-05-19,180106,Montana,59625-0002,"Rocky Mountains (CO, ID, MT, UT, WY)",Private not-for-profit,No,No,Town: Remote,"Lewis and Clark County, MT",Roman Catholic
Carroll University,0.5841,20.308801214,8526,Waukesha,2,49935,81033098,0.6638846737,0.2715654952,27000,0,0,www.carrollu.edu/,58009,0,00383800,0.0667,0.0089,0.0059,0.1333,0.2165,0.4101,66,1209,3,WI,2525,0.3402,0.6598,0.0321,0.0016,0.0289,0.0313,0.1212,8e-4,0.0321,0.0392,0.7129,2025-05-19,238458,Wisconsin,53186,"Great Lakes (IL, IN, MI, OH, WI)",Private not-for-profit,No,No,City: Small,"Waukesha County, WI",Presbyterian Church (USA)
Carson-Newman University,0.6827,20.587817259,6147,Jefferson City,2,46345,65772663,0.5614213198,0.3466092573,21500,0,0,www.cn.edu/,48382,0,00348100,0.0956,0,0.0098,0.1544,0.3917,0.5381,54,1111,3,TN,1374,0.4913,0.5087,0.0335,0.0058,0.0095,0.1063,0.0604,0.0044,0.0553,0.0131,0.7118,2025-05-19,219806,Tennessee,37760,"Southeast (AL, AR, FL, GA, KY, LA, MS, NC, SC, TN, VA, WV)",Private not-for-profit,No,No,Suburb: Small,"Jefferson County, TN",Baptist
Carthage College,0.8415,20.151291513,8523,Kenosha,2,47980,136204897,0.5505535055,0.2623839009,26000,0,0,www.carthage.edu/,56950,0,00383900,0.0735,0.0018,0.0179,0.2079,0.2577,0.4965,39,1113,3,WI,2628,0.4441,0.5559,0.0419,0.0038,0.0217,0.0654,0.161,0.0015,0.0133,0.0194,0.672,2025-05-19,238476,Wisconsin,53140-1994,"Great Lakes (IL, IN, MI, OH, WI)",Private not-for-profit,No,No,Suburb: Midsize,"Kenosha County, WI",Evangelical Lutheran Church
Cascadia College,NA,24.904552129,10097,Bothell,1,20058,2629186,0.5022026432,0.3829431438,6368,0,0,www.cascadia.edu/,54133,0,03483500,0,0.0113,0,0.0926,0.0976,1,NA,NA,2,WA,970,0.5124,0.4876,0.0907,0.0021,0.132,0.0278,0.1485,0,0.1103,0.0897,0.399,2025-05-19,439190,Washington,98011-8205,"Far West (AK ,CA ,HI, NV, OR, WA)",Public,No,No,Suburb: Large,"King County, WA",Not applicable
Case Western Reserve University,0.2868,19.656907594,13370,Cleveland,2,81533,2188161000,0.472095151,0.1085126286,24000,0,0,www.case.edu/,87989,0,00302400,0.0015,0.2601,0.0287,0.083,0.1708,0.7619,NA,1501,3,OH,6108,0.5223,0.4777,0.0521,5e-4,0.2734,0.064,0.118,5e-4,0.1343,0.0111,0.3461,2025-05-19,201645,Ohio,44106,"Great Lakes (IL, IN, MI, OH, WI)",Private not-for-profit,No,No,City: Large,"Cuyahoga County, OH",Not applicable
Catawba College,0.777,22.792426367,7974,Salisbury,2,47866,275881040,0.5315568022,0.2992366412,25000,0,0,www.catawba.edu/,48793,0,00291400,0.1124,0,0.0161,0.2249,0.3942,0.8148,NA,1136,3,NC,1127,0.4827,0.5173,0.0319,0.0035,0.0124,0.2103,0.0976,0.0018,0.0577,0.0319,0.5528,2025-05-19,198215,North Carolina,28144,"Southeast (AL, AR, FL, GA, KY, LA, MS, NC, SC, TN, VA, WV)",Private not-for-profit,No,No,Suburb: Midsize,"Rowan County, NC",Not applicable
Cedar Crest College,0.9913,25.130952381,7128,Allentown,2,56240,34464051,0.955026455,0.433681073,27000,0,0,www.cedarcrest.edu/,59460,0,00324300,0.0651,0,0.0068,0.089,0.3861,0.471,NA,1070,3,PA,857,0.0735,0.9265,0.0268,0.0012,0.0303,0.0922,0.1715,0,0.0642,0.1179,0.4959,2025-05-19,211468,Pennsylvania,18104-6196,"Mid East (DE ,DC, MD, NJ, NY, PA)",Private not-for-profit,No,No,City: Midsize,"Lehigh County, PA",Not applicable
Cedarville University,0.6282,19.749781277,8526,Cedarville,2,46994,42405490,0.5336832896,0.1265597148,20937,0,0,https://www.cedarville.edu/,55443,0,00302500,0.0931,0.0989,0.0047,0.139,0.154,0.5878,54,1246,3,OH,3815,0.4566,0.5434,0.0299,0.0016,0.028,0.0139,0.0325,5e-4,0.0278,0.0045,0.8613,2025-05-19,201654,Ohio,45314-0601,"Great Lakes (IL, IN, MI, OH, WI)",Private not-for-profit,No,No,Town: Fringe,"Greene County, OH",Baptist
Centenary College of Louisiana,0.5442,19.926530612,7591,Shreveport,2,57929,123340027,0.5142857143,0.2183406114,27000,0,0,www.centenary.edu/,50330,0,00200300,0,0,0.0076,0.1679,0.3891,0.434,71,1171,3,LA,615,0.5024,0.4976,0.0569,0.0081,0.0276,0.2244,0.1024,0,0.0098,0,0.5707,2025-05-19,158477,Louisiana,71134-1188,"Southeast (AL, AR, FL, GA, KY, LA, MS, NC, SC, TN, VA, WV)",Private not-for-profit,No,No,City: Midsize,"Caddo Parish, LA",United Methodist
Centenary University,0.9668,22.684131737,7080,Hackettstown,2,51351,14414284,0.6541916168,0.3821548822,23163,0,0,www.centenaryuniversity.edu/,53726,0,00259900,0.1807,0,0,0.3213,0.3772,1,71,NA,3,NJ,934,0.3854,0.6146,0,0.0021,0.0171,0.0771,0.1991,0,0.0011,0.076,0.6274,2025-05-19,183974,New Jersey,07840,"Mid East (DE ,DC, MD, NJ, NY, PA)",Private not-for-profit,No,No,Suburb: Large,"Warren County, NJ",United Methodist
Centra College,1,28.595628415,7662,Lynchburg,2,31771,204534,0.9234972678,0.5602409639,15250,0,0,https://www.centrahealth.com/college,60122,0,02175800,0,0,0,0,0.4367,0.4815,NA,NA,2,VA,212,0.1132,0.8868,0.066,0,0.0142,0.1321,0.0236,0,0,0.0943,0.6698,2025-05-19,232618,Virginia,24501,"Southeast (AL, AR, FL, GA, KY, LA, MS, NC, SC, TN, VA, WV)",Private not-for-profit,No,No,City: Small,"Lynchburg City, VA",Not applicable
Central Baptist College,0.4636,24.791962175,5363,Conway,2,27468,3818793,0.4609929078,0.3455497382,22250,0,0,www.cbc.edu/,46789,0,00109300,0.0777,0,0,0.233,0.422,0.3906,54,1022,3,AR,477,0.5639,0.4361,0.0482,0.0063,0.0042,0.1698,0.0964,0.0021,0.0755,0.021,0.5765,2025-05-19,106713,Arkansas,72034,"Southeast (AL, AR, FL, GA, KY, LA, MS, NC, SC, TN, VA, WV)",Private not-for-profit,No,No,City: Small,"Faulkner County, AR",Baptist
Central Christian College of Kansas,NA,32.17673716,4168,McPherson,2,32495,5215433,0.4773413897,0.4761029412,27000,0,1,https://www.centralchristian.edu/,44468,0,00190800,0.0248,0,0.0083,0.2397,0.4311,0.2133,64,NA,3,KS,394,0.5279,0.4721,0.0508,0.0254,0.0178,0.1294,0.2411,0.0051,0.0178,0.0355,0.4772,2025-05-19,154855,Kansas,67460-5740,"Plains (IA, KS, MN, MO, NE, ND, SD)",Private not-for-profit,No,No,Town: Remote,"McPherson County, KS",Free Methodist
Central Christian College of the Bible,NA,21.929032258,4867,Moberly,2,22288,1634652,0.3612903226,0.3125,17500,0,0,https://www.cccb.edu/,34675,0,02266400,0,0,0,0,0.5316,0.6538,48,NA,3,MO,145,0.6414,0.3586,0.0207,0,0.0276,0.1379,0.0552,0,0,0.1103,0.6483,2025-05-19,176910,Missouri,65270-1997,"Plains (IA, KS, MN, MO, NE, ND, SD)",Private not-for-profit,No,No,Town: Distant,"Randolph County, MO",Christian Churches and Churches of Christ
Central College,0.7897,19.704152249,7695,Pella,2,35177,97697890,0.4896193772,0.214801444,26984,0,0,www.central.edu/,54317,0,00185000,0.0868,0.0274,0.0137,0.2237,0.2139,0.8598,49,1115,3,IA,1062,0.5358,0.4642,0.0311,9e-4,0.0085,0.0179,0.0433,0,0.0019,0.0226,0.8738,2025-05-19,153108,Iowa,50219,"Plains (IA, KS, MN, MO, NE, ND, SD)",Private not-for-profit,No,No,Town: Distant,"Marion County, IA",Reformed Church in America
Central Connecticut State University,0.7553,22.070153997,10593,New Britain,1,24112,89049879,0.4913224151,0.3874829932,22300,0,0,www.ccsu.edu/,58562,0,00137800,0.053900000000000003,0.0359,0.0073,0.2469,0.3486,0.4793,NA,1091,3,CT,7670,0.543,0.457,0.0306,0.001,0.0501,0.1349,0.2,4e-4,0.0186,0.0218,0.5425,2025-05-19,128771,Connecticut,06050,"New England (CT, ME, MA, NH, R,I VT)",Public,No,No,Suburb: Large,"Hartford County, CT",Not applicable
Central Methodist University-College of Graduate and Extended Studies,0.8714,27.84279476,6060,Fayette,2,20195,15294007,0.6899563319,0.4372781065,17619,0,0,www.centralmethodist.edu/,48991,0,00245300,0.3504,0,0.002,0.1291,0.2678,1,71,NA,3,MO,1807,0.4106,0.5894,0.0255,0.0105,0.0039,0.1173,0.0332,6e-4,0,0.0138,0.7952,2025-05-19,445267,Missouri,65248-1198,"Plains (IA, KS, MN, MO, NE, ND, SD)",Private not-for-profit,No,No,Town: Distant,"Howard County, MO",United Methodist
Central Methodist University-College of Liberal Arts and Sciences,0.879,27.84279476,6652,Fayette,2,43890,45882023,0.6899563319,0.4372781065,17619,0,0,www.centralmethodist.edu/,48991,0,00245300,0.18,0,0.012,0.132,0.3698,1,71,1090,3,MO,1015,0.4571,0.5429,0.0512,0.0049,0.0089,0.1163,0.0837,0,0.0808,0.0158,0.6384,2025-05-19,176947,Missouri,65248-1198,"Plains (IA, KS, MN, MO, NE, ND, SD)",Private not-for-profit,No,No,Town: Distant,"Howard County, MO",United Methodist
Central Michigan University,0.9101,21.429654255,10489,Mount Pleasant,1,26470,230600367,0.592287234,0.2932980354,27000,0,0,https://www.cmich.edu/,55874,0,00224300,0.0952,0.0209,0.0106,0.1973,0.3064,0.7737,NA,1099,3,MI,9916,0.386,0.614,0.0367,0.0087,0.0135,0.0844,0.0537,7e-4,0.027,0.0104,0.7649,2025-05-19,169248,Michigan,48859,"Great Lakes (IL, IN, MI, OH, WI)",Public,No,No,Town: Distant,"Isabella County, MI",Not applicable
Central State University,0.46,20.391891892,7575,Wilberforce,1,22435,7465403,0.5495495495,0.4003590664,30739,1,0,https://www.centralstate.edu/,33267,0,00302600,0.1985,0.0076,0,0.3435,0.4218,1,NA,NA,3,OH,3412,0.3403,0.6597,0.0495,0.0026,0.0155,0.4927,0.0938,0,0.0487,0.1202,0.177,2025-05-19,201690,Ohio,45384-1004,"Great Lakes (IL, IN, MI, OH, WI)",Public,Yes,No,Rural: Fringe,"Greene County, OH",Not applicable
Central Washington University,0.9022,23.442911418,9704,Ellensburg,1,25148,47545176,0.5458908218,0.4004042219,19500,0,0,www.cwu.edu/,61580,0,00377100,0.1482,0,0.0048,0.1723,0.3114,0.663,NA,NA,3,WA,8081,0.4702,0.5298,0.0797,0.0057,0.0408,0.0501,0.2175,0.0085,0.0243,0.0165,0.5569,2025-05-19,234827,Washington,98926-7501,"Far West (AK ,CA ,HI, NV, OR, WA)",Public,No,No,Town: Distant,"Kittitas County, WA",Not applicable
Central Yeshiva Tomchei Tmimim Lubavitz,0.8846,19.646766169,3577,Brooklyn,2,27589,NA,PS,0.2708333333,PS,0,0,https://cyttl.edu/,35023,0,00477600,0,0,0,0,0.6445,0.7,NA,NA,3,NY,810,1,0,0,0,0,0,0,0,0.1235,0,0.8765,2025-05-19,189857,New York,11230-2798,"Mid East (DE ,DC, MD, NJ, NY, PA)",Private not-for-profit,No,No,City: Large,"Kings County, NY",Not applicable
Centralia College,NA,27.534679543,8759,Centralia,1,17550,13143501,0.5987708516,0.4661016949,PS,0,0,www.centralia.edu/,43140,0,00377200,0.0548,0,0,0.1272,0.209,1,NA,NA,1,WA,1476,0.4275,0.5725,0.0745,0.0102,0.0149,0.0325,0.1944,0.0034,0.0014,0.0745,0.5942,2025-05-19,234845,Washington,98531-4099,"Far West (AK ,CA ,HI, NV, OR, WA)",Public,No,No,Town: Distant,"Lewis County, WA",Not applicable
Centre College,0.5434,19.376213592,9296,Danville,2,63354,408796421,0.4708737864,0.2025641026,27000,0,0,https://www.centre.edu/,66240,0,00196100,0,0,0.0488,0,0.2122,0.9091,66,1345,3,KY,1346,0.4792,0.5208,0.0319,0.003,0.0438,0.0527,0.0788,0.0015,0.0438,0.0082,0.7363,2025-05-19,156408,Kentucky,40422-1394,"Southeast (AL, AR, FL, GA, KY, LA, MS, NC, SC, TN, VA, WV)",Private not-for-profit,No,No,Town: Distant,"Boyle County, KY",Presbyterian Church (USA)
Chadron State College,NA,23.22326454,7875,Chadron,1,20672,25122433,0.5778611632,0.393360161,18875,0,0,www.csc.edu/,47002,0,00253900,0.2199,0,0.012,0.2651,0.3587,0.5933,NA,NA,3,NE,1634,0.3635,0.6365,0.0416,0.0153,0.0049,0.0379,0.1175,0.0018,0.0122,0.0055,0.7632,2025-05-19,180948,Nebraska,69337-2690,"Plains (IA, KS, MN, MO, NE, ND, SD)",Public,No,No,Town: Remote,"Dawes County, NE",Not applicable
Chaminade University of Honolulu,0.9263,24.24012474,9063,Honolulu,2,43637,34666684,0.7130977131,0.4233825199,23250,0,0,https://www.chaminade.edu/,52343,0,00160500,0.0922,0,0,0.1153,0.422,1,30,1155,3,HI,1648,0.2743,0.7257,0.1559,0.0024,0.2597,0.017,0.1402,0.0916,6e-4,0.2488,0.0837,2025-05-19,141486,Hawaii,96816-1578,"Far West (AK ,CA ,HI, NV, OR, WA)",Private not-for-profit,No,No,City: Large,"Honolulu County, HI",Roman Catholic
Champion Christian College,NA,NA,2333,Hot Springs,2,20376,NA,NA,NA,PS,0,0,champion.edu/,NA,0,04276100,0,0,0,0,0.6111,0.7,108,NA,3,AR,128,0.6875,0.3125,0.0625,0.0391,0.0078,0.2188,0.0547,0,0.0156,0.0156,0.5859,2025-05-19,492069,NA,NA,NA,NA,NA,NA,NA,NA,NA
Champlain College,0.6672,26.700053562,10111,Burlington,2,63000,25253711,0.4702731655,0.3172011662,26814,0,0,www.champlain.edu/,58386,0,00368400,0.0129,0,0.0011,0.1994,0.2314,1,NA,1262,3,VT,2870,0.6167,0.3833,0.0425,0.0038,0.0408,0.0631,0.0965,3e-4,0.0021,0.0564,0.6944,2025-05-19,230852,Vermont,05401,"New England (CT, ME, MA, NH, R,I VT)",Private not-for-profit,No,No,City: Small,"Chittenden County, VT",Not applicable
Chapman University,0.5561,19.902770234,13180,Orange,2,81327,608097000,0.6474741988,0.1787741203,20500,0,0,https://www.chapman.edu/,70070,0,00116400,0.0297,0.0061,0.0097,0.3134,0.1974,0.9983,61,1353,3,CA,7629,0.3909,0.6091,0.0886,0.0013,0.1646,0.0225,0.1861,0.0025,0.0286,0.0235,0.4822,2025-05-19,111948,California,92866,"Far West (AK ,CA ,HI, NV, OR, WA)",Private not-for-profit,No,No,City: Midsize,"Orange County, CA",Christian Church (Disciples of Christ)
Charles R Drew University of Medicine and Science,0.3878,28.516129032,9490,Los Angeles,2,33973,103121400,0.6774193548,0.4770642202,18750,0,0,www.cdrewu.edu/,83438,0,01036500,0,0,0,0,0.313,0.2366,NA,NA,2,CA,233,0.3906,0.6094,0.2833,0,0.0987,0.3433,0.206,0,0,0.0343,0.0343,2025-05-19,111966,California,90059,"Far West (AK ,CA ,HI, NV, OR, WA)",Private not-for-profit,No,No,Suburb: Large,"Los Angeles County, CA",Not applicable
Charleston Southern University,0.7609,22.16751269,6003,Charleston,2,43989,25844075,0.6288776086,0.3071816536,26471,0,0,https://www.charlestonsouthern.edu/,45898,0,00341900,0.087,0.0083,0.0124,0.1698,0.3456,0.6019,54,1056,3,SC,2716,0.3748,0.6252,0.0387,0.0011,0.0118,0.1753,0.0781,0.0029,0.0247,0.1101,0.5574,2025-05-19,217688,South Carolina,29406-9121,"Southeast (AL, AR, FL, GA, KY, LA, MS, NC, SC, TN, VA, WV)",Private not-for-profit,No,No,City: Midsize,"Charleston County, SC",Baptist
Chatham University,0.7011,22.759717314,7898,Pittsburgh,2,56981,93131085,0.7508833922,0.2969348659,23250,0,0,www.chatham.edu/,52410,0,00324400,0.0113,0,0.0414,0.0977,0.2108,1,NA,1205,3,PA,1252,0.3123,0.6877,0,0.0024,0.0375,0.0767,0.0583,0,0.0312,0.0431,0.7508,2025-05-19,211556,Pennsylvania,15232,"Mid East (DE ,DC, MD, NJ, NY, PA)",Private not-for-profit,No,No,City: Large,"Allegheny County, PA",Not applicable
Chestnut Hill College,0.7913,26.692222222,5846,Philadelphia,2,57980,11838749,0.6711111111,0.4440104167,26389,0,0,www.chc.edu/,52015,0,00324500,0.1017,0,0,0.161,0.4732,0.3125,30,NA,3,PA,931,0.4211,0.5789,0.0258,0,0.0183,0.2997,0.1321,0,0.0247,0.1976,0.3018,2025-05-19,211583,Pennsylvania,19118-2693,"Mid East (DE ,DC, MD, NJ, NY, PA)",Private not-for-profit,No,No,City: Large,"Philadelphia County, PA",Roman Catholic
Cheyney University of Pennsylvania,NA,21.806451613,10172,Cheyney,1,24881,1605653,0.4569892473,0.4469453376,21785,1,0,https://www.cheyney.edu/,37837,0,00331700,0.037,0,0.0123,0.3086,0.4103,0.5065,NA,NA,3,PA,721,0.337,0.663,0.0735,0.0042,0.0097,0.8585,0.025,0,0.0028,0.0166,0.0097,2025-05-19,211608,Pennsylvania,19319-0200,"Mid East (DE ,DC, MD, NJ, NY, PA)",Public,Yes,No,Suburb: Large,"Delaware County, PA",Not applicable
Chicago State University,0.4052,28.718628215,8748,Chicago,1,30454,7644688,0.7038191738,0.4202453988,30625,0,0,www.csu.edu/,42778,0,00169400,0.0606,0,0.0038,0.1629,0.5497,0.9819,NA,NA,3,IL,1414,0.3069,0.6931,0.0212,0.0035,0.0071,0.7617,0.07,0,0.0403,0.0686,0.0276,2025-05-19,144005,Illinois,60628-1598,"Great Lakes (IL, IN, MI, OH, WI)",Public,No,No,City: Large,"Cook County, IL",Not applicable
Chipola College,NA,23.479946524,6169,Marianna,1,8804,17601676,0.6189839572,0.5083969466,PS,0,0,https://www.chipola.edu/,37378,0,00147200,0.0463,0,0,0.0328,0.2689,0.4624,NA,NA,2,FL,1218,0.3966,0.6034,0.0517,0.0025,0.0074,0.1585,0.0649,0.0016,0.0181,0.0369,0.6585,2025-05-19,133021,Florida,32446-2053,"Southeast (AL, AR, FL, GA, KY, LA, MS, NC, SC, TN, VA, WV)",Public,No,No,Town: Distant,"Jackson County, FL",Not applicable
Chowan University,0.7237,20.430307942,7280,Murfreesboro,2,37837,29841113,0.5121555916,0.370405278,29491,0,0,https://www.chowan.edu/,38412,0,00291600,0.0516,0,0.0065,0.1484,0.6075,1,75,970,3,NC,638,0.616,0.384,0.0361,0.0078,0,0.4984,0.0455,0.0031,0.069,0.0596,0.2806,2025-05-19,198303,North Carolina,27855,"Southeast (AL, AR, FL, GA, KY, LA, MS, NC, SC, TN, VA, WV)",Private not-for-profit,No,No,Town: Distant,"Hertford County, NC",Southern Baptist
Christian Brothers University,0.8842,23.944099379,7858,Memphis,2,45919,46210324,0.5854037267,0.3587921847,27000,0,0,https://www.cbu.edu/,57478,0,00348200,0.0136,0.1293,0.0102,0.2449,0.3057,0.9835,30,1069,3,TN,953,0.447,0.553,0.0944,0.0094,0.0189,0.2151,0.1889,0.001,0.0756,0.1406,0.256,2025-05-19,219833,Tennessee,38104,"Southeast (AL, AR, FL, GA, KY, LA, MS, NC, SC, TN, VA, WV)",Private not-for-profit,No,No,City: Large,"Shelby County, TN",Roman Catholic
Christopher Newport University,0.8796,19.634920635,10608,Newport News,1,32242,47219889,0.5952380952,0.181010929,25000,0,0,https://cnu.edu/,60509,0,00370600,0,0.0361,0.0237,0.1719,0.1457,0.6335,NA,1207,3,VA,4402,0.4782,0.5218,0.0545,0.0011,0.0416,0.0852,0.0822,9e-4,0.0025,0.0107,0.7213,2025-05-19,231712,Virginia,23606-3072,"Southeast (AL, AR, FL, GA, KY, LA, MS, NC, SC, TN, VA, WV)",Public,No,No,City: Midsize,"Newport News City, VA",Not applicable
Cincinnati College of Mortuary Science,NA,27.083333333,5828,Cincinnati,2,NA,609791,0.6666666667,PS,15000,0,0,www.ccms.edu/,55695,0,01090600,0,0,0,0,0.2418,NA,NA,NA,2,OH,101,0.1881,0.8119,0.0495,0,0,0.0891,0.0495,0.0099,0,0,0.802,2025-05-19,201867,Ohio,45224-1462,"Great Lakes (IL, IN, MI, OH, WI)",Private not-for-profit,No,No,Suburb: Large,"Hamilton County, OH",Not applicable
Citadel Military College of South Carolina,0.9809,21.7086915,9825,Charleston,1,31943,397403931,0.1184336199,0.1881881882,21096,0,0,https://citadel.edu/,72085,0,00342300,0.0248,0.2219,0.0029,0.2803,0.1918,0.684,NA,1184,3,SC,2624,0.8567,0.1433,0.0473,0.0027,0.0206,0.0743,0.0899,0.0038,0.0091,0.008,0.7443,2025-05-19,217864,South Carolina,29409,"Southeast (AL, AR, FL, GA, KY, LA, MS, NC, SC, TN, VA, WV)",Public,No,No,City: Midsize,"Charleston County, SC",Not applicable
City University of Seattle,NA,31.946202532,7809,Seattle,2,35049,594672,0.6012658228,0.409252669,25000,0,0,www.cityu.edu/,69460,0,01302200,0.101,0,0,0.5962,0.1284,0.0797,NA,NA,3,WA,1091,0.44,0.56,0.0266,0,0.0577,0.0651,0.1201,0.0064,0.0229,0.4931,0.2081,2025-05-19,234915,Washington,98121,"Far West (AK ,CA ,HI, NV, OR, WA)",Private not-for-profit,No,No,City: Large,"King County, WA",Not applicable
Claflin University,0.7255,21.43452381,7650,Orangeburg,2,33538,51019789,0.6700680272,0.3235867446,29000,1,0,www.claflin.edu/,40304,0,00342400,0.0689,0.012,0.012,0.1467,0.7261,0.7101,71,NA,3,SC,1727,0.264,0.736,6e-4,0.0058,0.0017,0.9004,0.0087,6e-4,0.0232,0.0475,0.0116,2025-05-19,217873,South Carolina,29115-4498,"Southeast (AL, AR, FL, GA, KY, LA, MS, NC, SC, TN, VA, WV)",Private not-for-profit,Yes,No,Town: Distant,"Orangeburg County, SC",United Methodist
Claremont McKenna College,0.1112,19.497652582,16211,Claremont,2,82127,1224986000,0.4882629108,PS,13500,0,0,www.cmc.edu/,104736,0,00117000,0,0.0184,0.0215,0.0307,0.1948,0.9118,NA,1514,3,CA,1379,0.4975,0.5025,0.0819,0,0.1566,0.0508,0.1537,0.0015,0.1443,0.045,0.3662,2025-05-19,112260,California,91711-6400,"Far West (AK ,CA ,HI, NV, OR, WA)",Private not-for-profit,No,No,Suburb: Large,"Los Angeles County, CA",Not applicable
Clark Atlanta University,0.6463,19.823749416,8245,Atlanta,2,40924,92509648,0.762973352,0.3224773091,27000,1,0,www.cau.edu/,42712,0,00155900,0.042,0,0.0088,0.1969,0.691,0.633,71,NA,3,GA,3482,0.2298,0.7702,0.0752,0.0014,3e-4,0.6238,0.0146,0,0.0037,0.2774,0.0034,2025-05-19,138947,Georgia,30314-4391,"Southeast (AL, AR, FL, GA, KY, LA, MS, NC, SC, TN, VA, WV)",Private not-for-profit,Yes,No,City: Large,"Fulton County, GA",United Methodist
Clark College,NA,26.160852713,10634,Vancouver,1,17485,74020131,0.5683831672,0.4245954693,10881,0,0,https://www.clark.edu/,42356,0,00377300,0.0115,0.0115,0,0.1337,0.2211,0.9788,NA,NA,2,WA,4699,0.3946,0.6054,0.0745,0.0047,0.0534,0.034,0.1892,0.0045,0.0089,0.0809,0.54990000000000006,2025-05-19,234933,Washington,98663-3598,"Far West (AK ,CA ,HI, NV, OR, WA)",Public,No,No,City: Midsize,"Clark County, WA",Not applicable
Clark University,0.4167,19.712962963,12160,Worcester,2,64426,487169000,0.6560846561,0.1629526462,26759,0,0,www.clarku.edu/,62381,0,00213900,0.0233,0,0.01,0.0963,0.2126,0.9961,NA,1339,3,MA,2336,0.4272,0.5728,0.0437,0,0.0689,0.0591,0.1173,4e-4,0.0518,0.0317,0.6271,2025-05-19,165334,Massachusetts,01610-1477,"New England (CT, ME, MA, NH, R,I VT)",Private not-for-profit,No,No,City: Midsize,"Worcester County, MA",Not applicable
Clarke University,0.6816,20.838164251,6649,Dubuque,2,52899,31325938,0.6086956522,0.2935064935,26717,0,0,www.clarke.edu/,55396,0,00185200,0.1042,0,0,0.1806,0.3592,0.7,30,1060,3,IA,782,0.5307,0.4693,0.0345,0.0026,0.0166,0.1355,0.1151,0.0038,0.1036,0.0524,0.5358,2025-05-19,153126,Iowa,52001-3198,"Plains (IA, KS, MN, MO, NE, ND, SD)",Private not-for-profit,No,No,City: Small,"Dubuque County, IA",Roman Catholic
Clarkson College,0.6429,26.221218962,6568,Omaha,2,23962,5762459,0.8645598194,0.3333333333,23716,0,0,www.clarksoncollege.edu/,64876,0,00986200,0,0,0,0.0231,0.3043,0.8696,50,NA,3,NE,611,0.1555,0.8445,0.1571,0.0016,0.0393,0.0851,0.0507,0.0033,0,0.0115,0.6514,2025-05-19,180832,Nebraska,68131-2739,"Plains (IA, KS, MN, MO, NE, ND, SD)",Private not-for-profit,No,No,City: Large,"Douglas County, NE","Episcopal Church, Reformed"
Clarkson University,0.7716,19.596820809,10769,Potsdam,2,76451,216602679,0.2998554913,0.1528709918,26000,0,0,https://www.clarkson.edu/,89696,0,00269900,0,0.5622,0.0135,0.1079,0.2046,0.7836,NA,1307,3,NY,2449,0.6729,0.3271,0.0339,0.0037,0.0274,0.0318,0.067,0,0.0433,0.0033,0.7897,2025-05-19,190044,New York,13699,"Mid East (DE ,DC, MD, NJ, NY, PA)",Private not-for-profit,No,No,Town: Remote,"St. Lawrence County, NY",Not applicable
Clayton  State University,0.7059,25.827098675,8671,Morrow,1,17940,17554648,0.7063328424,0.3792387543,25706,0,0,www.clayton.edu/,49179,0,00897600,0.0205,0,0.0065,0.1778,0.5191,0.7129,NA,973,3,GA,4390,0.2991,0.7009,0.031,0.003,0.0542,0.6492,0.12,9e-4,0.0125,0.0335,0.0957,2025-05-19,139311,Georgia,30260-0285,"Southeast (AL, AR, FL, GA, KY, LA, MS, NC, SC, TN, VA, WV)",Public,No,No,Suburb: Large,"Clayton County, GA",Not applicable
Clear Creek Baptist Bible College,NA,29.953125,4636,Pineville,2,20151,21047310,0.21875,PS,PS,0,0,https://ccbbc.edu/,41623,0,02535600,0,0,0,0,0.4436,0.7857,75,NA,3,KY,132,0.8561,0.1439,0.0379,0,0,0.0227,0.0152,0,0,0,0.9242,2025-05-19,156417,Kentucky,40977-9752,"Southeast (AL, AR, FL, GA, KY, LA, MS, NC, SC, TN, VA, WV)",Private not-for-profit,No,No,Rural: Distant,"Bell County, KY",Southern Baptist
Cleary University,0.4975,27.73880597,5250,Howell,2,39110,1304291,0.6119402985,0.4229249012,19500,0,0,www.cleary.edu/,54186,0,00224600,0,0,0,1,0.2738,0.0446,NA,NA,3,MI,774,0.6021,0.3979,0.0194,0.0026,0.0142,0.239,0.0452,0.0026,0.053,0.0814,0.5426,2025-05-19,169327,Michigan,48843,"Great Lakes (IL, IN, MI, OH, WI)",Private not-for-profit,No,No,Suburb: Midsize,"Livingston County, MI",Not applicable
Clemson University,0.3805,20.472703063,11744,Clemson,1,34494,994710889,0.5037093399,0.1724543849,21500,0,0,www.clemson.edu/,71513,0,00342500,0.036,0.1814,0.0114,0.2326,0.1453,0.8076,NA,1341,3,SC,22778,0.4697,0.5303,0.0396,0.0021,0.0284,0.0543,0.0871,9e-4,0.0076,0.0192,0.7606,2025-05-19,217882,South Carolina,29634,"Southeast (AL, AR, FL, GA, KY, LA, MS, NC, SC, TN, VA, WV)",Public,No,No,Suburb: Large,"Pickens County, SC",Not applicable
Cleveland Institute of Art,0.5628,20.406557377,7262,Cleveland,2,62966,29691349,0.6557377049,0.2671232877,27000,0,0,www.cia.edu/,42509,0,00398200,0,0,0,0,0.3784,0.4679,NA,1156,3,OH,560,0.2732,0.7268,0.0679,0,0.0321,0.1339,0.1054,0,0.0036,0.0036,0.6536,2025-05-19,202046,Ohio,44106-1710,"Great Lakes (IL, IN, MI, OH, WI)",Private not-for-profit,No,No,City: Large,"Cuyahoga County, OH",Not applicable
Cleveland Institute of Music,0.3818,19.355932203,7246,Cleveland,2,58843,46086791,0.4406779661,PS,24968,0,0,www.cim.edu/,32641,0,00303100,0,0,0,0,0.1457,0.422,NA,NA,3,OH,193,0.513,0.487,0.0363,0.0104,0.1762,0.0363,0.0622,0.0052,0.1917,0.0104,0.4715,2025-05-19,202073,Ohio,44106-1776,"Great Lakes (IL, IN, MI, OH, WI)",Private not-for-profit,No,No,City: Large,"Cuyahoga County, OH",Not applicable
Cleveland State University,0.9548,23.708822596,10200,Cleveland,1,26310,98179372,0.5893367185,0.3837554585,21797,0,0,www.csuohio.edu/,52131,0,00303200,0.0409,0.1113,0.0117,0.1682,0.3901,0.5271,NA,980,3,OH,9077,0.4666,0.5334,0.0486,0.0025,0.0398,0.164,0.0907,8e-4,0.0597,0.0156,0.5783,2025-05-19,202134,Ohio,44115-2214,"Great Lakes (IL, IN, MI, OH, WI)",Public,No,No,City: Large,"Cuyahoga County, OH",Not applicable
Clover Park Technical College,NA,30.253446448,8056,Lakewood,1,13974,1921091,0.6108165429,0.4594771242,12112,0,0,www.cptc.edu/,41787,0,00575200,0.0353,0,0,0.0501,0.1797,0.9829,NA,NA,1,WA,2417,0.3724,0.6276,0.103,0.0058,0.0625,0.1365,0.156,0.0108,0.0037,0.1349,0.3868,2025-05-19,234951,Washington,98499-4004,"Far West (AK ,CA ,HI, NV, OR, WA)",Public,No,No,City: Small,"Pierce County, WA",Not applicable
Coastal Carolina University,0.8019,20.580092414,8782,Conway,1,26050,44582027,0.5346553716,0.2656186198,23750,0,0,https://www.coastal.edu/,47258,0,00345100,0.0583,0.0157,0.0038,0.2316,0.2676,1,NA,1128,3,SC,9909,0.4497,0.5503,0.0354,0.0021,0.0085,0.1052,0.0587,9e-4,0.0077,0.1186,0.6629,2025-05-19,218724,South Carolina,29526,"Southeast (AL, AR, FL, GA, KY, LA, MS, NC, SC, TN, VA, WV)",Public,No,No,City: Small,"Horry County, SC",Not applicable
Coe College,0.7067,19.762463343,6988,Cedar Rapids,2,64682,103235111,0.5747800587,0.2352024922,27000,0,0,www.coe.edu/,57125,0,00185400,0.048,0,0.012,0.208,0.3568,1,66,1206,3,IA,1246,0.4896,0.5104,0.0209,8e-4,0.0225,0.1019,0.1252,0.0032,0.049,0.049,0.6276,2025-05-19,153144,Iowa,52402-5092,"Plains (IA, KS, MN, MO, NE, ND, SD)",Private not-for-profit,No,No,City: Midsize,"Linn County, IA",Presbyterian Church (USA)
Coker University,0.9723,24.031811895,6535,Hartsville,2,44355,31423210,0.5684647303,0.3761609907,26000,0,0,https://coker.edu/,40117,0,00342700,0.0628,0,0,0.2304,0.2949,0.4444,NA,NA,3,SC,807,0.43120000000000003,0.5688,0.0867,0.005,0.0112,0.2503,0.0074,0.0025,0.0781,0.0124,0.5465,2025-05-19,217907,South Carolina,29550,"Southeast (AL, AR, FL, GA, KY, LA, MS, NC, SC, TN, VA, WV)",Private not-for-profit,No,No,Town: Distant,"Darlington County, SC",Not applicable
Colby-Sawyer College,0.8998,20.061403509,7720,New London,2,65807,55606879,0.7192982456,0.2413793103,27000,0,0,www.colby-sawyer.edu/,46474,0,00257200,0.0748,0,0,0.0787,0.2298,1,NA,NA,3,NH,778,0.2815,0.7185,0.0116,0.0013,0.0103,0.0424,0.0296,0,0.0141,0.1067,0.7841,2025-05-19,182634,New Hampshire,03257-7835,"New England (CT, ME, MA, NH, R,I VT)",Private not-for-profit,No,No,Rural: Distant,"Merrimack County, NH",Not applicable
Colby College,0.0683,19.413897281,12602,Waterville,2,81550,1122451000,0.5679758308,0.108974359,19157,0,0,www.colby.edu/,80490,0,00203900,0.0148,0,0.0314,0,0.1318,0.9464,NA,1500,3,ME,2282,0.4886,0.5114,0.0714,9e-4,0.1074,0.0543,0.0828,9e-4,0.1104,0.0364,0.5355,2025-05-19,161086,Maine,04901-8840,"New England (CT, ME, MA, NH, R,I VT)",Private not-for-profit,No,No,Town: Remote,"Kennebec County, ME",Not applicable
Colegio Universitario de San Juan,0.8088,23.995503597,3145,San Juan,1,6362,NA,0.5611510791,0.4522502744,PS,0,1,www.cunisanjuan.edu/,26510,0,01056700,0,0,0,0.0941,0.7768,1,NA,NA,3,PR,542,0.3948,0.6052,0,0,0,0,1,0,0,0,0,2025-05-19,241720,Puerto Rico,00918,"Other U.S. jurisdictions (AS, FM GU, MH, MP, PR, PW, VI)",Public,No,No,City: Large,"San Juan Municipio, PR",Not applicable
Colgate University,0.1195,19.33924612,12737,Hamilton,2,83650,1197104721,0.5764966741,0.1807511737,15000,0,0,https://www.colgate.edu/,85139,0,00270100,0.0188,0,0.0121,0,0.1268,0.9415,NA,1480,3,NY,3122,0.4401,0.5599,0.0557,0.0013,0.0548,0.0442,0.0945,0.0013,0.083,0.0183,0.647,2025-05-19,190099,New York,13346-1398,"Mid East (DE ,DC, MD, NJ, NY, PA)",Private not-for-profit,No,No,Town: Distant,"Madison County, NY",Not applicable
College for Creative Studies,0.9276,20.951557093,10684,Detroit,2,61238,87761448,0.5657439446,0.2283609576,26000,0,0,https://www.collegeforcreativestudies.edu/,44860,0,00677100,0.0233,0,0,0,0.2826,1,NA,NA,3,MI,1285,0.3292,0.6708,0.0498,0.0039,0.0506,0.116,0.0506,0.0031,0.0817,0.1105,0.5339,2025-05-19,169442,Michigan,48202,"Great Lakes (IL, IN, MI, OH, WI)",Private not-for-profit,No,No,City: Large,"Wayne County, MI",Not applicable
College of Biblical Studies-Houston,NA,40.558558559,5464,Houston,2,20532,582820,0.5495495495,0.5088757396,25570,0,0,https://cbshouston.edu/,39260,0,03422400,0,0,0,0.1143,0.7854,0.5435,88,NA,3,TX,482,0.5996,0.4004,0.0083,0.0041,0.056,0.3838,0.2676,0.0041,0.0913,0.0083,0.1763,2025-05-19,388520,Texas,77036-3211,"Southwest (AZ, NM, OK, TX)",Private not-for-profit,No,No,City: Large,"Harris County, TX",Undenominational
College of Central Florida,NA,24.306709265,6148,Ocala,1,17950,91682945,0.6081905315,0.4876564085,13000,0,0,www.cf.edu/,38203,0,00147100,0.0163,0,0,0.3357,0.4047,0.4464,NA,NA,2,FL,4717,0.3617,0.6383,0.0411,0.0017,0.0267,0.109,0.2039,0.0032,0.0201,0.0204,0.5739,2025-05-19,132851,Florida,34474,"Southeast (AL, AR, FL, GA, KY, LA, MS, NC, SC, TN, VA, WV)",Public,No,No,City: Small,"Marion County, FL",Not applicable
College of Charleston,0.72,20.903627504,10065,Charleston,1,30731,124132298,0.6578234976,0.2006198929,23250,0,0,https://www.cofc.edu/,56416,0,00342800,0.0572,0,0.0044,0.2293,0.1947,0.6349,NA,1238,3,SC,10366,0.3235,0.6765,0.04,7e-4,0.0204,0.054,0.0705,6e-4,0.0084,0.0209,0.7845,2025-05-19,217819,South Carolina,29424-0001,"Southeast (AL, AR, FL, GA, KY, LA, MS, NC, SC, TN, VA, WV)",Public,No,No,City: Midsize,"Charleston County, SC",Not applicable
College of Coastal Georgia,0.9851,22.928900256,8292,Brunswick,1,18975,11706195,0.6828644501,0.3782559456,15039,0,0,https://www.ccga.edu/,39318,0,00155800,0.0559,0,0.0017,0.1559,0.4051,0.72,NA,1001,2,GA,2794,0.2899,0.7101,0.0168,0.0025,0.0143,0.2058,0.0823,0.0029,0.0157,0.0619,0.5977,2025-05-19,139250,Georgia,31520-3644,"Southeast (AL, AR, FL, GA, KY, LA, MS, NC, SC, TN, VA, WV)",Public,No,No,City: Small,"Glynn County, GA",Not applicable
College of Menominee Nation,NA,29.84,6483,Keshena,2,16327,4813924,0.6571428571,0.55,PS,0,0,https://www.menominee.edu/,25853,0,03125100,0.4516,0,0,0.1935,0.5089,0.4,NA,NA,2,WI,199,0.2965,0.7035,0,0.9146,0,0.005,0.0201,0,0,0,0.0603,2025-05-19,413617,Wisconsin,54135-1179,"Great Lakes (IL, IN, MI, OH, WI)",Private not-for-profit,No,Yes,Rural: Distant,"Menominee County, WI",Not applicable
College of Micronesia-FSM,0.8091,20.243144424,3167,Pohnpei,1,10519,8554945,0.5843997562,0.4718361375,PS,0,0,www.comfsm.fm/,24651,0,01034300,0.2298,0,0,0.1125,0.6348,1,NA,NA,2,FM,1740,0.3937,0.6063,0,0,0.0017,0,0,0.9983,0,0,0,2025-05-19,243638,Federated States of Micronesia,96941,"Other U.S. jurisdictions (AS, FM GU, MH, MP, PR, PW, VI)",Public,No,No,{Not available},Not applicable,Not applicable
College of Our Lady of the Elms,0.8766,26.021992238,7362,Chicopee,2,53145,17361311,0.7723156533,0.3516642547,25000,0,0,https://www.elms.edu/,51540,0,00214000,0.0396,0,0,0.0495,0.4184,0.36870000000000003,30,1240,3,MA,951,0.2871,0.7129,0.0294,0.0021,0.0242,0.1283,0.265,0.0021,0.0179,0.0726,0.4585,2025-05-19,167394,Massachusetts,01013,"New England (CT, ME, MA, NH, R,I VT)",Private not-for-profit,No,No,Suburb: Large,"Hampden County, MA",Roman Catholic
College of Saint Benedict,0.9136,19.433503836,9056,Saint Joseph,2,66878,102989504,PS,0.214084507,26944,0,0,https://csbsju.edu/,63260,0,00234100,0.0955,0,0.0251,0.0955,0.1871,0.8369,30,1185,3,MN,1392,0,1,0,0.0079,0.0323,0.028,0.0999,0.0036,0.0309,0.0036,0.7938,2025-05-19,174747,Minnesota,56374,"Plains (IA, KS, MN, MO, NE, ND, SD)",Private not-for-profit,No,No,Suburb: Midsize,"Stearns County, MN",Roman Catholic
College of Saint Mary,0.4395,24.624161074,7637,Omaha,2,33989,25358520,PS,0.26,24250,0,0,https://www.csm.edu/,54338,0,00254000,0.053,0,0.0066,0.0265,0.3692,0.5704,30,1120,3,NE,455,0,1,0.0308,0.0044,0.022,0.0923,0.2264,0.0044,0.022,0.0286,0.5692,2025-05-19,181604,Nebraska,68106,"Plains (IA, KS, MN, MO, NE, ND, SD)",Private not-for-profit,No,No,City: Large,"Douglas County, NE",Roman Catholic
College of Southern Nevada,NA,25.782698505,9743,Las Vegas,1,13270,6948000,0.6147236222,0.5101978691,8000,0,1,www.csn.edu/,38087,0,01036200,0.0347,0,0,0.1487,0.2957,1,NA,NA,2,NV,27790,0.4358,0.5642,0.0781,0.0039,0.0911,0.1051,0.4117,0.01,0.0056,0.0475,0.2471,2025-05-19,182005,Nevada,89146-1164,"Far West (AK ,CA ,HI, NV, OR, WA)",Public,No,No,City: Large,"Clark County, NV",Not applicable
College of Staten Island CUNY,NA,20.956090111,12606,Staten Island,1,14084,18974083,0.5639557083,0.46727139,14350,0,1,www.csi.cuny.edu/,53501,0,00269800,0.0542,0.0398,0.0061,0.167,0.4925,0.3875,NA,NA,3,NY,9387,0.4872,0.5128,0.0315,0.0016,0.1291,0.1356,0.2745,0.001,0.0224,0,0.4043,2025-05-19,190558,New York,10314,"Mid East (DE ,DC, MD, NJ, NY, PA)",Public,No,No,City: Large,"Richmond County, NY",Not applicable
College of the Atlantic,0.6502,20.217391304,8972,Bar Harbor,2,56334,67786884,0.7826086957,PS,25050,0,0,https://www.coa.edu/,40264,0,01138500,0,0,0,0,0.2653,1,NA,NA,3,ME,358,0.2849,0.7151,0.0196,0,0.014,0.0028,0.0615,0,0.2151,0.014,0.6732,2025-05-19,160959,Maine,04609,"New England (CT, ME, MA, NH, R,I VT)",Private not-for-profit,No,No,Town: Remote,"Hancock County, ME",Not applicable
College of the Holy Cross,0.211,19.366627497,11812,Worcester,2,76510,992626923,0.526439483,0.1662531017,27000,0,0,www.holycross.edu/,90543,0,00214100,0,0,0.0334,0.0334,0.1473,0.9101,30,1354,3,MA,3015,0.4554,0.5446,0.0391,7e-4,0.0332,0.0418,0.1184,3e-4,0.0269,0.0275,0.7121,2025-05-19,166124,Massachusetts,01610-2395,"New England (CT, ME, MA, NH, R,I VT)",Private not-for-profit,No,No,City: Midsize,"Worcester County, MA",Roman Catholic
College of the Marshall Islands,NA,21.218295218,2383,Majuro,1,17852,1940624,0.5093555094,0.5945611867,PS,0,0,https://www.cmi.edu/,NA,0,03022400,0.325,0,0,0.2583,0.9552,0.5679,NA,NA,2,MH,1216,0.4449,0.5551,0,0,0.0041,0,8e-4,0.9951,0,0,0,2025-05-19,376695,Marshall Islands,96960,"Other U.S. jurisdictions (AS, FM GU, MH, MP, PR, PW, VI)",Public,No,No,{Not available},Not applicable,Not applicable
College of the Ozarks,0.1487,19.735576923,8283,Point Lookout,2,32262,586442373,0.5817307692,0.3265993266,PS,0,0,www.cofo.edu/,41592,0,00250000,0.1053,0.0362,0.0099,0.1513,0.4364,0.7143,102,1125,3,MO,1415,0.4389,0.5611,0.0269,0.0071,0.012,0.0141,0.0473,0,0.0155,0.0092,0.8678,2025-05-19,178697,Missouri,65726-0017,"Plains (IA, KS, MN, MO, NE, ND, SD)",Private not-for-profit,No,No,Town: Distant,"Taney County, MO",Evangelical Christian
College Unbound,NA,NA,NA,Providence,2,26634,NA,NA,NA,12500,0,1,collegeunbound.edu/,NA,0,04283600,0,0,0,0,0.5684,NA,NA,NA,3,RI,398,0.2462,0.7538,0.0503,0.0151,0.0101,0.3392,0.3618,0,0,0.0653,0.1583,2025-05-19,493822,NA,NA,NA,NA,NA,NA,NA,NA,NA
Colorado Christian University,NA,33.999248873,7514,Lakewood,2,50206,6129395,0.7275913871,0.4485098849,28312,0,0,https://www.ccu.edu/,50416,0,00940100,0.0797,0.0061,0,0.1978,0.329,0.1936,88,NA,3,CO,5363,0.2998,0.7002,0.0373,0.0084,0.0127,0.1467,0.1503,0.0032,2e-4,0.027,0.6142,2025-05-19,126669,Colorado,80226,"Rocky Mountains (CO, ID, MT, UT, WY)",Private not-for-profit,No,No,City: Midsize,"Jefferson County, CO",Undenominational
Colorado College,0.2003,19.440729483,12307,Colorado Springs,2,83228,822930608,0.6200607903,0.1757188498,18257,0,0,www.coloradocollege.edu/,65222,0,00134700,0.011,0,0.0202,0,0.1381,0.8076,NA,1445,3,CO,2139,0.4268,0.5732,0.0715,0.0019,0.05,0.0257,0.1127,0.0019,0.05,0.0108,0.6755,2025-05-19,126678,Colorado,80903,"Rocky Mountains (CO, ID, MT, UT, WY)",Private not-for-profit,No,No,City: Large,"El Paso County, CO",Not applicable
Colorado Mesa University,0.8139,22.303197884,7579,Grand Junction,1,22883,42109580,0.5292137533,0.3937549616,22000,0,0,www.coloradomesa.edu/,45823,0,00135800,0.005,0,0.0084,0.1439,0.274,0.5751,NA,1070,3,CO,7604,0.4654,0.5346,0.0433,0.0067,0.0139,0.0158,0.2102,0.0039,0.0138,0.0438,0.6486,2025-05-19,127556,Colorado,81501-3122,"Rocky Mountains (CO, ID, MT, UT, WY)",Public,No,No,City: Small,"Mesa County, CO",Not applicable
Colorado Mountain College,NA,24.978518519,8933,Glenwood Springs,1,13717,18291178,0.5096296296,0.374796748,9000,0,1,coloradomtn.edu/,44127,0,00450600,0.0497,0,0,0.145,0.1343,0.2305,NA,NA,1,CO,2821,0.3761,0.6239,0.033,0.0039,0.0103,0.0113,0.3343,0.0011,0,0.0291,0.5771,2025-05-19,126711,Colorado,81601-0233,"Rocky Mountains (CO, ID, MT, UT, WY)",Public,No,No,Town: Remote,"Garfield County, CO",Not applicable
Colorado School of Mines,0.5971,20.823731728,13650,Golden,1,38556,322221638,0.2837489252,0.1544642857,23000,0,0,www.mines.edu/,97335,0,00134800,0,0.7572,0.0264,0,0.1333,0.7604,NA,1403,3,CO,5801,0.6794,0.3206,0.0645,0.005,0.0653,0.0138,0.13,9e-4,0.0241,0.0155,0.6809,2025-05-19,126775,Colorado,80401,"Rocky Mountains (CO, ID, MT, UT, WY)",Public,No,No,Suburb: Large,"Jefferson County, CO",Not applicable
Colorado State University-Fort Collins,0.8959,21.382301548,11718,Fort Collins,1,29696,549312222,0.5496754868,0.2421371233,20000,0,0,colostate.edu/,60543,0,00135000,0.006,0.094,0.01,0.1392,0.1889,0.7525,NA,NA,3,CO,25148,0.4549,0.5451,0.0514,0.0055,0.0292,0.0247,0.1564,0.0016,0.0231,0.0071,0.701,2025-05-19,126818,Colorado,80523-0100,"Rocky Mountains (CO, ID, MT, UT, WY)",Public,No,No,City: Midsize,"Larimer County, CO",Not applicable
Colorado State University Pueblo,0.9984,23.515789474,8114,Pueblo,1,23891,24292591,0.5299771167,0.4086781029,21500,0,1,https://www.csupueblo.edu/,55563,0,00136500,0.0016,0.0313,0.0063,0.152,0.2785,0.4745,NA,1005,3,CO,3028,0.4706,0.5294,0.0918,0.0073,0.0192,0.0624,0.3616,0.0036,0.0205,0.0165,0.4171,2025-05-19,128106,Colorado,81001-4901,"Rocky Mountains (CO, ID, MT, UT, WY)",Public,No,No,City: Midsize,"Pueblo County, CO",Not applicable
Columbia Basin College,NA,24.600965759,8726,Pasco,1,17357,21955172,0.6027216857,0.5005903188,14829,0,1,www.columbiabasin.edu/,46680,0,00377400,0.1051,0,0,0.1242,0.2406,0.9735,NA,NA,2,WA,4226,0.3855,0.6145,0.0409,0.0028,0.0232,0.0137,0.5166,9e-4,0.0021,0.0599,0.3398,2025-05-19,234979,Washington,99301,"Far West (AK ,CA ,HI, NV, OR, WA)",Public,No,No,Suburb: Midsize,"Franklin County, WA",Not applicable
Columbia College,0.9579,29.220918866,6671,Columbia,2,37840,20285178,0.7253176931,0.4139037433,22750,0,0,www.columbiasc.edu/,41338,0,00343000,0.1702,0,0.0085,0.1277,0.5313,0.3333,71,NA,3,SC,1245,0.1823,0.8177,0.0048,0.0104,0.0233,0.3751,0.11,8e-4,0.0072,0.0867,0.3815,2025-05-19,177065,Missouri,65216,"Plains (IA, KS, MN, MO, NE, ND, SD)",Private not-for-profit,No,No,City: Midsize,"Boone County, MO",Christian Church (Disciples of Christ)
Columbia College,0.9579,29.220918866,6671,Columbia,2,37840,20285178,0.7253176931,0.4139037433,22750,0,0,www.columbiasc.edu/,41338,0,00343000,0.1702,0,0.0085,0.1277,0.5313,0.3333,71,NA,3,SC,1245,0.1823,0.8177,0.0048,0.0104,0.0233,0.3751,0.11,8e-4,0.0072,0.0867,0.3815,2025-05-19,217934,South Carolina,29203,"Southeast (AL, AR, FL, GA, KY, LA, MS, NC, SC, TN, VA, WV)",Private not-for-profit,No,No,City: Midsize,"Richland County, SC",United Methodist
Columbia College,NA,29.95456331,8367,Columbia,2,37136,179655066,0.6236742176,0.4855916616,23879,0,0,https://www.ccis.edu/,45378,0,00245600,0,0,0.0018,0.278,0.4412,1,61,NA,3,MO,5359,0.4103,0.5897,0.064,0.0043,0.0203,0.2131,0.1161,0.0058,0.0308,0.0168,0.5288,2025-05-19,177065,Missouri,65216,"Plains (IA, KS, MN, MO, NE, ND, SD)",Private not-for-profit,No,No,City: Midsize,"Boone County, MO",Christian Church (Disciples of Christ)
Columbia College,NA,29.95456331,8367,Columbia,2,37136,179655066,0.6236742176,0.4855916616,23879,0,0,https://www.ccis.edu/,45378,0,00245600,0,0,0.0018,0.278,0.4412,1,61,NA,3,MO,5359,0.4103,0.5897,0.064,0.0043,0.0203,0.2131,0.1161,0.0058,0.0308,0.0168,0.5288,2025-05-19,217934,South Carolina,29203,"Southeast (AL, AR, FL, GA, KY, LA, MS, NC, SC, TN, VA, WV)",Private not-for-profit,No,No,City: Midsize,"Richland County, SC",United Methodist
Columbia College Chicago,0.9117,21.027710519,9351,Chicago,2,49799,192071841,0.6115146624,0.2494863516,25000,0,1,www.colum.edu/,42195,0,00166500,0,0,0,0.0378,0.4318,0.3025,NA,NA,3,IL,6294,0.3847,0.6153,0.045,0.0017,0.0353,0.1765,0.2882,6e-4,0.0369,0.0086,0.4072,2025-05-19,144281,Illinois,60605-1996,"Great Lakes (IL, IN, MI, OH, WI)",Private not-for-profit,No,No,City: Large,"Cook County, IL",Not applicable
Columbia International University,0.9758,22.479674797,6098,Columbia,2,40183,4854142,0.5528455285,0.2413793103,20000,0,0,www.ciu.edu/,38951,0,00342900,0.0396,0,0,0.1832,0.2827,0.2562,NA,NA,3,SC,690,0.5232,0.4768,0.0435,0.0014,0.0246,0.1957,0.013,0,0.0478,0.0493,0.6246,2025-05-19,217925,South Carolina,29203-1513,"Southeast (AL, AR, FL, GA, KY, LA, MS, NC, SC, TN, VA, WV)",Private not-for-profit,No,No,City: Midsize,"Richland County, SC",Not applicable
Columbia University in the City of New York,0.0423,23.275151515,21217,New York,2,86042,13279846000,0.4472727273,0.2504905167,21500,0,0,www.columbia.edu/,102491,0,00270700,0,0.1275,0.0468,0,0.2254,0.4232,NA,1547,3,NY,8899,0.5046,0.4954,0.0648,0.003,0.1842,0.0776,0.1625,0.0021,0.1834,0.0236,0.2987,2025-05-19,190150,New York,10027,"Mid East (DE ,DC, MD, NJ, NY, PA)",Private not-for-profit,No,No,City: Large,"New York County, NY",Not applicable
Columbus College of Art & Design,0.7174,20.618367347,5742,Columbus,2,52581,17676631,0.7,0.2456140351,27000,0,0,www.ccad.edu/,40664,0,00303900,0,0,0,0,0.3975,0.3448,NA,NA,3,OH,891,0.275,0.725,0.0438,0,0.0393,0.1089,0.0853,0.0011,0.0123,0.0438,0.6655,2025-05-19,202170,Ohio,43215,"Great Lakes (IL, IN, MI, OH, WI)",Private not-for-profit,No,No,City: Large,"Franklin County, OH",Not applicable
Columbus State University,0.9924,23.558638083,8592,Columbus,1,19953,86943548,0.631778058,0.3295178633,26000,0,0,www.columbusstate.edu/,44544,0,00156100,0.0528,0.0027,0.0064,0.1483,0.444,0.5866,NA,994,3,GA,5537,0.4165,0.5835,0.0453,0.0033,0.0262,0.3798,0.0941,0.0013,0.011,0.026,0.413,2025-05-19,139366,Georgia,31907-5645,"Southeast (AL, AR, FL, GA, KY, LA, MS, NC, SC, TN, VA, WV)",Public,No,No,City: Midsize,"Muscogee County, GA",Not applicable
Community College of Denver,NA,25.993571716,8153,Denver,1,18377,NA,0.5895942145,0.4940652819,12495,0,1,www.ccd.edu/,39095,0,00954200,0.1558,0,0,0.0477,0.3098,0.314,NA,NA,2,CO,5156,0.3673,0.6327,0.0436,0.0078,0.0576,0.1197,0.3755,0.0029,0.0357,0.0099,0.3474,2025-05-19,126942,Colorado,80204-2026,"Rocky Mountains (CO, ID, MT, UT, WY)",Public,No,No,City: Large,"Denver County, CO",Not applicable
Concord University,0.8965,21.981481481,7461,Athens,1,18969,38203436,0.5857699805,0.4765380605,18900,0,0,https://www.concord.edu/,42703,0,00381000,0.1077,0,0.0034,0.1347,0.4682,0.8092,NA,980,3,WV,1394,0.411,0.589,0.0473,0.0043,0.0065,0.0803,0.0072,0,0.0366,0.0165,0.8013,2025-05-19,237330,West Virginia,24712,"Southeast (AL, AR, FL, GA, KY, LA, MS, NC, SC, TN, VA, WV)",Public,No,No,Town: Distant,"Mercer County, WV",Not applicable
Concordia College at Moorhead,0.6306,19.637454982,7863,Moorhead,2,43074,177341871,0.581032413,0.1268844221,26847,0,0,https://www.concordiacollege.edu/,59317,0,00234600,0.1156,0,0.0276,0.2563,0.1976,0.7225,39,1192,3,MN,1721,0.4747,0.5253,0.018,0.0099,0.0291,0.0418,0.0366,0.0012,0.0645,0.0238,0.7751,2025-05-19,173300,Minnesota,56562,"Plains (IA, KS, MN, MO, NE, ND, SD)",Private not-for-profit,No,No,Suburb: Midsize,"Clay County, MN",Evangelical Lutheran Church
Concordia University-Chicago,0.9336,22.408529742,6715,River Forest,2,44252,25404270,0.5723905724,0.3850063532,23000,0,1,www.cuchicago.edu/,54089,0,00166600,0.1548,0,0.003,0.1577,0.4458,0.716,68,NA,3,IL,1337,0.4779,0.5221,0.0509,0.0052,0.0217,0.1294,0.3426,0.003,0.0075,0.0157,0.4241,2025-05-19,144351,Illinois,60305-1499,"Great Lakes (IL, IN, MI, OH, WI)",Private not-for-profit,No,No,Suburb: Large,"Cook County, IL",Lutheran Church - Missouri Synod
Concordia University-Irvine,0.5986,22.589552239,7778,Irvine,2,56500,47999681,0.6727078891,0.2838633687,24247,0,1,www.cui.edu/,65083,0,02070500,0,0,0.0149,0.2527,0.2295,1,68,NA,3,CA,1456,0.4114,0.5886,0.0755,0.0027,0.103,0.0302,0.2878,0.0041,0.0391,0.0055,0.4519,2025-05-19,112075,California,92612-3203,"Far West (AK ,CA ,HI, NV, OR, WA)",Private not-for-profit,No,No,City: Large,"Orange County, CA",Lutheran Church - Missouri Synod
Concordia University-Nebraska,0.9004,20.189768977,6623,Seward,2,51179,63865774,0.4884488449,0.1827586207,25750,0,0,www.cune.edu/,52415,0,00254100,0.234,0,0.0128,0.1915,0.1136,1,68,1148,3,NE,1270,0.4866,0.5134,0.0299,0.0031,0.0047,0.0197,0.0543,0,0.0575,0.1031,0.7276,2025-05-19,180984,Nebraska,68434-1556,"Plains (IA, KS, MN, MO, NE, ND, SD)",Private not-for-profit,No,No,Town: Distant,"Seward County, NE",Lutheran Church - Missouri Synod
Concordia University-Saint Paul,0.7487,27.729563614,7135,Saint Paul,2,34495,40644955,0.6072526122,0.3356692362,17832,0,0,https://www.csp.edu/,59871,0,00234700,0.0479,0,0.0054,0.1697,0.3403,0.2386,68,NA,3,MN,2786,0.3281,0.6719,0.0513,0.0047,0.107,0.1726,0.1159,0.0032,0.009,0.0201,0.5162,2025-05-19,173328,Minnesota,55104-5494,"Plains (IA, KS, MN, MO, NE, ND, SD)",Private not-for-profit,No,No,City: Large,"Ramsey County, MN",Lutheran Church - Missouri Synod
Concordia University-Wisconsin,0.6753,24.278212805,7655,Mequon,2,51718,92707403,0.6421004146,0.3183879093,25750,0,0,https://www.cuw.edu/,56075,0,00384200,0.0694,0.0355,0,0.2068,0.2247,1,68,1250,3,WI,2310,0.3909,0.6091,0.0238,0.0035,0.0273,0.0961,0.0736,0.0013,0.0229,0.0515,0.7,2025-05-19,238616,Wisconsin,53097-2402,"Great Lakes (IL, IN, MI, OH, WI)",Private not-for-profit,No,No,Suburb: Large,"Ozaukee County, WI",Lutheran Church - Missouri Synod
Concordia University Ann Arbor,0.7209,24.278212805,6741,Ann Arbor,2,50378,23176850,0.6421004146,0.3183879093,25750,0,0,https://www.cuaa.edu/,56075,0,00384256,0.0892,0.0127,0,0.1338,0.2419,1,68,1250,3,MI,918,0.5534,0.4466,0.0381,0.0011,0.0076,0.0795,0.0686,0,0.0414,0.0861,0.6776,2025-05-19,169363,Michigan,48105,"Great Lakes (IL, IN, MI, OH, WI)",Private not-for-profit,No,No,City: Midsize,"Washtenaw County, MI",Lutheran Church - Missouri Synod
Concordia University Texas,0.9106,25.981447124,5931,Austin,2,52098,26480089,0.6484230056,0.3770491803,21852,0,1,https://www.concordia.edu/,60883,0,00355700,0.008,0,0.004,0.1594,0.3978,1,68,988,3,TX,1388,0.3357,0.6643,0.0331,0.0043,0.0476,0.1318,0.3869,0,0,0.0468,0.3494,2025-05-19,224004,Texas,78726,"Southwest (AZ, NM, OK, TX)",Private not-for-profit,No,No,City: Large,"Travis County, TX",Lutheran Church - Missouri Synod
Congregation Talmidei Mesivta Tiferes Shmiel Aleksander,NA,NA,3679,Brooklyn,2,25625,NA,NA,NA,PS,0,0,yeshivaaleksander.org/,NA,0,04276900,0,0,0,0,0.7765,1,NA,NA,3,NY,169,1,0,0,0,0,0,0,0,0,0,1,2025-05-19,493600,NA,NA,NA,NA,NA,NA,NA,NA,NA
Connecticut College,0.3828,19.53346856,9825,New London,2,82219,416635000,0.6673427992,0.1404255319,23500,0,0,www.conncoll.edu/,75001,0,00137900,0.0167,0,0.0119,0,0.1432,0.7474,NA,1412,3,CT,1960,0.3888,0.6112,0.0388,0,0.0362,0.0439,0.1158,0.001,0.0607,0.0168,0.6867,2025-05-19,128902,Connecticut,06320-4196,"New England (CT, ME, MA, NH, R,I VT)",Private not-for-profit,No,No,City: Small,"New London County, CT",Not applicable
Converse University,0.64,21.039761431,6381,Spartanburg,2,35669,87045699,PS,0.3170212766,27000,0,0,https://www.converse.edu/,40867,0,00343100,0.0846,0,0.0077,0.1692,0.4066,0.9759,NA,1124,3,SC,845,0.2675,0.7325,0.0343,0.0201,0.0284,0.1183,0.1302,0.0012,0.0734,0.1041,0.4899,2025-05-19,217961,South Carolina,29302-0006,"Southeast (AL, AR, FL, GA, KY, LA, MS, NC, SC, TN, VA, WV)",Private not-for-profit,No,No,City: Small,"Spartanburg County, SC",Not applicable
Coppin State University,0.4956,26.686817189,9486,Baltimore,1,20152,15195191,0.7749453751,0.472,25000,1,0,www.coppin.edu/,46490,0,00206800,0.0571,0,0.012,0.1231,0.5304,0.5766,NA,NA,3,MD,1756,0.2329,0.7671,0.0131,0.0074,0.0063,0.8263,0.0438,0.0023,0.0518,0.0353,0.0137,2025-05-19,162283,Maryland,21216-3698,"Mid East (DE ,DC, MD, NJ, NY, PA)",Public,Yes,No,City: Large,"Baltimore City, MD",Not applicable
Corban University,0.8974,20.529739777,6681,Salem,2,50556,777769,0.624535316,0.2252427184,22625,0,0,https://www.corban.edu/,48917,0,00133900,0.0519,0,0.0216,0.1429,0.281,0.4206,54,NA,3,OR,636,0.4088,0.5912,0.0786,0.0047,0.022,0.0236,0.1509,0.0079,0.0063,0.0975,0.6085,2025-05-19,210331,Oregon,97317-9392,"Far West (AK ,CA ,HI, NV, OR, WA)",Private not-for-profit,No,No,City: Midsize,"Marion County, OR",Baptist
Cornell College,0.8066,19.768539326,7938,Mount Vernon,2,64336,82014619,0.4674157303,0.195754717,27000,0,0,www.cornellcollege.edu/,53460,0,00185600,0.0324,0.0649,0.0216,0.1784,0.2896,1,71,1246,3,IA,1074,0.5363,0.4637,0.0093,0.0112,0.0307,0.081,0.1034,0.0028,0.0289,0.0177,0.7151,2025-05-19,153162,Iowa,52314-1098,"Plains (IA, KS, MN, MO, NE, ND, SD)",Private not-for-profit,No,No,Town: Fringe,"Linn County, IA",United Methodist
Cornell University,0.0816,19.839411584,17253,Ithaca,2,83196,9349246700,0.5335580754,0.1541640178,14000,0,0,www.cornell.edu/,104043,0,00271100,0,0.1356,0.0216,0.1485,0.1821,0.9233,NA,1520,3,NY,15935,0.455,0.545,0.0552,0.0022,0.2514,0.0748,0.1461,0.0015,0.0958,0.0588,0.3142,2025-05-19,190415,New York,14853,"Mid East (DE ,DC, MD, NJ, NY, PA)",Private not-for-profit,No,No,City: Small,"Tompkins County, NY",Not applicable
Cornerstone University,0.732,26.247033441,6678,Grand Rapids,2,40737,16402621,0.6526429342,0.3476744186,25000,0,0,www.cornerstone.edu/,47314,0,00226600,0.1456,0.0129,0.0097,0.3333,0.2973,1,42,NA,3,MI,1387,0.3893,0.6107,0.0209,0.0029,0.0224,0.0656,0.0541,7e-4,0.0613,0.049,0.7231,2025-05-19,170037,Michigan,49525-5897,"Great Lakes (IL, IN, MI, OH, WI)",Private not-for-profit,No,No,City: Midsize,"Kent County, MI",Interdenominational
Cornish College of the Arts,0.7046,20.991869919,5466,Seattle,2,55150,10761936,0.6422764228,0.2257142857,27000,0,0,www.cornish.edu/,33696,0,01231500,0,0,0,0,0.3002,0.4672,NA,NA,3,WA,480,0.3125,0.6875,0.0771,0.0125,0.0479,0.0479,0.0063,0,0.0208,0.125,0.6625,2025-05-19,235024,Washington,98121,"Far West (AK ,CA ,HI, NV, OR, WA)",Private not-for-profit,No,No,City: Large,"King County, WA",Not applicable
Cottey College,0.6631,19.921875,6886,Nevada,2,36726,106709123,PS,0.3068181818,19043,0,0,https://www.cottey.edu/,35422,0,00245800,0.0923,0,0,0.1077,0.4534,0.8409,NA,1190,2,MO,266,0,1,0.015,0.0226,0.015,0.0677,0.1053,0.0038,0.0414,0,0.7293,2025-05-19,177117,Missouri,64772,"Plains (IA, KS, MN, MO, NE, ND, SD)",Private not-for-profit,No,No,Town: Remote,"Vernon County, MO",Not applicable
Covenant College,0.8176,19.584615385,8458,Lookout Mountain,2,53368,53641234,0.4861538462,PS,22500,0,0,www.covenant.edu/,50412,0,00348400,0.0774,0,0.0065,0.1097,0.1845,0.9861,97,1254,3,GA,858,0.4685,0.5315,0.0117,0.0035,0.0315,0.0128,0.035,0,0.028,0.007,0.8706,2025-05-19,139393,Georgia,30750-4164,"Southeast (AL, AR, FL, GA, KY, LA, MS, NC, SC, TN, VA, WV)",Private not-for-profit,No,No,Rural: Fringe,"Dade County, GA",The Presbyterian Church in America
Cox College,0.7143,29.018181818,7423,Springfield,2,NA,NA,0.8545454545,0.4103194103,20000,0,0,https://coxcollege.edu/,56867,0,02068200,0,0,0,0,0.3491,0.7073,NA,NA,3,MO,634,0.1278,0.8722,0.0363,0.0079,0.0126,0.0158,0.0552,0,0,0.0426,0.8297,2025-05-19,176770,Missouri,65802,"Plains (IA, KS, MN, MO, NE, ND, SD)",Private not-for-profit,No,No,City: Midsize,"Greene County, MO",Not applicable
Creighton University,0.7231,20.86,10427,Omaha,2,61046,690797000,0.6107142857,0.1838398814,25000,0,0,https://www.creighton.edu/,73911,0,00254200,0.0065,0,0.0065,0.254,0.0524,0.7035,30,1296,3,NE,4231,0.4188,0.5812,0.0671,0.0024,0.0848,0.0253,0.1004,0.0017,0.0201,0.0099,0.6883,2025-05-19,181002,Nebraska,68178,"Plains (IA, KS, MN, MO, NE, ND, SD)",Private not-for-profit,No,No,City: Large,"Douglas County, NE",Roman Catholic
Criswell College,0.9167,29.25,6624,Dallas,2,26555,8679828,0.2625,PS,25346,0,0,www.criswell.edu/,43185,0,04121800,0,0,0,0,0.3443,0.359,75,NA,3,TX,118,0.5508,0.4492,0.0339,0,0.0254,0.1271,0.1864,0,0.0339,0,0.5932,2025-05-19,475608,Texas,75246-1537,"Southwest (AZ, NM, OK, TX)",Private not-for-profit,No,No,City: Large,"Dallas County, TX",Southern Baptist
Crowley's Ridge College,NA,20.22875817,5603,Paragould,2,25817,1601349,0.3921568627,0.3956834532,26228,0,0,www.crc.edu/,39533,0,00109500,0.1481,0,0,0.1481,0.48,0.4737,74,NA,3,AR,162,0.4938,0.5062,0,0.0062,0,0.179,0.0185,0,0,0,0.7963,2025-05-19,106810,Arkansas,72450,"Southeast (AL, AR, FL, GA, KY, LA, MS, NC, SC, TN, VA, WV)",Private not-for-profit,No,No,Rural: Fringe,"Greene County, AR",Churches of Christ
Crown College,0.6281,24.91002045,4976,Saint Bonifacius,2,44961,9836677,0.5214723926,0.265625,22500,0,0,www.crown.edu/,48057,0,00238300,0.0538,0,0,0.1237,0.2446,0.2589,34,NA,3,MN,789,0.512,0.488,0.0317,0.0076,0.0406,0.0722,0.0913,0.0013,0.0292,0.0076,0.7186,2025-05-19,174862,Minnesota,55375-9001,"Plains (IA, KS, MN, MO, NE, ND, SD)",Private not-for-profit,No,No,Rural: Fringe,"Carver County, MN",Christ and Missionary Alliance Church
Culinary Institute of America,0.9176,21.80155642,9791,Hyde Park,2,54106,151051280,0.5238326848,0.2826541275,15750,0,0,www.ciachef.edu/,47475,0,00730400,0,0,0,0.2261,0.2789,1,NA,1089,2,NY,2988,0.5023,0.4977,0.0512,0.0033,0.0703,0.0736,0.1968,0.0027,0.0994,0.0348,0.4679,2025-05-19,190503,New York,12538-1499,"Mid East (DE ,DC, MD, NJ, NY, PA)",Private not-for-profit,No,No,Suburb: Large,"Dutchess County, NY",Not applicable
Culver-Stockton College,0.98,20.380872483,6062,Canton,2,43028,34714829,0.5234899329,0.3187613843,26000,0,0,https://www.culver.edu/,46092,0,00246000,0.1333,0,0.0061,0.2727,0.3578,0.64,61,1020,3,MO,884,0.5509,0.4491,0.0396,0.0124,0.0068,0.155,0.069,0.0057,0.0317,0,0.6799,2025-05-19,177144,Missouri,63435-1299,"Plains (IA, KS, MN, MO, NE, ND, SD)",Private not-for-profit,No,No,Rural: Remote,"Lewis County, MO",Christian Church (Disciples of Christ)
Cumberland University,0.67,23.58703939,5932,Lebanon,2,41657,16009174,0.5794155019,0.4082191781,17952,0,0,www.cumberland.edu/,57687,0,00348500,0.0639,0,0.0035,0.2712,0.3254,0.3609,NA,NA,3,TN,2053,0.4545,0.5455,0.0312,0.0068,0.0146,0.1091,0.0891,0.0019,0.055,0.1364,0.5558,2025-05-19,219949,Tennessee,37087,"Southeast (AL, AR, FL, GA, KY, LA, MS, NC, SC, TN, VA, WV)",Private not-for-profit,No,No,Town: Fringe,"Wilson County, TN",Not applicable
CUNY Bernard M Baruch College,0.5048,22.829141215,12556,New York,1,13521,252514307,0.5147323033,0.5107763615,11512,0,1,www.baruch.cuny.edu/,75971,0,00727300,0,0,0.0173,0.7387,0.5533,0.4592,NA,1310,3,NY,15734,0.5046,0.4954,0.0252,0.0022,0.36,0.0893,0.2817,0.001,0.066,0,0.1745,2025-05-19,190512,New York,10010,"Mid East (DE ,DC, MD, NJ, NY, PA)",Public,No,No,City: Large,"New York County, NY",Not applicable
CUNY Brooklyn College,0.5366,23.333856291,12729,Brooklyn,1,13573,109400621,0.5883275808,0.4761904762,11000,0,0,www.brooklyn.cuny.edu/,60752,0,00268700,0.116,0,0.0092,0.2602,0.5639,0.3495,NA,1310,3,NY,10443,0.4468,0.5532,0.0347,0.0011,0.2451,0.207,0.236,3e-4,0.0308,0,0.2449,2025-05-19,190549,New York,11210,"Mid East (DE ,DC, MD, NJ, NY, PA)",Public,No,No,City: Large,"Kings County, NY",Not applicable
CUNY City College,0.5807,22.728632479,13179,New York,1,13514,309393983,0.5377492877,0.4596531792,11990,0,1,www.ccny.cuny.edu/,66039,0,00268800,0.0491,0.1641,0.0179,0.0381,0.5958,0.3958,NA,1340,3,NY,11934,0.4897,0.5103,0.0275,0.0013,0.2466,0.1583,0.4029,0.0014,0.0448,0,0.1172,2025-05-19,190567,New York,10031,"Mid East (DE ,DC, MD, NJ, NY, PA)",Public,No,No,City: Large,"New York County, NY",Not applicable
CUNY Graduate School and University Center,0.3861,32.684782609,13779,New York,1,NA,95973665,0.7729468599,0.4395604396,12584,0,0,www.gc.cuny.edu/,65991,0,00476500,0.0379,0,0,0.12,0.3788,0.3707,NA,NA,3,NY,3067,0.2674,0.7326,0.032,0.0042,0.1448,0.2948,0.3189,0.0016,0.0209,0,0.1829,2025-05-19,190576,New York,10016,"Mid East (DE ,DC, MD, NJ, NY, PA)",Public,No,No,City: Large,"New York County, NY",Not applicable
CUNY Hunter College,0.5405,22.334586466,12766,New York,1,13310,139680530,0.6719516182,0.4694467382,11000,0,1,www.hunter.cuny.edu/,63163,0,00268900,0.0094,0,0.0139,0.0314,0.5501,0.334,NA,1350,3,NY,16642,0.3516,0.6484,0.034,0.0022,0.3072,0.1128,0.3195,0.0013,0.0441,0,0.1791,2025-05-19,190594,New York,10065,"Mid East (DE ,DC, MD, NJ, NY, PA)",Public,No,No,City: Large,"New York County, NY",Not applicable
CUNY John Jay College of Criminal Justice,0.5722,22.766637857,12094,New York,1,13712,14332813,0.6098530683,0.4849257885,11000,0,1,www.jjay.cuny.edu/,56195,0,00269300,0,0,0.0034,0,0.5919,0.374,NA,1140,3,NY,11340,0.3751,0.6249,0.0238,0.0034,0.1238,0.166,0.5113,0.0026,0.0333,0,0.1358,2025-05-19,190600,New York,10019,"Mid East (DE ,DC, MD, NJ, NY, PA)",Public,No,No,City: Large,"New York County, NY",Not applicable
CUNY Lehman College,0.5543,25.969169824,11841,Bronx,1,13456,34997007,0.71029969,0.5193195626,10950,0,1,www.lehman.edu/,58013,0,00702200,0.0076,0,0.0072,0.1687,0.6053,0.416,NA,1010,3,NY,10438,0.349,0.651,0.0175,0.0025,0.0681,0.2683,0.5681,9e-4,0.0324,0,0.0422,2025-05-19,190637,New York,10468,"Mid East (DE ,DC, MD, NJ, NY, PA)",Public,No,No,City: Large,"Bronx County, NY",Not applicable
CUNY Medgar Evers College,0.8339,24.790019624,11862,Brooklyn,1,14069,613245,0.7179702832,0.5033222591,10988,0,0,https://www.mec.cuny.edu/,46498,0,01009700,0.0561,0,0.0039,0.1567,0.5679,0.3904,NA,980,2,NY,3404,0.2961,0.7039,0.0267,0.0044,0.0311,0.7115,0.1824,0.0012,0.0256,0,0.017,2025-05-19,190646,New York,11225,"Mid East (DE ,DC, MD, NJ, NY, PA)",Public,No,No,City: Large,"Kings County, NY",Not applicable
CUNY New York City College of Technology,0.8074,22.364139591,11868,Brooklyn,1,13404,17413381,0.457400722,0.5123966942,10533,0,1,www.citytech.cuny.edu/,49365,0,00269600,0.0033,0.0017,0.0042,0.1073,0.5544,0.2996,NA,1040,2,NY,12950,0.5508,0.4492,0.0209,0.0052,0.2061,0.2688,0.3646,0.0019,0.0417,0,0.0908,2025-05-19,190655,New York,11201,"Mid East (DE ,DC, MD, NJ, NY, PA)",Public,No,No,City: Large,"Kings County, NY",Not applicable
CUNY Queens College,0.6852,23.396546311,12029,Queens,1,13643,60433805,0.5671899529,0.4690335306,10298,0,1,https://www.qc.cuny.edu/,62763,0,00269000,0.0982,0,0.0169,0.1251,0.4772,0.4585,NA,1210,3,NY,13060,0.4873,0.5127,0.0313,0.0046,0.3134,0.0979,0.3005,0.0023,0.0628,0,0.1871,2025-05-19,190664,New York,11367,"Mid East (DE ,DC, MD, NJ, NY, PA)",Public,No,No,City: Large,"Queens County, NY",Not applicable
CUNY York College,0.5942,23.665278191,11717,Jamaica,1,13686,2294493,0.6926509967,0.4959183673,11000,0,1,www.york.cuny.edu/,56945,0,00475900,0.0381,0,0.0051,0.1615,0.4343,0.3836,NA,1100,3,NY,4439,0.3548,0.6452,0.0315,0.0169,0.2187,0.3796,0.2633,0.0045,0.0457,0,0.0396,2025-05-19,190691,New York,11451,"Mid East (DE ,DC, MD, NJ, NY, PA)",Public,No,No,City: Large,"Queens County, NY",Not applicable
Curry College,0.9205,22.325327511,10852,Milton,2,61556,91414240,0.6135371179,0.3001567398,25000,0,0,https://www.curry.edu/,54400,0,00214300,0.0217,0,0,0.1243,0.2831,0.3881,NA,1130,3,MA,1757,0.4183,0.5817,0.033,0.0011,0.0239,0.1389,0.1144,6e-4,0.0154,0.0637,0.609,2025-05-19,165529,Massachusetts,02186-2395,"New England (CT, ME, MA, NH, R,I VT)",Private not-for-profit,No,No,Suburb: Large,"Norfolk County, MA",Not applicable
Curtis Institute of Music,0.0695,20.304347826,8534,Philadelphia,2,NA,224489199,PS,PS,PS,0,0,www.curtis.edu/,NA,0,00325100,0,0,0,0,0.0097,0.2881,NA,NA,3,PA,106,0.566,0.434,0.0755,0.0094,0.1132,0.0283,0.0472,0,0.4434,0,0.283,2025-05-19,211893,Pennsylvania,19103,"Mid East (DE ,DC, MD, NJ, NY, PA)",Private not-for-profit,No,No,City: Large,"Philadelphia County, PA",Not applicable
Cypress College,NA,23.849432427,13349,Cypress,1,15752,NA,0.6001285072,0.5358838313,10000,0,1,www.cypresscollege.edu/,43533,0,00119300,0,0,0.0076,0.0873,0.3215,0.3592,NA,NA,2,CA,12309,0.4248,0.5752,0.0626,0.0016,0.212,0.0375,0.548,0.0036,0.0076,0.011,0.1162,2025-05-19,113236,California,90630-5897,"Far West (AK ,CA ,HI, NV, OR, WA)",Public,No,No,Suburb: Large,"Orange County, CA",Not applicable
D'Youville  University,0.8235,23.381944444,8529,Buffalo,2,42512,53105072,0.7523148148,0.2708860759,25000,0,0,www.dyu.edu/,66942,0,00271200,0,0,0,0.0164,0.3582,0.5667,NA,1040,3,NY,1299,0.2617,0.7383,0.0346,0.0046,0.0724,0.1701,0.067,0.0015,0.0716,0.0624,0.5158,2025-05-19,190716,New York,14201-1084,"Mid East (DE ,DC, MD, NJ, NY, PA)",Private not-for-profit,No,No,City: Large,"Erie County, NY",Not applicable
Daemen University,0.7616,23.317213115,7071,Amherst,2,44232,24922756,0.7262295082,0.2884097035,22091,0,0,www.daemen.edu/,61808,0,00280800,0.0381,0,0,0.1816,0.4167,0.4714,NA,NA,3,NY,1761,0.2624,0.7376,0.0227,0.0097,0.0415,0.0988,0.0608,6e-4,0.017,0.017,0.732,2025-05-19,190725,New York,14226-3592,"Mid East (DE ,DC, MD, NJ, NY, PA)",Private not-for-profit,No,No,Suburb: Large,"Erie County, NY",Not applicable
Dakota State University,0.9787,23.882099828,9722,Madison,1,24447,17441044,0.3829604131,0.2755102041,23500,0,0,https://dsu.edu/,50970,0,00346300,0.0755,0,0.0105,0.0755,0.1596,0.7483,NA,1129,3,SD,1969,0.68,0.32,0.035,0.0178,0.0249,0.0406,0.0523,0.0046,0.0325,0.0279,0.7643,2025-05-19,219082,South Dakota,57042-1799,"Plains (IA, KS, MN, MO, NE, ND, SD)",Public,No,No,Town: Distant,"Lake County, SD",Not applicable
Dakota Wesleyan University,0.7277,22.506097561,6766,Mitchell,2,42473,38612630,0.575203252,0.2894168467,27000,0,0,www.dwu.edu/,53728,0,00346100,0.1392,0,0.0063,0.2405,0.2628,0.5222,71,NA,3,SD,661,0.469,0.531,0.0439,0.0151,0.0061,0.0166,0.0908,0,0.0227,0.003,0.8018,2025-05-19,219091,South Dakota,57301-4398,"Plains (IA, KS, MN, MO, NE, ND, SD)",Private not-for-profit,No,No,Town: Remote,"Davison County, SD",United Methodist
Dallas Baptist University,0.9108,24.122846442,8403,Dallas,2,49343,66791021,0.6104868914,0.3233143786,21591,0,0,https://www.dbu.edu/,56807,0,00356000,0.0712,0,0.0091,0.2774,0.239,1,54,1109,3,TX,2526,0.42,0.58,0.0071,0.0123,0.0269,0.0954,0.1568,0.0032,0.0503,0.1124,0.5356,2025-05-19,224226,Texas,75211-9299,"Southwest (AZ, NM, OK, TX)",Private not-for-profit,No,No,City: Large,"Dallas County, TX",Baptist
Dallas Christian College,0.8403,24.104651163,5636,Dallas,2,32916,365674,0.523255814,0.4013157895,24912,0,0,www.dallas.edu/,43503,0,00694100,0,0,0,0.4722,0.5219,0.3333,48,1022,3,TX,272,0.6654,0.3346,0.2243,0.011,0,0.1544,0.1949,0.011,0.0074,0.0037,0.3934,2025-05-19,224244,Texas,75234-7299,"Southwest (AZ, NM, OK, TX)",Private not-for-profit,No,No,Suburb: Large,"Dallas County, TX",Christian Churches and Churches of Christ
Dalton State College,NA,21.509624198,8337,Dalton,1,11292,19963771,0.5985334555,0.5118196811,12937,0,1,https://www.daltonstate.edu/index.cms,40251,0,00395600,0.0701,0,0.007,0.2006,0.4977,0.6711,NA,NA,3,GA,4419,0.379,0.621,0.019,0.0029,0.0172,0.0425,0.3729,0.0011,0.0122,0.0179,0.5141,2025-05-19,139463,Georgia,30720-3797,"Southeast (AL, AR, FL, GA, KY, LA, MS, NC, SC, TN, VA, WV)",Public,No,No,City: Small,"Whitfield County, GA",Not applicable
Dartmouth College,0.0623,20.470711297,19216,Hanover,2,83802,8065742786,0.5240585774,0.1736263736,17500,0,0,www.dartmouth.edu/,97434,0,00257300,0,0.0685,0.0727,0,0.1483,0.8064,NA,1533,3,NH,4367,0.5111,0.4889,0.0705,0.0108,0.1399,0.0623,0.0946,0,0.1381,0.0202,0.4637,2025-05-19,182670,New Hampshire,03755-3529,"New England (CT, ME, MA, NH, R,I VT)",Private not-for-profit,No,No,Town: Remote,"Grafton County, NH",Not applicable
Davenport University,0.9705,26.441853035,7039,Grand Rapids,2,35864,29404298,0.5626198083,0.3986062718,26000,0,0,www.davenport.edu/,45099,0,00224900,0,0,0,0.4709,0.301,0.2908,NA,NA,3,MI,3213,0.4416,0.5584,0.0345,0.0047,0.0293,0.1357,0.0778,0.0025,0.0395,0.0495,0.6265,2025-05-19,169479,Michigan,49512-9396,"Great Lakes (IL, IN, MI, OH, WI)",Private not-for-profit,No,No,Suburb: Large,"Kent County, MI",Not applicable
Davidson College,0.1448,19.438395415,12638,Davidson,2,75865,1316042085,0.4613180516,0.1577380952,18688,0,0,https://davidson.edu/,81400,0,00291800,0.0099,0,0.0437,0,0.1655,0.9508,66,1448,3,NC,1901,0.4687,0.5313,0.0484,0.0026,0.0589,0.0679,0.101,5e-4,0.0968,0.0121,0.6118,2025-05-19,198385,North Carolina,28035,"Southeast (AL, AR, FL, GA, KY, LA, MS, NC, SC, TN, VA, WV)",Private not-for-profit,No,No,Suburb: Large,"Mecklenburg County, NC",Presbyterian Church (USA)
Davis & Elkins College,0.5823,21.716775599,5589,Elkins,2,44322,61636967,0.6949891068,0.4784688995,27000,0,0,www.dewv.edu/,43411,0,00381100,0.0774,0,0.0194,0.2129,0.4031,0.6282,66,985,3,WV,681,0.442,0.558,0.0044,0.0117,0.0044,0.0602,0.0441,0.0088,0.1336,0.1909,0.5419,2025-05-19,237358,West Virginia,26241-3996,"Southeast (AL, AR, FL, GA, KY, LA, MS, NC, SC, TN, VA, WV)",Private not-for-profit,No,No,Town: Remote,"Randolph County, WV",Presbyterian Church (USA)
Daytona State College,NA,25.346264151,7406,Daytona Beach,1,11662,19529676,0.6061886792,0.41995441,8250,0,0,www.daytonastate.edu/,37096,0,00147500,0.0221,0.0144,0,0.104,0.3393,0.2785,NA,NA,2,FL,9367,0.4119,0.5881,0.0501,0.0018,0.024,0.1429,0.2269,9e-4,0.006,0.0189,0.5286,2025-05-19,133386,Florida,32114,"Southeast (AL, AR, FL, GA, KY, LA, MS, NC, SC, TN, VA, WV)",Public,No,No,City: Small,"Volusia County, FL",Not applicable
Dean College,0.7371,20.228971963,7352,Franklin,2,62802,64555302,0.4042056075,0.3168187744,25000,0,0,www.dean.edu/,38109,0,00214400,0.0411,0,0,0.1747,0.296,0.2444,NA,NA,2,MA,1142,0.4825,0.5175,0.0473,0.0026,0.0131,0.1217,0.1138,9e-4,0.0158,0.049,0.6357,2025-05-19,165574,Massachusetts,02038-1941,"New England (CT, ME, MA, NH, R,I VT)",Private not-for-profit,No,No,Suburb: Large,"Norfolk County, MA",Not applicable
Defiance College,0.4243,21.41038961,6720,Defiance,2,49447,19980114,0.4285714286,0.3553719008,26813,0,0,www.defiance.edu/,49351,0,00304100,0.1494,0,0.0115,0.1839,0.4795,0.5821,76,NA,3,OH,454,0.6211,0.3789,0.0154,0.0022,0.0066,0.2599,0.0793,0,0,0.0088,0.6278,2025-05-19,202514,Ohio,43512,"Great Lakes (IL, IN, MI, OH, WI)",Private not-for-profit,No,No,Town: Distant,"Defiance County, OH",United Church of Christ
Delaware State University,0.6167,20.151656556,8320,Dover,1,27536,36397735,0.6654223052,0.3550453817,26000,1,0,www.desu.edu/,49307,0,00142800,0.0593,0.0208,0.0015,0.1083,0.4335,0.5842,NA,984,3,DE,4630,0.3501,0.6499,0.0587,0.0015,0.0108,0.7514,0.0849,6e-4,0.0188,0.0017,0.0715,2025-05-19,130934,Delaware,19901,"Mid East (DE ,DC, MD, NJ, NY, PA)",Public,Yes,No,City: Small,"Kent County, DE",Not applicable
Delaware Technical Community College-Terry,NA,25.809596875,8092,Dover,1,13177,NA,0.6438833868,0.4992614476,10500,0,0,https://www.dtcc.edu/,41448,0,01172700,0.0646,0.0052,0,0.1129,0.3849,0.3573,NA,NA,2,DE,11012,0.3158,0.6842,0.0459,0.0041,0.032,0.2813,0.1762,9e-4,0.0093,0.0321,0.4182,2025-05-19,130907,Delaware,19901,"Mid East (DE ,DC, MD, NJ, NY, PA)",Public,No,No,City: Small,"Kent County, DE",Not applicable
Delaware Valley University,0.92490000000000006,20.826282628,9062,Doylestown,2,58661,34644848,0.5355535554,0.3632850242,25000,0,0,www.delval.edu/,55838,0,00325200,0.0311,0,0,0.1441,0.2921,0.4361,NA,1180,3,PA,1644,0.3832,0.6168,0.0328,0.0012,0.014,0.0852,0.101,6e-4,0.0036,0.0432,0.7184,2025-05-19,211981,Pennsylvania,18901-2697,"Mid East (DE ,DC, MD, NJ, NY, PA)",Private not-for-profit,No,No,Suburb: Large,"Bucks County, PA",Not applicable
Delta State University,0.9968,22.434220532,7213,Cleveland,1,22008,34370961,0.6045627376,0.3227158424,20390,0,0,https://www.deltastate.edu/,41991,0,00240300,0.2135,0,0.007,0.1323,0.4314,0.6009,NA,1091,3,MS,1613,0.4389,0.5611,0.0186,0.0012,0.0074,0.3577,0.0248,0,0.0465,0.0198,0.5239,2025-05-19,175616,Mississippi,38733,"Southeast (AL, AR, FL, GA, KY, LA, MS, NC, SC, TN, VA, WV)",Public,No,No,Town: Remote,"Bolivar County, MS",Not applicable
Denison University,0.1693,19.390822785,10847,Granville,2,76900,1034670000,0.5775316456,0.1712328767,26000,0,0,https://www.denison.edu/,67753,0,00304200,0.0275,0,0.0275,0.0766,0.128,0.9247,NA,1395,3,OH,2398,0.4758,0.5242,0.0425,4e-4,0.0425,0.0542,0.0713,4e-4,0.171,0.0142,0.6034,2025-05-19,202523,Ohio,43023,"Great Lakes (IL, IN, MI, OH, WI)",Private not-for-profit,No,No,Suburb: Small,"Licking County, OH",Not applicable
DePaul University,0.7353,22.141913633,11807,Chicago,2,59467,817889000,0.550042337,0.3023514164,23168,0,0,https://www.depaul.edu/,68751,0,00167100,0.0267,0.001,0.0059,0.2906,0.3066,0.5012,30,1254,3,IL,14283,0.4493,0.5507,0.0451,6e-4,0.1206,0.0772,0.2423,8e-4,0.0367,0.0174,0.4594,2025-05-19,144740,Illinois,60604,"Great Lakes (IL, IN, MI, OH, WI)",Private not-for-profit,No,No,City: Large,"Cook County, IL",Roman Catholic
DePauw University,0.5406,19.544861338,10171,Greencastle,2,72560,719982432,0.5024469821,0.1635111876,27000,0,0,www.depauw.edu/,70527,0,00179200,0.029,0.0145,0.0174,0.0116,0.1575,0.8542,NA,1287,3,IN,1804,0.5044,0.4956,0.0261,0,0.0238,0.0576,0.0776,0,0.2278,0.0111,0.5759,2025-05-19,150400,Indiana,46135-1772,"Great Lakes (IL, IN, MI, OH, WI)",Private not-for-profit,No,No,Town: Distant,"Putnam County, IN",Not applicable
DeSales University,0.7858,23.333877551,8817,Center Valley,2,59409,86456856,0.6571428571,0.2954747116,25788,0,0,www.desales.edu/,61295,0,00398600,0.0467,0,0.0072,0.1957,0.2288,0.3726,30,1199,3,PA,2113,0.3535,0.6465,0.0208,0,0.0487,0.0568,0.1458,9e-4,5e-4,0.0222,0.7042,2025-05-19,210739,Pennsylvania,18034-9568,"Mid East (DE ,DC, MD, NJ, NY, PA)",Private not-for-profit,No,No,Suburb: Large,"Lehigh County, PA",Roman Catholic
Dewey University-Carolina,NA,25.793516874,2708,Carolina,2,10826,NA,0.6527531083,0.4795996921,5185,0,1,dewey.edu/,19761,0,03112101,0.0959,0,0,0.2192,0.8512,1,NA,NA,1,PR,356,0.1966,0.8034,0,0,0,0,1,0,0,0,0,2025-05-19,434900,Puerto Rico,00986,"Other U.S. jurisdictions (AS, FM GU, MH, MP, PR, PW, VI)",Private not-for-profit,No,No,City: Midsize,"Carolina Municipio, PR",Not applicable
Dewey University-Hato Rey,NA,25.793516874,2000,Hato Rey,2,11591,NA,0.6527531083,0.4795996921,5185,0,1,dewey.edu/,19761,0,03112100,0.2778,0,0,0.0972,0.8996,1,NA,NA,1,PR,270,0.1333,0.8667,0,0,0,0,1,0,0,0,0,2025-05-19,443562,Puerto Rico,00910,"Other U.S. jurisdictions (AS, FM GU, MH, MP, PR, PW, VI)",Private not-for-profit,No,No,City: Large,"San Juan Municipio, PR",Not applicable
Dewey University-Manati,NA,25.793516874,2650,Manati,2,11572,NA,0.6527531083,0.4795996921,5185,0,1,dewey.edu/,19761,0,03112109,0.0909,0,0,0,0.8938,1,NA,NA,1,PR,255,0.2471,0.7529,0,0,0,0,1,0,0,0,0,2025-05-19,469416,Puerto Rico,00674-0000,"Other U.S. jurisdictions (AS, FM GU, MH, MP, PR, PW, VI)",Private not-for-profit,No,No,Suburb: Large,"Manatí  Municipio, PR",Not applicable
Dickinson College,0.4308,19.378912685,9906,Carlisle,2,80329,583477014,0.5716639209,0.1219512195,19000,0,0,https://www.dickinson.edu/,70204,0,00325300,0.0296,0,0.0323,0.1186,0.1365,0.7951,NA,NA,3,PA,2157,0.3982,0.6018,0.0427,0,0.051,0.0385,0.0746,9e-4,0.1326,0.0093,0.6504,2025-05-19,212009,Pennsylvania,17013-2896,"Mid East (DE ,DC, MD, NJ, NY, PA)",Private not-for-profit,No,No,City: Small,"Cumberland County, PA",Not applicable
Dickinson State University,0.6005,23.522108844,7359,Dickinson,1,20155,16344635,0.5850340136,0.3053016453,18442,0,0,www.dickinsonstate.edu/,50720,0,00298900,0.1003,0,0.0035,0.3322,0.2176,0.4,NA,NA,3,ND,1108,0.4296,0.5704,0.0397,0.0153,0.0072,0.0244,0.0857,0.0063,0.0325,0.0199,0.769,2025-05-19,200059,North Dakota,58601-4896,"Plains (IA, KS, MN, MO, NE, ND, SD)",Public,No,No,Town: Remote,"Stark County, ND",Not applicable
Dillard University,0.4051,20.642038217,7291,New Orleans,2,36057,92755906,0.7324840764,0.3528528529,31000,1,0,www.dillard.edu/,39196,0,00200400,0,0,0,0.1126,0.6781,0.626,71,1089,3,LA,1111,0.2637,0.7363,0.027,0.0027,9e-4,0.8902,0.0279,9e-4,0.0153,0.0279,0.0072,2025-05-19,158802,Louisiana,70122,"Southeast (AL, AR, FL, GA, KY, LA, MS, NC, SC, TN, VA, WV)",Private not-for-profit,Yes,No,City: Large,"Orleans Parish, LA",United Methodist
Dine College,NA,24.198358413,6503,Tsaile,1,13872,7228310,0.634746922,0.4318936877,PS,0,0,https://www.dinecollege.edu/,29188,0,00824600,0.1239,0.0619,0.0442,0.1504,0.3895,1,NA,NA,2,AZ,1507,0.2687,0.7313,7e-4,0.9907,0.0013,0.0013,0,0,0.0027,0,0.0033,2025-05-19,105297,Arizona,86556,"Southwest (AZ, NM, OK, TX)",Public,No,Yes,Rural: Remote,"Apache County, AZ",Not applicable
Doane University,0.8953,24.447657029,7472,Crete,2,55510,124287044,0.556331007,0.2992545261,25000,0,0,www.doane.edu/,53316,0,00254400,0.0746,0.056,0.0373,0.194,0.2801,0.4273,NA,NA,3,NE,981,0.5433,0.4567,0.0347,0.0061,0.0102,0.0418,0.1019,0.0031,0.0428,0.0795,0.6799,2025-05-19,181020,Nebraska,68333,"Plains (IA, KS, MN, MO, NE, ND, SD)",Private not-for-profit,No,No,Town: Distant,"Saline County, NE",Not applicable
Dominican University,0.798,21.659727782,7754,River Forest,2,44414,47176105,0.6973578863,0.5074626866,24411,0,1,https://www.dom.edu/,60327,0,00175000,0.0482,0,0.012,0.2217,0.4934,0.3837,30,1022,3,IL,2271,0.2902,0.7098,0.0141,0.0018,0.0317,0.0506,0.6852,4e-4,0.0035,0.0238,0.1889,2025-05-19,148496,Illinois,60305,"Great Lakes (IL, IN, MI, OH, WI)",Private not-for-profit,No,No,Suburb: Large,"Cook County, IL",Roman Catholic
Dominican University New York,0.7883,21.852620087,8584,Orangeburg,2,48001,9021538,0.6855895197,0.3212951432,25000,0,1,www.duny.edu/,61171,0,00271300,0.0236,0,0.0034,0.1246,0.4111,0.3617,NA,1160,3,NY,1083,0.3924,0.6076,0.0249,0,0.0609,0.1542,0.41,0,0.0406,0.0637,0.2456,2025-05-19,190761,New York,10962-1210,"Mid East (DE ,DC, MD, NJ, NY, PA)",Private not-for-profit,No,No,Suburb: Large,"Rockland County, NY",Not applicable
Dominican University of California,0.9562,21.482954545,9432,San Rafael,2,68620,30059220,0.7291666667,0.306122449,27000,0,1,https://www.dominican.edu/,84713,0,00119600,0.0157,0,0,0.1505,0.2958,0.3267,NA,1194,3,CA,1178,0.2784,0.7216,0.0662,0.0034,0.3022,0.0628,0.3098,0.0076,0.0255,0.0059,0.2165,2025-05-19,113698,California,94901-2298,"Far West (AK ,CA ,HI, NV, OR, WA)",Private not-for-profit,No,No,City: Small,"Marin County, CA",Not applicable
Donnelly College,NA,26.21875,5418,Kansas City,2,22227,7439989,0.8080357143,0.60625,11842,0,1,www.donnelly.edu/,35715,0,00191400,0,0,0,0.0924,0.6313,0.4615,30,NA,1,KS,343,0.2362,0.7638,0.035,0.0175,0.0554,0.4198,0.344,0,0,0,0.1283,2025-05-19,155007,Kansas,66102,"Plains (IA, KS, MN, MO, NE, ND, SD)",Private not-for-profit,No,No,City: Midsize,"Wyandotte County, KS",Roman Catholic
Dordt University,0.7116,19.691756272,7100,Sioux Center,2,49722,59142707,0.482078853,0.1224862888,21500,0,0,https://www.dordt.edu/,52559,0,00185900,0.1395,0.125,0,0.1715,0.1827,0.5833,35,1175,3,IA,1547,0.51,0.49,0.0175,6e-4,0.0097,0.0052,0.0265,0.0013,0.0983,0.0375,0.8035,2025-05-19,153250,Iowa,51250-1697,"Plains (IA, KS, MN, MO, NE, ND, SD)",Private not-for-profit,No,No,Town: Remote,"Sioux County, IA",Christian Reformed Church
Drake University,0.6413,20.228222997,10201,Des Moines,2,62407,245420135,0.6097560976,0.1530054645,23000,0,0,www.drake.edu/,71901,0,00186000,0.0418,0,0.0084,0.2577,0.2095,0.6813,NA,1288,3,IA,2669,0.3994,0.6006,0.054,0.0011,0.0491,0.0686,0.0783,0.0011,0.0382,0.0041,0.7055,2025-05-19,153269,Iowa,50311-4505,"Plains (IA, KS, MN, MO, NE, ND, SD)",Private not-for-profit,No,No,City: Midsize,"Polk County, IA",Not applicable
Drew University,0.6944,19.940878378,9464,Madison,2,61378,130757000,0.6216216216,0.2449725777,25288,0,0,www.drew.edu/,63646,0,00260300,0,0.0026,0.0211,0.1526,0.2723,1,71,1247,3,NJ,1510,0.443,0.557,0.0338,0.0046,0.0377,0.1026,0.0503,0.0013,0.1086,0.0695,0.5914,2025-05-19,184348,New Jersey,07940,"Mid East (DE ,DC, MD, NJ, NY, PA)",Private not-for-profit,No,No,Suburb: Large,"Morris County, NJ",United Methodist
Drexel University,0.7753,23.296253823,12169,Philadelphia,2,75167,948412000,0.5680428135,0.2922854785,25325,0,0,https://drexel.edu/,84648,0,00325600,0.019,0.1807,0.0061,0.1629,0.2516,0.5665,NA,1337,3,PA,13509,0.5116,0.4884,0.0437,9e-4,0.2382,0.0918,0.0862,4e-4,0.0866,0.0236,0.4287,2025-05-19,212054,Pennsylvania,19104,"Mid East (DE ,DC, MD, NJ, NY, PA)",Private not-for-profit,No,No,City: Large,"Philadelphia County, PA",Not applicable
Drury University,0.5887,26.131881428,7165,Springfield,2,47091,96442572,0.6037507562,0.4127630686,20979,0,0,www.drury.edu/,40694,0,00246100,0.0679,0.0264,0.0113,0.1094,0.272,0.9355,61,1212,3,MO,1367,0.4755,0.5245,0.0351,0.0139,0.0205,0.0315,0.03,0.0015,0.0797,0.0505,0.73740000000000006,2025-05-19,177214,Missouri,65802-3791,"Plains (IA, KS, MN, MO, NE, ND, SD)",Private not-for-profit,No,No,City: Midsize,"Greene County, MO",Not applicable
Drury University-College of Continuing Professional Studies,NA,26.131881428,6351,Springfield,2,19985,545588,0.6037507562,0.4127630686,20979,0,0,www.drury.edu/go/,40694,0,00246100,0.0873,0,0,0.2255,0.5876,1,61,NA,3,MO,694,0.3329,0.6671,0.0317,0.0058,0.0202,0.062,0.1182,0.0043,0.0029,0.0576,0.6974,2025-05-19,492801,NA,NA,NA,NA,NA,NA,NA,NA,NA
Duke University,0.0678,21.316141996,18621,Durham,2,82749,12116260000,0.5465505693,0.1345885635,13000,0,0,www.duke.edu/,97800,0,00292000,0.0075,0.1275,0.0462,0,0.1274,0.9405,71,1539,3,NC,6417,0.4655,0.5345,0.075,0.0017,0.2317,0.0849,0.1077,6e-4,0.0974,0.0399,0.3611,2025-05-19,198419,North Carolina,27708,"Southeast (AL, AR, FL, GA, KY, LA, MS, NC, SC, TN, VA, WV)",Private not-for-profit,No,No,City: Large,"Durham County, NC",United Methodist
Dunwoody College of Technology,0.9847,26.006862745,7291,Minneapolis,2,34834,34574737,0.1666666667,0.2821948488,16000,0,0,www.dunwoody.edu/,61511,0,00464100,0,0.0818,0,0.1084,0.2929,0.5705,NA,1050,2,MN,1417,0.7911,0.2089,0.0593,0.0078,0.0656,0.0769,0.0508,0.0021,0.0042,0.0466,0.6867,2025-05-19,175227,Minnesota,55403-1192,"Plains (IA, KS, MN, MO, NE, ND, SD)",Private not-for-profit,No,No,City: Large,"Hennepin County, MN",Not applicable
Duquesne University,0.7885,20.38446677,9931,Pittsburgh,2,63042,564732000,0.6425811437,0.1729686243,26244,0,0,www.duq.edu/,74742,0,00325800,0.0693,0.0188,0.0108,0.1884,0.1814,0.4905,30,1257,3,PA,5216,0.3702,0.6298,0.0347,0.0015,0.0357,0.05,0.0472,4e-4,0.0263,0.0105,0.7937,2025-05-19,212106,Pennsylvania,15282,"Mid East (DE ,DC, MD, NJ, NY, PA)",Private not-for-profit,No,No,City: Large,"Allegheny County, PA",Roman Catholic
Earlham College,0.7422,19.548387097,8010,Richmond,2,64237,426217096,0.5752688172,0.2262569832,23488,0,0,https://earlham.edu/,50797,0,00179300,0,0,0.0143,0.1,0.25,0.9231,65,1250,3,IN,612,0.469,0.531,0.0376,0,0.0294,0.0703,0.0768,0.0016,0.1585,0.0049,0.6209,2025-05-19,150455,Indiana,47374-4095,"Great Lakes (IL, IN, MI, OH, WI)",Private not-for-profit,No,No,Town: Distant,"Wayne County, IN",Friends
East-West University,NA,22.119266055,7574,Chicago,2,30062,NA,0.5229357798,0.5393939394,26986,0,1,www.eastwest.edu/,29963,0,02168600,0,0,0,0.25,0.8015,1,NA,NA,3,IL,528,0.5341,0.4659,0.0189,0.0076,0.0114,0.3542,0.3239,0.0019,0.2595,0,0.0227,2025-05-19,144883,Illinois,60605,"Great Lakes (IL, IN, MI, OH, WI)",Private not-for-profit,No,No,City: Large,"Cook County, IL",Not applicable
East Carolina University,0.9006,21.91905232,9305,Greenville,1,23689,259073940,0.5933969508,0.2646028037,22750,0,0,https://www.ecu.edu/,55146,0,00292300,0.0716,0.0165,0.0024,0.2079,0.3134,0.7677,NA,1143,3,NC,19857,0.43120000000000003,0.5688,0.04,0.0047,0.0259,0.1593,0.0991,8e-4,0.0064,0.0308,0.6329,2025-05-19,198464,North Carolina,27858-4353,"Southeast (AL, AR, FL, GA, KY, LA, MS, NC, SC, TN, VA, WV)",Public,No,No,City: Small,"Pitt County, NC",Not applicable
East Central University,0.6555,22.815598149,6383,Ada,1,17559,35552616,0.5875743556,0.4641319943,17671,0,0,https://www.ecok.edu/,44962,1,00315400,0.0346,0,0.0132,0.1928,0.3982,1,NA,1019,3,OK,2157,0.3968,0.6032,0.0241,0.1905,0.0593,0.0858,0.0779,0.0028,0.007,0.0464,0.5063,2025-05-19,207041,Oklahoma,74820-6999,"Southwest (AZ, NM, OK, TX)",Public,No,No,Town: Remote,"Pontotoc County, OK",Not applicable
East Georgia State College,NA,20.983559685,6908,Swainsboro,1,15472,357523,0.5818441744,0.3310702875,11750,0,0,https://www.ega.edu/,37174,0,01099700,0.113,0,0.0042,0.1339,0.4958,0.6456,NA,NA,2,GA,1368,0.4474,0.5526,0.0475,0.0015,0.0073,0.4605,0.076,0,0.0029,0.0219,0.3823,2025-05-19,139621,Georgia,30401,"Southeast (AL, AR, FL, GA, KY, LA, MS, NC, SC, TN, VA, WV)",Public,No,No,Town: Remote,"Emanuel County, GA",Not applicable
East Stroudsburg University of Pennsylvania,0.9288,21.185804962,10540,East Stroudsburg,1,24369,22000139,0.5718407386,0.3954457986,24218,0,0,https://www.esu.edu/,56148,0,00332000,0.1014,0,0.0113,0.1424,0.3987,0.7252,NA,1078,3,PA,4611,0.4383,0.5617,0.039,0.0013,0.0178,0.2073,0.1787,0.0017,0.0069,0.02,0.5272,2025-05-19,212115,Pennsylvania,18301-2999,"Mid East (DE ,DC, MD, NJ, NY, PA)",Public,No,No,City: Small,"Monroe County, PA",Not applicable
East Tennessee State University,0.8706,22.238075048,8453,Johnson City,1,25947,87795284,0.5834216663,0.3768948094,19442,0,0,https://www.etsu.edu/,44859,0,00348700,0.0369,0.0016,0.0037,0.1213,0.3519,0.6421,NA,1114,3,TN,9807,0.393,0.607,0.0272,5e-4,0.021,0.0631,0.0428,1e-4,0.016,0.0948,0.7344,2025-05-19,220075,Tennessee,37614,"Southeast (AL, AR, FL, GA, KY, LA, MS, NC, SC, TN, VA, WV)",Public,No,No,City: Small,"Washington County, TN",Not applicable
East Texas Baptist University,0.601,20.826899128,7289,Marshall,2,41833,83880235,0.4719800747,0.3182423435,23250,0,0,https://www.etbu.edu/,52788,0,00356400,0.0871,0,0,0.1856,0.3141,1,54,NA,3,TX,1364,0.4736,0.5264,0.0015,0.033,0.011,0.162,0.132,0.0029,0.0117,0.0103,0.6356,2025-05-19,224527,Texas,75670-1498,"Southwest (AZ, NM, OK, TX)",Private not-for-profit,No,No,Town: Distant,"Harrison County, TX",Baptist
Eastern Connecticut State University,0.8055,21.013141162,10776,Willimantic,1,30805,16569400,0.5811784655,0.3446535108,24250,0,0,https://www.easternct.edu/,56469,0,00142500,0.034,0,0.0246,0.1817,0.2817,0.616,NA,1200,3,CT,3377,0.4163,0.5837,0.0403,3e-4,0.0234,0.0891,0.1377,9e-4,0.0038,0.0601,0.6444,2025-05-19,129215,Connecticut,06226,"New England (CT, ME, MA, NH, R,I VT)",Public,No,No,Town: Fringe,"Windham County, CT",Not applicable
Eastern Florida State College,NA,25.451760325,6487,Melbourne,1,11174,18661055,0.5937711578,0.4004611837,12250,0,0,www.easternflorida.edu/,37195,0,00147000,0.005,0,0,0.1503,0.2788,0.3548,NA,NA,2,FL,10162,0.4129,0.5871,0.0562,0.0024,0.0248,0.1167,0.1848,0.0018,0.0163,0.0133,0.5837,2025-05-19,132693,Florida,32922,"Southeast (AL, AR, FL, GA, KY, LA, MS, NC, SC, TN, VA, WV)",Public,No,No,Suburb: Large,"Brevard County, FL",Not applicable
Eastern Illinois University,0.6775,21.899513776,9286,Charleston,1,26164,66617761,0.6065640194,0.3421643467,21500,0,0,https://www.eiu.edu/,51989,0,00167400,0.1286,0.0027,0.0063,0.1196,0.3087,0.7836,NA,1010,3,IL,4398,0.395,0.605,0.0318,0.0025,0.0134,0.1835,0.1028,0.0011,0.0275,0.0659,0.5714,2025-05-19,144892,Illinois,61920,"Great Lakes (IL, IN, MI, OH, WI)",Public,No,No,Town: Distant,"Coles County, IL",Not applicable
Eastern Kentucky University,0.7809,22.55726601,7646,Richmond,1,22265,78572624,0.5814347291,0.3995334888,22500,0,0,www.eku.edu/,45795,0,00196300,0.0474,0,0.008,0.1302,0.3861,0.5663,NA,1089,3,KY,11674,0.4021,0.5979,0.0475,0.0022,0.0125,0.0678,0.0551,9e-4,0.0076,0.0085,0.7978,2025-05-19,156620,Kentucky,40475-3102,"Southeast (AL, AR, FL, GA, KY, LA, MS, NC, SC, TN, VA, WV)",Public,No,No,Town: Distant,"Madison County, KY",Not applicable
Eastern Mennonite University,0.9975,22.891071429,6352,Harrisonburg,2,54378,38137881,0.6357142857,0.3190661479,24813,0,0,https://emu.edu/,54869,0,00370800,0,0.0345,0.0129,0.2069,0.2691,0.9505,69,NA,3,VA,800,0.4125,0.5875,0.0388,0.0013,0.0275,0.1325,0.1175,0.0013,0.0538,0.065,0.5625,2025-05-19,232043,Virginia,22802-2462,"Southeast (AL, AR, FL, GA, KY, LA, MS, NC, SC, TN, VA, WV)",Private not-for-profit,No,No,City: Small,"Harrisonburg City, VA",Mennonite Church
Eastern Michigan University,0.8135,22.664177078,10337,Ypsilanti,1,28168,92105005,0.6105377512,0.3441964286,25000,0,0,www.emich.edu/,51793,0,00225900,0.0853,0.0182,0.0038,0.1732,0.3656,0.9904,NA,1046,3,MI,10751,0.4059,0.5941,0.0425,0.0023,0.0333,0.1739,0.1002,7e-4,0.0475,0.046,0.5535,2025-05-19,169798,Michigan,48197,"Great Lakes (IL, IN, MI, OH, WI)",Public,No,No,Suburb: Large,"Washtenaw County, MI",Not applicable
Eastern Nazarene College,0.5896,23.78630137,6525,Quincy,2,41948,19100262,0.5643835616,0.3009404389,26000,0,0,https://www.enc.edu/,54727,0,00214500,0.0235,0.0706,0,0.2588,0.3496,0.3186,59,1035,3,MA,378,0.5661,0.4339,0.0582,0.0026,0.0212,0.1376,0.2513,0.0026,0.1693,0.0079,0.3492,2025-05-19,165644,Massachusetts,02170-2999,"New England (CT, ME, MA, NH, R,I VT)",Private not-for-profit,No,No,Suburb: Large,"Norfolk County, MA",Church of the Nazarene
Eastern New Mexico University-Main Campus,0.5492,24.292035398,8033,Portales,1,18503,37894944,0.5820595334,0.4558617468,16500,0,1,www.enmu.edu/,38550,0,00265100,0.1518,0,0.006,0.0933,0.3201,0.6515,NA,965,3,NM,3186,0.3754,0.6246,0.0295,0.0232,0.011,0.0549,0.4535,0.0038,0.0279,0.0289,0.3672,2025-05-19,187648,New Mexico,88130,"Southwest (AZ, NM, OK, TX)",Public,No,No,Town: Remote,"Roosevelt County, NM",Not applicable
Eastern Oregon University,0.9876,26.522085445,8157,La Grande,1,24602,17504422,0.5973931933,0.46485623,20500,0,0,www.eou.edu/,50112,0,00319300,0.2229,0,0.0074,0.2184,0.3598,0.5862,NA,NA,3,OR,2201,0.4303,0.5697,0.0536,0.0159,0.0082,0.0218,0.1368,0.0259,0.0073,0.0418,0.6888,2025-05-19,208646,Oregon,97850,"Far West (AK ,CA ,HI, NV, OR, WA)",Public,No,No,Town: Remote,"Union County, OR",Not applicable
Eastern University,0.9362,25.102811245,5500,Saint Davids,2,53293,29423140,0.7068273092,0.3649155722,25000,0,1,https://www.eastern.edu/about/student-consumer-information,51655,0,00325900,0.1378,0,0.0411,0.1818,0.3566,0.2637,52,NA,3,PA,1978,0.3953,0.6047,0.0369,5e-4,0.0217,0.2821,0.1517,5e-4,0.047,0.0652,0.3943,2025-05-19,212133,Pennsylvania,19087-3696,"Mid East (DE ,DC, MD, NJ, NY, PA)",Private not-for-profit,No,No,Suburb: Large,"Delaware County, PA",American Baptist
Eastern Washington University,0.9177,22.911190053,9945,Cheney,1,22772,38392357,0.575044405,0.3623188406,19500,0,0,www.ewu.edu/,57897,0,00377500,0.1014,0.0309,0.0035,0.1608,0.3451,0.6429,NA,NA,3,WA,6517,0.4382,0.5618,0.0658,0.013,0.0235,0.0443,0.1947,0.0057,0.0049,0.0513,0.5967,2025-05-19,235097,Washington,99004-2496,"Far West (AK ,CA ,HI, NV, OR, WA)",Public,No,No,Town: Fringe,"Spokane County, WA",Not applicable
Ecclesia College,0.475,23.938967136,1430,Springdale,2,31344,NA,0.3755868545,0.4742268041,13019,0,0,ecollege.edu/,40650,0,03855300,0,0,0,0.1739,0.5346,0.2571,42,NA,3,AR,132,0.5985,0.4015,0.0303,0.0379,0,0.1439,0.1439,0.0076,0.1515,0,0.4848,2025-05-19,446233,Arkansas,72762,"Southeast (AL, AR, FL, GA, KY, LA, MS, NC, SC, TN, VA, WV)",Private not-for-profit,No,No,Rural: Fringe,"Benton County, AR",Interdenominational
Eckerd College,0.7869,21.316455696,8901,Saint Petersburg,2,66936,75413467,0.653164557,0.2037533512,27000,0,0,https://www.eckerd.edu/,51819,0,00148700,0,0,0.0048,0.0993,0.1621,0.8265,66,1256,3,FL,1984,0.2949,0.7051,0.0585,0.0015,0.0197,0.0257,0.0993,0.001,0.0368,0.0015,0.756,2025-05-19,133492,Florida,33711-4700,"Southeast (AL, AR, FL, GA, KY, LA, MS, NC, SC, TN, VA, WV)",Private not-for-profit,No,No,City: Large,"Pinellas County, FL",Presbyterian Church (USA)
Edgewood College,0.9452,22.684350133,6990,Madison,2,48450,65977917,0.7546419098,0.2810271041,24424,0,0,www.edgewood.edu/,59728,0,00384800,0.0885,0,0,0.1443,0.2344,0.4147,30,NA,3,WI,1104,0.3188,0.6812,0.0335,0.0027,0.0236,0.0408,0.1014,0.0018,0.01,0.019,0.7672,2025-05-19,238661,Wisconsin,53711-1997,"Great Lakes (IL, IN, MI, OH, WI)",Private not-for-profit,No,No,City: Large,"Dane County, WI",Roman Catholic
Edmonds College,NA,28.837431009,9697,Lynnwood,1,20380,3269110,0.5905669844,0.4378378378,11855,0,0,www.edmonds.edu/,48144,0,00500100,0.0193,0.0037,0,0.2094,0.1457,0.9328,NA,NA,1,WA,3354,0.4454,0.5546,0.071,0.0045,0.1437,0.0894,0.1422,0.0021,0.1088,0.1038,0.3345,2025-05-19,235103,Washington,98036-5912,"Far West (AK ,CA ,HI, NV, OR, WA)",Public,No,No,Suburb: Large,"Snohomish County, WA",Not applicable
EDP University of Puerto Rico Inc-San Juan,0.7714,28.823505155,2686,San Juan,2,12983,624442,0.664742268,0.44092827,14000,0,1,www.edpuniversity.edu/,22844,0,02165100,0,0,0,0.0477,0.5775,0.94,NA,NA,2,PR,1258,0.2631,0.7369,0,0,0,0,1,0,0,0,0,2025-05-19,243832,Puerto Rico,00919-2303,"Other U.S. jurisdictions (AS, FM GU, MH, MP, PR, PW, VI)",Private not-for-profit,No,No,City: Large,"San Juan Municipio, PR",Not applicable
EDP University of Puerto Rico Inc-San Sebastian,0.9615,28.823505155,2727,San Sebastian,2,13701,517391,0.664742268,0.44092827,14000,0,1,www.edpuniversity.edu/,22844,0,02165101,0,0,0,0,0.6342,0.95,NA,NA,2,PR,968,0.2862,0.7138,0,0,0,0,1,0,0,0,0,2025-05-19,241836,Puerto Rico,00685,"Other U.S. jurisdictions (AS, FM GU, MH, MP, PR, PW, VI)",Private not-for-profit,No,No,Suburb: Large,"San Sebastián Municipio, PR",Not applicable
Edward Waters University,0.8481,22.303278689,5834,Jacksonville,2,26973,3482848,0.4631147541,0.5041322314,PS,1,0,www.ew.edu/,34782,0,00147800,0,0,0.0091,0.4273,0.7557,1,51,NA,3,FL,1113,0.5274,0.4726,0.0171,0.0036,0.0027,0.8401,0.0198,0.0018,0.0027,0.0629,0.0494,2025-05-19,133526,Florida,32209,"Southeast (AL, AR, FL, GA, KY, LA, MS, NC, SC, TN, VA, WV)",Private not-for-profit,Yes,No,City: Large,"Duval County, FL",African Methodist Episcopal
Elizabeth City State University,0.7049,21.916923077,8349,Elizabeth City,1,18837,16946983,0.5230769231,0.3745704467,21463,1,0,https://www.ecsu.edu/,40026,0,00292600,0.0656,0,0.0055,0.1093,0.5253,0.7324,NA,NA,3,NC,1863,0.46,0.54,0.059,0.0064,0.0059,0.6849,0.0478,5e-4,0.014,0.0123,0.1691,2025-05-19,198507,North Carolina,27909,"Southeast (AL, AR, FL, GA, KY, LA, MS, NC, SC, TN, VA, WV)",Public,Yes,No,Town: Distant,"Pasquotank County, NC",Not applicable
Elizabethtown College,0.7677,22.640816327,9015,Elizabethtown,2,49318,105350705,0.6357142857,0.2995689655,27000,0,0,www.etown.edu/,62399,0,00326200,0.1065,0.0944,0.0169,0.2179,0.1917,0.4475,NA,1190,3,PA,1815,0.4121,0.5879,0.0231,0,0.0198,0.0353,0.0623,6e-4,0.0187,0.0105,0.8298,2025-05-19,212197,Pennsylvania,17022-2298,"Mid East (DE ,DC, MD, NJ, NY, PA)",Private not-for-profit,No,No,Suburb: Large,"Lancaster County, PA",Church of Brethren
Elmhurst University,0.7574,21.975236708,8710,Elmhurst,2,51829,152576718,0.6074289876,0.351910828,20489,0,1,www.elmhurst.edu/,61462,0,00167600,0.1168,0,0.0038,0.1853,0.368,0.3705,76,1116,3,IL,2954,0.3778,0.6222,0.0281,0.0014,0.0846,0.0508,0.3087,0.001,0.0345,0.0237,0.4672,2025-05-19,144962,Illinois,60126-3096,"Great Lakes (IL, IN, MI, OH, WI)",Private not-for-profit,No,No,Suburb: Large,"DuPage County, IL",United Church of Christ
Elmira College,0.908,21.243027888,4871,Elmira,2,50783,26492105,0.7111553785,0.2683982684,27000,0,0,https://www.elmira.edu/,57550,0,00271800,0.1411,0,0,0.1534,0.3498,0.5204,NA,1239,3,NY,583,0.3379,0.6621,0.036,0.0051,0.0189,0.0395,0.0652,0,0.072,0.0446,0.7187,2025-05-19,190983,New York,14901,"Mid East (DE ,DC, MD, NJ, NY, PA)",Private not-for-profit,No,No,City: Small,"Chemung County, NY",Not applicable
Elon University,0.6731,19.548833189,10112,Elon,2,59369,317793839,0.5799481417,0.0909090909,20500,0,0,www.elon.edu/,74545,0,00292700,0.032,0.0102,0.0163,0.2808,0.0915,0.8119,NA,1222,3,NC,6402,0.4121,0.5879,0.0261,0.0011,0.0231,0.053,0.0683,2e-4,0.0222,0.0219,0.7843,2025-05-19,198516,North Carolina,27244-2010,"Southeast (AL, AR, FL, GA, KY, LA, MS, NC, SC, TN, VA, WV)",Private not-for-profit,No,No,Suburb: Midsize,"Alamance County, NC",Not applicable
Embry-Riddle Aeronautical University-Daytona Beach,0.6628,25.385231459,10661,Daytona Beach,2,59972,166178000,0.1816434407,0.3554592721,23666,0,0,daytonabeach.erau.edu/,84131,0,00147900,0,0.3272,0.0232,0.0521,0.1507,0.8805,NA,1256,3,FL,7535,0.7301,0.2699,0.053,0.002,0.049,0.0451,0.1521,0.0013,0.1011,0.023,0.5735,2025-05-19,133553,Florida,32114-3900,"Southeast (AL, AR, FL, GA, KY, LA, MS, NC, SC, TN, VA, WV)",Private not-for-profit,No,No,City: Small,"Volusia County, FL",Not applicable
Embry-Riddle Aeronautical University-Prescott,0.7519,25.385231459,9669,Prescott,2,60158,69342000,0.1816434407,0.3554592721,23666,0,0,prescott.erau.edu/,84131,0,00147902,0,0.3997,0,0.0375,0.174,0.752,NA,1256,3,AZ,3245,0.7193,0.2807,0.0801,0.0055,0.0666,0.0206,0.1569,0.0052,0.0851,0.0231,0.5569,2025-05-19,104586,Arizona,86301-3720,"Southwest (AZ, NM, OK, TX)",Private not-for-profit,No,No,Rural: Fringe,"Yavapai County, AZ",Not applicable
Embry-Riddle Aeronautical University-Worldwide,0.6175,25.385231459,8483,Daytona Beach,2,24015,5556000,0.1816434407,0.3554592721,23666,0,0,worldwide.erau.edu/,84131,0,00147900,0,0.0398,0,0.2129,0.2506,0.2298,NA,1193,3,FL,8786,0.8424,0.1576,0.0447,0.0048,0.0436,0.0845,0.1988,0.0064,0.0542,0.0444,0.5187,2025-05-19,426314,Florida,32114-3900,"Southeast (AL, AR, FL, GA, KY, LA, MS, NC, SC, TN, VA, WV)",Private not-for-profit,No,No,City: Small,"Volusia County, FL",Not applicable
Emerson College,0.4748,19.765163297,10655,Boston,2,77153,224902734,0.6143079316,0.1315577078,23000,0,0,www.emerson.edu/,62832,0,00214600,0.0146,0,0,0.119,0.1499,0.325,NA,1359,3,MA,4145,0.3339,0.6661,0.0483,5e-4,0.0574,0.0502,0.1105,5e-4,0.1643,0.0174,0.551,2025-05-19,165662,Massachusetts,02116-4624,"New England (CT, ME, MA, NH, R,I VT)",Private not-for-profit,No,No,City: Large,"Suffolk County, MA",Not applicable
Emmanuel College,0.806,19.55270936,10316,Boston,2,63864,160956937,0.7566502463,0.2073684211,27000,0,0,www.emmanuel.edu/,68245,0,00214700,0.079,0,0.0068,0.1422,0.2034,0.5533,30,1263,3,MA,1874,0.2257,0.7743,0.0309,0.0011,0.0443,0.0694,0.1441,5e-4,0.0085,0.0309,0.6702,2025-05-19,165671,Massachusetts,02115,"New England (CT, ME, MA, NH, R,I VT)",Private not-for-profit,No,No,City: Large,"Suffolk County, MA",Roman Catholic
Emmanuel University,0.5336,20.096114519,4989,Franklin Springs,2,35188,2015316,0.4519427403,0.3561946903,24325,0,0,www.ec.edu/,38208,0,00156300,0.1678,0,0.014,0.2168,0.2976,0.4074,47,NA,3,GA,719,0.548,0.452,0.0542,0.0028,0.007,0.1266,0.064,0.0056,0.1474,0,0.5925,2025-05-19,139630,Georgia,30639,"Southeast (AL, AR, FL, GA, KY, LA, MS, NC, SC, TN, VA, WV)",Private not-for-profit,No,No,Town: Distant,"Franklin County, GA",Pentecostal Holiness Church
Emmaus Bible College,0.977,20.652542373,5126,Dubuque,2,30198,1533465,0.5593220339,PS,15750,0,0,https://www.emmaus.edu/,42631,0,02328900,0.0732,0,0,0.0854,0.4029,0.6316,107,1109,1,IA,183,0.4645,0.5355,0.0383,0.0109,0.0219,0.0383,0.0492,0.0055,0.0273,0.071,0.7377,2025-05-19,153302,Iowa,52001-3096,"Plains (IA, KS, MN, MO, NE, ND, SD)",Private not-for-profit,No,No,City: Small,"Dubuque County, IA",Plymouth Brethren
Emory & Henry University,0.963,19.832733813,7571,Emory,2,52311,98986442,0.4874100719,0.2670565302,26332,0,0,www.ehc.edu/,47385,0,00370900,0.0718,0.0051,0.0154,0.1846,0.4085,0.9667,71,1171,3,VA,1107,0.4607,0.5393,0.0352,0.0045,0.0099,0.121,0.0361,0.0027,0.0343,0.0777,0.6784,2025-05-19,232025,Virginia,24327-0947,"Southeast (AL, AR, FL, GA, KY, LA, MS, NC, SC, TN, VA, WV)",Private not-for-profit,No,No,Rural: Fringe,"Washington County, VA",United Methodist
Emory University,0.111,20.600106213,16158,Atlanta,2,78814,11155404520,0.6606479023,0.1638702461,18250,0,0,www.emory.edu/,80137,0,00156400,0,0,0.079,0.2364,0.1818,0.7412,71,1507,3,GA,7275,0.429,0.571,0.0477,7e-4,0.2518,0.0932,0.1182,0,0.1622,0.0147,0.3115,2025-05-19,139658,Georgia,30322,"Southeast (AL, AR, FL, GA, KY, LA, MS, NC, SC, TN, VA, WV)",Private not-for-profit,No,No,Suburb: Large,"DeKalb County, GA",United Methodist
Empire State University,NA,33.397232805,8209,Saratoga Springs,1,18221,21985717,0.7136555043,0.4505520883,18730,0,0,www.sunyempire.edu/,54080,0,01028600,0.0465,0,0,0.3539,0.35,0.2496,NA,NA,3,NY,7046,0.3399,0.6601,0.0298,0.0047,0.0302,0.1537,0.1541,0.002,0.0043,0.1293,0.4919,2025-05-19,196264,New York,12866-4391,"Mid East (DE ,DC, MD, NJ, NY, PA)",Public,No,No,Suburb: Small,"Saratoga County, NY",Not applicable
Emporia State University,0.9774,21.672232529,7089,Emporia,1,20527,97388972,0.6277056277,0.3396099529,19500,0,0,www.emporia.edu/,47601,0,00192700,0.2972,0,0.007,0.1648,0.3401,0.9005,NA,1090,3,KS,2328,0.3621,0.6379,0.0631,0.0039,0.0086,0.0387,0.1293,9e-4,0.0309,0.018,0.7066,2025-05-19,155025,Kansas,66801-5415,"Plains (IA, KS, MN, MO, NE, ND, SD)",Public,No,No,Town: Remote,"Lyon County, KS",Not applicable
Endicott College,0.7229,20.73929099,11198,Beverly,2,57533,119158126,0.6322008863,0.1894818252,27000,0,0,www.endicott.edu/,58336,0,00214800,0.0569,0.019,0.0095,0.2656,0.1313,0.266,NA,1263,3,MA,3101,0.3505,0.6495,0.029,0.0016,0.0152,0.0129,0.0564,6e-4,0.0094,0.0242,0.8507,2025-05-19,165699,Massachusetts,01915,"New England (CT, ME, MA, NH, R,I VT)",Private not-for-profit,No,No,Suburb: Large,"Essex County, MA",Not applicable
Erskine College,0.6056,19.774278215,5399,Due West,2,54484,39210574,0.4461942257,0.2225352113,27000,0,0,www.erskine.edu/,53459,0,00343200,0.0569,0,0.0163,0.4634,0.4014,1,81,NA,3,SC,821,0.7089,0.2911,0,0.0037,0.011,0.179,0.0499,0.0012,0,0.3666,0.3886,2025-05-19,217998,South Carolina,29639,"Southeast (AL, AR, FL, GA, KY, LA, MS, NC, SC, TN, VA, WV)",Private not-for-profit,No,No,Rural: Distant,"Abbeville County, SC",Reformed Presbyterian Church
Escuela de Artes Plasticas y Diseno de Puerto Rico,1,20.441489362,2842,San Juan,1,8277,2653205,0.6595744681,0.1734104046,PS,0,1,www.eap.edu/,21790,0,02569400,0.0755,0,0,0,0.7689,1,NA,985,3,PR,497,0.2294,0.7706,0,0,0,0.002,0.994,0,0,0,0.004,2025-05-19,241951,Puerto Rico,00902-1112,"Other U.S. jurisdictions (AS, FM GU, MH, MP, PR, PW, VI)",Public,No,No,City: Large,"San Juan Municipio, PR",Not applicable
Eureka College,0.8847,20.637279597,5671,Eureka,2,38518,32975181,0.4811083123,0.3415977961,23250,0,0,www.eureka.edu/,51641,0,00167800,0.1008,0,0.0084,0.2353,0.2272,0.74,61,NA,3,IL,522,0.5077,0.4923,0.0287,0.0096,0.0019,0.1207,0.0958,0,0.0134,0.0479,0.682,2025-05-19,144971,Illinois,61530,"Great Lakes (IL, IN, MI, OH, WI)",Private not-for-profit,No,No,Town: Fringe,"Woodford County, IL",Christian Church (Disciples of Christ)
Evangel University,0.693,22.481751825,5293,Springfield,2,38931,23680777,0.5505735141,0.2610571737,24736,0,0,www.evangel.edu/,46573,0,00246300,0.1735,0.0032,0.0063,0.1798,0.3612,0.2848,27,NA,3,MO,1205,0.4963,0.5037,0.0573,0.0124,0.0183,0.0481,0.0523,0,0.0349,0.0266,0.7502,2025-05-19,177339,Missouri,65802-2125,"Plains (IA, KS, MN, MO, NE, ND, SD)",Private not-for-profit,No,No,City: Midsize,"Greene County, MO",Assemblies of God Church
Everglades University,0.8644,33.50527325,5176,Boca Raton,2,36311,NA,0.552253116,0.4180238871,38996,0,0,https://www.evergladesuniversity.edu/,47597,0,03108500,0,0,0,0.3818,0.5147,0.2155,NA,NA,3,FL,2369,0.4829,0.5171,0.0169,0.0156,0.0148,0.1916,0.1233,0.0034,0,0.1769,0.4576,2025-05-19,385619,Florida,33431,"Southeast (AL, AR, FL, GA, KY, LA, MS, NC, SC, TN, VA, WV)",Private not-for-profit,No,No,City: Small,"Palm Beach County, FL",Not applicable
Fairfield University,0.4498,19.908876669,12997,Fairfield,2,73371,357565000,0.6457187745,0.1654441728,26000,0,0,fairfield.edu/,88794,0,00138500,0,0.0475,0.0121,0.4175,0.0683,1,30,1323,3,CT,4938,0.4259,0.5741,0.0174,2e-4,0.019,0.0113,0.0751,4e-4,0.02,0.0417,0.8147,2025-05-19,129242,Connecticut,06824-5195,"New England (CT, ME, MA, NH, R,I VT)",Private not-for-profit,No,No,Suburb: Large,"Fairfield County, CT",Roman Catholic
Fairleigh Dickinson University-Florham Campus,0.9527,22.613930697,9099,Madison,2,52840,46180000,0.5880294015,0.4255060729,25000,0,0,https://www.fdu.edu/,57273,0,00260701,0,0,0.0198,0.2416,0.3492,0.4396,NA,NA,3,NJ,1958,0.4637,0.5363,0.0322,0.001,0.0495,0.1124,0.2671,5e-4,0.0046,0.0368,0.4959,2025-05-19,184694,New Jersey,07940,"Mid East (DE ,DC, MD, NJ, NY, PA)",Private not-for-profit,No,No,Suburb: Large,"Morris County, NJ",Not applicable
Fairleigh Dickinson University-Metropolitan Campus,0.9591,22.613930697,9501,Teaneck,2,47791,46180000,0.5880294015,0.4255060729,25000,0,1,https://www.fdu.edu/,57273,0,00260700,0,0.0442,0.0065,0.1097,0.2151,0.2868,NA,NA,3,NJ,2578,0.4833,0.5167,0.019,0.0019,0.0516,0.1125,0.3456,4e-4,0.1051,0.1544,0.2095,2025-05-19,184603,New Jersey,07666,"Mid East (DE ,DC, MD, NJ, NY, PA)",Private not-for-profit,No,No,Suburb: Large,"Bergen County, NJ",Not applicable
Fairmont State University,0.9924,22.00556962,7049,Fairmont,1,18091,28443847,0.5655696203,0.4139814309,21000,0,0,https://www.fairmontstate.edu/,46857,0,00381200,0.0578,0.0059,0.003,0.0889,0.3304,0.9286,NA,993,3,WV,2690,0.4394,0.5606,0.0461,0.0037,0.0033,0.0502,0.0074,0,0.0126,0.0052,0.8714,2025-05-19,237367,West Virginia,26554-2470,"Southeast (AL, AR, FL, GA, KY, LA, MS, NC, SC, TN, VA, WV)",Public,No,No,Town: Distant,"Marion County, WV",Not applicable
Faith Baptist Bible College and Theological Seminary,0.4968,20.168067227,5672,Ankeny,2,30354,4292585,0.5714285714,PS,12971,0,0,https://faith.edu/,40650,0,00712100,0.1167,0,0,0.2333,0.374,0.4167,54,1088,3,IA,371,0.4744,0.5256,0.0323,0.0027,0.0162,0.0081,0.0458,0.0027,0.0404,0.0135,0.8383,2025-05-19,153320,Iowa,50023-2152,"Plains (IA, KS, MN, MO, NE, ND, SD)",Private not-for-profit,No,No,Suburb: Large,"Polk County, IA",Baptist
Faith International University,NA,41.04,3871,Tacoma,2,20793,NA,0.4,PS,17650,0,0,https://www.faithiu.edu/,51006,0,03689400,0.125,0,0,0.4286,0.4716,0.3704,79,NA,3,WA,196,0.4949,0.5051,0.051,0,0.0867,0.199,0.1633,0,0.0102,0.0255,0.4643,2025-05-19,443049,Washington,98407-0186,"Far West (AK ,CA ,HI, NV, OR, WA)",Private not-for-profit,No,No,City: Midsize,"Pierce County, WA",Other Protestant
Farmingdale State College,0.6912,22.485995232,9211,Farmingdale,1,17146,4867115,0.4639451728,0.397044004,14718,0,0,www.farmingdale.edu/,69781,0,00285800,0,0,0.0067,0.1838,0.3575,0.3492,NA,1104,3,NY,9117,0.5949,0.4051,0.0365,0.0029,0.1302,0.1057,0.2901,0.0021,0.0223,0.0033,0.4069,2025-05-19,196042,New York,11735-1021,"Mid East (DE ,DC, MD, NJ, NY, PA)",Public,No,No,Suburb: Large,"Suffolk County, NY",Not applicable
Fashion Institute of Technology,0.5761,21.291810842,9473,New York,1,29732,48241281,0.8392925798,0.2760084926,12000,0,0,www.fitnyc.edu/,62696,0,00286600,0,0,0,0.3565,0.323,0.9881,NA,NA,2,NY,7575,0.1773,0.8227,0.0474,0.0017,0.1286,0.0866,0.2335,0.0015,0.1176,0.0045,0.3786,2025-05-19,191126,New York,10001-5992,"Mid East (DE ,DC, MD, NJ, NY, PA)",Public,No,No,City: Large,"New York County, NY",Not applicable
Faulkner University,0.6613,28.260475651,6574,Montgomery,2,36910,20765130,0.6387315968,0.4300319489,23000,0,0,www.faulkner.edu/,43457,0,00100300,0.0404,0,0.0045,0.5404,0.4381,0.5943,74,1016,3,AL,1555,0.4624,0.5376,0.0129,0.0032,0.0096,0.4019,0.0559,0.0013,0.0418,0.0225,0.4508,2025-05-19,101189,Alabama,36109-3390,"Southeast (AL, AR, FL, GA, KY, LA, MS, NC, SC, TN, VA, WV)",Private not-for-profit,No,No,City: Midsize,"Montgomery County, AL",Churches of Christ
Fayetteville State University,0.7989,26.889506375,8899,Fayetteville,1,16098,31970629,0.6982674076,0.4089541008,22987,1,0,https://www.uncfsu.edu/,40144,0,00292800,0.0565,0,0.0037,0.1974,0.5259,0.7715,NA,972,3,NC,5493,0.3104,0.6896,0.0577,0.012,0.0118,0.6328,0.0999,9e-4,0.0095,0.0215,0.1538,2025-05-19,198543,North Carolina,28301-4298,"Southeast (AL, AR, FL, GA, KY, LA, MS, NC, SC, TN, VA, WV)",Public,Yes,No,City: Midsize,"Cumberland County, NC",Not applicable
Feather River Community College District,NA,23.130620985,12374,Quincy,1,16502,48286,0.5331905782,0.4843373494,10750,0,0,www.frc.edu/,38142,0,00859700,0,0,0.0028,0.0366,0.2031,0.3125,NA,NA,2,CA,1574,0.4682,0.5318,0.0267,0.0216,0.033,0.0978,0.3806,0.0095,0.0172,0.0864,0.3272,2025-05-19,114433,California,95971-9124,"Far West (AK ,CA ,HI, NV, OR, WA)",Public,No,No,Rural: Fringe,"Plumas County, CA",Not applicable
Felician University,0.9401,24.282765738,7843,Lodi,2,50346,6832279,0.7327141383,0.4948979592,25000,0,1,https://www.felician.edu/,57602,0,00261000,0.0275,0,0.0505,0.1216,0.5155,0.4865,30,1020,3,NJ,1754,0.2925,0.7075,0.0251,0.0023,0.0536,0.187,0.4208,0.0017,0.0542,0.0222,0.2332,2025-05-19,184612,New Jersey,07644,"Mid East (DE ,DC, MD, NJ, NY, PA)",Private not-for-profit,No,No,Suburb: Large,"Bergen County, NJ",Roman Catholic
Ferris State University,0.8058,23.222241499,10457,Big Rapids,1,26066,113015293,0.5511797363,0.352963101,21000,0,0,www.ferris.edu/,54735,0,00226000,0.0418,0.0197,0.0015,0.1823,0.3358,0.7198,NA,1001,3,MI,8087,0.4747,0.5253,0.0314,0.0084,0.0152,0.0945,0.0663,9e-4,0.0137,0.0262,0.7434,2025-05-19,169910,Michigan,49307-2251,"Great Lakes (IL, IN, MI, OH, WI)",Public,No,No,Town: Distant,"Mecosta County, MI",Not applicable
Ferrum College,1,19.836225597,5755,Ferrum,2,54506,58232586,0.3958785249,0.3884892086,27000,0,0,www.ferrum.edu/,44296,0,00371100,0.1613,0,0,0.1237,0.4651,1,71,990,3,VA,745,0.6201,0.3799,0.0497,0.0013,0.0054,0.2148,0.0698,0,0.0121,0.1678,0.4792,2025-05-19,232089,Virginia,24088-9000,"Southeast (AL, AR, FL, GA, KY, LA, MS, NC, SC, TN, VA, WV)",Private not-for-profit,No,No,Rural: Distant,"Franklin County, VA",United Methodist
Fisher College,0.7075,24.795353982,7612,Boston,2,52723,NA,0.6935840708,0.4677419355,25000,0,1,www.fisher.edu/,49669,0,00215000,0.1124,0,0,0.2329,0.42,0.2538,NA,NA,3,MA,1138,0.4429,0.5571,0.0308,9e-4,0.0281,0.0949,0.1889,9e-4,0.1221,0.3181,0.2153,2025-05-19,165802,Massachusetts,02116,"New England (CT, ME, MA, NH, R,I VT)",Private not-for-profit,No,No,City: Large,"Suffolk County, MA",Not applicable
Fisk University,0.5791,19.860119048,5850,Nashville,2,37653,31077545,0.7410714286,0.2657807309,27000,1,0,www.fisk.edu/,45454,0,00349000,0.0233,0,0.0155,0.1938,0.4827,0.5798,NA,1236,3,TN,950,0.3263,0.6737,0.0105,0,0.0116,0.8337,0.0063,0,0.0653,0.0726,0,2025-05-19,220181,Tennessee,37208-4501,"Southeast (AL, AR, FL, GA, KY, LA, MS, NC, SC, TN, VA, WV)",Private not-for-profit,Yes,No,City: Large,"Davidson County, TN",Not applicable
Fitchburg State University,0.8994,21.473763875,10025,Fitchburg,1,24517,18876660,0.534308779,0.3591470258,24239,0,0,www.fitchburgstate.edu/,53874,0,00218400,0.0942,0,0.0072,0.1406,0.3101,0.4975,NA,1114,3,MA,2825,0.469,0.531,0.0287,0.0011,0.0312,0.1292,0.1604,4e-4,0.0103,0.0219,0.617,2025-05-19,165820,Massachusetts,01420-2697,"New England (CT, ME, MA, NH, R,I VT)",Public,No,No,Suburb: Midsize,"Worcester County, MA",Not applicable
Flagler College,0.7809,22.130147059,7446,Saint Augustine,2,41734,93200395,0.6926470588,0.2803738318,24250,0,0,https://www.flagler.edu/,49483,0,00789300,0.0906,0,0.0036,0.2717,0.2831,0.8503,NA,1099,3,FL,2404,0.3211,0.6789,0.0387,0.0017,0.0096,0.0295,0.1344,8e-4,0.0308,0.0304,0.7242,2025-05-19,133711,Florida,32084,"Southeast (AL, AR, FL, GA, KY, LA, MS, NC, SC, TN, VA, WV)",Private not-for-profit,No,No,Suburb: Small,"St. Johns County, FL",Not applicable
Florida Agricultural and Mechanical University,0.2112,20.577104025,9044,Tallahassee,1,24047,98299059,0.6479351803,0.3659409484,23548,1,0,www.famu.edu/,44349,0,00148000,0.025,0.0324,0.0013,0.087,0.5557,1,NA,1100,3,FL,7516,0.3371,0.6629,0.0184,9e-4,0.0028,0.8924,0.054,0,9e-4,1e-4,0.0305,2025-05-19,133650,Florida,32307,"Southeast (AL, AR, FL, GA, KY, LA, MS, NC, SC, TN, VA, WV)",Public,Yes,No,City: Midsize,"Leon County, FL",Not applicable
Florida Atlantic University,0.7344,23.286651455,10381,Boca Raton,1,21054,334780801,0.6122837041,0.3877728309,17236,0,1,www.fau.edu/,56746,0,00148100,0.03,0.0437,0.0031,0.2007,0.3515,0.7496,NA,1119,3,FL,23458,0.4286,0.5714,0.0408,8e-4,0.0393,0.1733,0.2887,9e-4,0.0279,0.0132,0.415,2025-05-19,133669,Florida,33431-0991,"Southeast (AL, AR, FL, GA, KY, LA, MS, NC, SC, TN, VA, WV)",Public,No,No,City: Small,"Palm Beach County, FL",Not applicable
Florida College,0.6645,19.975524476,6609,Temple Terrace,2,32188,18635137,0.5244755245,0.2350746269,12000,0,0,www.floridacollege.edu/,43445,0,00148200,0.0739,0,0,0.0985,0.209,0.7857,NA,1068,2,FL,589,0.489,0.511,0.0441,0.0051,0.0187,0.034,0.0645,0.0051,0.0374,0.0357,0.7555,2025-05-19,133809,Florida,33617,"Southeast (AL, AR, FL, GA, KY, LA, MS, NC, SC, TN, VA, WV)",Private not-for-profit,No,No,Suburb: Large,"Hillsborough County, FL",Not applicable
Florida Gateway College,NA,26.452419355,6379,Lake City,1,11879,17562238,0.6241935484,0.5539906103,6992,0,0,https://www.fgc.edu/,37894,0,00150100,0.063,0,0,0.0107,0.3755,0.4138,NA,NA,2,FL,2231,0.3156,0.6844,0.0296,0.0031,0.0081,0.1784,0.0896,0,9e-4,0.0018,0.6885,2025-05-19,135160,Florida,32025-2007,"Southeast (AL, AR, FL, GA, KY, LA, MS, NC, SC, TN, VA, WV)",Public,No,No,Town: Distant,"Columbia County, FL",Not applicable
Florida Gulf Coast University,0.7675,21.352745424,9321,Fort Myers,1,18269,92023565,0.5940099834,0.3594800538,17622,0,0,www.fgcu.edu/,54560,0,03255300,0.036,0.0459,0.0039,0.1911,0.2857,0.6756,NA,1120,3,FL,13809,0.4365,0.5635,0.0326,0.002,0.0195,0.052,0.25,9e-4,0.0227,0.0405,0.5799,2025-05-19,433660,Florida,33965-6565,"Southeast (AL, AR, FL, GA, KY, LA, MS, NC, SC, TN, VA, WV)",Public,No,No,Suburb: Large,"Lee County, FL",Not applicable
Florida Institute of Technology,0.6253,28.412055336,11169,Melbourne,2,60387,89442037,0.5243741765,0.4013402829,27000,0,0,https://www.fit.edu/,43137,0,00146900,0,0.4165,0.0125,0.0764,0.201,1,NA,1213,3,FL,3235,0.673,0.327,0.0303,0.0028,0.025,0.0488,0.1598,0.0015,0.162,0.0269,0.5428,2025-05-19,133881,Florida,32901-6975,"Southeast (AL, AR, FL, GA, KY, LA, MS, NC, SC, TN, VA, WV)",Private not-for-profit,No,No,City: Small,"Brevard County, FL",Not applicable
Florida International University,0.5884,23.494468329,11232,Miami,1,20556,284292410,0.6069360848,0.4140373893,16500,0,1,www.fiu.edu/,60249,0,00963500,0.0375,0.0654,0.0034,0.2192,0.4042,0.9755,NA,1154,3,FL,38761,0.4419,0.5581,0.0206,5e-4,0.0271,0.1109,0.6768,4e-4,0.0703,0.005,0.0885,2025-05-19,133951,Florida,33199,"Southeast (AL, AR, FL, GA, KY, LA, MS, NC, SC, TN, VA, WV)",Public,No,No,Suburb: Large,"Miami-Dade County, FL",Not applicable
Florida Memorial University,0.7431,20.478065242,7205,Miami Gardens,2,31940,5103989,0.6096737908,0.4601889339,30063,1,0,www.fmuniv.edu/,36624,0,00148600,0.0448,0,0,0.2612,0.6621,0.6579,54,NA,3,FL,1299,0.465,0.535,0.0054,8e-4,0.0015,0.7737,0.0377,0,0.1316,0.02,0.0293,2025-05-19,133979,Florida,33054-6199,"Southeast (AL, AR, FL, GA, KY, LA, MS, NC, SC, TN, VA, WV)",Private not-for-profit,Yes,No,Suburb: Large,"Miami-Dade County, FL",Baptist
Florida Polytechnic University,0.5573,NA,10179,Lakeland,1,20807,3532862,NA,NA,14250,0,0,floridapoly.edu/,NA,0,04263400,0,0.2662,0.0072,0,0.3305,0.8673,NA,1294,3,FL,1556,0.8104,0.1896,0.054,0.0019,0.0559,0.0559,0.2519,0.0013,0.0122,0.009,0.5578,2025-05-19,482936,Florida,33805-8531,"Southeast (AL, AR, FL, GA, KY, LA, MS, NC, SC, TN, VA, WV)",Public,No,No,Rural: Fringe,"Polk County, FL",Not applicable
Florida Southern College,0.5907,21.217206133,8834,Lakeland,2,57174,106785429,0.6856899489,0.2761989343,25000,0,0,www.flsouthern.edu/,55294,0,00148800,0.0567,0,0.0133,0.24,0.2602,1,71,1263,3,FL,2607,0.3682,0.6318,0.0395,0.0042,0.0269,0.0633,0.1542,0.0015,0.0418,0.0027,0.6659,2025-05-19,134079,Florida,33801-5698,"Southeast (AL, AR, FL, GA, KY, LA, MS, NC, SC, TN, VA, WV)",Private not-for-profit,No,No,City: Midsize,"Polk County, FL",United Methodist
Florida SouthWestern State College,NA,23.134093464,6990,Fort Myers,1,14644,49679138,0.6214870724,0.504302926,8000,0,1,https://www.fsw.edu/,43421,0,00147700,0.0213,0,0,0.0632,0.3357,0.2716,NA,NA,2,FL,10613,0.3708,0.6292,0.0237,0.004,0.02,0.1387,0.379,0.001,0.0301,0.065,0.3386,2025-05-19,133508,Florida,33919,"Southeast (AL, AR, FL, GA, KY, LA, MS, NC, SC, TN, VA, WV)",Public,No,No,Suburb: Large,"Lee County, FL",Not applicable
Florida State College at Jacksonville,NA,25.216086306,6412,Jacksonville,1,8994,38533487,0.6176030763,0.4410528917,13562,0,0,www.fscj.edu/,42244,0,00148400,0.0064,0,0,0.2613,0.3336,0.3681,NA,NA,2,FL,17739,0.3575,0.6425,0.119,0.0032,0.0317,0.2746,0.0938,0.0045,0.0402,0.0077,0.4253,2025-05-19,133702,Florida,32202,"Southeast (AL, AR, FL, GA, KY, LA, MS, NC, SC, TN, VA, WV)",Public,No,No,City: Large,"Duval County, FL",Not applicable
Florida State University,0.2538,20.6220056,12781,Tallahassee,1,23683,898119860,0.5844654153,0.2763640404,18000,0,0,https://www.fsu.edu/,61675,0,00148900,0.0181,0.0385,0.011,0.2455,0.2375,0.8355,NA,1323,3,FL,31812,0.4347,0.5653,0.0435,9e-4,0.0373,0.0739,0.2318,7e-4,0.0166,0.0132,0.5821,2025-05-19,134097,Florida,32306-1037,"Southeast (AL, AR, FL, GA, KY, LA, MS, NC, SC, TN, VA, WV)",Public,No,No,City: Midsize,"Leon County, FL",Not applicable
Fontbonne University,0.9503,23.637329287,7052,Saint Louis,2,42982,14138749,0.660091047,0.3224222586,25000,0,0,https://www.fontbonne.edu/,48825,0,00246400,0.1825,0,0.0073,0.1971,0.4795,0.4414,30,NA,3,MO,632,0.4984,0.5016,0.0522,0.0063,0.0206,0.2769,0.0142,0.0016,0.0063,0.0158,0.606,2025-05-19,177418,Missouri,63105-3098,"Plains (IA, KS, MN, MO, NE, ND, SD)",Private not-for-profit,No,No,Suburb: Large,"St. Louis County, MO",Roman Catholic
Foothill College,NA,25.276225947,11800,Los Altos Hills,1,15772,10523559,0.6058348852,0.4988575781,10500,0,1,https://foothill.edu/,57072,0,00119900,0.0759,0.0023,0.0187,0.0946,0.0843,0.3367,NA,NA,2,CA,10922,0.5251,0.4749,0.0614,0.0024,0.237,0.0331,0.3231,0.007,0.0371,0.0192,0.2796,2025-05-19,114716,California,94022,"Far West (AK ,CA ,HI, NV, OR, WA)",Public,No,No,Suburb: Large,"Santa Clara County, CA",Not applicable
Fordham University,0.5628,20.350413223,15544,Bronx,2,77351,972446000,0.6138842975,0.1764084507,24300,0,0,https://www.fordham.edu/,85569,0,00272200,0,0.0061,0.0314,0.3341,0.2086,1,30,1412,3,NY,10239,0.3962,0.6038,0.0493,7e-4,0.1424,0.0623,0.1914,7e-4,0.0718,0.0091,0.4723,2025-05-19,191241,New York,10458,"Mid East (DE ,DC, MD, NJ, NY, PA)",Private not-for-profit,No,No,City: Large,"Bronx County, NY",Roman Catholic
Fort Hays State University,0.9177,26.778295296,7883,Hays,1,19114,137188977,0.6360037261,0.385026738,21000,0,0,www.fhsu.edu/,48928,0,00191500,0.0942,0.0012,0.0024,0.3719,0.2227,0.4993,NA,1118,3,KS,9792,0.3893,0.6107,0.0245,0.0026,0.0157,0.0254,0.0569,0.0012,0.0193,0.3665,0.4878,2025-05-19,155061,Kansas,67601-4099,"Plains (IA, KS, MN, MO, NE, ND, SD)",Public,No,No,Town: Remote,"Ellis County, KS",Not applicable
Fort Lewis College,0.932,21.814338235,7719,Durango,1,25558,15010898,0.5287990196,0.3085036256,18389,0,0,fortlewis.edu/,46349,1,00135300,0.0307,0.0529,0.0017,0.1689,0.361,0.7711,NA,1084,3,CO,3070,0.4759,0.5241,0.1192,0.2824,0.0046,0.0124,0.1469,0.0016,0.0055,0.0013,0.4261,2025-05-19,127185,Colorado,81301-3999,"Rocky Mountains (CO, ID, MT, UT, WY)",Public,No,No,Town: Distant,"La Plata County, CO",Not applicable
Fort Valley State University,0.628,21.706813489,7782,Fort Valley,1,20342,13200000,0.5739848589,0.3423493045,31000,1,0,www.fvsu.edu/,36666,0,00156600,0.0567,0,0.0267,0.2067,0.7195,0.7128,NA,864,3,GA,2541,0.3451,0.6549,0.0283,0.0012,0.002,0.9244,0.0244,0.0012,0.0016,0.0012,0.0157,2025-05-19,139719,Georgia,31030-4313,"Southeast (AL, AR, FL, GA, KY, LA, MS, NC, SC, TN, VA, WV)",Public,Yes,No,Town: Fringe,"Peach County, GA",Not applicable
Framingham State University,0.8487,21.342064715,10336,Framingham,1,26539,54656953,0.5988700565,0.3225071225,25000,0,0,www.framingham.edu/,52349,0,00218500,0.0417,0,0.0112,0.2616,0.3448,0.5784,NA,1150,3,MA,2556,0.4566,0.5434,0.045,0.0016,0.0348,0.1682,0.2062,0,0.0117,0.0043,0.5282,2025-05-19,165866,Massachusetts,01701-9101,"New England (CT, ME, MA, NH, R,I VT)",Public,No,No,City: Small,"Middlesex County, MA",Not applicable
Francis Marion University,0.8223,21.189295775,8407,Florence,1,22944,42522430,0.6856338028,0.3626782393,27000,0,0,www.fmarion.edu/,43888,0,00922600,0.0754,0.0122,0.0183,0.1466,0.3884,0.6858,NA,1039,3,SC,2640,0.358,0.642,0.0383,0.003,0.0144,0.375,0.0545,4e-4,0.0303,0.0098,0.4742,2025-05-19,218061,South Carolina,29506,"Southeast (AL, AR, FL, GA, KY, LA, MS, NC, SC, TN, VA, WV)",Public,No,No,Suburb: Small,"Florence County, SC",Not applicable
Franciscan Missionaries of Our Lady University,0.8294,28.606188467,8005,Baton Rouge,2,27314,11112553,0.8931082982,0.4736024845,27672,0,0,www.franu.edu/,59419,0,03106200,0,0,0,0.0169,0.3575,1,30,NA,3,LA,826,0.1574,0.8426,0,0.0145,0.0278,0.2215,0.0605,0,0,0.0097,0.6659,2025-05-19,160074,Louisiana,70808,"Southeast (AL, AR, FL, GA, KY, LA, MS, NC, SC, TN, VA, WV)",Private not-for-profit,No,No,City: Midsize,"East Baton Rouge Parish, LA",Roman Catholic
Franciscan University of Steubenville,0.7223,20.142857143,8754,Steubenville,2,42955,79450176,0.5899014778,0.1091370558,23384,0,0,www.franciscan.edu/,50030,0,00303600,0.0542,0,0.0206,0.1645,0.2101,1,30,1218,3,OH,2775,0.4418,0.5582,0.0191,0.0029,0.027,0.0123,0.1658,0.004,0.0097,0.0205,0.7387,2025-05-19,205957,Ohio,43952-1763,"Great Lakes (IL, IN, MI, OH, WI)",Private not-for-profit,No,No,City: Small,"Jefferson County, OH",Roman Catholic
Franklin and Marshall College,0.3183,19.356097561,11449,Lancaster,2,83184,426486570,0.5658536585,0.1948275862,19000,0,0,www.fandm.edu/,76124,0,00326500,0,0,0.0534,0.1107,0.1668,0.7965,NA,1394,3,PA,1904,0.4732,0.5268,0.0362,0.0021,0.0494,0.0509,0.1014,0,0.1717,0.0074,0.5809,2025-05-19,212577,Pennsylvania,17604-3003,"Mid East (DE ,DC, MD, NJ, NY, PA)",Private not-for-profit,No,No,City: Small,"Lancaster County, PA",Not applicable
Franklin College,0.7058,19.87283237,6893,Franklin,2,50708,87037997,0.4662813102,0.2937625755,27000,0,0,www.franklincollege.edu/,55376,0,00179800,0.0882,0.0059,0.0294,0.1176,0.385,0.7476,52,1119,3,IN,872,0.5344,0.4656,0.0401,0.0011,0.0149,0.0711,0.0573,0,0.0115,0.0069,0.797,2025-05-19,150604,Indiana,46131-2623,"Great Lakes (IL, IN, MI, OH, WI)",Private not-for-profit,No,No,Suburb: Large,"Johnson County, IN",American Baptist
Franklin Pierce University,0.9019,21.571043165,7973,Rindge,2,61955,21224074,0.5422661871,0.2977691562,27000,0,0,https://www.franklinpierce.edu/,53353,0,00257500,0.0871,0,0,0.1742,0.2716,0.2317,NA,1030,3,NH,1055,0.5137,0.4863,0.0265,0.0047,0.0133,0.0787,0.0976,9e-4,0.0445,0.0313,0.7024,2025-05-19,182795,New Hampshire,03461-0060,"New England (CT, ME, MA, NH, R,I VT)",Private not-for-profit,No,No,Rural: Fringe,"Cheshire County, NH",Not applicable
Franklin University,NA,31.637000412,10061,Columbus,2,29433,10496000,0.6106304079,0.503413746,20836,0,0,www.franklin.edu/,51892,0,00304600,0.002,0,0,0.5727,0.3343,0.0633,NA,NA,3,OH,5111,0.4013,0.5987,0.0401,0.0063,0.0247,0.1884,0.0787,0.0012,0.0027,0.1041,0.5539,2025-05-19,202806,Ohio,43215-5399,"Great Lakes (IL, IN, MI, OH, WI)",Private not-for-profit,No,No,City: Large,"Franklin County, OH",Not applicable
Franklin W Olin College of Engineering,0.2166,19.692307692,13634,Needham,2,81486,419073000,0.4923076923,PS,19500,0,0,www.olin.edu/,129455,0,03946300,0,1,0,0,0.1347,0.8254,NA,1540,3,MA,373,0.5174,0.4826,0.0965,0,0.2225,0.0322,0.1099,0,0.0777,0.0429,0.4182,2025-05-19,441982,Massachusetts,02492-1200,"New England (CT, ME, MA, NH, R,I VT)",Private not-for-profit,No,No,Suburb: Large,"Norfolk County, MA",Not applicable
Freed-Hardeman University,0.9062,20.96779661,7328,Henderson,2,36972,75524714,0.6237288136,0.185046729,21500,0,0,www.fhu.edu/,47485,0,00349200,0.0894,0.0066,0.0099,0.1424,0.2249,1,74,1109,3,TN,1244,0.4534,0.5466,0.0209,0.0064,0.0105,0.0426,0.0016,8e-4,0,0.041,0.8762,2025-05-19,220215,Tennessee,38340-2399,"Southeast (AL, AR, FL, GA, KY, LA, MS, NC, SC, TN, VA, WV)",Private not-for-profit,No,No,Town: Distant,"Chester County, TN",Churches of Christ
Fresno Pacific University,0.5752,28.673539519,8134,Fresno,2,42673,18810594,0.7451317297,0.4657631954,23146,0,1,www.fresno.edu/,58896,0,00125300,0.0884,0,0,0.1619,0.5872,1,43,NA,3,CA,1614,0.2825,0.7175,0.0087,0.0087,0.0496,0.053900000000000003,0.6152,0.0056,0.0341,0.0211,0.2032,2025-05-19,114813,California,93702-4709,"Far West (AK ,CA ,HI, NV, OR, WA)",Private not-for-profit,No,No,City: Large,"Fresno County, CA",Mennonite Brethren Church
Friends University,0.5564,24.72698908,6838,Wichita,2,44401,58722366,0.5522620905,0.3576271186,25000,0,0,www.friends.edu/,52113,0,00191800,0.0776,0.0183,0.0046,0.2785,0.3365,0.3296,NA,1014,3,KS,1015,0.5084,0.4916,0.0828,0.0079,0.0118,0.1064,0.2118,0.001,0.0433,0.0256,0.5094,2025-05-19,155089,Kansas,67213,"Plains (IA, KS, MN, MO, NE, ND, SD)",Private not-for-profit,No,No,City: Large,"Sedgwick County, KS",Not applicable
Frostburg State University,0.8944,21.740955784,8848,Frostburg,1,26500,38315197,0.5270209915,0.3599803825,21105,0,0,www.frostburg.edu/,55493,0,00207200,0.0869,0.0386,0.0041,0.1131,0.3285,0.6809,NA,NA,3,MD,2849,0.4661,0.5339,0.0484,0.0025,0.0119,0.2408,0.0698,0.0011,0.0214,0.0091,0.5949,2025-05-19,162584,Maryland,21532-1099,"Mid East (DE ,DC, MD, NJ, NY, PA)",Public,No,No,Suburb: Small,"Allegany County, MD",Not applicable
Furman University,0.5257,20.020667727,10403,Greenville,2,73760,812285408,0.5850556439,0.1237785016,23250,0,0,www.furman.edu/,68635,0,00343400,0.0712,0,0.0269,0.0904,0.1121,0.8328,NA,1364,3,SC,2322,0.4264,0.5736,0.0379,0.0026,0.0336,0.068,0.0711,4e-4,0.0487,0.0056,0.7321,2025-05-19,218070,South Carolina,29613-6162,"Southeast (AL, AR, FL, GA, KY, LA, MS, NC, SC, TN, VA, WV)",Private not-for-profit,No,No,Suburb: Large,"Greenville County, SC",Not applicable
Gallaudet University,0.6094,22.75984252,10725,Washington,2,39416,191649039,0.5157480315,0.3385650224,18000,0,0,www.gallaudet.edu/,43101,0,00144300,0.0128,0,0.034,0.1064,0.5427,1,NA,857,3,DC,879,0.4812,0.5188,0.0171,0.0068,0.0501,0.1752,0.2298,0.0068,0.0444,0.0489,0.4209,2025-05-19,131450,District of Columbia,20002-3695,"Mid East (DE ,DC, MD, NJ, NY, PA)",Private not-for-profit,No,No,City: Large,"District of Columbia, DC",Not applicable
Gannon University,0.767,20.360627178,8466,Erie,2,51236,71049000,0.6236933798,0.2606679035,27000,0,0,www.gannon.edu/,58845,0,00326600,0.023,0.0918,0.0115,0.1311,0.22,0.5667,30,NA,3,PA,2467,0.4248,0.5752,0.0353,4e-4,0.0263,0.058,0.053900000000000003,4e-4,0.1411,0.0304,0.6542,2025-05-19,212601,Pennsylvania,16541-0001,"Mid East (DE ,DC, MD, NJ, NY, PA)",Private not-for-profit,No,No,City: Small,"Erie County, PA",Roman Catholic
Gardner-Webb University,0.8702,25.118012422,6741,Boiling Springs,2,48813,70429816,0.6739130435,0.354704413,24222,0,0,www.gardner-webb.edu/,48039,0,00292900,0.0841,0,0.0114,0.1682,0.2682,0.9922,75,1146,3,NC,1836,0.3627,0.6373,0.0202,0.0054,0.0098,0.158,0.0403,0.0016,0.0016,0.2647,0.4984,2025-05-19,198561,North Carolina,28017-0997,"Southeast (AL, AR, FL, GA, KY, LA, MS, NC, SC, TN, VA, WV)",Private not-for-profit,No,No,Town: Distant,"Cleveland County, NC",Southern Baptist
Geneva College,NA,24.084468665,7304,Beaver Falls,2,43064,55628430,0.5231607629,0.2459499264,25198,0,0,www.geneva.edu/,50004,0,00326700,0.0707,0.0989,0.0141,0.2226,0.3179,0.9481,81,NA,3,PA,1000,0.554,0.446,0.031,0.001,0.011,0.049,0.041,0.001,0.028,0.03,0.808,2025-05-19,212656,Pennsylvania,15010-3599,"Mid East (DE ,DC, MD, NJ, NY, PA)",Private not-for-profit,No,No,Suburb: Large,"Beaver County, PA",Reformed Presbyterian Church
George Fox University,0.9641,22.652242329,8345,Newberg,2,55456,29152661,0.5617623918,0.2756302521,24250,0,0,https://www.georgefox.edu/,59761,0,00319400,0.1102,0.0652,0.0078,0.1568,0.2675,0.341,65,1170,3,OR,2505,0.4064,0.5936,0.079,0.006,0.0515,0.0164,0.1609,0.0084,8e-4,0.022,0.6551,2025-05-19,208822,Oregon,97132,"Far West (AK ,CA ,HI, NV, OR, WA)",Private not-for-profit,No,No,Town: Fringe,"Yamhill County, OR",Friends
George Mason University,0.8883,22.57979111,13809,Fairfax,1,26972,142352154,0.557201846,0.2998785917,19500,0,0,https://www2.gmu.edu/,76343,0,00374900,0.0185,0.0491,0.0088,0.1882,0.2951,0.529,NA,1247,3,VA,27083,0.51,0.49,0.0561,0.0011,0.2357,0.1234,0.1744,9e-4,0.0473,0.0316,0.3295,2025-05-19,232186,Virginia,22030-4444,"Southeast (AL, AR, FL, GA, KY, LA, MS, NC, SC, TN, VA, WV)",Public,No,No,Suburb: Large,"Fairfax County, VA",Not applicable
George Washington University,0.4354,21.262289562,16011,Washington,2,80727,2340361000,0.6346801347,0.1606580329,20449,0,0,https://www.gwu.edu/,90873,0,00144400,0,0.0537,0.0096,0.1525,0.1483,0.5194,NA,1433,3,DC,10848,0.3678,0.6322,0.0548,5e-4,0.1495,0.0765,0.1309,7e-4,0.0768,0.0173,0.4929,2025-05-19,131469,District of Columbia,20052,"Mid East (DE ,DC, MD, NJ, NY, PA)",Private not-for-profit,No,No,City: Large,"District of Columbia, DC",Not applicable
Georgetown College,0.7388,19.857904085,6625,Georgetown,2,56297,37421335,0.5257548845,0.3308550186,25200,0,0,www.georgetowncollege.edu/,52074,0,00196400,0.0678,0,0.0226,0.209,0.3439,0.5188,54,1149,3,KY,1180,0.5153,0.4847,0.0373,0,0.0059,0.0864,0.072,0,0.0398,0.0042,0.7542,2025-05-19,156745,Kentucky,40324-1696,"Southeast (AL, AR, FL, GA, KY, LA, MS, NC, SC, TN, VA, WV)",Private not-for-profit,No,No,Town: Fringe,"Scott County, KY",Baptist
Georgetown University,0.1308,20.123156342,17306,Washington,2,84696,3210032000,0.5899705015,0.1606456572,15500,0,0,www.georgetown.edu/,103494,0,00144500,0,0,0.0214,0.1976,0.1032,0.471,30,1494,3,DC,7462,0.415,0.585,0.0607,7e-4,0.1514,0.0505,0.0622,0.0015,0.1375,0.0501,0.4854,2025-05-19,131496,District of Columbia,20057-0001,"Mid East (DE ,DC, MD, NJ, NY, PA)",Private not-for-profit,No,No,City: Large,"District of Columbia, DC",Roman Catholic
Georgia College & State University,0.8777,20.107355865,8645,Milledgeville,1,27781,57612368,0.6411530815,0.199066874,22250,0,0,www.gcsu.edu/,58140,0,00160200,0.0767,0,0.0035,0.2326,0.1637,0.8026,NA,1150,3,GA,5599,0.3545,0.6455,0.0332,0.0018,0.0166,0.0329,0.0704,9e-4,0.0052,0.015,0.8241,2025-05-19,139861,Georgia,31061,"Southeast (AL, AR, FL, GA, KY, LA, MS, NC, SC, TN, VA, WV)",Public,No,No,Town: Distant,"Baldwin County, GA",Not applicable
Georgia Gwinnett College,0.9557,22.358543834,7949,Lawrenceville,1,18033,NA,0.5964338782,0.3561382184,20076,0,1,www.ggc.edu/,47730,0,04142900,0.0639,0,0.0035,0.2876,0.5034,0.7402,NA,NA,3,GA,11156,0.4131,0.5869,0.0377,0.0029,0.1083,0.3209,0.2808,0.0018,0.0316,0.0083,0.2076,2025-05-19,447689,Georgia,30043,"Southeast (AL, AR, FL, GA, KY, LA, MS, NC, SC, TN, VA, WV)",Public,No,No,Suburb: Large,"Gwinnett County, GA",Not applicable
Georgia Highlands College,NA,22.759463087,7002,Rome,1,12829,2475595,0.6437583893,0.4076452599,12000,0,0,www.highlands.edu/,43184,0,00950700,0,0,0,0.0292,0.3936,0.5296,NA,NA,2,GA,4441,0.3443,0.6557,0.041,0.0014,0.0113,0.1718,0.1997,9e-4,0.0097,0.0054,0.5589,2025-05-19,139700,Georgia,30161-3897,"Southeast (AL, AR, FL, GA, KY, LA, MS, NC, SC, TN, VA, WV)",Public,No,No,Rural: Fringe,"Floyd County, GA",Not applicable
Georgia Institute of Technology-Main Campus,0.1646,20.528551532,15224,Atlanta,1,27797,2927741911,0.3774373259,0.1491513182,21672,0,0,www.gatech.edu/,102772,0,00156900,0,0.4646,0.0215,0.083,0.1367,0.8922,NA,1447,3,GA,18260,0.6023,0.3977,0.0464,4e-4,0.3273,0.0827,0.0848,4e-4,0.0882,0.0096,0.3602,2025-05-19,139755,Georgia,30332-0530,"Southeast (AL, AR, FL, GA, KY, LA, MS, NC, SC, TN, VA, WV)",Public,No,No,City: Large,"Fulton County, GA",Not applicable
Georgia Military College,NA,24.886357435,5465,Milledgeville,1,18298,23923733,0.6150068213,0.4072618673,8563,0,0,https://www.gmc.edu/,39257,0,00157100,0.0487,0,0.0051,0.1899,0.3298,0.1446,NA,NA,2,GA,3936,0.4167,0.5833,0.001,0.016,0.0259,0.3963,0.1044,0.0058,0.0084,0.0549,0.3872,2025-05-19,485111,Georgia,31061,"Southeast (AL, AR, FL, GA, KY, LA, MS, NC, SC, TN, VA, WV)",Public,No,No,Town: Distant,"Baldwin County, GA",Not applicable
Georgia Southern University,0.8963,20.740237005,9080,Statesboro,1,24563,98401763,0.5293563156,0.2510034404,23250,0,0,www.georgiasouthern.edu/,53236,0,00157200,0.0606,0.0807,0.0033,0.1841,0.3549,0.841,NA,1057,3,GA,21029,0.4336,0.5664,0.0489,0.0027,0.0185,0.246,0.0843,8e-4,0.0126,0.005,0.5811,2025-05-19,139931,Georgia,30460-8126,"Southeast (AL, AR, FL, GA, KY, LA, MS, NC, SC, TN, VA, WV)",Public,No,No,Town: Distant,"Bulloch County, GA",Not applicable
Georgia Southwestern State University,0.7716,24.136039886,8194,Americus,1,19234,35924941,0.6595441595,0.3452012384,18851,0,0,https://gsw.edu/,48757,0,00157300,0.1185,0,0.0058,0.4133,0.4066,0.701,NA,998,3,GA,2291,0.3156,0.6844,0.0327,0.0044,0.0135,0.344,0.0502,0,0.0113,0.0026,0.5412,2025-05-19,139764,Georgia,31709-4693,"Southeast (AL, AR, FL, GA, KY, LA, MS, NC, SC, TN, VA, WV)",Public,No,No,Town: Distant,"Sumter County, GA",Not applicable
Georgia State University,0.6228,23.290572339,10118,Atlanta,1,26535,219510836,0.6300794494,0.3232381391,20903,0,0,www.gsu.edu/,47384,0,00157400,0.0449,0,0.006,0.1893,0.5011,0.7386,NA,1149,3,GA,27109,0.4056,0.5944,0.0509,6e-4,0.1663,0.4239,0.146,5e-4,0.04,0.0052,0.1664,2025-05-19,139940,Georgia,30303-3083,"Southeast (AL, AR, FL, GA, KY, LA, MS, NC, SC, TN, VA, WV)",Public,No,No,City: Large,"Fulton County, GA",Not applicable
Georgian Court University,0.7052,22.342696629,8268,Lakewood,2,49198,48190179,0.7289325843,0.4211356467,21816,0,0,https://georgian.edu/,53096,0,00260800,0,0,0.0112,0.0952,0.3025,0.3893,30,NA,3,NJ,1174,0.2785,0.7215,0.0358,0.0051,0.0145,0.0971,0.1593,0.0017,0.0358,0.1048,0.546,2025-05-19,184773,New Jersey,08701-2697,"Mid East (DE ,DC, MD, NJ, NY, PA)",Private not-for-profit,No,No,City: Small,"Ocean County, NJ",Roman Catholic
Gettysburg College,0.4751,19.346858639,9972,Gettysburg,2,80400,389675309,0.5353403141,0.1372282609,26999,0,0,https://www.gettysburg.edu/,71517,0,00326800,0.0052,0,0.014,0.1414,0.2099,0.812,NA,1350,3,PA,2209,0.4889,0.5111,0.029,0.0014,0.0272,0.0498,0.1114,9e-4,0.1163,0.0254,0.6388,2025-05-19,212674,Pennsylvania,17325,"Mid East (DE ,DC, MD, NJ, NY, PA)",Private not-for-profit,No,No,City: Small,"Adams County, PA",Not applicable
Glenville State University,NA,22.550884956,6539,Glenville,1,22974,14720530,0.4413716814,0.4847715736,25000,0,0,www.glenville.edu/,39315,0,00381300,0.0594,0,0,0.1783,0.4204,0.5652,NA,NA,3,WV,1177,0.5794,0.4206,0.0246,0.0102,0.0068,0.1266,0.0212,0,0.0391,0.0051,0.7664,2025-05-19,237385,West Virginia,26351-1292,"Southeast (AL, AR, FL, GA, KY, LA, MS, NC, SC, TN, VA, WV)",Public,No,No,Town: Remote,"Gilmer County, WV",Not applicable
Gods Bible School and College,0.6403,23.372727273,1125,Cincinnati,2,16574,NA,0.5545454545,0.35,4522,0,0,www.gbs.edu/,37722,0,02220500,0.12,0,0,0.08,0.2339,0.3333,79,NA,3,OH,285,0.5263,0.4737,0.0351,0.007,0.0035,0.0491,0.0281,0.0105,0.1333,0,0.7333,2025-05-19,202903,Ohio,45202-6838,"Great Lakes (IL, IN, MI, OH, WI)",Private not-for-profit,No,No,City: Large,"Hamilton County, OH",Other Protestant
Golden Gate University,NA,33.274853801,9992,San Francisco,2,NA,43299581,0.5438596491,0.5273972603,29875,0,0,www.ggu.edu/,87434,0,00120500,0,0,0,0.8824,0.2196,1,NA,NA,3,CA,550,0.6036,0.3964,0,0.0182,0.0855,0.1691,0.1691,0.0273,0.0182,0.2255,0.2873,2025-05-19,115083,California,94105-2968,"Far West (AK ,CA ,HI, NV, OR, WA)",Private not-for-profit,No,No,City: Large,"San Francisco County, CA",Not applicable
Goldey-Beacom College,0.7653,21.212389381,8469,Wilmington,2,24633,163216236,0.587020649,0.4217252396,18900,0,0,www.gbc.edu/,59892,0,00142900,0,0,0,0.574,0.3887,0.2556,NA,NA,3,DE,634,0.5079,0.4921,0.0473,0.0016,0.0142,0.2145,0.1656,0.0016,0.0789,0.1041,0.3722,2025-05-19,130989,Delaware,19808,"Mid East (DE ,DC, MD, NJ, NY, PA)",Private not-for-profit,No,No,Suburb: Large,"New Castle County, DE",Not applicable
Gonzaga University,0.7596,19.832310838,10610,Spokane,2,69290,439480000,0.5262440354,0.1331010453,24454,0,0,https://www.gonzaga.edu/,78892,0,00377800,0.0246,0.0986,0.0144,0.2659,0.1326,0.5576,30,1316,3,WA,5098,0.467,0.533,0.0806,0.0047,0.0671,0.0124,0.1326,0.0031,0.0506,0.0151,0.6338,2025-05-19,235316,Washington,99258-0001,"Far West (AK ,CA ,HI, NV, OR, WA)",Private not-for-profit,No,No,City: Midsize,"Spokane County, WA",Roman Catholic
Good Samaritan College of Nursing and Health Science,0.1693,25.625984252,7404,Cincinnati,2,26345,5590225,0.9094488189,0.4568965517,20625,0,0,www.gscollege.edu/,66111,0,00649400,0,0,0,0,0.4324,0.6286,30,NA,2,OH,455,0.0769,0.9231,0,0.0022,0.0198,0.2813,0.0637,0,0,0.1055,0.5275,2025-05-19,202912,Ohio,45220-2489,"Great Lakes (IL, IN, MI, OH, WI)",Private not-for-profit,No,No,City: Large,"Hamilton County, OH",Roman Catholic
Goodwin University,NA,29.899585591,6539,East Hartford,2,39745,12411000,0.8310487727,0.5281116712,33500,0,0,www.goodwin.edu/,43596,0,02244900,0,0,0,0.0339,0.4843,0.3271,NA,NA,2,CT,2761,0.1333,0.8667,0.0087,0.0054,0.0272,0.2633,0.2485,0.0022,0.004,0.0692,0.3716,2025-05-19,129154,Connecticut,06118,"New England (CT, ME, MA, NH, R,I VT)",Private not-for-profit,No,No,City: Small,"Hartford County, CT",Not applicable
Gordon College,0.5878,19.605388273,7655,Wenham,2,41160,87072779,0.6497622821,0.1691542289,26250,0,0,www.gordon.edu/,52119,0,00215300,0.0764,0,0.0364,0.1091,0.2102,0.497,42,1268,3,MA,1247,0.4186,0.5814,0.0289,0,0.0313,0.0553,0.1179,0.0016,0.1075,0.0497,0.6079,2025-05-19,165936,Massachusetts,01984,"New England (CT, ME, MA, NH, R,I VT)",Private not-for-profit,No,No,Suburb: Large,"Essex County, MA",Interdenominational
Gordon State College,0.8678,21.516701031,7665,Barnesville,1,14944,4249951,0.6329896907,0.3781278962,17500,0,0,https://www.gordonstate.edu/,37871,0,00157500,0.0745,0.017,0.0021,0.1809,0.4723,0.5029,NA,950,2,GA,2605,0.3436,0.6564,0.0365,0,0.0092,0.4219,0.056,4e-4,0.0038,0.0054,0.4668,2025-05-19,139968,Georgia,30204,"Southeast (AL, AR, FL, GA, KY, LA, MS, NC, SC, TN, VA, WV)",Public,No,No,Town: Distant,"Lamar County, GA",Not applicable
Goshen College,0.8894,23.461538462,6366,Goshen,2,47206,122498360,0.6706730769,0.3689839572,22974,0,1,www.goshen.edu/,51943,0,00179900,0.0724,0.0132,0.0132,0.1184,0.3738,0.5818,69,1049,3,IN,761,0.3693,0.6307,0.0276,0.0039,0.0223,0.053900000000000003,0.2812,0.0013,0.1156,0.0263,0.4678,2025-05-19,150668,Indiana,46526-4794,"Great Lakes (IL, IN, MI, OH, WI)",Private not-for-profit,No,No,City: Small,"Elkhart County, IN",Mennonite Church
Goucher College,0.729,20.955128205,8122,Baltimore,2,68893,243311000,0.6826923077,0.1759729272,26000,0,0,www.goucher.edu/,53023,0,00207300,0.024,0.0096,0,0.0865,0.3123,0.5789,NA,1225,3,MD,948,0.3407,0.6593,0.0021,0.0063,0.0485,0.2827,0.0728,0.0011,0.0316,0.0728,0.4821,2025-05-19,162654,Maryland,21204-2794,"Mid East (DE ,DC, MD, NJ, NY, PA)",Private not-for-profit,No,No,City: Small,"Baltimore County, MD",Not applicable
Governors State University,NA,27.917609778,8597,University Park,1,23076,3363463,0.6763241286,0.4261943103,18618,0,0,www.govst.edu/,58169,0,00914500,0.0703,0,0.0064,0.2173,0.524,0.2769,NA,NA,3,IL,2518,0.3817,0.6183,0.0381,0.0012,0.0222,0.4083,0.1974,4e-4,0.0238,0.0266,0.282,2025-05-19,145336,Illinois,60484,"Great Lakes (IL, IN, MI, OH, WI)",Public,No,No,Rural: Fringe,"Will County, IL",Not applicable
Grace Christian University,0.9931,33.703832753,5554,Wyoming,2,24637,NA,0.5783972125,0.517053206,24375,0,0,www.gracechristian.edu/,41663,0,00226500,0,0,0,0.1065,0.4979,1,79,NA,2,MI,707,0.4328,0.5672,0.0481,0.0085,0.0198,0.2447,0.1089,0.0028,0.0028,0.0382,0.5262,2025-05-19,170000,Michigan,49509,"Great Lakes (IL, IN, MI, OH, WI)",Private not-for-profit,No,No,City: Small,"Kent County, MI",Other Protestant
Grace College and Theological Seminary,0.8078,22.888888889,7846,Winona Lake,2,40539,23802818,0.6288659794,0.2814009662,19500,0,0,www.grace.edu/,45411,0,00180000,0.0997,0.0088,0,0.2111,0.2873,0.9839,28,1088,3,IN,1511,0.3931,0.6069,0.0265,7e-4,0.0179,0.0291,0.0702,0.002,0.0384,0.0093,0.8061,2025-05-19,150677,Indiana,46590-1274,"Great Lakes (IL, IN, MI, OH, WI)",Private not-for-profit,No,No,Town: Distant,"Kosciusko County, IN",Brethren Church
Grace School of Theology,NA,38.6,6043,Conroe,2,NA,NA,0.3142857143,PS,PS,0,0,www.gsot.edu/,NA,0,04215400,0,0,0,0,0.1196,0.1957,42,NA,3,TX,215,0.6186,0.3814,0,0,0,0.0558,0.0465,0.0047,0,0.8047,0.0884,2025-05-19,481401,Texas,77384-4894,"Southwest (AZ, NM, OK, TX)",Private not-for-profit,No,No,City: Small,"Montgomery County, TX",Interdenominational
Graceland University-Lamoni,0.8322,23.819830713,6845,Lamoni,2,46850,58079158,0.5477629988,0.3758212878,21212,0,0,www.graceland.edu/,47361,0,00186600,0.0637,0,0.0147,0.1863,0.4516,1,99,NA,3,IA,901,0.6004,0.3996,0.0522,0.0044,0.0078,0.1853,0.1343,0.0133,0.1276,0.0322,0.4428,2025-05-19,153366,Iowa,50140,"Plains (IA, KS, MN, MO, NE, ND, SD)",Private not-for-profit,No,No,Rural: Remote,"Decatur County, IA",Other (none of the above)
Grambling State University,0.2368,21.320698467,6374,Grambling,1,25100,8181377,0.5489778535,0.3945178659,36500,1,0,www.gram.edu/,41109,0,00200600,0.0622,0,0.003,0.1654,0.7217,0.8629,NA,955,3,LA,4144,0.3545,0.6455,0.0263,0.0019,0.001,0.9278,0.0154,2e-4,0.0205,0.0019,0.0048,2025-05-19,159009,Louisiana,71245,"Southeast (AL, AR, FL, GA, KY, LA, MS, NC, SC, TN, VA, WV)",Public,Yes,No,Town: Distant,"Lincoln Parish, LA",Not applicable
Grand Valley State University,0.9469,20.815527149,9983,Allendale,1,26578,169199257,0.6112349009,0.2732988166,24500,0,0,www.gvsu.edu/,56118,0,00226800,0.0306,0.0276,0.0205,0.2102,0.2577,0.636,NA,1079,3,MI,19073,0.3963,0.6037,0.0366,0.0038,0.0276,0.0642,0.0779,3e-4,0.0127,0.0077,0.7692,2025-05-19,170082,Michigan,49401-9403,"Great Lakes (IL, IN, MI, OH, WI)",Public,No,No,Suburb: Large,"Ottawa County, MI",Not applicable
Grand View University,0.9838,23.199255121,8618,Des Moines,2,46188,32818661,0.5456238361,0.3602040816,22500,0,0,www.grandview.edu/,52824,0,00186700,0.0667,0,0.0077,0.2231,0.3811,0.4973,39,NA,3,IA,1472,0.4735,0.5265,0.0428,0.0061,0.0401,0.0999,0.1236,0.0014,0.0346,0.0815,0.57,2025-05-19,153375,Iowa,50316,"Plains (IA, KS, MN, MO, NE, ND, SD)",Private not-for-profit,No,No,City: Midsize,"Polk County, IA",Evangelical Lutheran Church
Gratz College,NA,23.136363636,5526,Melrose Park,2,NA,4644690,PS,PS,PS,0,0,https://www.gratz.edu/,NA,0,00405800,0,0,0,0,0.0079,0.2333,80,NA,3,PA,158,0,1,0,0,0,0,0,0,0.057,0.0633,0.8797,2025-05-19,212771,Pennsylvania,19027-3010,"Mid East (DE ,DC, MD, NJ, NY, PA)",Private not-for-profit,No,No,Suburb: Large,"Montgomery County, PA",Jewish
Grays Harbor College,NA,26.972380952,8612,Aberdeen,1,13677,13001696,0.5552380952,0.5112960761,11075,0,0,www.ghc.edu/,40865,0,00377900,0.0738,0,0,0.1193,0.2814,0.9683,NA,NA,1,WA,1058,0.4168,0.5832,0.0737,0.0255,0.0236,0.0359,0.2146,0.0019,9e-4,0.0822,0.5416,2025-05-19,235334,Washington,98520-7599,"Far West (AK ,CA ,HI, NV, OR, WA)",Public,No,No,Rural: Fringe,"Grays Harbor County, WA",Not applicable
Great Basin College,NA,27.630193906,8831,Elko,1,12010,854000,0.663434903,0.5237315876,15750,0,0,www.gbcnv.edu/,39289,0,00697700,0.0593,0,0,0.0933,0.203,1,NA,NA,1,NV,1855,0.338,0.662,0.0334,0.034,0.0183,0.0383,0.2539,0.0086,5e-4,0.0313,0.5817,2025-05-19,182306,Nevada,89801,"Far West (AK ,CA ,HI, NV, OR, WA)",Public,No,No,Town: Remote,"Elko County, NV",Not applicable
Great Lakes Christian College,NA,22.457943925,6258,Lansing,2,29664,1093074,0.4672897196,0.2903225806,18779,0,0,www.glcc.edu/,31053,0,00226900,0,0,0,0,0.6241,1,48,NA,3,MI,130,0.5538,0.4462,0.0308,0,0.0077,0.2385,0.0615,0,0.0462,0.0077,0.6077,2025-05-19,170091,Michigan,48917-1299,"Great Lakes (IL, IN, MI, OH, WI)",Private not-for-profit,No,No,Suburb: Large,"Eaton County, MI",Christian Churches and Churches of Christ
Green River College,NA,26.754176611,9773,Auburn,1,20074,21876480,0.5222752586,0.4482589505,11891,0,0,https://www.greenriver.edu/,50712,0,00378000,0.0319,0.007,0,0.1289,0.1943,0.9786,NA,NA,2,WA,4573,0.4935,0.5065,0.0768,0.0061,0.1327,0.0921,0.1594,0.0061,0.1472,0.1061,0.2736,2025-05-19,235343,Washington,98092-3622,"Far West (AK ,CA ,HI, NV, OR, WA)",Public,No,No,City: Small,"King County, WA",Not applicable
Greensboro College,0.9205,21.827079935,6115,Greensboro,2,34729,26476365,0.4420880914,0.315978456,25607,0,0,https://www.greensboro.edu/,46566,0,00293000,0.0172,0,0,0.1983,0.4507,1,71,NA,3,NC,656,0.6372,0.3628,0.061,0.003,0.0076,0.3369,0.1006,0.0015,0,0.0412,0.4482,2025-05-19,198598,North Carolina,27401-1875,"Southeast (AL, AR, FL, GA, KY, LA, MS, NC, SC, TN, VA, WV)",Private not-for-profit,No,No,City: Large,"Guilford County, NC",United Methodist
Greenville University,0.9537,22.476109215,6213,Greenville,2,43713,29729957,0.4470989761,0.3112701252,23875,0,0,www.greenville.edu/,46827,0,00168400,0.1778,0.0133,0.0222,0.2356,0.3766,1,64,1034,3,IL,873,0.5166,0.4834,0.0355,0,0.0092,0.1375,0.0756,0.0011,0.1409,0.0103,0.5899,2025-05-19,145372,Illinois,62246,"Great Lakes (IL, IN, MI, OH, WI)",Private not-for-profit,No,No,Town: Distant,"Bond County, IL",Free Methodist
Grinnell College,0.1268,19.444186047,12177,Grinnell,2,79228,2484419000,0.5348837209,0.1756097561,17500,0,0,www.grinnell.edu/,62830,0,00186800,0,0,0.0385,0,0.1688,0.8,NA,1486,3,IA,1705,0.4587,0.5413,0.0563,6e-4,0.0839,0.0499,0.0827,0,0.1924,0.017,0.5173,2025-05-19,153384,Iowa,50112-1690,"Plains (IA, KS, MN, MO, NE, ND, SD)",Private not-for-profit,No,No,Town: Remote,"Poweshiek County, IA",Not applicable
Grove City College,0.734,NA,NA,Grove City,2,NA,188348089,NA,NA,NA,0,0,www.gcc.edu/,NA,0,00326900,0.1051,0.1238,0.007,0.2173,0,NA,88,1261,NA,PA,2221,0.5191,0.4809,0.0504,0,0.0207,0.0045,0.0068,0,0.0131,0,0.9045,2025-05-19,212805,Pennsylvania,16127-2104,"Mid East (DE ,DC, MD, NJ, NY, PA)",Private not-for-profit,No,No,Town: Distant,"Mercer County, PA",Undenominational
Guilford College,0.8376,22.950839329,6999,Greensboro,2,55495,84860763,0.5011990408,0.2632275132,26000,0,0,https://www.guilford.edu/,47590,0,00293100,0.0714,0,0.0045,0.1071,0.4358,0.5672,65,1120,3,NC,1011,0.4847,0.5153,0.0554,0.003,0.0227,0.272,0.1592,0.001,0.0188,0.0059,0.4619,2025-05-19,198613,North Carolina,27410-4108,"Southeast (AL, AR, FL, GA, KY, LA, MS, NC, SC, TN, VA, WV)",Private not-for-profit,No,No,City: Large,"Guilford County, NC",Friends
Gulf Coast State College,NA,25.028927681,5829,Panama City,1,12208,35134439,0.6364089776,0.4887218045,7147,0,0,https://gulfcoast.edu/,38359,0,00149000,0.0031,0,0,0.0283,0.2763,0.6034,NA,NA,2,FL,3614,0.3484,0.6516,0.0551,0.0066,0.0335,0.1253,0.0814,3e-4,0.0072,0.0105,0.6801,2025-05-19,134343,Florida,32401,"Southeast (AL, AR, FL, GA, KY, LA, MS, NC, SC, TN, VA, WV)",Public,No,No,City: Small,"Bay County, FL",Not applicable
Gustavus Adolphus College,0.618,19.603926097,8083,Saint Peter,2,65976,291244740,0.5415704388,0.1465838509,26774,0,0,gustavus.edu/,65607,0,00235300,0.0394,0,0.0394,0.1079,0.2138,0.9343,39,1320,3,MN,1930,0.4523,0.5477,0.0451,0,0.0249,0.0233,0.0554,5e-4,0.044,0.0088,0.7979,2025-05-19,173647,Minnesota,56082-1498,"Plains (IA, KS, MN, MO, NE, ND, SD)",Private not-for-profit,No,No,Town: Fringe,"Nicollet County, MN",Evangelical Lutheran Church
Gwynedd Mercy University,0.9361,25.137207425,7578,Gwynedd Valley,2,53359,36385000,0.7764326069,0.4371584699,25000,0,0,https://www.gmercyu.edu/,67145,0,00327000,0.0808,0,0.0048,0.114,0.2996,0.2993,30,1110,3,PA,1141,0.2629,0.7371,0.0193,9e-4,0.0596,0.1481,0.0868,0.0018,0,0.0631,0.6205,2025-05-19,212832,Pennsylvania,19437-0901,"Mid East (DE ,DC, MD, NJ, NY, PA)",Private not-for-profit,No,No,Suburb: Large,"Montgomery County, PA",Roman Catholic
Hallmark University,0.9823,28.734082397,5464,San Antonio,2,NA,NA,0.3233458177,0.4601769912,25438,0,1,https://www.hallmarkuniversity.edu/,40183,0,01050900,0,0,0,0.1459,0.4963,0.3717,NA,NA,2,TX,781,0.6376,0.3624,0.0679,0.0064,0.0384,0.1255,0.4725,0.0064,0,0.0154,0.2676,2025-05-19,225201,Texas,78230-1736,"Southwest (AZ, NM, OK, TX)",Private not-for-profit,No,No,City: Large,"Bexar County, TX",Not applicable
Hamilton College,0.1177,19.348519362,12310,Clinton,2,80380,1275562000,0.5421412301,0.1328502415,17000,0,0,https://www.hamilton.edu/,78411,0,00272800,0,0,0.06,0,0.181,0.7516,NA,1487,3,NY,2045,0.4455,0.5545,0.0553,0,0.089,0.0289,0.0905,0,0.0753,0.0137,0.6474,2025-05-19,191515,New York,13323,"Mid East (DE ,DC, MD, NJ, NY, PA)",Private not-for-profit,No,No,Suburb: Midsize,"Oneida County, NY",Not applicable
Hamline University,0.8983,20.692585895,8194,Saint Paul,2,56738,117220823,0.6320072333,0.2320162107,23770,0,0,https://www.hamline.edu/,61106,0,00235400,0.0071,0.0071,0.0071,0.1953,0.3977,0.4683,71,1197,3,MN,1685,0.3632,0.6368,0.0546,0.0059,0.0884,0.1228,0.1318,6e-4,0.0071,0.0273,0.5614,2025-05-19,173665,Minnesota,55104-1284,"Plains (IA, KS, MN, MO, NE, ND, SD)",Private not-for-profit,No,No,City: Large,"Ramsey County, MN",United Methodist
Hampden-Sydney College,0.5013,19.510204082,8837,Hampden-Sydney,2,67129,242130846,PS,PS,26000,0,0,www.hsc.edu/,67640,0,00371300,0,0.02,0.0133,0.22,0.22,0.8774,NA,1168,3,VA,876,0.9989,0.0011,0.0491,0.0011,0.008,0.0822,0.0639,0.0011,0.0057,0.0103,0.7785,2025-05-19,232256,Virginia,23943-0128,"Southeast (AL, AR, FL, GA, KY, LA, MS, NC, SC, TN, VA, WV)",Private not-for-profit,No,No,Rural: Distant,"Prince Edward County, VA",Not applicable
Hampshire College,0.7035,19.979452055,9661,Amherst,2,71224,39686592,0.6678082192,0.1390374332,26893,0,0,www.hampshire.edu/,46938,0,00466100,0.0441,0,0.0147,0,0.376,0.746,NA,NA,3,MA,716,0.3771,0.6229,0.067,0.0042,0.0307,0.0656,0.1327,0,0.067,0.0433,0.5894,2025-05-19,166018,Massachusetts,01002-5001,"New England (CT, ME, MA, NH, R,I VT)",Private not-for-profit,No,No,Suburb: Large,"Hampshire County, MA",Not applicable
Hampton University,0.4827,20.216642755,7970,Hampton,2,45968,350863695,0.6915351506,0.1975116641,25442,1,0,www.hamptonu.edu/,59159,0,00371400,0.0262,0.0411,0.0019,0.2056,0.3806,1,NA,1062,3,VA,3254,0.323,0.677,0,0.0015,6e-4,0.9757,0.0046,3e-4,0.012,0.0015,0.0037,2025-05-19,232265,Virginia,23668-0099,"Southeast (AL, AR, FL, GA, KY, LA, MS, NC, SC, TN, VA, WV)",Private not-for-profit,Yes,No,City: Midsize,"Hampton City, VA",Not applicable
Hannibal-LaGrange University,0.5874,25.039325843,4056,Hannibal,2,39296,10060790,0.6797752809,0.4574898785,18599,0,0,www.hlg.edu/,42643,0,00908900,0.1679,0,0,0.1168,0.2935,1,75,1020,3,MO,381,0.5144,0.4856,0.0236,0,0.0105,0.1024,0.0709,0,0.0341,0.0761,0.6824,2025-05-19,177542,Missouri,63401,"Plains (IA, KS, MN, MO, NE, ND, SD)",Private not-for-profit,No,No,Town: Remote,"Marion County, MO",Southern Baptist
Hanover College,0.8397,19.609053498,7990,Hanover,2,55798,159262743,0.5308641975,0.2532188841,25250,0,0,www.hanover.edu/,53957,0,00180100,0.0651,0.0465,0.014,0.1256,0.26,1,66,1197,3,IN,958,0.499,0.501,0.0553,0.0084,0.0073,0.0491,0.0313,0,0.047,0.0157,0.786,2025-05-19,150756,Indiana,47243,"Great Lakes (IL, IN, MI, OH, WI)",Private not-for-profit,No,No,Town: Distant,"Jefferson County, IN",Presbyterian Church (USA)
Hardin-Simmons University,0.9653,21.620253165,7803,Abilene,2,45059,200754526,0.5303797468,0.3147138965,24711,0,1,https://www.hsutx.edu/,54771,0,00357100,0.0857,0,0,0.225,0.3838,0.6065,54,1064,3,TX,1275,0.491,0.509,0.0361,0.0047,0.0125,0.1067,0.2635,0.0016,0.029,0.0031,0.5427,2025-05-19,225247,Texas,79698-0001,"Southwest (AZ, NM, OK, TX)",Private not-for-profit,No,No,City: Midsize,"Taylor County, TX",Baptist
Harding University,1,20.986959506,7813,Searcy,2,36385,219637477,0.5682910089,0.2054794521,26500,0,0,www.harding.edu/,52876,0,00109700,0.1333,0.027,0.0043,0.1574,0.1922,0.7064,74,1187,3,AR,3323,0.4544,0.5456,0.037,0.0048,0.0135,0.0503,0.0445,9e-4,0.0518,3e-4,0.7969,2025-05-19,107044,Arkansas,72149-5615,"Southeast (AL, AR, FL, GA, KY, LA, MS, NC, SC, TN, VA, WV)",Private not-for-profit,No,No,Town: Distant,"White County, AR",Churches of Christ
Harris-Stowe State University,NA,22.696597353,5331,Saint Louis,1,19616,1613116,0.6701323251,0.4731934732,25930,1,0,https://www.hssu.edu/,31088,0,00246600,0.0913,0,0.0079,0.2222,0.7288,0.3209,NA,NA,3,MO,1086,0.2974,0.7026,0.0405,0,0.0018,0.826,0.0193,9e-4,0.0479,0.0378,0.0258,2025-05-19,177551,Missouri,63103-2136,"Plains (IA, KS, MN, MO, NE, ND, SD)",Public,Yes,No,City: Large,"St. Louis City, MO",Not applicable
Harrisburg University of Science and Technology,0.8178,20.865771812,8084,Harrisburg,2,33434,1068010,0.4899328859,0.44,27000,0,0,www.harrisburgu.edu/,52374,0,03948300,0,0,0.0192,0.0865,0.4823,0.4018,NA,NA,3,PA,650,0.7108,0.2892,0.0508,0,0.0569,0.2523,0.1646,0,0.0169,0.0185,0.44,2025-05-19,446640,Pennsylvania,17101-2208,"Mid East (DE ,DC, MD, NJ, NY, PA)",Private not-for-profit,No,No,City: Small,"Dauphin County, PA",Not applicable
Hartwick College,0.687,19.592,7874,Oneonta,2,66623,65102362,0.5712,0.2708688245,27000,0,0,www.hartwick.edu/,61107,0,00272900,0.004,0,0.004,0.1647,0.3503,1,NA,1170,3,NY,1099,0.3967,0.6033,0.0291,0,0.0173,0.1265,0.1092,0,0.03,0.0773,0.6106,2025-05-19,191533,New York,13820-4020,"Mid East (DE ,DC, MD, NJ, NY, PA)",Private not-for-profit,No,No,Town: Remote,"Otsego County, NY",Not applicable
Harvard University,0.0345,22.463589744,23783,Cambridge,2,82842,50877680000,0.5015384615,0.25708061,14000,0,0,www.harvard.edu/,101817,0,00215500,0,0.0433,0.1008,0.0163,0.1579,0.871,NA,1553,3,MA,7755,0.4692,0.5308,0.0738,0.0032,0.2245,0.0928,0.1175,0.0015,0.1354,0.0235,0.3278,2025-05-19,166027,Massachusetts,02138,"New England (CT, ME, MA, NH, R,I VT)",Private not-for-profit,No,No,City: Midsize,"Middlesex County, MA",Not applicable
Harvey Mudd College,0.1306,19.230392157,14751,Claremont,2,84896,401525407,0.4362745098,PS,25000,0,0,https://www.hmc.edu/,138687,0,00117100,0,0.25,0.066,0,0.141,0.931,NA,1537,3,CA,915,0.5038,0.4962,0.1082,0.0022,0.223,0.0525,0.2317,0.0011,0.1038,0.047,0.2306,2025-05-19,115409,California,91711,"Far West (AK ,CA ,HI, NV, OR, WA)",Private not-for-profit,No,No,Suburb: Large,"Los Angeles County, CA",Not applicable
Haskell Indian Nations University,0.8832,21.520383693,6996,Lawrence,1,10134,NA,0.5275779376,0.4005449591,PS,0,0,www.haskell.edu/,37043,0,01043800,0.0348,0,0,0.2609,0.619,NA,NA,NA,3,KS,878,0.4248,0.5752,0,1,0,0,0,0,0,0,0,2025-05-19,155140,Kansas,66046-4800,"Plains (IA, KS, MN, MO, NE, ND, SD)",Public,No,Yes,City: Small,"Douglas County, KS",Not applicable
Hastings College,0.6987,20.311233886,6910,Hastings,2,49051,101507490,0.4659300184,0.2748538012,27000,0,0,www.hastings.edu/,51303,0,00254800,0.1307,0,0.0251,0.2663,0.2894,1,66,NA,3,NE,957,0.4869,0.5131,0.0178,0.0146,0.0136,0.0564,0.1181,0,0.0627,0.0731,0.6437,2025-05-19,181127,Nebraska,68901,"Plains (IA, KS, MN, MO, NE, ND, SD)",Private not-for-profit,No,No,Town: Distant,"Adams County, NE",Presbyterian Church (USA)
Haverford College,0.1291,19.31835206,11142,Haverford,2,84605,618975713,0.4719101124,0.162055336,13621,0,0,https://www.haverford.edu/,79966,0,00327400,0.0029,0,0.1063,0,0.1407,0.8545,NA,1498,3,PA,1421,0.4335,0.5665,0.0992,0,0.1232,0.0521,0.1232,0,0.1084,0.0077,0.4863,2025-05-19,212911,Pennsylvania,19041-1392,"Mid East (DE ,DC, MD, NJ, NY, PA)",Private not-for-profit,No,No,Suburb: Large,"Delaware County, PA",Not applicable
Hawaii Pacific University,0.8448,23.115279048,9082,Honolulu,2,49980,48225650,0.6944190302,0.3583756345,22000,0,0,https://www.hpu.edu/,59593,0,00727900,0.0207,0.0169,0.0113,0.1917,0.2,0.5808,NA,1180,3,HI,2502,0.3541,0.6459,0.1651,0.0052,0.1615,0.0608,0.2254,0.0216,0.052,0.0168,0.2918,2025-05-19,141644,Hawaii,96813,"Far West (AK ,CA ,HI, NV, OR, WA)",Private not-for-profit,No,No,City: Large,"Honolulu County, HI",Not applicable
Heidelberg University,0.6773,19.829721362,6742,Tiffin,2,46640,59888870,0.4256965944,0.3218390805,27000,0,0,https://www.heidelberg.edu/,48466,0,00304800,0.1351,0,0,0.2117,0.2851,0.5253,76,NA,3,OH,884,0.5452,0.4548,0.0215,0.0023,0.0045,0.1097,0.0271,0,0,0.0136,0.8213,2025-05-19,203085,Ohio,44883-2462,"Great Lakes (IL, IN, MI, OH, WI)",Private not-for-profit,No,No,Town: Distant,"Seneca County, OH",United Church of Christ
Helene Fuld College of Nursing,0.2381,33.522959184,11669,New York,2,41733,820953,0.8596938776,0.462633452,15250,0,0,https://www.helenefuld.edu/,111027,0,01015300,0,0,0,0,0.3676,0.2083,NA,NA,2,NY,722,0.126,0.874,0.0125,0.0055,0.0665,0.6496,0.1427,0.0028,0,0.0416,0.0789,2025-05-19,191597,New York,10035-2737,"Mid East (DE ,DC, MD, NJ, NY, PA)",Private not-for-profit,No,No,City: Large,"New York County, NY",Not applicable
Henderson State University,0.8192,21.535365152,6756,Arkadelphia,1,25946,24967380,0.5543415756,0.3767383059,19500,0,0,https://www.hsu.edu/,43459,0,00109800,0.1485,0.0094,0.0038,0.1278,0.477,0.9875,NA,NA,3,AR,1491,0.4735,0.5265,0.0215,0.0087,0.0107,0.2696,0.0698,0.002,0.0268,0.002,0.5889,2025-05-19,107071,Arkansas,71999-0001,"Southeast (AL, AR, FL, GA, KY, LA, MS, NC, SC, TN, VA, WV)",Public,No,No,Town: Distant,"Clark County, AR",Not applicable
Hendrix College,0.5298,19.430555556,8264,Conway,2,52396,219548953,0.505952381,0.1920668058,26688,0,0,https://www.hendrix.edu/,60376,0,00109900,0,0,0,0.0427,0.2341,1,71,1336,3,AR,1094,0.4973,0.5027,0.0475,0.0082,0.0411,0.0704,0.0905,0.0027,0.0192,0.0247,0.6956,2025-05-19,107080,Arkansas,72032-3080,"Southeast (AL, AR, FL, GA, KY, LA, MS, NC, SC, TN, VA, WV)",Private not-for-profit,No,No,City: Small,"Faulkner County, AR",United Methodist
Henry Ford College,NA,23.944909652,11204,Dearborn,1,9983,NA,0.5739679741,0.5072463768,14250,0,0,https://www.hfcc.edu/,34795,0,00227000,0.0258,0.0061,0,0.0897,0.4548,1,NA,NA,2,MI,8695,0.4345,0.5655,0.0421,0.0029,0.0298,0.161,0.021,0.0023,0.0176,0.1808,0.5425,2025-05-19,170240,Michigan,48128-1495,"Great Lakes (IL, IN, MI, OH, WI)",Public,No,No,City: Small,"Wayne County, MI",Not applicable
Heritage University,NA,24.383073497,8007,Toppenish,2,29632,31167146,0.7416481069,0.6344827586,14573,0,1,www.heritage.edu/,49416,1,00377700,0.2067,0,0.0096,0.0673,0.6269,0.29,NA,NA,3,WA,782,0.2251,0.7749,0.0153,0.1368,0.0141,0.0064,0.7276,0,0.0038,0.0141,0.0818,2025-05-19,235422,Washington,98948,"Far West (AK ,CA ,HI, NV, OR, WA)",Private not-for-profit,No,No,Rural: Fringe,"Yakima County, WA",Not applicable
Herzing University-Akron,0.9403,31.289940828,6589,Akron,2,26588,NA,0.8135465189,0.5209032652,21500,0,0,https://www.herzing.edu/,36909,0,00962105,0,0,0,0.1232,0.7832,0.1429,NA,NA,2,OH,378,0.0847,0.9153,0.045,0,0.0106,0.3704,0.037,0,0,0.0159,0.5212,2025-05-19,200785,Ohio,44306-3931,"Great Lakes (IL, IN, MI, OH, WI)",Private not-for-profit,No,No,Suburb: Large,"Summit County, OH",Not applicable
Herzing University-Atlanta,0.9412,31.289940828,7306,Atlanta,2,27195,NA,0.8135465189,0.5209032652,21500,0,0,https://www.herzing.edu/,36909,0,00962106,0,0,0,0.1345,0.6829,0.2564,NA,NA,2,GA,499,0.1383,0.8617,0.024,0.002,0.0521,0.7194,0.0641,0.002,0,0.0641,0.0721,2025-05-19,140340,Georgia,30326,"Southeast (AL, AR, FL, GA, KY, LA, MS, NC, SC, TN, VA, WV)",Private not-for-profit,No,No,City: Large,"Fulton County, GA",Not applicable
Herzing University-Birmingham,0.9449,31.289940828,6744,Birmingham,2,27195,NA,0.8135465189,0.5209032652,21500,0,0,https://www.herzing.edu/,36909,0,00962107,0,0,0,0.0697,0.6368,0.5185,NA,NA,2,AL,445,0.1528,0.8472,0.0337,0.0022,0.0022,0.6292,0.0337,0.0045,0,0.027,0.2674,2025-05-19,101365,Alabama,35209,"Southeast (AL, AR, FL, GA, KY, LA, MS, NC, SC, TN, VA, WV)",Private not-for-profit,No,No,Suburb: Large,"Jefferson County, AL",Not applicable
Herzing University-Brookfield,0.9079,31.289940828,7374,Brookfield,2,25879,NA,0.8135465189,0.5209032652,21500,0,0,https://www.herzing.edu/,36909,0,00962104,0,0,0,0.0255,0.6046,0.2778,NA,NA,2,WI,378,0.0899,0.9101,0.0265,0,0.037,0.3968,0.1349,0,0,0.0291,0.3757,2025-05-19,459851,Wisconsin,53005,"Great Lakes (IL, IN, MI, OH, WI)",Private not-for-profit,No,No,Suburb: Large,"Waukesha County, WI",Not applicable
Herzing University-Kenosha,0.8939,31.289940828,7385,Kenosha,2,23590,NA,0.8135465189,0.5209032652,21500,0,1,https://www.herzing.edu/,36909,0,00962103,0,0,0,0.0305,0.6204,0.3191,NA,NA,2,WI,543,0.0994,0.9006,0.0276,0.0037,0.0939,0.2044,0.3278,0.0055,0,0.0295,0.3076,2025-05-19,459842,Wisconsin,53144,"Great Lakes (IL, IN, MI, OH, WI)",Private not-for-profit,No,No,Suburb: Midsize,"Kenosha County, WI",Not applicable
Herzing University-Madison,0.9415,31.289940828,6776,Madison,2,26687,NA,0.8135465189,0.5209032652,21500,0,0,https://www.herzing.edu/,36909,0,00962100,0,0,0,0.109,0.6683,0.1381,NA,NA,2,WI,2105,0.1425,0.8575,0.0333,0.0057,0.039,0.3648,0.1297,0.0038,0,0.0418,0.3819,2025-05-19,240392,Wisconsin,53718,"Great Lakes (IL, IN, MI, OH, WI)",Private not-for-profit,No,No,City: Large,"Dane County, WI",Not applicable
Herzing University-Minneapolis,0.9382,31.289940828,7344,St. Louis Park,2,23747,NA,0.8135465189,0.5209032652,21500,0,0,https://www.herzing.edu/,36909,0,00962108,0,0,0,0.0177,0.5186,0.1143,NA,NA,2,MN,747,0.1071,0.8929,0.0295,0.0013,0.1165,0.3039,0.0656,0.0027,0,0.0669,0.4137,2025-05-19,174154,Minnesota,55428-3548,"Plains (IA, KS, MN, MO, NE, ND, SD)",Private not-for-profit,No,No,Suburb: Large,"Hennepin County, MN",Not applicable
Herzing University-New Orleans,0.8913,31.289940828,7121,Metairie,2,26702,NA,0.8135465189,0.5209032652,21500,0,0,https://www.herzing.edu/,36909,0,00962110,0,0,0,0.1619,0.7225,0.5,NA,NA,2,LA,361,0.0997,0.9003,0.0249,0.0083,0.0055,0.6648,0.0554,0.0028,0,0.0554,0.1828,2025-05-19,433536,Louisiana,70062,"Southeast (AL, AR, FL, GA, KY, LA, MS, NC, SC, TN, VA, WV)",Private not-for-profit,No,No,Suburb: Large,"Jefferson Parish, LA",Not applicable
Herzing University-Orlando,0.8993,31.289940828,7263,Winter Park,2,26011,NA,0.8135465189,0.5209032652,21500,0,1,https://www.herzing.edu/,36909,0,00962111,0,0,0,0.0492,0.5986,0.1905,NA,NA,2,FL,700,0.1657,0.8343,0.0257,0.0057,0.0471,0.3814,0.2914,0.0043,0,0.0457,0.1986,2025-05-19,386472,Florida,32792,"Southeast (AL, AR, FL, GA, KY, LA, MS, NC, SC, TN, VA, WV)",Private not-for-profit,No,No,Suburb: Large,"Seminole County, FL",Not applicable
Hesston College,NA,22.397590361,5350,Hesston,2,44939,15556696,0.578313253,0.2491909385,12000,0,0,www.hesston.edu/,47495,0,00192000,0,0,0,0.0408,0.3025,0.6863,69,NA,2,KS,308,0.4578,0.5422,0.0552,0.0065,0.013,0.0844,0.1591,0.0032,0.1656,0.0097,0.5032,2025-05-19,155177,Kansas,67062-2093,"Plains (IA, KS, MN, MO, NE, ND, SD)",Private not-for-profit,No,No,Town: Distant,"Harvey County, KS",Mennonite Church
High Point University,0.7683,19.443148688,8579,High Point,2,61582,138711571,0.6333819242,0.1477869467,24575,0,0,www.highpoint.edu/,61389,0,00293300,0.0282,0.0019,0.0075,0.3898,0.105,0.9974,71,1242,3,NC,4970,0.4535,0.5465,0.0058,0.0042,0.0213,0.074,0.0801,6e-4,0.0028,0.0491,0.762,2025-05-19,198695,North Carolina,27268,"Southeast (AL, AR, FL, GA, KY, LA, MS, NC, SC, TN, VA, WV)",Private not-for-profit,No,No,City: Midsize,"Guilford County, NC",United Methodist
Highline College,NA,26.563106796,10187,Des Moines,1,19642,NA,0.6058252427,0.4987046632,9500,0,0,www.highline.edu/,47869,0,00378100,0.1076,0.0027,0,0.1447,0.1712,0.9632,NA,NA,2,WA,3487,0.3631,0.6369,0.0705,0.0049,0.1672,0.1919,0.1982,0.0098,0.0714,0.1041,0.1821,2025-05-19,235431,Washington,98198-9800,"Far West (AK ,CA ,HI, NV, OR, WA)",Public,No,No,Suburb: Large,"King County, WA",Not applicable
Hilbert College,0.9802,21.52866242,6373,Hamburg,2,40002,5918729,0.5711252654,0.3813953488,24750,0,0,www.hilbert.edu/,48309,0,00273500,0,0,0,0.0979,0.4376,0.3762,30,1060,3,NY,922,0.4447,0.5553,0.0249,0.0043,0.0065,0.0586,0.0358,0,0.0249,0.4718,0.3731,2025-05-19,191621,New York,14075-1597,"Mid East (DE ,DC, MD, NJ, NY, PA)",Private not-for-profit,No,No,Suburb: Large,"Erie County, NY",Roman Catholic
Hillsdale College,0.2059,NA,8372,Hillsdale,2,NA,924423912,NA,NA,NA,0,0,https://www.hillsdale.edu/,NA,0,00227200,0,0,0.0523,0.1354,0,1,88,1433,NA,MI,1563,0.4997,0.5003,0,0,0,0,0,0,0,1,0,2025-05-19,170286,Michigan,49242,"Great Lakes (IL, IN, MI, OH, WI)",Private not-for-profit,No,No,Town: Distant,"Hillsdale County, MI",Undenominational
Hiram College,0.9339,23.403162055,6771,Hiram,2,38952,60947552,0.4861660079,0.3757961783,27000,0,0,www.hiram.edu/,54311,0,00304900,0.0838,0,0,0.2934,0.3194,1,NA,NA,3,OH,731,0.5103,0.4897,0.0178,0.0027,0.0055,0.0588,0.0821,0,0.0082,0.3625,0.4624,2025-05-19,203128,Ohio,44234-0067,"Great Lakes (IL, IN, MI, OH, WI)",Private not-for-profit,No,No,Town: Fringe,"Portage County, OH",Not applicable
Hobart William Smith Colleges,0.5728,19.41356383,9638,Geneva,2,80635,237195395,0.5119680851,0.125,27000,0,0,www.hws.edu/,68831,0,00273100,0.014,0,0.0112,0,0.2412,1,NA,1296,3,NY,1606,0.49,0.51,0.0423,6e-4,0.0218,0.0753,0.104,0,0.0716,0.0349,0.6494,2025-05-19,191630,New York,14456,"Mid East (DE ,DC, MD, NJ, NY, PA)",Private not-for-profit,No,No,Town: Distant,"Ontario County, NY",Not applicable
Hobe Sound Bible College,NA,26.239130435,3395,Hobe Sound,2,17545,2749037,0.5543478261,0.3417721519,PS,0,0,https://hsbc.edu/,39863,0,02188900,0.4444,0,0,0.037,0.2667,0.6154,89,NA,3,FL,125,0.52,0.48,0.008,0,0,0.04,0.088,0,0.112,0.08,0.672,2025-05-19,134510,Florida,33455-1065,"Southeast (AL, AR, FL, GA, KY, LA, MS, NC, SC, TN, VA, WV)",Private not-for-profit,No,No,Suburb: Large,"Martin County, FL",Wesleyan
Hofstra University,0.7059,20.274509804,14617,Hempstead,2,68298,749761574,0.5923831071,0.2353177796,23621,0,0,www.hofstra.edu/,69039,0,00273200,0.0324,0.06,0.0087,0.2085,0.243,0.4061,NA,1294,3,NY,6155,0.4351,0.5649,0.0505,0.0024,0.1478,0.0884,0.1708,2e-4,0.0366,0.0218,0.4816,2025-05-19,191649,New York,11549,"Mid East (DE ,DC, MD, NJ, NY, PA)",Private not-for-profit,No,No,Suburb: Large,"Nassau County, NY",Not applicable
Hollins University,0.7086,20.286432161,7218,Roanoke,2,57481,214659371,PS,0.2582417582,27000,0,0,www.hollins.edu/,40075,0,00371500,0,0,0.0458,0.0327,0.3314,0.6797,NA,1256,3,VA,673,0,1,0.049,0.003,0.0208,0.1486,0.1025,0.0015,0.0624,0.0074,0.6048,2025-05-19,232308,Virginia,24020,"Southeast (AL, AR, FL, GA, KY, LA, MS, NC, SC, TN, VA, WV)",Private not-for-profit,No,No,Suburb: Midsize,"Roanoke County, VA",Not applicable
Holy Apostles College and Seminary,NA,28.375,5577,Cromwell,2,20740,NA,0.275,PS,12541,0,0,www.holyapostles.edu/,NA,0,00138900,0,0,0,0,0.1624,0.3333,30,NA,3,CT,203,0.5025,0.4975,0.0049,0.0049,0.0591,0.0099,0.202,0,0.0591,0.0099,0.6502,2025-05-19,129534,Connecticut,06416-2005,"New England (CT, ME, MA, NH, R,I VT)",Private not-for-profit,No,No,Suburb: Large,"Middlesex County, CT",Roman Catholic
Holy Cross College,0.7371,21.069078947,6622,Notre Dame,2,48808,16919739,0.4013157895,0.2881944444,24000,0,0,www.hcc-nd.edu/,50416,0,00726300,0.0536,0,0,0.2143,0.2897,0.4,30,1229,3,IN,533,0.6229,0.3771,0.0619,0.0038,0.0131,0.0582,0.2908,0,0.0507,0.0206,0.5009,2025-05-19,150774,Indiana,46556-0308,"Great Lakes (IL, IN, MI, OH, WI)",Private not-for-profit,No,No,Suburb: Large,"St. Joseph County, IN",Roman Catholic
Holy Family University,0.7422,22.955963303,7979,Philadelphia,2,38965,24446816,0.7587155963,0.4630390144,25125,0,0,https://www.holyfamily.edu/,62235,0,00327500,0.0841,0,0.0037,0.0692,0.3971,0.2084,30,1030,3,PA,2298,0.2885,0.7115,0.0109,0.0013,0.0753,0.1445,0.1684,0.0048,0.0139,0.0422,0.5387,2025-05-19,212984,Pennsylvania,19114-2009,"Mid East (DE ,DC, MD, NJ, NY, PA)",Private not-for-profit,No,No,City: Large,"Philadelphia County, PA",Roman Catholic
Hood College,0.7813,21.52991453,8181,Frederick,2,59174,127676673,0.6358974359,0.3111111111,25000,0,0,www.hood.edu/,57089,0,00207600,0.0808,0,0.0115,0.1462,0.3627,0.405,NA,NA,3,MD,1202,0.3652,0.6348,0.0532,0.0017,0.0316,0.1739,0.1456,0,0.01,0.0657,0.5183,2025-05-19,162760,Maryland,21701,"Mid East (DE ,DC, MD, NJ, NY, PA)",Private not-for-profit,No,No,City: Small,"Frederick County, MD",Not applicable
Hope College,0.7585,19.516320475,8562,Holland,2,52206,282642000,0.5895153314,0.1491317671,26800,0,0,https://www.hope.edu/,58427,0,00227300,0.1014,0.07,0.0129,0.2129,0.1643,0.6807,49,1237,3,MI,3274,0.3952,0.6048,0.0345,6e-4,0.025,0.0354,0.0751,3e-4,0.0238,0.0183,0.7868,2025-05-19,170301,Michigan,49422-9000,"Great Lakes (IL, IN, MI, OH, WI)",Private not-for-profit,No,No,City: Small,"Ottawa County, MI",Reformed Church in America
Hope International University,0.3539,22.495145631,7186,Fullerton,2,51153,9210838,0.5436893204,0.3863134658,23000,0,1,www.hiu.edu/,49697,0,00125200,0.1447,0,0,0.239,0.4288,0.2836,48,NA,3,CA,549,0.4463,0.5537,0.1749,0.0146,0.0455,0.0674,0.2678,0.0109,0.0328,0.1148,0.2714,2025-05-19,120537,California,92831-3199,"Far West (AK ,CA ,HI, NV, OR, WA)",Private not-for-profit,No,No,Suburb: Large,"Orange County, CA",Christian Churches and Churches of Christ
Houghton University,0.927,20.721611722,6402,Houghton,2,29287,69865076,0.5787545788,0.1700819672,25250,0,0,www.houghton.edu/,46721,0,00273400,0.1043,0.0047,0.0237,0.1469,0.3379,0.5833,89,1297,3,NY,867,0.3322,0.6678,0.0381,0.0046,0.0242,0.0634,0.015,0.0012,0.0634,0.0415,0.7486,2025-05-19,191676,New York,14744,"Mid East (DE ,DC, MD, NJ, NY, PA)",Private not-for-profit,No,No,Rural: Remote,"Allegany County, NY",Wesleyan
Houston Christian University,0.8515,22.081967213,7911,Houston,2,47605,131245434,0.6459016393,0.3627546072,22642,0,1,https://www.hc.edu/,55933,0,00357600,0.038,0.0171,0,0.173,0.5395,0.5038,54,1092,3,TX,2777,0.3842,0.6158,0.0353,0.0025,0.063,0.2359,0.3976,0.0029,0.0349,0.0436,0.1844,2025-05-19,225399,Texas,77074-3298,"Southwest (AZ, NM, OK, TX)",Private not-for-profit,No,No,City: Large,"Harris County, TX",Southern Baptist
Howard Payne University,0.6769,20.827988338,6440,Brownwood,2,44579,64574047,0.3906705539,0.3740095087,26793,0,1,www.hputx.edu/,48376,0,00357500,0.2458,0.0085,0,0.161,0.4217,1,54,1019,3,TX,716,0.5307,0.4693,0.0489,0.0056,0.0084,0.0992,0.2723,0.0028,0.0014,0.0307,0.5307,2025-05-19,225548,Texas,76801-2794,"Southwest (AZ, NM, OK, TX)",Private not-for-profit,No,No,Town: Remote,"Brown County, TX",Baptist
Howard University,0.3489,20.340277778,11536,Washington,2,51450,862784000,0.7177579365,0.2363936229,24500,1,0,www.howard.edu/,63066,0,00144800,0.0108,0.0396,0.0054,0.155,0.4053,0.6661,NA,1205,3,DC,9604,0.273,0.727,0.0514,0.0037,0.0308,0.7143,0.0691,0.0011,0.0494,0.0775,0.0026,2025-05-19,131520,District of Columbia,20059-0001,"Mid East (DE ,DC, MD, NJ, NY, PA)",Private not-for-profit,Yes,No,City: Large,"District of Columbia, DC",Not applicable
Hult International Business School,0.5335,20.96,10825,Cambridge,2,74875,NA,PS,PS,PS,0,0,www.hult.edu/,NA,0,04143200,0,0,0,1,0.0836,0.3429,NA,NA,3,MA,694,0.6196,0.3804,0.0259,0,0.013,0.0288,0.0677,0.0014,0.7536,0.0706,0.0389,2025-05-19,164368,Massachusetts,02141-1805,"New England (CT, ME, MA, NH, R,I VT)",Private not-for-profit,No,No,City: Midsize,"Middlesex County, MA",Not applicable
Humacao Community College,NA,24.531120332,2735,Humacao,2,9849,1307375,0.6846473029,0.5220588235,PS,0,1,www.hccpr.edu/,20064,0,02340600,0,0,0,0.1,0.9673,NA,NA,NA,2,PR,207,0.3865,0.6135,0,0,0,0,1,0,0,0,0,2025-05-19,242121,Puerto Rico,00792,"Other U.S. jurisdictions (AS, FM GU, MH, MP, PR, PW, VI)",Private not-for-profit,No,No,Suburb: Large,"Humacao Municipio, PR",Not applicable
Humphreys University-Stockton and Modesto Campuses,NA,28.439873418,6176,Stockton,2,20286,202645,0.7753164557,0.5897435897,35500,0,1,www.humphreys.edu/,39248,0,00121200,0.1613,0,0,0.4086,0.5535,0.1899,NA,NA,3,CA,178,0.1742,0.8258,0.0337,0.0056,0.0843,0.0787,0.4326,0.0225,0.073,0.0056,0.264,2025-05-19,115773,California,95207-3896,"Far West (AK ,CA ,HI, NV, OR, WA)",Private not-for-profit,No,No,City: Large,"San Joaquin County, CA",Not applicable
Huntingdon College,0.7083,23.017751479,7723,Montgomery,2,39686,57163022,0.4704142012,0.3456,27000,0,0,https://www.huntingdon.edu/,49601,0,00101900,0.0925,0,0.0173,0.2312,0.3879,0.8429,71,1148,3,AL,865,0.5653,0.4347,0.0462,0.0058,0.0046,0.2,0.0566,0.0023,0,0.0197,0.6647,2025-05-19,101435,Alabama,36106-2148,"Southeast (AL, AR, FL, GA, KY, LA, MS, NC, SC, TN, VA, WV)",Private not-for-profit,No,No,City: Midsize,"Montgomery County, AL",United Methodist
Huntington University,0.7115,21.992874109,7296,Huntington,2,40088,32017229,0.6627078385,0.3109452736,25576,0,0,www.huntington.edu/,46672,0,00180300,0.0725,0,0.0145,0.1304,0.2937,1,84,1124,3,IN,1016,0.3996,0.6004,0.0443,0.003,0.0148,0.0423,0.0581,0.002,0.0463,0.001,0.7884,2025-05-19,150941,Indiana,46750,"Great Lakes (IL, IN, MI, OH, WI)",Private not-for-profit,No,No,Town: Distant,"Huntington County, IN",United Brethren Church
Husson University,0.8643,21.547208822,7871,Bangor,2,34073,24236195,0.533425224,0.3217893218,27000,0,0,www.husson.edu/,45025,0,00204300,0.0405,0,0.0017,0.2074,0.3466,1,NA,1110,3,ME,2395,0.3929,0.6071,0.0468,0.0046,0.0121,0.0576,0.0084,0,0.018,0.0242,0.8284,2025-05-19,487524,Maine,04401-2929,"New England (CT, ME, MA, NH, R,I VT)",Private not-for-profit,No,No,City: Small,"Penobscot County, ME",Not applicable
Huston-Tillotson University,NA,25.389908257,5666,Austin,2,25336,11284536,0.5871559633,0.4343971631,30750,1,1,www.htu.edu/,42937,0,00357700,0.0272,0,0.0163,0.337,0.6236,0.3853,78,NA,3,TX,982,0.4695,0.5305,0,0.0041,0.0051,0.7587,0.1629,0.001,0.0041,0.0326,0.0316,2025-05-19,225575,Texas,78702-2795,"Southwest (AZ, NM, OK, TX)",Private not-for-profit,Yes,No,City: Large,"Travis County, TX",Multiple Protestant Denomination
Idaho State University,NA,23.464146748,8693,Pocatello,1,21084,88703400,0.5705947749,0.360585723,20039,0,0,www.isu.edu/,45608,0,00162000,0.0372,0.0193,0.0051,0.0932,0.2684,0.9447,NA,NA,3,ID,7260,0.4037,0.5963,0.0379,0.0175,0.0116,0.0114,0.1533,0.0047,0.0233,0.0291,0.7113,2025-05-19,142276,Idaho,83209,"Rocky Mountains (CO, ID, MT, UT, WY)",Public,No,No,City: Small,"Bannock County, ID",Not applicable
Illinois College,0.7467,19.840607211,7681,Jacksonville,2,47337,146550216,0.5559772296,0.3109756098,25565,0,0,www.ic.edu/,52575,0,00168800,0.0671,0,0.0106,0.2261,0.3512,0.77,66,1082,3,IL,925,0.4714,0.5286,0.0281,0.0022,0.0086,0.0984,0.1005,0,0.0497,0.0097,0.7027,2025-05-19,145691,Illinois,62650-2299,"Great Lakes (IL, IN, MI, OH, WI)",Private not-for-profit,No,No,Town: Distant,"Morgan County, IL",Presbyterian Church (USA)
Illinois Institute of Technology,0.5542,21.882219706,13736,Chicago,2,67720,289121000,0.3001132503,0.3223767383,25000,0,0,https://www.iit.edu/,82592,0,00169100,0,0.4333,0.0238,0.019,0.2906,0.592,NA,1296,3,IL,2812,0.6682,0.3318,0.0395,7e-4,0.165,0.0473,0.2504,4e-4,0.1412,0.0149,0.3407,2025-05-19,145725,Illinois,60616,"Great Lakes (IL, IN, MI, OH, WI)",Private not-for-profit,No,No,City: Large,"Cook County, IL",Not applicable
Illinois State University,0.8901,20.548777315,8906,Normal,1,32458,193093113,0.5624349636,0.2964350118,20482,0,0,illinoisstate.edu/,62117,0,00169200,0.1671,0,0.0187,0.2102,0.3005,0.7452,NA,1127,3,IL,18414,0.439,0.561,0.0396,8e-4,0.028,0.1153,0.1385,3e-4,0.0075,0.0053,0.6647,2025-05-19,145813,Illinois,61790-1000,"Great Lakes (IL, IN, MI, OH, WI)",Public,No,No,Suburb: Midsize,"McLean County, IL",Not applicable
Illinois Wesleyan University,0.4517,19.448051948,8742,Bloomington,2,68399,269244872,0.5227272727,0.1772575251,27000,0,0,www.iwu.edu/,70871,0,00169600,0.0461,0,0.0115,0.2594,0.2318,0.5594,NA,1242,3,IL,1570,0.5185,0.4815,0.0191,0.0013,0.0567,0.0841,0.1019,6e-4,0.058,0.0204,0.658,2025-05-19,145646,Illinois,61702-2900,"Great Lakes (IL, IN, MI, OH, WI)",Private not-for-profit,No,No,City: Small,"McLean County, IL",Not applicable
Immaculata University,0.7845,25.774891775,4902,Immaculata,2,45416,25860074,0.7518037518,0.350877193,27000,0,0,www.immaculata.edu/,75701,0,00327600,0.0859,0,0,0.1856,0.2139,1,30,1163,3,PA,1265,0.2846,0.7154,0.0182,0,0.0269,0.1036,0.1233,0.0016,0.0095,0.0174,0.6996,2025-05-19,213011,Pennsylvania,19345,"Mid East (DE ,DC, MD, NJ, NY, PA)",Private not-for-profit,No,No,Suburb: Large,"Chester County, PA",Roman Catholic
Indian River State College,NA,23.996579442,8195,Fort Pierce,1,11764,29320209,0.5956900975,0.4801352494,8023,0,1,www.irsc.edu/,38315,0,00149300,0.0143,0,0,0.1113,0.3302,0.3622,NA,NA,2,FL,11571,0.4025,0.5975,0.0227,0.0014,0.0118,0.1294,0.4785,9e-4,0.0178,0.0219,0.3156,2025-05-19,134608,Florida,34981-5596,"Southeast (AL, AR, FL, GA, KY, LA, MS, NC, SC, TN, VA, WV)",Public,No,No,Suburb: Large,"St. Lucie County, FL",Not applicable
Indiana Institute of Technology,0.5689,30.794661863,9170,Fort Wayne,2,43490,64392793,0.6610447028,0.5330149502,26391,0,0,www.indianatech.edu/,47327,0,00180500,0.0087,0.2227,0,0.3231,0.3383,1,NA,NA,3,IN,1361,0.6025,0.3975,0.0375,0.0037,0.025,0.1492,0.0625,0.0015,0.0999,0.1293,0.4916,2025-05-19,151290,Indiana,46803-1228,"Great Lakes (IL, IN, MI, OH, WI)",Private not-for-profit,No,No,City: Large,"Allen County, IN",Not applicable
Indiana Institute of Technology-College of Professional Studies,NA,30.794661863,NA,Fort Wayne,2,24563,100294655,0.6610447028,0.5330149502,26391,0,0,cps.indianatech.edu/,47327,0,00180500,0,0.0604,0,0.5717,0.5261,NA,NA,NA,3,IN,2446,0.3872,0.6128,0.0339,0.009,0.0106,0.2866,0.0597,0.002,8e-4,0.0707,0.5266,2025-05-19,492962,NA,NA,NA,NA,NA,NA,NA,NA,NA
Indiana State University,0.915,22.284472673,7984,Terre Haute,1,23475,73552657,0.5856593682,0.3619030325,24000,0,0,https://www.indstate.edu/,48387,0,00180700,0.074,0.0056,0.0069,0.2108,0.3905,0.7213,NA,NA,3,IN,6620,0.4353,0.5647,0.0464,0.002,0.0145,0.169,0.0718,0.0011,0.0113,0.0068,0.6772,2025-05-19,151324,Indiana,47809,"Great Lakes (IL, IN, MI, OH, WI)",Public,No,No,City: Small,"Vigo County, IN",Not applicable
Indiana University-Bloomington,0.8037,19.985051316,11599,Bloomington,1,27361,1669099260,0.5315707274,0.2211493718,19509,0,1,www.indiana.edu/,63742,0,00180900,0.037,0.004,0.0068,0.3354,0.1669,0.8449,NA,1308,3,IN,36571,0.5023,0.4977,0.0553,3e-4,0.0994,0.0415,0.0841,3e-4,0.0475,0.0053,0.6663,2025-05-19,151351,Indiana,47405-7000,"Great Lakes (IL, IN, MI, OH, WI)",Public,No,No,City: Small,"Monroe County, IN",Not applicable
Indiana University-East,0.7124,26.242600116,7651,Richmond,1,16756,9359376,0.6784677887,0.4462962963,18000,0,0,www.iue.edu/,47156,0,00181100,0.0529,0,0.126,0.1944,0.3378,0.4471,NA,1135,3,IN,2446,0.3401,0.6599,0.0487,4e-4,0.0262,0.0613,0.0687,0.0012,0.0188,0.0237,0.751,2025-05-19,151388,Indiana,47374-1289,"Great Lakes (IL, IN, MI, OH, WI)",Public,No,No,Rural: Fringe,"Wayne County, IN",Not applicable
Indiana University-Indianapolis,0.8139,22.085192487,9341,Indianapolis,1,22216,2180644869,0.609940853,0.3508614903,20000,0,0,https://indianapolis.iu.edu/,55198,0,00181300,0.0363,0.0604,0.0049,0.1711,0.3627,0.5079,NA,1146,3,IN,16582,0.4021,0.5979,0.0593,7e-4,0.0727,0.1105,0.1408,2e-4,0.0218,0.0036,0.5905,2025-05-19,151111,Indiana,46202-5143,"Great Lakes (IL, IN, MI, OH, WI)",Public,No,No,City: Large,"Marion County, IN",Not applicable
Indiana University-Kokomo,0.8469,24.432778489,6917,Kokomo,1,13351,11793240,0.6779769526,0.4026243094,16961,0,0,www.iuk.edu/,49917,0,00181400,0.0899,0,0.0037,0.2073,0.3469,0.569,NA,1063,3,IN,2308,0.3419,0.6581,0.0472,9e-4,0.0108,0.0498,0.1083,0,0.0082,0.0035,0.7712,2025-05-19,151333,Indiana,46904-9003,"Great Lakes (IL, IN, MI, OH, WI)",Public,No,No,City: Small,"Howard County, IN",Not applicable
Indiana University-Northwest,0.767,23.533370412,7392,Gary,1,13371,17562589,0.7057842047,0.4537660747,21710,0,1,www.iun.edu/,43361,0,00181500,0.0424,0,0.0018,0.1466,0.4255,0.4716,NA,1067,3,IN,2582,0.2657,0.7343,0.0438,8e-4,0.0298,0.1692,0.3017,0,0.0015,0.0035,0.4497,2025-05-19,151360,Indiana,46408-1197,"Great Lakes (IL, IN, MI, OH, WI)",Public,No,No,City: Small,"Lake County, IN",Not applicable
Indiana University-South Bend,0.8599,22.313692946,6863,South Bend,1,15984,34793837,0.6282157676,0.4102216192,21355,0,0,https://iusb.edu/,44947,0,00181600,0.0882,0,0.0015,0.2033,0.4117,0.5973,NA,1072,3,IN,3807,0.3515,0.6485,0.0559,0.0013,0.0205,0.083,0.2185,3e-4,0.0147,0.0045,0.6013,2025-05-19,151342,Indiana,46634-7111,"Great Lakes (IL, IN, MI, OH, WI)",Public,No,No,City: Midsize,"St. Joseph County, IN",Not applicable
Indiana University-Southeast,0.8312,22.978371501,7612,New Albany,1,15313,27213540,0.6458863444,0.4091116173,19684,0,0,https://ius.edu/,47596,0,00181700,0.0961,0,0.0013,0.2013,0.3381,0.4888,NA,1097,3,IN,3088,0.3815,0.6185,0.0447,0.001,0.0207,0.0609,0.0609,0,0.0029,0.0052,0.8038,2025-05-19,151379,Indiana,47150,"Great Lakes (IL, IN, MI, OH, WI)",Public,No,No,Suburb: Large,"Floyd County, IN",Not applicable
Indiana University of Pennsylvania-Main Campus,0.912,20.253379683,11251,Indiana,1,26405,81496227,0.5809192739,0.3225602028,26798,0,0,www.iup.edu/,51019,0,00327700,0.0467,0.0032,0.0076,0.164,0.3576,0.8224,NA,1052,3,PA,6893,0.3807,0.6193,0.0413,0.0084,0.0131,0.1039,0.0527,4e-4,0.0104,0.0174,0.7524,2025-05-19,213020,Pennsylvania,15705-1098,"Mid East (DE ,DC, MD, NJ, NY, PA)",Public,No,No,Town: Distant,"Indiana County, PA",Not applicable
Indiana Wesleyan University-Marion,0.8221,31.507453875,7889,Marion,2,42951,229901930,0.7298892989,0.4741139964,24250,0,0,https://www.indwes.edu/,59986,0,00182200,0.1021,0,0.0069,0.1419,0.2549,1,89,1074,3,IN,1927,0.3736,0.6264,0.0239,0.0026,0.0259,0.0493,0.0483,5e-4,0.013,0.0114,0.8251,2025-05-19,151801,Indiana,46953-4974,"Great Lakes (IL, IN, MI, OH, WI)",Private not-for-profit,No,No,Town: Distant,"Grant County, IN",Wesleyan
Indiana Wesleyan University-National & Global,NA,31.507453875,7889,Marion,2,22117,NA,0.7298892989,0.4741139964,24250,0,0,https://www.indwes.edu/,59986,0,30182251,0.1116,0,0,0.2858,0.4758,1,89,NA,3,IN,5808,0.2522,0.7478,0.017,0.0043,0.0105,0.2485,0.0637,0.0024,0.0257,0.031,0.5969,2025-05-19,488679,Indiana,46953,"Great Lakes (IL, IN, MI, OH, WI)",Private not-for-profit,No,No,Rural: Fringe,"Grant County, IN",Wesleyan
Institute of American Indian and Alaska Native Culture and Arts Development,1,26.886363636,7354,Santa Fe,1,23873,17592921,0.5340909091,0.3806451613,PS,0,0,https://iaia.edu/,24505,0,02146400,0,0,0,0.1042,0.2038,1,NA,NA,3,NM,307,0.3681,0.6319,0.1368,0.6612,0,0,0.1205,0.0033,0,0.0098,0.0684,2025-05-19,187745,New Mexico,87508-1300,"Southwest (AZ, NM, OK, TX)",Public,No,Yes,Rural: Fringe,"Santa Fe County, NM",Not applicable
Inter American University of Puerto Rico-Aguadilla,0.4674,22.174746336,5030,Aguadilla,2,14449,NA,0.5400225479,0.4288086343,6250,0,1,aguadilla.inter.edu/,24776,0,00393900,0.0111,0,0,0.0938,0.8396,1,NA,NA,3,PR,3002,0.4097,0.5903,0,0.001,0,3e-4,0.9973,0,0,0,0.0013,2025-05-19,242626,Puerto Rico,00603,"Other U.S. jurisdictions (AS, FM GU, MH, MP, PR, PW, VI)",Private not-for-profit,No,No,Suburb: Large,"Aguadilla Municipio, PR",Not applicable
Inter American University of Puerto Rico-Arecibo,0.3778,22.646230008,5516,Arecibo,2,14628,NA,0.5963442498,0.3528673085,9000,0,1,www.arecibo.inter.edu/,24539,0,00502600,0.1492,0,0,0.1109,0.8139,1,NA,NA,3,PR,2275,0.3648,0.6352,0,0,0,0,0.9996,4e-4,0,0,0,2025-05-19,242635,Puerto Rico,00614,"Other U.S. jurisdictions (AS, FM GU, MH, MP, PR, PW, VI)",Private not-for-profit,No,No,City: Small,"Arecibo Municipio, PR",Not applicable
Inter American University of Puerto Rico-Barranquitas,0.6583,21.374806801,5016,Barranquitas,2,14358,NA,0.5618238022,0.5058139535,5200,0,1,www.br.inter.edu/,23204,0,00502700,0.0306,0,0,0.179,0.889,1,NA,NA,3,PR,919,0.3526,0.6474,0,0,0,0.0011,0.9967,0.0011,0,0,0.0011,2025-05-19,242644,Puerto Rico,00794,"Other U.S. jurisdictions (AS, FM GU, MH, MP, PR, PW, VI)",Private not-for-profit,No,No,Suburb: Large,"Barranquitas Municipio, PR",Not applicable
Inter American University of Puerto Rico-Bayamon,0.3642,21.418181818,5500,Bayamon,2,14935,NA,0.4349914237,0.2726588943,8250,0,1,bayamon.inter.edu/,29936,0,00502800,0,0.1041,0,0.1405,0.8089,1,NA,NA,3,PR,3453,0.572,0.428,0,0.0014,0,6e-4,0.9951,6e-4,0,0,0.0023,2025-05-19,242705,Puerto Rico,00957-6257,"Other U.S. jurisdictions (AS, FM GU, MH, MP, PR, PW, VI)",Private not-for-profit,No,No,Suburb: Large,"Bayamón Municipio, PR",Not applicable
Inter American University of Puerto Rico-Fajardo,0.3556,22.049320944,5182,Fajardo,2,14991,NA,0.5718370264,0.3214574899,5750,0,1,www.fajardo.inter.edu/,23132,0,02282800,0.0373,0,0,0.1452,0.8348,1,NA,NA,3,PR,1149,0.3899,0.6101,0,0.0017,0,0.0026,0.9904,9e-4,0,0,0.0044,2025-05-19,242680,Puerto Rico,00738-7003,"Other U.S. jurisdictions (AS, FM GU, MH, MP, PR, PW, VI)",Private not-for-profit,No,No,Suburb: Small,"Fajardo Municipio, PR",Not applicable
Inter American University of Puerto Rico-Guayama,0.485,23.373660031,4726,Guayama,2,15791,NA,0.6653905054,0.3826311264,9500,0,1,www.guayama.inter.edu/,25827,0,02282700,0.0322,0,0,0.135,0.752,1,NA,NA,3,PR,1661,0.3082,0.6918,0,0,0,0.0024,0.9928,0,0,0,0.0048,2025-05-19,242699,Puerto Rico,00784,"Other U.S. jurisdictions (AS, FM GU, MH, MP, PR, PW, VI)",Private not-for-profit,No,No,City: Small,"Guayama Municipio, PR",Not applicable
Inter American University of Puerto Rico-Metro,0.6644,24.593727469,5891,San Juan,2,15252,NA,0.574260995,0.2553742038,10975,0,1,metro.inter.edu/,30821,0,00394000,0.0415,0,0.0066,0.1877,0.6592,1,NA,NA,3,PR,2692,0.4272,0.5728,0,0.0026,0.0022,0.0082,0.9807,7e-4,0,0,0.0056,2025-05-19,242653,Puerto Rico,00919,"Other U.S. jurisdictions (AS, FM GU, MH, MP, PR, PW, VI)",Private not-for-profit,No,No,City: Large,"San Juan Municipio, PR",Not applicable
Inter American University of Puerto Rico-Ponce,0.7029,23.137027108,5563,Mercedita,2,14845,NA,0.582067322,0.3379380054,6375,0,1,www.ponce.inter.edu/,26721,0,00502900,0.0242,0,0,0.2677,0.8194,1,NA,NA,3,PR,2602,0.3747,0.6253,0,4e-4,0,4e-4,0.9965,4e-4,0,0,0.0023,2025-05-19,242662,Puerto Rico,00715-1602,"Other U.S. jurisdictions (AS, FM GU, MH, MP, PR, PW, VI)",Private not-for-profit,No,No,Suburb: Midsize,"Ponce Municipio, PR",Not applicable
Inter American University of Puerto Rico-San German,0.5067,21.450378469,5800,San German,2,15442,NA,0.5214465938,0.3579571363,8500,0,1,www.sg.inter.edu/,25416,0,04254200,0.0667,0,0,0.1289,0.8245,1,NA,NA,3,PR,2641,0.4752,0.5248,0,8e-4,8e-4,4e-4,0.9981,0,0,0,0,2025-05-19,242617,Puerto Rico,00683,"Other U.S. jurisdictions (AS, FM GU, MH, MP, PR, PW, VI)",Private not-for-profit,No,No,City: Small,"San Germán Municipio, PR",Not applicable
Iona University,0.9114,19.421515562,9467,New Rochelle,2,57336,192517000,0.5297699594,0.3134772897,25999,0,1,www.iona.edu/,73595,0,00273700,0.056,0,0.0053,0.3485,0.2615,0.5667,30,1167,3,NY,2731,0.4676,0.5324,0.0297,7e-4,0.0242,0.0879,0.3076,0.0022,0.0282,0.0348,0.4848,2025-05-19,191931,New York,10801-1890,"Mid East (DE ,DC, MD, NJ, NY, PA)",Private not-for-profit,No,No,Suburb: Large,"Westchester County, NY",Roman Catholic
Iowa State University,0.8913,20.504553187,12403,Ames,1,23309,1407463791,0.4624236966,0.1991840151,22869,0,0,https://www.iastate.edu/,63386,0,00186900,0.0491,0.2201,0.0118,0.182,0.1846,0.8504,NA,1199,3,IA,25033,0.5559,0.4441,0.0312,0.0012,0.0439,0.0262,0.072,6e-4,0.033,0.0213,0.7707,2025-05-19,153603,Iowa,50011-2103,"Plains (IA, KS, MN, MO, NE, ND, SD)",Public,No,No,City: Small,"Story County, IA",Not applicable
Ithaca College,0.6994,19.438294383,9593,Ithaca,2,66162,356782996,0.5863058631,0.1375752365,24000,0,0,www.ithaca.edu/,63548,0,00273900,0.0467,8e-4,0.0034,0.1222,0.1901,0.7583,NA,1285,3,NY,4350,0.4572,0.5428,0.0487,5e-4,0.0303,0.0457,0.1046,0.0011,0.0301,0.0163,0.7225,2025-05-19,191968,New York,14850-7002,"Mid East (DE ,DC, MD, NJ, NY, PA)",Private not-for-profit,No,No,Suburb: Small,"Tompkins County, NY",Not applicable
Jackson College,NA,25.118070953,7048,Jackson,1,15892,12732519,0.5227272727,0.4578696343,13875,0,0,www.jccmi.edu/,36898,0,00227400,0,0.0057,0,0.1461,0.3442,1,NA,NA,2,MI,3563,0.4095,0.5905,0.0502,0.0053,0.009,0.1603,0.0665,3e-4,0.0011,0.0668,0.6405,2025-05-19,170444,Michigan,49201-8399,"Great Lakes (IL, IN, MI, OH, WI)",Public,No,No,Rural: Fringe,"Jackson County, MI",Not applicable
Jackson State University,0.9103,23.338580576,7740,Jackson,1,28611,48933270,0.6464781217,0.3197217181,30470,1,0,https://www.jsums.edu/,39060,0,00241000,0.1335,0.0596,0.0036,0.124,0.6838,0.5847,NA,974,3,MS,4769,0.3638,0.6362,0.0061,0.004,0.0013,0.9486,0.0029,0.0023,0.0124,0.0029,0.0195,2025-05-19,175856,Mississippi,39217,"Southeast (AL, AR, FL, GA, KY, LA, MS, NC, SC, TN, VA, WV)",Public,Yes,No,City: Midsize,"Hinds County, MS",Not applicable
Jacksonville State University,0.7622,22.62058319,7774,Jacksonville,1,23422,14258774,0.5886792453,0.3637702504,22189,0,0,www.jsu.edu/,45235,0,00102000,0.1519,0,0.0021,0.1228,0.4309,0.6534,NA,1055,3,AL,7030,0.403,0.597,0.043,0.003,0.0065,0.2455,0.0516,0.0011,0.0309,0.0172,0.6011,2025-05-19,101480,Alabama,36265,"Southeast (AL, AR, FL, GA, KY, LA, MS, NC, SC, TN, VA, WV)",Public,No,No,City: Small,"Calhoun County, AL",Not applicable
Jacksonville University,0.5729,26.625,8295,Jacksonville,2,61414,55653324,0.664921466,0.356017192,22000,0,0,https://www.ju.edu/index.php,68010,0,00149500,0.024,0.0288,0.0032,0.1166,0.2993,0.5888,NA,1211,3,FL,2649,0.4035,0.5965,0.0464,0.0026,0.0227,0.1487,0.1601,0.0023,0.0506,0.0332,0.5334,2025-05-19,134945,Florida,32211-3394,"Southeast (AL, AR, FL, GA, KY, LA, MS, NC, SC, TN, VA, WV)",Private not-for-profit,No,No,City: Large,"Duval County, FL",Not applicable
James Madison University,0.7625,20.158063301,10428,Harrisonburg,1,30213,123393340,0.6132253203,0.2083089526,20093,0,0,www.jmu.edu/,69954,0,00372100,0.0372,0.0148,0.0094,0.1422,0.1683,0.8047,NA,1247,3,VA,20497,0.4307,0.5693,0.0513,0.0012,0.0494,0.0447,0.0787,0.0013,0.0071,0.0208,0.7455,2025-05-19,232423,Virginia,22807,"Southeast (AL, AR, FL, GA, KY, LA, MS, NC, SC, TN, VA, WV)",Public,No,No,City: Small,"Harrisonburg City, VA",Not applicable
Jarvis Christian University,NA,22.312790698,6908,Hawkins,2,25054,12073160,0.5162790698,0.4596443228,27000,1,0,www.jarvis.edu/,32992,0,00363700,0.0833,0,0,0.197,0.5226,0.3333,61,NA,3,TX,730,0.4726,0.5274,0.0151,0.0205,0.0014,0.6247,0.189,0.0014,0.0384,0.0849,0.0247,2025-05-19,225885,Texas,75765-1470,"Southwest (AZ, NM, OK, TX)",Private not-for-profit,Yes,No,Rural: Distant,"Wood County, TX",Christian Church (Disciples of Christ)
Jewish Theological Seminary of America,0.4507,19.7,12553,New York,2,80579,146103728,PS,PS,PS,0,0,www.jtsa.edu/,92751,0,00274000,0,0,0,0,0.0537,0.4915,80,1507,3,NY,172,0.436,0.564,0.0058,0,0.0058,0,0.0814,0,0.0116,0.0988,0.7965,2025-05-19,192040,New York,10027-4649,"Mid East (DE ,DC, MD, NJ, NY, PA)",Private not-for-profit,No,No,City: Large,"New York County, NY",Jewish
John Brown University,0.6764,24.157142857,7473,Siloam Springs,2,43260,156626155,0.6155844156,0.2888283379,21250,0,0,https://www.jbu.edu/,53907,0,00110000,0.0445,0.0623,0.0059,0.1958,0.2138,0.9558,NA,1222,3,AR,1415,0.4247,0.5753,0.0608,0.012,0.0177,0.0113,0.1187,0.0021,0.0912,0.0014,0.6848,2025-05-19,107141,Arkansas,72761,"Southeast (AL, AR, FL, GA, KY, LA, MS, NC, SC, TN, VA, WV)",Private not-for-profit,No,No,Town: Distant,"Benton County, AR",Not applicable
John Carroll University,0.811,19.999158249,10180,University Heights,2,62943,271247678,0.4663299663,0.1859861592,26000,0,0,jcu.edu/,62860,0,00305000,0.0276,0.0065,0.0114,0.3231,0.1978,1,30,1295,3,OH,2228,0.5413,0.4587,0.0296,0.0018,0.0292,0.0435,0.0471,0,0.0157,0.0031,0.8299,2025-05-19,203368,Ohio,44118-4581,"Great Lakes (IL, IN, MI, OH, WI)",Private not-for-profit,No,No,Suburb: Large,"Cuyahoga County, OH",Roman Catholic
John Paul the Great Catholic University,0.7929,21.014285714,7604,Escondido,2,47492,40942,0.4857142857,PS,26968,0,1,https://jpcatholic.edu/,56930,0,04193700,0,0,0,0.175,0.38,0.3143,30,1181,3,CA,297,0.5286,0.4714,0.0673,0.0101,0.064,0.0135,0.3333,0.0034,0.0168,0.1044,0.3872,2025-05-19,462354,California,92025,"Far West (AK ,CA ,HI, NV, OR, WA)",Private not-for-profit,No,No,Suburb: Large,"San Diego County, CA",Roman Catholic
Johns Hopkins University,0.0756,21.056953642,18373,Baltimore,2,81300,8244472000,0.517218543,0.1312714777,10250,0,0,www.jhu.edu/,87555,0,00207700,0,0.1967,0.0544,0,0.1976,0.965,NA,1553,3,MD,5617,0.4593,0.5407,0.0637,0.0014,0.2663,0.0949,0.2071,5e-4,0.1506,0.0153,0.2001,2025-05-19,162928,Maryland,21218-2688,"Mid East (DE ,DC, MD, NJ, NY, PA)",Private not-for-profit,No,No,City: Large,"Baltimore City, MD",Not applicable
Johnson & Wales University-Charlotte,0.7528,21.04166162,10380,Charlotte,2,55989,8861183,0.6353397118,0.3464140731,26000,0,0,https://www.jwu.edu/campuses/charlotte/,43418,0,00340410,0,0,0,0.1959,0.5193,1,NA,1015,3,NC,1126,0.3632,0.6368,0.0169,0.0071,0.0195,0.4343,0.1252,0,0.0178,0.0444,0.3348,2025-05-19,445708,North Carolina,28202,"Southeast (AL, AR, FL, GA, KY, LA, MS, NC, SC, TN, VA, WV)",Private not-for-profit,No,No,City: Large,"Mecklenburg County, NC",Not applicable
Johnson & Wales University-Providence,0.837,21.04166162,10490,Providence,2,58330,262037524,0.6353397118,0.3464140731,26000,0,0,https://www.jwu.edu/campuses/providence/,43418,0,00340400,0,0.0074,0,0.1922,0.3018,1,NA,1107,3,RI,3913,0.3813,0.6187,0.0189,0.0049,0.0396,0.1086,0.1472,0,0.0345,0.0465,0.5998,2025-05-19,217235,Rhode Island,02903-3703,"New England (CT, ME, MA, NH, R,I VT)",Private not-for-profit,No,No,City: Midsize,"Providence County, RI",Not applicable
Johnson C Smith University,0.4287,23.284491979,7307,Charlotte,2,34228,63445686,0.5860962567,0.3644171779,30000,1,0,https://www.jcsu.edu/,42680,0,00293600,0,0,0,0.2056,0.6778,0.5563,NA,NA,3,NC,1047,0.4909,0.5091,0.0019,0.0057,0.0019,0.7765,0.0038,0.001,0.0105,0.1929,0.0057,2025-05-19,198756,North Carolina,28216-5398,"Southeast (AL, AR, FL, GA, KY, LA, MS, NC, SC, TN, VA, WV)",Private not-for-profit,Yes,No,City: Large,"Mecklenburg County, NC",Not applicable
Johnson University,0.5377,22.166347992,6164,Knoxville,2,30424,126645568,0.4321223709,0.2545454545,21500,0,0,johnsonu.edu/,40596,0,00349500,0.1218,0,0,0.109,0.3827,1,48,1072,3,TN,703,0.4566,0.5434,0.0213,0.0028,0.0114,0.0526,0.0455,0,0.0413,0.0441,0.7809,2025-05-19,220473,Tennessee,37998,"Southeast (AL, AR, FL, GA, KY, LA, MS, NC, SC, TN, VA, WV)",Private not-for-profit,No,No,Rural: Fringe,"Knox County, TN",Christian Churches and Churches of Christ
Judson University,0.6312,26.304812834,6688,Elgin,2,43951,6962603,0.6131907308,0.3562753036,25000,0,0,www.judsonu.edu/,56313,0,00170000,0.0296,0,0.0099,0.3695,0.3972,0.2663,54,985,3,IL,780,0.5397,0.4603,0.0141,0.0026,0.0167,0.1038,0.3321,0.0013,0.0846,0.0731,0.3718,2025-05-19,146339,Illinois,60123-1498,"Great Lakes (IL, IN, MI, OH, WI)",Private not-for-profit,No,No,City: Midsize,"Kane County, IL",Baptist
Juniata College,0.7165,19.523890785,8913,Huntingdon,2,69241,122825013,0.5699658703,0.1996434938,27000,0,0,www.juniata.edu/,56918,0,00327900,0.0927,0.0199,0.0232,0.0993,0.2621,0.7405,NA,1185,3,PA,1175,0.4809,0.5191,0.0366,9e-4,0.0213,0.0485,0.0766,9e-4,0.0936,0.034,0.6877,2025-05-19,213251,Pennsylvania,16652-2196,"Mid East (DE ,DC, MD, NJ, NY, PA)",Private not-for-profit,No,No,Town: Distant,"Huntingdon County, PA",Not applicable
Kalamazoo College,0.7623,19.443373494,8832,Kalamazoo,2,71173,267031405,0.5831325301,0.1369509044,26077,0,0,https://www.kzoo.edu/,65590,0,00227500,0,0,0.0268,0.1107,0.2322,0.7958,NA,1270,3,MI,1175,0.4357,0.5643,0.0553,0.0017,0.046,0.0536,0.1745,0,0.034,0.0204,0.6145,2025-05-19,170532,Michigan,49006-3295,"Great Lakes (IL, IN, MI, OH, WI)",Private not-for-profit,No,No,City: Small,"Kalamazoo County, MI",Not applicable
Kansas Christian College,NA,30.355932203,2804,Overland Park,2,21889,NA,0.3474576271,0.4693877551,PS,0,0,https://www.kansaschristian.edu/,NA,0,02168900,0,0,0,0.75,0.5798,0.5455,57,NA,2,KS,143,0.7343,0.2657,0.0769,0.007,0.035,0.3287,0.1608,0.014,0.042,0.035,0.3007,2025-05-19,155308,Kansas,66204-1975,"Plains (IA, KS, MN, MO, NE, ND, SD)",Private not-for-profit,No,No,City: Midsize,"Johnson County, KS",Church of God
Kansas City Art Institute,0.6035,20.571428571,7438,Kansas City,2,57779,72034483,0.7338935574,0.2098765432,27000,0,0,www.kcai.edu/,37032,0,00247300,0,0,0,0,0.4173,0.4651,NA,NA,3,MO,782,0.2084,0.7916,0.0831,0.0038,0.0358,0.0806,0.1471,0,0.0128,0.0205,0.6164,2025-05-19,177746,Missouri,64111-1874,"Plains (IA, KS, MN, MO, NE, ND, SD)",Private not-for-profit,No,No,City: Large,"Jackson County, MO",Not applicable
Kansas State University,0.7936,21.087609305,10621,Manhattan,1,25441,912833425,0.5208711434,0.2247913769,21250,0,0,www.k-state.edu/,57262,0,00192800,0.0893,0.1047,0.0052,0.2468,0.1934,0.9,NA,1149,3,KS,14835,0.4929,0.5071,0.0378,0.0038,0.0187,0.0266,0.0913,9e-4,0.0169,0.0091,0.795,2025-05-19,155399,Kansas,66506,"Plains (IA, KS, MN, MO, NE, ND, SD)",Public,No,No,City: Small,"Riley County, KS",Not applicable
Kansas Wesleyan University,0.8498,20.901380671,6133,Salina,2,45683,38075690,0.4240631164,0.3304904051,23250,0,0,www.kwu.edu/,51152,0,00192900,0.08,0,0.008,0.264,0.4083,1,71,NA,3,KS,894,0.5716,0.4284,0.0649,0.0045,0.0145,0.1242,0.1846,0.0034,0.0369,0,0.5671,2025-05-19,155414,Kansas,67401-6196,"Plains (IA, KS, MN, MO, NE, ND, SD)",Private not-for-profit,No,No,Town: Remote,"Saline County, KS",United Methodist
Kean University,0.7688,23.383032491,9729,Union,1,24924,66447526,0.6236462094,0.4639848357,23250,0,1,https://www.kean.edu/,57237,0,00262200,0.0899,0,0.0108,0.2231,0.4631,0.2754,NA,1150,3,NJ,10842,0.3962,0.6038,0.0198,0.0013,0.0479,0.2042,0.3691,0.0012,0.0623,0.0419,0.2524,2025-05-19,185262,New Jersey,07083,"Mid East (DE ,DC, MD, NJ, NY, PA)",Public,No,No,Suburb: Large,"Union County, NJ",Not applicable
Keene State College,0.8909,19.903969957,10143,Keene,1,29524,51584518,0.5665236052,0.2299554566,25749,0,0,www.keene.edu/,54368,0,00259000,0.0947,0,0.0061,0.0809,0.2371,0.4607,NA,NA,3,NH,2680,0.4698,0.5302,0.031,0.0034,0.0134,0.0187,0.0493,4e-4,0.0022,0.034,0.8478,2025-05-19,183062,New Hampshire,03435-1506,"New England (CT, ME, MA, NH, R,I VT)",Public,No,No,Town: Distant,"Cheshire County, NH",Not applicable
Kehilath Yakov Rabbinical Seminary,NA,17.835820896,2273,Ossining,2,16625,NA,PS,PS,PS,0,0,kehilathyakov.com/,36442,0,01054900,0,0,0,0,0.8717,NA,80,NA,3,NY,206,1,0,0,0,0,0,0,0,0,0,1,2025-05-19,192165,New York,10562,"Mid East (DE ,DC, MD, NJ, NY, PA)",Private not-for-profit,No,No,Rural: Fringe,"Westchester County, NY",Jewish
Keiser University-Ft Lauderdale,0.9742,28.921110852,6062,Fort Lauderdale,2,45701,NA,0.7434210526,0.4765165664,26125,0,1,www.keiseruniversity.edu/,39696,0,02151900,0,0.0056,0,0.1003,0.5756,0.6188,NA,NA,2,FL,17370,0.2884,0.7116,0.0151,0.0072,0.0161,0.1873,0.2718,0.0033,0.0184,0.2676,0.2131,2025-05-19,135081,Florida,33309,"Southeast (AL, AR, FL, GA, KY, LA, MS, NC, SC, TN, VA, WV)",Private not-for-profit,No,No,City: Midsize,"Broward County, FL",Not applicable
Kennesaw State University,0.6918,22.639833737,9409,Kennesaw,1,24618,94030700,0.4741253897,0.2693773825,23833,0,0,www.kennesaw.edu/,57552,0,00157700,0.0465,0.1371,0.0055,0.1708,0.3538,0.6411,NA,1120,3,GA,39503,0.5029,0.4971,0.0487,0.0013,0.0582,0.2669,0.1565,0.001,0.0173,0.0241,0.4258,2025-05-19,486840,Georgia,30144,"Southeast (AL, AR, FL, GA, KY, LA, MS, NC, SC, TN, VA, WV)",Public,No,No,Suburb: Large,"Cobb County, GA",Not applicable
Kent State University at Ashtabula,NA,21.876885645,7938,Ashtabula,1,15897,NA,0.6364963504,0.3594029851,24500,0,0,www.kent.edu/ashtabula,45388,0,00305105,0,0,0,0.064,0.3444,0.4205,NA,NA,3,OH,1314,0.376,0.624,0.0381,0.0038,0.0129,0.0913,0.0472,0.0023,0.0068,0.0251,0.7725,2025-05-19,203447,Ohio,44004,"Great Lakes (IL, IN, MI, OH, WI)",Public,No,No,Town: Distant,"Ashtabula County, OH",Not applicable
Kent State University at Geauga,NA,21.876885645,7460,Burton,1,15225,NA,0.6364963504,0.3594029851,24500,0,0,www.kent.edu/geauga,45388,0,00305101,0,0,0,0.0838,0.2669,0.3778,NA,NA,3,OH,1547,0.3659,0.6341,0.0356,0.0019,0.0246,0.1416,0.0556,0,0.0045,0.0194,0.7169,2025-05-19,203526,Ohio,44021,"Great Lakes (IL, IN, MI, OH, WI)",Public,No,No,Rural: Fringe,"Geauga County, OH",Not applicable
Kent State University at Kent,0.8665,21.876885645,10310,Kent,1,29345,166657628,0.6364963504,0.3594029851,24500,0,0,www.kent.edu/,45388,0,00305100,0.092,0.0043,0.0056,0.2196,0.2737,0.5761,NA,1095,3,OH,19134,0.379,0.621,0.0407,0.0016,0.0233,0.0914,0.0454,7e-4,0.0321,0.0188,0.746,2025-05-19,203517,Ohio,44242-0001,"Great Lakes (IL, IN, MI, OH, WI)",Public,No,No,Suburb: Large,"Portage County, OH",Not applicable
Kent State University at Salem,NA,21.876885645,7598,Salem,1,15357,NA,0.6364963504,0.3594029851,24500,0,0,www.kent.edu/columbiana,45388,0,00305107,0.073,0,0,0.0365,0.3109,0.4559,NA,NA,3,OH,1127,0.2555,0.7445,0.0337,9e-4,0.0089,0.0728,0.0399,9e-4,0,0.024,0.819,2025-05-19,203492,Ohio,44460,"Great Lakes (IL, IN, MI, OH, WI)",Public,No,No,Rural: Fringe,"Columbiana County, OH",Not applicable
Kent State University at Stark,NA,21.876885645,8815,North Canton,1,15418,NA,0.6364963504,0.3594029851,24500,0,0,www.kent.edu/stark,45388,0,00305102,0,0,0,0,0.2903,0.5027,NA,NA,3,OH,2626,0.3595,0.6405,0.0453,8e-4,0.0141,0.0819,0.043,8e-4,0.0065,0.0168,0.7909,2025-05-19,203465,Ohio,44720-7599,"Great Lakes (IL, IN, MI, OH, WI)",Public,No,No,Suburb: Large,"Stark County, OH",Not applicable
Kent State University at Trumbull,NA,21.876885645,8750,Warren,1,16159,NA,0.6364963504,0.3594029851,24500,0,0,www.kent.edu/trumbull,45388,0,00305104,0,0,0,0.0717,0.3654,0.7,NA,NA,3,OH,1648,0.3841,0.6159,0.037,0.0012,0.0097,0.0856,0.0419,6e-4,0.0042,0.02,0.7998,2025-05-19,203474,Ohio,44483,"Great Lakes (IL, IN, MI, OH, WI)",Public,No,No,Suburb: Large,"Trumbull County, OH",Not applicable
Kent State University at Tuscarawas,NA,21.876885645,7922,New Philadelphia,1,16391,NA,0.6364963504,0.3594029851,24500,0,0,www.kent.edu/tusc,45388,0,00305103,0.0833,0,0,0.0644,0.3077,0.4237,NA,NA,3,OH,1502,0.3955,0.6045,0.03,0.002,0.0126,0.0632,0.0399,0,0.0047,0.0173,0.8302,2025-05-19,203483,Ohio,44663-9403,"Great Lakes (IL, IN, MI, OH, WI)",Public,No,No,Town: Distant,"Tuscarawas County, OH",Not applicable
Kentucky Christian University,0.6238,21.075163399,4911,Grayson,2,38893,7041656,0.4346405229,0.2957746479,22250,0,0,www.kcu.edu/,42375,0,00196500,0.1389,0,0,0.3472,0.3704,0.4328,48,1044,3,KY,438,0.6621,0.3379,0.0388,0.0023,0,0.1712,0.0616,0,0.0274,0.0137,0.6849,2025-05-19,157100,Kentucky,41143-1199,"Southeast (AL, AR, FL, GA, KY, LA, MS, NC, SC, TN, VA, WV)",Private not-for-profit,No,No,Town: Distant,"Carter County, KY",Christian Churches and Churches of Christ
Kentucky State University,0.9255,24.481065919,6891,Frankfort,1,21023,19063354,0.5764375877,0.4003215434,25938,1,0,www.kysu.edu/,36382,0,00196800,0.0919,0,0.0216,0.1081,0.5652,0.6149,NA,910,3,KY,1317,0.4047,0.5953,0.0395,0.0038,0.0046,0.814,0.0175,8e-4,0.0084,0.0311,0.0805,2025-05-19,157058,Kentucky,40601-2355,"Southeast (AL, AR, FL, GA, KY, LA, MS, NC, SC, TN, VA, WV)",Public,Yes,No,Town: Distant,"Franklin County, KY",Not applicable
Kentucky Wesleyan College,0.67,20.66745283,5975,Owensboro,2,43981,38714749,0.4551886792,0.3781094527,23250,0,0,https://kwc.edu/,46747,0,00196900,0.1034,0,0.0115,0.1437,0.4157,0.4421,71,1043,3,KY,794,0.4924,0.5076,0.0151,0.005,0.0176,0.1474,0.0353,0,0.039,0.1045,0.636,2025-05-19,157076,Kentucky,42301,"Southeast (AL, AR, FL, GA, KY, LA, MS, NC, SC, TN, VA, WV)",Private not-for-profit,No,No,City: Small,"Daviess County, KY",United Methodist
Kenyon College,0.3071,19.404494382,9723,Gambier,2,83800,517006638,0.5280898876,PS,18527,0,0,https://www.kenyon.edu/,71830,0,00306500,0,0,0.0323,0,0.1008,0.9827,NA,1440,3,OH,1753,0.4358,0.5642,0.0588,0,0.0473,0.0245,0.0759,6e-4,0.1147,0.0114,0.6669,2025-05-19,203535,Ohio,43022,"Great Lakes (IL, IN, MI, OH, WI)",Private not-for-profit,No,No,Town: Distant,"Knox County, OH",Not applicable
Kettering College,0.8286,24.990415335,7826,Kettering,2,26365,3559572,0.8913738019,0.4026845638,23500,0,0,kc.edu/,67492,0,00703500,0,0,0,0,0.2419,0.6465,95,1120,3,OH,543,0.1381,0.8619,0.0203,0.0018,0.0387,0.0884,0.0387,0.0037,0.1087,0.0276,0.6722,2025-05-19,203544,Ohio,45429-1299,"Great Lakes (IL, IN, MI, OH, WI)",Private not-for-profit,No,No,Suburb: Large,"Montgomery County, OH",Seventh Day Adventist
Kettering University,0.7909,19.694785276,9193,Flint,2,58610,102189065,0.1901840491,0.1818181818,27000,0,0,https://www.kettering.edu/,94823,0,00226200,0,0.8203,0.0145,0.029,0.1681,1,NA,1219,3,MI,1279,0.8006,0.1994,0.0399,8e-4,0.0665,0.043,0.0422,8e-4,0.0258,0.0195,0.7615,2025-05-19,169983,Michigan,48504-6214,"Great Lakes (IL, IN, MI, OH, WI)",Private not-for-profit,No,No,City: Small,"Genesee County, MI",Not applicable
Keuka College,0.9388,25.170651278,6359,Keuka Park,2,53506,16694095,0.7584501237,0.3820840951,27000,0,0,https://www.keuka.edu/,58289,0,00274400,0.1015,0,0.015,0.1729,0.4355,0.9672,NA,1090,3,NY,920,0.2609,0.7391,0.0337,0.0022,0.0065,0.0565,0.0739,0.0011,0.0022,0.0163,0.8076,2025-05-19,192192,New York,14478,"Mid East (DE ,DC, MD, NJ, NY, PA)",Private not-for-profit,No,No,Town: Distant,"Yates County, NY",Not applicable
Keystone College,0.796,21.785620915,5591,La Plume,2,31742,4536280,0.5947712418,0.4772393539,26000,0,0,https://www.keystone.edu/,44976,0,00328000,0.1652,0,0,0.1696,0.4481,0.3233,NA,1030,3,PA,870,0.4989,0.5011,0.0322,0.0092,0.0069,0.1471,0.0782,0.0011,0.0092,0.046,0.6701,2025-05-19,213303,Pennsylvania,18440-0200,"Mid East (DE ,DC, MD, NJ, NY, PA)",Private not-for-profit,No,No,Suburb: Large,"Wyoming County, PA",Not applicable
King's College,0.932,19.949038462,8854,Wilkes-Barre,2,56991,124166506,0.5028846154,0.2935779817,27000,0,0,www.kings.edu/,59498,0,00328200,0.0349,0.0349,0.0075,0.2918,0.2729,0.6593,30,1150,3,PA,1519,0.526,0.474,0.027,0.0013,0.029,0.0553,0.1231,0,0.0125,0.0092,0.7426,2025-05-19,213321,Pennsylvania,18711-0801,"Mid East (DE ,DC, MD, NJ, NY, PA)",Private not-for-profit,No,No,City: Small,"Luzerne County, PA",Roman Catholic
King University,0.5439,29.816656681,5262,Bristol,2,47469,37562390,0.6662672259,0.510805501,22750,0,0,https://www.king.edu/,59831,0,00349600,0.0268,0,0.0214,0.2493,0.4188,0.5983,66,NA,3,TN,975,0.3969,0.6031,0.0379,0.0051,0.0051,0.0656,0.079,0.0031,0.0492,0.0195,0.7354,2025-05-19,220516,Tennessee,37620-2699,"Southeast (AL, AR, FL, GA, KY, LA, MS, NC, SC, TN, VA, WV)",Private not-for-profit,No,No,City: Small,"Sullivan County, TN",Presbyterian Church (USA)
Knox College,0.7113,19.565464896,6681,Galesburg,2,65796,182154504,0.605313093,0.2784552846,27000,0,0,https://www.knox.edu/,54820,0,00170400,0.0658,0,0.0165,0.107,0.2972,0.7152,NA,1250,3,IL,997,0.4794,0.5206,0.0552,0.003,0.0401,0.0582,0.1284,0.001,0.1956,0.0341,0.4845,2025-05-19,146427,Illinois,61401-9999,"Great Lakes (IL, IN, MI, OH, WI)",Private not-for-profit,No,No,Town: Distant,"Knox County, IL",Not applicable
Kutztown University of Pennsylvania,0.9483,20.518536585,10647,Kutztown,1,28876,39294055,0.5407317073,0.3466419884,26000,0,0,https://www.kutztown.edu/,53775,0,00332200,0.1966,0,0.0071,0.1687,0.3063,0.8044,NA,1170,3,PA,6348,0.4324,0.5676,0.0372,9e-4,0.0211,0.0712,0.1292,8e-4,0.0123,0.0139,0.7135,2025-05-19,213349,Pennsylvania,19530-0730,"Mid East (DE ,DC, MD, NJ, NY, PA)",Public,No,No,Town: Fringe,"Berks County, PA",Not applicable
Kuyper College,0.3385,21.021052632,5454,Grand Rapids,2,37282,5142059,0.5263157895,PS,21389,0,0,https://www.kuyper.edu/,41066,0,00231100,0.0526,0,0,0.1579,0.3165,0.4545,79,NA,3,MI,119,0.6134,0.3866,0.0336,0,0.0252,0.2773,0.1008,0,0.0252,0.0252,0.5126,2025-05-19,171881,Michigan,49525-9781,"Great Lakes (IL, IN, MI, OH, WI)",Private not-for-profit,No,No,Suburb: Large,"Kent County, MI",Other Protestant
La Roche University,0.7761,22.210287443,7270,Pittsburgh,2,45623,12505244,0.6338880484,0.3569131833,25000,0,0,www.laroche.edu/,52341,0,00398700,0.0586,0,0.009,0.1532,0.1386,0.3529,30,1140,3,PA,786,0.4224,0.5776,0.0407,0,0.014,0.0611,0.0547,0,0.1705,0.0407,0.6183,2025-05-19,213358,Pennsylvania,15237-5898,"Mid East (DE ,DC, MD, NJ, NY, PA)",Private not-for-profit,No,No,Suburb: Large,"Allegheny County, PA",Roman Catholic
La Salle University,0.8619,21.867671692,9325,Philadelphia,2,45046,83366648,0.6365159129,0.3697585769,25000,0,0,www.lasalle.edu/,67416,0,00328700,0.038,0,0.0117,0.2569,0.3264,0.449,30,NA,3,PA,1966,0.351,0.649,0.0346,0.001,0.0514,0.2457,0.203,0,0.056,0.0102,0.3983,2025-05-19,213367,Pennsylvania,19141-1199,"Mid East (DE ,DC, MD, NJ, NY, PA)",Private not-for-profit,No,No,City: Large,"Philadelphia County, PA",Roman Catholic
La Sierra University,0.933,21.089770355,8180,Riverside,2,49365,22453216,0.633611691,0.3961584634,27000,0,1,https://lasierra.edu/,61824,0,00121500,0,0,0,0.1282,0.4735,0.4573,95,NA,3,CA,1155,0.43120000000000003,0.5688,0.0623,9e-4,0.1706,0.0701,0.5177,0.0078,0.0762,0.0017,0.0926,2025-05-19,117627,California,92505-8247,"Far West (AK ,CA ,HI, NV, OR, WA)",Private not-for-profit,No,No,City: Large,"Riverside County, CA",Seventh Day Adventist
Laboure College of Healthcare,0.4054,31.114323259,7514,Milton,2,NA,7424595,0.9053876478,0.4510779436,25250,0,0,https://www.laboure.edu/,62200,0,00632400,0,0,0,0,0.3664,0.1667,NA,NA,2,MA,717,0.1172,0.8828,0.0265,0,0.0321,0.4282,0.1269,0.0028,0.0153,0.0446,0.3236,2025-05-19,165264,Massachusetts,02186,"New England (CT, ME, MA, NH, R,I VT)",Private not-for-profit,No,No,Suburb: Large,"Norfolk County, MA",Roman Catholic
Lackawanna College,NA,22.713027061,4253,Scranton,2,28849,8995369,0.4033983638,0.4690909091,18075,0,0,https://www.lackawanna.edu/,41000,0,00328300,0,0,0,0.2491,0.5814,1,NA,NA,2,PA,1837,0.399,0.601,0.0289,0.0038,0.0125,0.1606,0.1911,0.0016,0.0049,0.0827,0.5139,2025-05-19,213376,Pennsylvania,18509-3206,"Mid East (DE ,DC, MD, NJ, NY, PA)",Private not-for-profit,No,No,City: Small,"Lackawanna County, PA",Not applicable
Lafayette College,0.3147,19.324034335,12573,Easton,2,78854,1021802000,0.5793991416,0.1484018265,16000,0,0,https://www.lafayette.edu/,91410,0,00328400,0,0.211,0.0283,0,0.103,0.8413,66,1419,3,PA,2746,0.5109,0.4891,0.0455,0.0015,0.0371,0.0564,0.0885,0,0.0681,0.02,0.6828,2025-05-19,213385,Pennsylvania,18042-1768,"Mid East (DE ,DC, MD, NJ, NY, PA)",Private not-for-profit,No,No,Suburb: Large,"Northampton County, PA",Presbyterian Church (USA)
LaGrange College,0.6321,21.045075125,6913,Lagrange,2,47370,54064652,0.4323873122,0.2545126354,25730,0,0,www.lagrange.edu/,51745,0,00157800,0.0308,0,0.0154,0.2,0.4366,1,71,NA,3,GA,566,0.5795,0.4205,0.0371,0.0053,0.0106,0.265,0.0671,0,0.0124,0,0.6025,2025-05-19,140234,Georgia,30240-2999,"Southeast (AL, AR, FL, GA, KY, LA, MS, NC, SC, TN, VA, WV)",Private not-for-profit,No,No,Town: Distant,"Troup County, GA",United Methodist
Laguna College of Art and Design,0.7761,21.415458937,7673,Laguna Beach,2,56183,3498204,0.7198067633,0.219895288,27000,0,0,www.lcad.edu/,47867,0,02330500,0,0,0,0,0.3141,0.1148,NA,NA,3,CA,776,0.2513,0.7487,0.0786,0.0052,0.1778,0.0206,0.2255,0.0039,0.0425,0.0064,0.4394,2025-05-19,117168,California,92651,"Far West (AK ,CA ,HI, NV, OR, WA)",Private not-for-profit,No,No,Rural: Fringe,"Orange County, CA",Not applicable
Lake-Sumter State College,NA,23.595979248,6485,Leesburg,1,12292,13903847,0.6335927367,0.4565217391,6750,0,1,www.lssc.edu/,39876,0,00150200,0,0,0,0.0808,0.3002,0.4085,NA,NA,2,FL,3572,0.3813,0.6187,0.0218,0.0073,0.0398,0.1271,0.2982,0.0031,0.0084,0.0244,0.47,2025-05-19,135188,Florida,34788-8751,"Southeast (AL, AR, FL, GA, KY, LA, MS, NC, SC, TN, VA, WV)",Public,No,No,Suburb: Midsize,"Lake County, FL",Not applicable
Lake Erie College,0.6412,20.422222222,5560,Painesville,2,48278,33541234,0.4422222222,0.327014218,26000,0,0,www.lec.edu/,50417,0,00306600,0.1271,0,0.0339,0.2373,0.29,0.5321,NA,1114,3,OH,678,0.5796,0.4204,0.0236,0.0192,0.0029,0.1401,0.0885,0,0.0428,0.1313,0.5516,2025-05-19,203580,Ohio,44077-3389,"Great Lakes (IL, IN, MI, OH, WI)",Private not-for-profit,No,No,Suburb: Large,"Lake County, OH",Not applicable
Lake Forest College,0.5941,19.898648649,8936,Lake Forest,2,68191,105290305,0.6030405405,0.2458715596,26158,0,0,www.lakeforest.edu/,61825,0,00170600,0.0028,0,0.0194,0.2028,0.3515,0.5959,NA,1309,3,IL,1782,0.4248,0.5752,0.0342,0.0022,0.0629,0.0337,0.1852,0,0.1829,0.0325,0.4663,2025-05-19,146481,Illinois,60045-2399,"Great Lakes (IL, IN, MI, OH, WI)",Private not-for-profit,No,No,Suburb: Large,"Lake County, IL",Not applicable
Lake Superior State University,0.6801,21.388829216,7639,Sault Ste Marie,1,25757,31641300,0.5563909774,0.3303167421,23250,0,0,www.lssu.edu/,49045,0,00229300,0.0597,0.0531,0.0044,0.1283,0.2906,0.9474,NA,NA,3,MI,1391,0.445,0.555,0.046,0.0654,0.0079,0.0144,0.005,0.0014,0.0661,0.0625,0.7311,2025-05-19,170639,Michigan,49783,"Great Lakes (IL, IN, MI, OH, WI)",Public,No,No,Town: Remote,"Chippewa County, MI",Not applicable
Lake Washington Institute of Technology,NA,29.924130664,9325,Kirkland,1,15351,479871,0.5479452055,0.4133165829,15047,0,0,https://www.lwtech.edu/,50669,0,00537300,0.2207,0.0058,0,0.1033,0.1197,0.9778,NA,NA,1,WA,2179,0.4006,0.5994,0.0679,0.0046,0.1152,0.0574,0.1744,0.0018,0.0776,0.0991,0.402,2025-05-19,235699,Washington,98034-8506,"Far West (AK ,CA ,HI, NV, OR, WA)",Public,No,No,Suburb: Large,"King County, WA",Not applicable
Lakeland University,0.9109,27.183783784,7642,Plymouth,2,45751,18777358,0.5765765766,0.4363636364,25000,0,0,www.lakeland.edu/,55961,0,00385400,0.0295,0,0,0.6032,0.2898,0.1561,76,NA,3,WI,1230,0.4374,0.5626,0.0293,0.0065,0.0358,0.1041,0.0813,0,0.0057,0.1016,0.6358,2025-05-19,238980,Wisconsin,53073,"Great Lakes (IL, IN, MI, OH, WI)",Private not-for-profit,No,No,Rural: Fringe,"Sheboygan County, WI",United Church of Christ
Lamar University,0.8573,25.370237562,8923,Beaumont,1,21626,147481501,0.653966831,0.4325285896,21250,0,0,www.lamar.edu/,49652,0,00358100,0,0.117,0.0084,0.1859,0.438,0.7943,NA,1040,3,TX,7945,0.4034,0.5966,0.016,0.0029,0.0512,0.2876,0.2389,8e-4,0.0102,0.0053,0.3872,2025-05-19,226091,Texas,77705,"Southwest (AZ, NM, OK, TX)",Public,No,No,City: Midsize,"Jefferson County, TX",Not applicable
Lancaster Bible College,0.9519,29.183411215,6017,Lancaster,2,40813,16433152,0.5093457944,0.3549668874,20500,0,0,https://www.lbc.edu/,44096,0,00328500,0.0993,0,0,0.1623,0.3047,0.1366,NA,1161,3,PA,1511,0.4705,0.5295,0.0357,0.0053,0.0113,0.2396,0.0225,0.0026,0,0.0377,0.6453,2025-05-19,213400,Pennsylvania,17601-5036,"Mid East (DE ,DC, MD, NJ, NY, PA)",Private not-for-profit,No,No,Suburb: Large,"Lancaster County, PA",Not applicable
Lander University,0.6792,20.109598854,7140,Greenwood,1,26069,21326094,0.7127507163,0.317092034,25000,0,0,https://www.lander.edu/,42396,0,00343500,0.0996,0,0,0.2738,0.3974,0.5166,NA,1057,3,SC,3384,0.3186,0.6814,0.0502,0.0062,0.0027,0.2376,0.0165,0.008,0.0272,0.003,0.6486,2025-05-19,218229,South Carolina,29649-2099,"Southeast (AL, AR, FL, GA, KY, LA, MS, NC, SC, TN, VA, WV)",Public,No,No,Town: Distant,"Greenwood County, SC",Not applicable
Landmark College,0.4365,21.187165775,7020,Putney,2,81895,24424859,0.2994652406,PS,17500,0,0,www.landmark.edu/,29813,0,02532600,0,0,0,0.028,0.1436,1,NA,NA,2,VT,480,0.6396,0.3604,0.0604,0.0042,0.0188,0.0479,0.0625,0,0.0188,0.0646,0.7229,2025-05-19,247649,Vermont,05346,"New England (CT, ME, MA, NH, R,I VT)",Private not-for-profit,No,No,Rural: Distant,"Windham County, VT",Not applicable
Lane College,NA,20.726242371,5538,Jackson,2,23608,6436292,0.4298169137,0.4483870968,30500,1,0,www.lanecollege.edu/,31670,0,00349900,0.137,0,0.0068,0.1781,0.7941,1,55,NA,3,TN,822,0.5657,0.4343,0.0097,0,0.0024,0.7944,0.0328,0.0012,0.0207,0.1204,0.0182,2025-05-19,220598,Tennessee,38301-4598,"Southeast (AL, AR, FL, GA, KY, LA, MS, NC, SC, TN, VA, WV)",Private not-for-profit,Yes,No,City: Small,"Madison County, TN",Christian Methodist Episcopal
Langston University,NA,21.671983356,6242,Langston,1,21012,50304557,0.6067961165,0.3640776699,26000,1,0,www.langston.edu/,33261,0,00315700,0.1118,0.0064,0,0.0927,0.6843,0.8194,NA,NA,3,OK,1743,0.4137,0.5863,0.0327,0.0631,0.0029,0.7613,0.0465,0.0011,0.0402,0.0149,0.0373,2025-05-19,207209,Oklahoma,73050,"Southwest (AZ, NM, OK, TX)",Public,Yes,No,Rural: Distant,"Logan County, OK",Not applicable
Laredo College,NA,21.024931439,7452,Laredo,1,11323,3355185,0.5263026677,0.5432893466,2959,0,1,www.laredo.edu/,33934,0,00358200,0,0,0,0.0836,0.3847,0.5652,NA,NA,2,TX,5086,0.4127,0.5873,0,8e-4,0.0026,0.0016,0.9536,0,0.0012,0.0181,0.0222,2025-05-19,226134,Texas,78040-4395,"Southwest (AZ, NM, OK, TX)",Public,No,No,City: Large,"Webb County, TX",Not applicable
Lasell University,0.8225,19.738986784,8677,Newton,2,63387,46128982,0.6674008811,0.2880952381,26000,0,0,www.lasell.edu/,49705,0,00215800,0.0623,0,0,0.3027,0.3224,0.3587,NA,1159,3,MA,1152,0.3411,0.6589,0.0304,0,0.0269,0.0998,0.145,9e-4,0.0191,0.0451,0.6328,2025-05-19,166391,Massachusetts,02466,"New England (CT, ME, MA, NH, R,I VT)",Private not-for-profit,No,No,City: Small,"Middlesex County, MA",Not applicable
Lawrence Technological University,0.8025,21.127527216,8939,Southfield,2,54266,47684469,0.2814930016,0.2227722772,27000,0,0,www.ltu.edu/,69151,0,00227900,0,0.4358,0.0076,0.068,0.1654,0.3861,NA,NA,3,MI,1701,0.6966,0.3034,0.0364,0.0029,0.0341,0.1088,0.0459,0.0024,0.1141,0.0229,0.6326,2025-05-19,170675,Michigan,48075-1058,"Great Lakes (IL, IN, MI, OH, WI)",Private not-for-profit,No,No,City: Small,"Oakland County, MI",Not applicable
Lawrence University,0.6303,19.598698482,8762,Appleton,2,67824,440838808,0.5249457701,0.1739130435,26000,0,0,https://www.lawrence.edu/,55789,0,00385600,0.0403,0,0.0259,0,0.2076,0.8243,NA,1349,3,WI,1394,0.4648,0.5352,0.0545,0.0029,0.0481,0.0366,0.1112,7e-4,0.1155,0.0215,0.609,2025-05-19,239017,Wisconsin,54911,"Great Lakes (IL, IN, MI, OH, WI)",Private not-for-profit,No,No,City: Small,"Outagamie County, WI",Not applicable
Le Moyne-Owen College,0.9717,23.534818942,5752,Memphis,2,19270,13569823,0.6448467967,0.4876847291,28070,1,0,www.loc.edu/,35594,0,00350100,0,0,0,0.1525,0.7126,0.3796,78,NA,3,TN,571,0.3888,0.6112,0,0.0035,0,0.9457,0.0088,0,0.0368,0,0.0053,2025-05-19,220604,Tennessee,38126-6595,"Southeast (AL, AR, FL, GA, KY, LA, MS, NC, SC, TN, VA, WV)",Private not-for-profit,Yes,No,City: Large,"Shelby County, TN",Multiple Protestant Denomination
Le Moyne College,0.7529,20.475609756,8957,Syracuse,2,51033,244805166,0.6018651363,0.2229007634,23000,0,0,www.lemoyne.edu/,62731,0,00274800,0,0,0.0134,0.2832,0.2996,0.5536,30,1260,3,NY,2434,0.4051,0.5949,0.0333,0.0016,0.0423,0.0748,0.0892,4e-4,0.0214,0.0123,0.7247,2025-05-19,192323,New York,13214-1301,"Mid East (DE ,DC, MD, NJ, NY, PA)",Private not-for-profit,No,No,Suburb: Large,"Onondaga County, NY",Roman Catholic
Lebanon Valley College,0.7453,19.785628743,8256,Annville,2,63990,81052751,0.5437125749,0.2760814249,27000,0,0,www.lvc.edu/,62621,0,00328800,0.1088,0,0.0106,0.1883,0.2193,0.4796,71,1190,3,PA,1670,0.4419,0.5581,0.0329,0.0012,0.0216,0.0263,0.0647,6e-4,0.0096,0.0084,0.8347,2025-05-19,213507,Pennsylvania,17003-1400,"Mid East (DE ,DC, MD, NJ, NY, PA)",Private not-for-profit,No,No,Suburb: Small,"Lebanon County, PA",United Methodist
Lee University,0.7219,23.27933541,7600,Cleveland,2,34299,27776527,0.5898234683,0.3121897408,25750,0,0,www.leeuniversity.edu/,43222,0,00350000,0.0817,0.0012,0.0061,0.1512,0.2673,0.8872,57,1144,3,TN,2712,0.3827,0.6173,0.052,0.0037,0.0133,0.045,0.0133,0.0022,0.0265,0.0258,0.8182,2025-05-19,220613,Tennessee,37311,"Southeast (AL, AR, FL, GA, KY, LA, MS, NC, SC, TN, VA, WV)",Private not-for-profit,No,No,City: Small,"Bradley County, TN",Church of God
Lees-McRae College,0.8075,25.192245557,5630,Banner Elk,2,45886,36350969,0.6672051696,0.401384083,17375,0,0,www.lmc.edu/,43415,0,00293900,0.1043,0,0,0.0664,0.3743,0.521,66,NA,3,NC,817,0.3329,0.6671,0.0147,0.0086,0.0171,0.0832,0.0526,0.0024,0.0404,0.0404,0.7405,2025-05-19,198808,North Carolina,28604,"Southeast (AL, AR, FL, GA, KY, LA, MS, NC, SC, TN, VA, WV)",Private not-for-profit,No,No,Rural: Distant,"Avery County, NC",Presbyterian Church (USA)
Lehigh University,0.2926,20.058823529,15047,Bethlehem,2,77515,1679807000,0.4475357711,0.1687657431,21960,0,0,www.lehigh.edu/,105584,0,00328900,0,0.2355,0.0139,0.2703,0.178,0.8576,NA,1432,3,PA,5803,0.5247,0.4753,0.0431,0.0012,0.108,0.0514,0.1086,3e-4,0.0755,0.024,0.588,2025-05-19,213543,Pennsylvania,18015,"Mid East (DE ,DC, MD, NJ, NY, PA)",Private not-for-profit,No,No,City: Small,"Northampton County, PA",Not applicable
Lenoir-Rhyne University,0.8068,20.438730853,7762,Hickory,2,57649,136615092,0.6028446389,0.3166069295,26000,0,0,www.lr.edu/,45543,0,00294100,0.0808,0,0.006,0.2186,0.3976,1,39,NA,3,NC,1348,0.4503,0.5497,0.0512,0.0059,0.0215,0.138,0.0875,7e-4,0.069,0.0215,0.6046,2025-05-19,198835,North Carolina,28601,"Southeast (AL, AR, FL, GA, KY, LA, MS, NC, SC, TN, VA, WV)",Private not-for-profit,No,No,City: Small,"Catawba County, NC",Evangelical Lutheran Church
Lesley University,0.9442,23.696428571,8931,Cambridge,2,49226,186630620,0.7928571429,0.2874251497,21000,0,0,www.lesley.edu/,51173,0,00216000,0.1009,0,0,0.0403,0.2825,0.3375,NA,NA,3,MA,1252,0.274,0.726,0.0439,0.0048,0.0543,0.0839,0.1861,0,0.0343,0.0631,0.5296,2025-05-19,166452,Massachusetts,02138-2790,"New England (CT, ME, MA, NH, R,I VT)",Private not-for-profit,No,No,City: Midsize,"Middlesex County, MA",Not applicable
LeTourneau University,0.4068,27.539832285,6436,Longview,2,48206,25621542,0.5167714885,0.3405714286,26000,0,0,www.letu.edu/,57103,0,00358400,0.1008,0.2267,0.0101,0.1184,0.134,0.3345,42,1262,3,TX,1510,0.6325,0.3675,0.0583,0.0126,0.0219,0.0517,0.053,7e-4,0.0497,0.0338,0.7185,2025-05-19,226231,Texas,75602,"Southwest (AZ, NM, OK, TX)",Private not-for-profit,No,No,City: Small,"Gregg County, TX",Interdenominational
Lewis-Clark State College,0.8978,25.071305348,7400,Lewiston,1,18646,11514532,0.6354226567,0.4047013977,18500,0,0,www.lcsc.edu/,46001,0,00162100,0.0442,0.0011,0.0011,0.1062,0.2401,0.9739,NA,NA,3,ID,2277,0.3527,0.6473,0.0518,0.0211,0.0105,0.0105,0.0931,0.0022,0.0206,0.0347,0.7554,2025-05-19,142328,Idaho,83501-2698,"Rocky Mountains (CO, ID, MT, UT, WY)",Public,No,No,City: Small,"Nez Perce County, ID",Not applicable
Lewis & Clark College,0.7453,19.694256757,10807,Portland,2,76690,322345847,0.6199324324,0.173380035,19500,0,0,www.lclark.edu/,62205,0,00319700,0,0,0.0164,0,0.1928,0.9579,NA,1321,3,OR,2167,0.3636,0.6364,0.0858,0,0.0461,0.0268,0.1246,0.0023,0.0512,0.0078,0.6553,2025-05-19,209056,Oregon,97219-7899,"Far West (AK ,CA ,HI, NV, OR, WA)",Private not-for-profit,No,No,City: Large,"Multnomah County, OR",Not applicable
Lewis University,0.7273,22.443587271,10057,Romeoville,2,45843,100755611,0.5491803279,0.3940031562,21500,0,0,www.lewisu.edu/,66099,0,00170700,0.0858,9e-4,0.0047,0.1849,0.3089,0.4675,30,1117,3,IL,3665,0.5154,0.4846,0.0327,0.0016,0.0756,0.0625,0.2521,0.0011,0.0297,0.0136,0.531,2025-05-19,146612,Illinois,60446-2200,"Great Lakes (IL, IN, MI, OH, WI)",Private not-for-profit,No,No,Suburb: Large,"Will County, IL",Roman Catholic
Liberty University,0.9932,30.939533995,8042,Lynchburg,2,41707,2169446963,0.6439648587,0.4239865593,24500,0,0,https://www.liberty.edu/,44813,0,02053000,0.0734,0.0072,0.0051,0.1821,0.3908,0.1555,102,NA,3,VA,50059,0.4457,0.5543,0.0414,0.004,0.0173,0.0983,0.0744,0.0023,0.0085,0.1777,0.576,2025-05-19,232557,Virginia,24515,"Southeast (AL, AR, FL, GA, KY, LA, MS, NC, SC, TN, VA, WV)",Private not-for-profit,No,No,City: Small,"Lynchburg City, VA",Evangelical Christian
Life Pacific University,0.9395,21.878594249,6177,San Dimas,2,33193,4376960,0.552715655,0.3714285714,22395,0,1,https://lifepacific.edu/,43299,0,02270600,0,0,0,0.2222,0.4861,0.2833,79,NA,3,CA,393,0.4427,0.5573,0.0509,0.0102,0.0433,0.0712,0.4249,0.0025,0.0051,0.0331,0.3588,2025-05-19,117104,California,91773-3298,"Far West (AK ,CA ,HI, NV, OR, WA)",Private not-for-profit,No,No,Suburb: Large,"Los Angeles County, CA",Other Protestant
Life University,0.9381,24.52259332,7493,Marietta,2,41192,3477455,0.5776031434,0.2921108742,16666,0,0,www.life.edu/,47397,0,02074800,0,0,0,0.141,0.3923,0.5421,NA,994,3,GA,869,0.5201,0.4799,0,0.0219,0.0299,0.2555,0.1922,0,0.1646,0.0334,0.3026,2025-05-19,140252,Georgia,30060,"Southeast (AL, AR, FL, GA, KY, LA, MS, NC, SC, TN, VA, WV)",Private not-for-profit,No,No,City: Small,"Cobb County, GA",Not applicable
Limestone University,0.9828,27.422281167,6294,Gaffney,2,40944,22481415,0.5612732095,0.429598562,27639,0,0,www.limestone.edu/,44999,0,00343600,0.0388,0,0.0026,0.3721,0.4345,1,NA,NA,3,SC,1528,0.5007,0.4993,0.0144,0.0052,0.0085,0.1918,0.1315,0,0.0065,0.2539,0.3881,2025-05-19,218238,South Carolina,29340-3799,"Southeast (AL, AR, FL, GA, KY, LA, MS, NC, SC, TN, VA, WV)",Private not-for-profit,No,No,Town: Fringe,"Cherokee County, SC",Not applicable
Lincoln Memorial University,0.5927,24.328871893,7112,Harrogate,2,39096,48282346,0.7476099426,0.4148606811,20000,0,0,www.lmunet.edu/,49956,0,00350200,0.0177,0,0.0126,0.1061,0.3635,0.5893,NA,1093,3,TN,1487,0.31,0.69,0,0.0128,0.0235,0.0451,0.0511,0.0013,0.0726,0.0208,0.7727,2025-05-19,220631,Tennessee,37752-9900,"Southeast (AL, AR, FL, GA, KY, LA, MS, NC, SC, TN, VA, WV)",Private not-for-profit,No,No,Town: Distant,"Claiborne County, TN",Not applicable
Lincoln University,0.7837,21.646828504,9522,Lincoln University,1,27358,48966814,0.6147220047,0.3862134089,28250,1,0,www.lincoln.edu/,43167,0,00329000,0,0.0099,0.0033,0.0891,0.663,1,NA,984,3,PA,1712,0.34,0.66,0.0438,0.0029,0.0012,0.8324,0.0648,6e-4,0.0269,0.021,0.0064,2025-05-19,213598,Pennsylvania,19352-0999,"Mid East (DE ,DC, MD, NJ, NY, PA)",Public,Yes,No,Suburb: Large,"Chester County, PA",Not applicable
Lincoln University,0.7837,21.646828504,9522,Lincoln University,1,27358,48966814,0.6147220047,0.3862134089,28250,1,0,www.lincoln.edu/,43167,0,00329000,0,0.0099,0.0033,0.0891,0.663,1,NA,984,3,PA,1712,0.34,0.66,0.0438,0.0029,0.0012,0.8324,0.0648,6e-4,0.0269,0.021,0.0064,2025-05-19,117557,California,94612-2801,"Far West (AK ,CA ,HI, NV, OR, WA)",Private not-for-profit,No,No,City: Large,"Alameda County, CA",Not applicable
Lincoln University,0.7837,21.646828504,9522,Lincoln University,1,27358,48966814,0.6147220047,0.3862134089,28250,1,0,www.lincoln.edu/,43167,0,00329000,0,0.0099,0.0033,0.0891,0.663,1,NA,984,3,PA,1712,0.34,0.66,0.0438,0.0029,0.0012,0.8324,0.0648,6e-4,0.0269,0.021,0.0064,2025-05-19,177940,Missouri,65101,"Plains (IA, KS, MN, MO, NE, ND, SD)",Public,Yes,No,City: Small,"Cole County, MO",Not applicable
Lincoln University,NA,26.117647059,5583,Oakland,2,NA,NA,PS,PS,PS,0,0,https://lincolnuca.edu/,53695,0,00697500,0,0,0,0.5,0,0.3793,NA,NA,3,CA,223,0.7623,0.2377,0,0,0.0135,0.4978,0.0493,0,0.3543,0,0.0852,2025-05-19,213598,Pennsylvania,19352-0999,"Mid East (DE ,DC, MD, NJ, NY, PA)",Public,Yes,No,Suburb: Large,"Chester County, PA",Not applicable
Lincoln University,NA,26.117647059,5583,Oakland,2,NA,NA,PS,PS,PS,0,0,https://lincolnuca.edu/,53695,0,00697500,0,0,0,0.5,0,0.3793,NA,NA,3,CA,223,0.7623,0.2377,0,0,0.0135,0.4978,0.0493,0,0.3543,0,0.0852,2025-05-19,117557,California,94612-2801,"Far West (AK ,CA ,HI, NV, OR, WA)",Private not-for-profit,No,No,City: Large,"Alameda County, CA",Not applicable
Lincoln University,NA,26.117647059,5583,Oakland,2,NA,NA,PS,PS,PS,0,0,https://lincolnuca.edu/,53695,0,00697500,0,0,0,0.5,0,0.3793,NA,NA,3,CA,223,0.7623,0.2377,0,0,0.0135,0.4978,0.0493,0,0.3543,0,0.0852,2025-05-19,177940,Missouri,65101,"Plains (IA, KS, MN, MO, NE, ND, SD)",Public,Yes,No,City: Small,"Cole County, MO",Not applicable
Lincoln University,NA,21.18206158,6588,Jefferson City,1,21265,2852874,0.5649263722,0.3789308176,28875,1,0,https://www.lincolnu.edu/,39463,0,00247900,0.0561,0,0.0047,0.1963,0.463,0.6818,NA,NA,3,MO,1357,0.3979,0.6021,0.0413,0.0037,0.0066,0.5321,0.0361,7e-4,0.0685,0.0273,0.2837,2025-05-19,213598,Pennsylvania,19352-0999,"Mid East (DE ,DC, MD, NJ, NY, PA)",Public,Yes,No,Suburb: Large,"Chester County, PA",Not applicable
Lincoln University,NA,21.18206158,6588,Jefferson City,1,21265,2852874,0.5649263722,0.3789308176,28875,1,0,https://www.lincolnu.edu/,39463,0,00247900,0.0561,0,0.0047,0.1963,0.463,0.6818,NA,NA,3,MO,1357,0.3979,0.6021,0.0413,0.0037,0.0066,0.5321,0.0361,7e-4,0.0685,0.0273,0.2837,2025-05-19,117557,California,94612-2801,"Far West (AK ,CA ,HI, NV, OR, WA)",Private not-for-profit,No,No,City: Large,"Alameda County, CA",Not applicable
Lincoln University,NA,21.18206158,6588,Jefferson City,1,21265,2852874,0.5649263722,0.3789308176,28875,1,0,https://www.lincolnu.edu/,39463,0,00247900,0.0561,0,0.0047,0.1963,0.463,0.6818,NA,NA,3,MO,1357,0.3979,0.6021,0.0413,0.0037,0.0066,0.5321,0.0361,7e-4,0.0685,0.0273,0.2837,2025-05-19,177940,Missouri,65101,"Plains (IA, KS, MN, MO, NE, ND, SD)",Public,Yes,No,City: Small,"Cole County, MO",Not applicable
Lindenwood University,0.6586,24.814534231,9202,Saint Charles,2,33442,184148418,0.5777216611,0.350877193,26000,0,0,https://www.lindenwood.edu/,53278,0,00248000,0.0679,0,0.015,0.3077,0.2889,1,NA,1120,3,MO,4748,0.4187,0.5813,0.0505,0.0038,0.0177,0.135,0.0459,0.0061,0.0701,0.0343,0.6365,2025-05-19,177968,Missouri,63301-1695,"Plains (IA, KS, MN, MO, NE, ND, SD)",Private not-for-profit,No,No,City: Small,"St. Charles County, MO",Not applicable
Lindsey Wilson College,NA,23.697521866,6226,Columbia,2,39568,32761864,0.6268221574,0.4585365854,16784,0,0,https://www.lindsey.edu/,41129,0,00197200,0.0852,0.0027,0.0055,0.1484,0.4988,0.6545,71,NA,3,KY,1649,0.4324,0.5676,0.0321,0.0055,0.0055,0.111,0.0061,6e-4,0.0273,0.0807,0.7314,2025-05-19,157216,Kentucky,42728-1223,"Southeast (AL, AR, FL, GA, KY, LA, MS, NC, SC, TN, VA, WV)",Private not-for-profit,No,No,Town: Remote,"Adair County, KY",United Methodist
Linfield University,0.8793,23.990541702,7449,McMinnville,2,63825,104666409,0.7007738607,0.3032258065,25000,0,0,https://www.linfield.edu/,78638,0,00319800,0.0353,0.0037,0.0111,0.0835,0.2831,1,NA,NA,3,OR,1642,0.3618,0.6382,0.0767,0.0055,0.0579,0.0158,0.2168,0.0079,0.0049,0.0104,0.6041,2025-05-19,209065,Oregon,97128-6894,"Far West (AK ,CA ,HI, NV, OR, WA)",Private not-for-profit,No,No,Town: Distant,"Yamhill County, OR",American Baptist
Lipscomb University,0.6664,23.938001459,8823,Nashville,2,53549,102543919,0.6469730124,0.2357032457,19500,0,0,https://www.lipscomb.edu/,55541,0,00348600,0.0407,0.0633,0.0121,0.2157,0.2118,0.4803,74,1248,3,TN,3021,0.3863,0.6137,0.0314,0.002,0.0328,0.0702,0.1185,0.0013,0.0324,0.0318,0.6796,2025-05-19,219976,Tennessee,37204-3951,"Southeast (AL, AR, FL, GA, KY, LA, MS, NC, SC, TN, VA, WV)",Private not-for-profit,No,No,City: Large,"Davidson County, TN",Churches of Christ
Livingstone College,0.7409,20.410152284,5885,Salisbury,2,28227,6000038,0.4913705584,0.3921800948,31125,1,0,livingstone.edu/,32600,0,00294200,0.0345,0,0.0172,0.1983,0.8393,0.8056,24,NA,3,NC,798,0.5865,0.4135,0.0451,0.005,0.0013,0.891,0.005,0.0013,0.0301,0.0075,0.0138,2025-05-19,198862,North Carolina,28144,"Southeast (AL, AR, FL, GA, KY, LA, MS, NC, SC, TN, VA, WV)",Private not-for-profit,Yes,No,Suburb: Midsize,"Rowan County, NC",African Methodist Episcopal Zion Church
Logan University,0.9,27.52991453,6871,Chesterfield,2,24276,29747996,0.5213675214,0.3653846154,10250,0,0,https://www.logan.edu/,55838,0,00470300,0,0,0,0,0.4,0.3949,NA,998,3,MO,258,0.3023,0.6977,0.0504,0.0078,0.0465,0.1512,0.0349,0.0078,0,0.0465,0.655,2025-05-19,177986,Missouri,63017,"Plains (IA, KS, MN, MO, NE, ND, SD)",Private not-for-profit,No,No,Suburb: Large,"St. Louis County, MO",Not applicable
Loma Linda University,NA,25.97398374,11167,Loma Linda,2,NA,533762000,0.7089430894,0.3838951311,20854,0,1,www.llu.edu/index.html,89816,0,00121800,0,0,0,0,0.3241,0.9724,95,NA,3,CA,867,0.2722,0.7278,0.0427,0,0.2353,0.0323,0.4602,0.0012,0.0254,0,0.203,2025-05-19,117636,California,92350,"Far West (AK ,CA ,HI, NV, OR, WA)",Private not-for-profit,No,No,Suburb: Large,"San Bernardino County, CA",Seventh Day Adventist
Long Island University,0.8977,23.542024014,12877,Brookville,2,52419,366591797,0.6839010047,0.3563569682,23577,0,0,www.liu.edu/,59950,0,00275100,0.05,0,0.0027,0.1225,0.1886,0.3913,NA,1259,3,NY,5478,0.3399,0.6601,0.0298,0.0024,0.1187,0.1574,0.1661,0.0016,0.0447,0.0947,0.3846,2025-05-19,192448,New York,11548-1327,"Mid East (DE ,DC, MD, NJ, NY, PA)",Private not-for-profit,No,No,Suburb: Large,"Nassau County, NY",Not applicable
Longwood University,0.848,20.273056058,8727,Farmville,1,32870,104979588,0.6877637131,0.2788768347,25000,0,0,www.longwood.edu/,52347,0,00371900,0.1131,0,0.0112,0.1522,0.26,1,NA,1117,3,VA,2957,0.303,0.697,0.0524,0.0017,0.0162,0.1038,0.0727,3e-4,0.0169,0.0189,0.7169,2025-05-19,232566,Virginia,23909,"Southeast (AL, AR, FL, GA, KY, LA, MS, NC, SC, TN, VA, WV)",Public,No,No,Town: Remote,"Prince Edward County, VA",Not applicable
Loras College,0.9183,19.945288754,6845,Dubuque,2,48380,53469186,0.4635258359,0.1727416799,26000,0,0,www.loras.edu/,58289,0,00187300,0.0439,0.0574,0.0203,0.223,0.2527,0.7273,30,NA,3,IA,1087,0.5961,0.4039,0.0248,0,0.011,0.0442,0.0856,9e-4,0.0451,0.046,0.7424,2025-05-19,153825,Iowa,52004-0178,"Plains (IA, KS, MN, MO, NE, ND, SD)",Private not-for-profit,No,No,City: Small,"Dubuque County, IA",Roman Catholic
Louisiana Christian University,0.8379,21.238341969,6201,Pineville,2,30564,41881314,0.4404145078,0.3684210526,21875,0,0,www.lcuniversity.edu/,51700,0,00200700,0.0538,0.0108,0.0054,0.172,0.4075,0.64,75,NA,3,LA,750,0.568,0.432,0.0347,0.012,0.0053,0.2747,0.0413,0.0013,0.0667,0,0.564,2025-05-19,159568,Louisiana,71359,"Southeast (AL, AR, FL, GA, KY, LA, MS, NC, SC, TN, VA, WV)",Private not-for-profit,No,No,Suburb: Small,"Rapides Parish, LA",Southern Baptist
Louisiana State University-Alexandria,0.9263,24.054398925,7238,Alexandria,1,15540,20073359,0.6816655473,0.4488721805,19000,0,0,www.lsua.edu/,42205,0,00201100,0.0473,0,0.0437,0.2069,0.3563,0.6205,NA,1048,3,LA,4414,0.2771,0.7229,0.0091,0.0288,0.0299,0.2019,0.0104,0,0.0159,0.1285,0.5757,2025-05-19,159382,Louisiana,71302-9121,"Southeast (AL, AR, FL, GA, KY, LA, MS, NC, SC, TN, VA, WV)",Public,No,No,Rural: Fringe,"Rapides Parish, LA",Not applicable
Louisiana State University-Shreveport,0.8272,24.626938776,9335,Shreveport,1,19233,24591153,0.6644897959,0.4027149321,22500,0,0,www.lsus.edu/,47477,0,00201300,0.0438,0,0.0023,0.4401,0.3781,0.6827,NA,1119,3,LA,2150,0.4107,0.5893,0.0558,0.0084,0.0177,0.2465,0.0074,0.0019,0.0423,0.0456,0.5744,2025-05-19,159416,Louisiana,71115-2399,"Southeast (AL, AR, FL, GA, KY, LA, MS, NC, SC, TN, VA, WV)",Public,No,No,City: Midsize,"Caddo Parish, LA",Not applicable
Louisiana State University and Agricultural & Mechanical College,0.74,20.285384504,11234,Baton Rouge,1,34328,632722297,0.5727889193,0.2664919852,20500,0,0,www.lsu.edu/,61251,0,00201000,0.0919,0.1051,0.005,0.2144,0.2565,0.889,NA,1248,3,LA,29207,0.4442,0.5558,0.0328,0.0044,0.0486,0.1859,0.0999,7e-4,0.0137,0.0082,0.6057,2025-05-19,159391,Louisiana,70803-2750,"Southeast (AL, AR, FL, GA, KY, LA, MS, NC, SC, TN, VA, WV)",Public,No,No,City: Midsize,"East Baton Rouge Parish, LA",Not applicable
Louisiana State University Health Sciences Center-New Orleans,NA,25.604819277,9549,New Orleans,1,NA,38982019,0.8409638554,0.3626666667,19500,0,0,www.lsuhsc.edu/,78495,0,00201400,0,0,0,0,0.2193,0.7135,NA,NA,3,LA,843,0.1412,0.8588,0.032,0.0036,0.0854,0.1815,0.0937,0.0036,0.0059,0.0083,0.586,2025-05-19,159373,Louisiana,70112-2223,"Southeast (AL, AR, FL, GA, KY, LA, MS, NC, SC, TN, VA, WV)",Public,No,No,City: Large,"Orleans Parish, LA",Not applicable
Louisiana Tech University,0.7257,20.577586207,8887,Ruston,1,24405,86292776,0.4864058355,0.3118584071,22135,0,0,https://www.latech.edu/,52279,0,00200800,0.0282,0.1448,0.0056,0.1718,0.205,0.633,NA,1190,3,LA,7819,0.5664,0.4336,0.0176,0.0037,0.0133,0.1087,0.0478,5e-4,0.0157,0.0554,0.7372,2025-05-19,159647,Louisiana,71272,"Southeast (AL, AR, FL, GA, KY, LA, MS, NC, SC, TN, VA, WV)",Public,No,No,Town: Distant,"Lincoln Parish, LA",Not applicable
Lourdes University,0.741,22.40037594,6001,Sylvania,2,42796,8587216,0.6127819549,0.3360488798,27000,0,0,www.lourdes.edu/,48150,0,00306900,0.0341,0,0,0.267,0.2728,1,30,NA,3,OH,668,0.4356,0.5644,0.0509,0,0.0105,0.1287,0.024,0.003,0.0195,0.0359,0.7275,2025-05-19,203757,Ohio,43560-2898,"Great Lakes (IL, IN, MI, OH, WI)",Private not-for-profit,No,No,Suburb: Large,"Lucas County, OH",Roman Catholic
Loyola Marymount University,0.4029,20.600768808,13292,Los Angeles,2,75867,637303000,0.5991213619,0.2240373396,19500,0,0,https://www.lmu.edu/,78349,0,01164900,0,0.047,0.0061,0.268,0.1303,0.5684,30,NA,3,CA,7171,0.467,0.533,0.0824,3e-4,0.1011,0.0775,0.2457,8e-4,0.0968,1e-4,0.3952,2025-05-19,117946,California,90045-2659,"Far West (AK ,CA ,HI, NV, OR, WA)",Private not-for-profit,No,No,City: Large,"Los Angeles County, CA",Roman Catholic
Loyola University Chicago,0.8139,20.963474388,11277,Chicago,2,64167,900070383,0.6853006682,0.2768674699,24157,0,0,https://www.luc.edu/,71530,0,00171000,0.0227,0.0165,0.0063,0.1906,0.2324,0.5139,30,1283,3,IL,11576,0.3116,0.6884,0.0491,0.0013,0.1319,0.0719,0.2221,8e-4,0.0219,0.0092,0.4919,2025-05-19,146719,Illinois,60660,"Great Lakes (IL, IN, MI, OH, WI)",Private not-for-profit,No,No,City: Large,"Cook County, IL",Roman Catholic
Loyola University Maryland,0.7633,19.453576865,9511,Baltimore,2,71606,301817062,0.602739726,0.1349453978,27000,0,0,https://www.loyola.edu/,82652,0,00207800,0.0227,0.0432,0.0057,0.3386,0.177,1,30,1292,3,MD,3975,0.436,0.564,0.0496,0.001,0.0413,0.1135,0.1379,0.001,0.0221,0.0068,0.6269,2025-05-19,163046,Maryland,21210-2699,"Mid East (DE ,DC, MD, NJ, NY, PA)",Private not-for-profit,No,No,City: Large,"Baltimore City, MD",Roman Catholic
Loyola University New Orleans,0.8772,20.048552754,8882,New Orleans,2,61837,236132884,0.6433239963,0.1928071928,26000,0,0,www.loyno.edu/,52927,0,00201600,0.0092,0,0.0046,0.1782,0.3721,0.5956,30,NA,3,LA,2999,0.3431,0.6569,0.055,0.003,0.029,0.2037,0.2147,7e-4,0.0357,0.0083,0.4498,2025-05-19,159656,Louisiana,70118-6143,"Southeast (AL, AR, FL, GA, KY, LA, MS, NC, SC, TN, VA, WV)",Private not-for-profit,No,No,City: Large,"Orleans Parish, LA",Roman Catholic
Lubbock Christian University,0.7319,24.203143894,7219,Lubbock,2,40493,31658132,0.6372430472,0.359947644,20948,0,0,https://www.lcu.edu/,53787,0,00358600,0.1212,0,0.0152,0.1364,0.3306,0.512,74,1086,3,TX,1210,0.3942,0.6058,0.0149,0.0041,0.0074,0.0512,0.2595,0.0017,0.0421,0.024,0.595,2025-05-19,226383,Texas,79407-2099,"Southwest (AZ, NM, OK, TX)",Private not-for-profit,No,No,City: Large,"Lubbock County, TX",Churches of Christ
Luther College,0.7327,19.512135922,8160,Decorah,2,62845,195931642,0.5242718447,0.1284634761,27000,0,0,https://www.luther.edu/,59850,0,00187400,0.0339,0,0.0235,0.094,0.1925,0.8034,39,1238,3,IA,1454,0.4629,0.5371,0.0041,0.0062,0.0158,0.0358,0.0653,0.0034,0.1265,0.0089,0.7338,2025-05-19,153834,Iowa,52101-1045,"Plains (IA, KS, MN, MO, NE, ND, SD)",Private not-for-profit,No,No,Town: Remote,"Winneshiek County, IA",Evangelical Lutheran Church
Luther Rice College & Seminary,0.3429,38.424418605,4041,Lithonia,2,11544,1311137,0.3430232558,0.5436241611,34153,0,0,www.lutherrice.edu/,47003,0,03100900,0,0,0,0,0.4953,0.5833,54,NA,3,GA,195,0.6821,0.3179,0,0.0051,0.0154,0.441,0.0308,0,0,0.0154,0.4923,2025-05-19,135364,Georgia,30038-9869,"Southeast (AL, AR, FL, GA, KY, LA, MS, NC, SC, TN, VA, WV)",Private not-for-profit,No,No,Suburb: Large,"DeKalb County, GA",Baptist
Lycoming College,0.6788,19.665109034,7448,Williamsport,2,61526,183113000,0.4813084112,0.3659359191,27000,0,0,https://www.lycoming.edu/,56210,0,00329300,0,0,0.0443,0.202,0.4013,0.8393,71,1169,3,PA,1049,0.4776,0.5224,0.0372,0.001,0.0153,0.1087,0.122,0,0.0238,0.0458,0.6463,2025-05-19,213668,Pennsylvania,17701-5192,"Mid East (DE ,DC, MD, NJ, NY, PA)",Private not-for-profit,No,No,City: Small,"Lycoming County, PA",United Methodist
Lynn University,0.7395,21.295352324,6502,Boca Raton,2,60817,35987284,0.5967016492,0.270096463,17940,0,0,https://www.lynn.edu/,49006,0,00150500,0.0392,0,0,0.3868,0.2272,0.4518,NA,1136,3,FL,2820,0.4957,0.5043,0.0333,0.0018,0.0145,0.0915,0.1922,0.0011,0.1301,0.0323,0.5032,2025-05-19,132657,Florida,33431-5598,"Southeast (AL, AR, FL, GA, KY, LA, MS, NC, SC, TN, VA, WV)",Private not-for-profit,No,No,City: Small,"Palm Beach County, FL",Not applicable
Lyon College,0.6554,19.920110193,6017,Batesville,2,44943,94590500,0.4325068871,0.3,21500,0,0,www.lyon.edu/,44232,0,00108800,0.0424,0,0.0424,0.2034,0.3596,1,66,NA,3,AR,563,0.5702,0.4298,0.0195,0.0036,0.0142,0.087,0.0799,0,0.0515,0.2771,0.4671,2025-05-19,106342,Arkansas,72501,"Southeast (AL, AR, FL, GA, KY, LA, MS, NC, SC, TN, VA, WV)",Private not-for-profit,No,No,Town: Remote,"Independence County, AR",Presbyterian Church (USA)
Macalester College,0.2821,19.270428016,11661,Saint Paul,2,78900,868060000,0.593385214,0.128256513,23000,0,0,www.macalester.edu/,63878,0,00235800,0,0,0.0763,0,0.1733,0.8408,66,1424,3,MN,2131,0.4228,0.5772,0.084,0.0019,0.0854,0.0577,0.1131,0.0023,0.1328,0.0056,0.5171,2025-05-19,173902,Minnesota,55105-1899,"Plains (IA, KS, MN, MO, NE, ND, SD)",Private not-for-profit,No,No,City: Large,"Ramsey County, MN",Presbyterian Church (USA)
Machzikei Hadath Rabbinical College,0.95,19,6086,Brooklyn,2,20375,NA,PS,PS,PS,0,0,https://mhrc.edu/,41527,0,01302600,0,0,0,0,0.838,NA,NA,NA,3,NY,129,1,0,0,0,0,0,0,0,0.0155,0,0.9845,2025-05-19,192624,New York,11204-1805,"Mid East (DE ,DC, MD, NJ, NY, PA)",Private not-for-profit,No,No,City: Large,"Kings County, NY",Not applicable
Madonna University,0.9293,25.69047619,7358,Livonia,2,38809,44542478,0.6872294372,0.4176755448,23000,0,0,https://www.madonna.edu/,59058,0,00228200,0.0294,0,0,0.1289,0.295,0.3004,30,1000,3,MI,1637,0.3647,0.6353,0.0208,0.0067,0.0318,0.1368,0.0525,0.0018,0.102,0.0183,0.6292,2025-05-19,170806,Michigan,48150-1176,"Great Lakes (IL, IN, MI, OH, WI)",Private not-for-profit,No,No,City: Small,"Wayne County, MI",Roman Catholic
Maharishi International University,0.969,28.735632184,3713,Fairfield,2,28730,11627000,0.5287356322,0.3376623377,24781,0,0,https://www.miu.edu/,27981,0,01111300,0,0,0.0064,0.2821,0.5521,0.9367,NA,NA,3,IA,774,0.2235,0.7765,0.0517,0.0103,0.0207,0.0969,0.1021,0.0026,0.0168,0.2519,0.447,2025-05-19,153861,Iowa,52557,"Plains (IA, KS, MN, MO, NE, ND, SD)",Private not-for-profit,No,No,Town: Remote,"Jefferson County, IA",Not applicable
Maine College of Art & Design,0.7755,20.832167832,6915,Portland,2,57027,13869461,0.7307692308,0.2388059701,27000,0,0,www.meca.edu/,40778,0,01167300,0,0,0,0,0.2658,0.2857,NA,NA,3,ME,415,0.241,0.759,0.1012,0.0048,0.0265,0.0169,0.0627,0,0,0.053,0.7349,2025-05-19,161509,Maine,04101-3494,"New England (CT, ME, MA, NH, R,I VT)",Private not-for-profit,No,No,City: Small,"Cumberland County, ME",Not applicable
Maine College of Health Professions,0.3333,28.324324324,6117,Lewiston,2,20438,8174853,0.9189189189,0.4927536232,15250,0,0,www.mchp.edu/,79840,0,00630500,0,0,0,0,0.5148,0.8182,NA,910,2,ME,228,0.1184,0.8816,0.0175,0.0088,0.0132,0.0526,0.0044,0,0,0.0482,0.8553,2025-05-19,161022,Maine,04240,"New England (CT, ME, MA, NH, R,I VT)",Private not-for-profit,No,No,City: Small,"Androscoggin County, ME",Not applicable
Maine Maritime Academy,0.614,20.223194748,NA,Castine,1,30166,44837944,0.1750547046,0.206741573,27000,0,0,https://mainemaritime.edu/,89964,0,00204400,0,0.2443,0,0.1603,0.2472,0.7755,NA,1185,3,ME,888,0.7984,0.2016,0.0203,0.009,0.0124,0.0259,0.0541,0,0.0068,0.0462,0.8255,2025-05-19,161299,Maine,04420-0001,"New England (CT, ME, MA, NH, R,I VT)",Public,No,No,Rural: Distant,"Hancock County, ME",Not applicable
Malone University,0.7558,23.237449118,6890,Canton,2,48017,22070190,0.5685210312,0.3270893372,26289,0,0,https://www.malone.edu/,48909,0,00307200,0.1346,0,0,0.1731,0.3052,0.3724,65,1089,3,OH,777,0.4607,0.5393,0.0296,0.0026,0.0116,0.0669,0.0335,0,0.0206,0.0759,0.7593,2025-05-19,203775,Ohio,44709-3308,"Great Lakes (IL, IN, MI, OH, WI)",Private not-for-profit,No,No,City: Small,"Stark County, OH",Friends
Manchester University,0.913,19.79076087,7946,North Manchester,2,48321,72815030,0.5366847826,0.3366906475,26854,0,0,https://www.manchester.edu/,51504,0,00182000,0.1005,0.0302,0.0101,0.1658,0.4374,0.7259,58,NA,3,IN,895,0.524,0.476,0.0458,0.0045,0.0034,0.0704,0.0872,0,0.0056,0.2425,0.5408,2025-05-19,151777,Indiana,46962,"Great Lakes (IL, IN, MI, OH, WI)",Private not-for-profit,No,No,Town: Distant,"Wabash County, IN",Church of Brethren
Manhattan Christian College,1,21.322580645,5307,Manhattan,2,34318,4406765,0.4258064516,0.2689655172,24250,0,0,www.mccks.edu/,48860,0,00193100,0,0,0,0.0667,0.4483,0.36,48,1020,3,KS,132,0.5455,0.4545,0.0606,0.0227,0.0076,0.1212,0.1288,0,0,0,0.6591,2025-05-19,155496,Kansas,66502-4801,"Plains (IA, KS, MN, MO, NE, ND, SD)",Private not-for-profit,No,No,City: Small,"Riley County, KS",Christian Churches and Churches of Christ
Manhattan College,0.7849,20.080882353,11881,Riverdale,2,62537,138691965,0.4779411765,0.2541636495,26000,0,1,www.manhattan.edu/,86316,0,00275800,0.0689,0.2946,0.0038,0.2538,0.3121,0.4989,30,1254,3,NY,2928,0.5779,0.4221,0.0352,0.0017,0.0557,0.0745,0.3094,3e-4,0.0338,0.0601,0.4293,2025-05-19,192703,New York,10471-4098,"Mid East (DE ,DC, MD, NJ, NY, PA)",Private not-for-profit,No,No,City: Large,"Bronx County, NY",Roman Catholic
Manhattan School of Music,0.3994,19.807692308,8330,New York,2,74277,33795655,0.4538461538,PS,26994,0,0,www.msmnyc.edu/,26878,0,00275900,0,0,0,0,0.1319,0.2194,NA,NA,3,NY,535,0.5084,0.4916,0.0355,0.0019,0.071,0.0505,0.1047,0,0.3607,0,0.3757,2025-05-19,192712,New York,10027-4698,"Mid East (DE ,DC, MD, NJ, NY, PA)",Private not-for-profit,No,No,City: Large,"New York County, NY",Not applicable
Manhattanville College,0.8466,19.838582677,8882,Purchase,2,55641,27182235,0.7073490814,0.3010130246,25000,0,1,https://www.mville.edu/,58832,0,00276000,0,0,0.0076,0.2071,0.3349,0.2885,NA,NA,3,NY,1250,0.408,0.592,0.0208,8e-4,0.028,0.0944,0.3424,0.0016,0.028,0.0128,0.4712,2025-05-19,192749,New York,10577,"Mid East (DE ,DC, MD, NJ, NY, PA)",Private not-for-profit,No,No,Suburb: Large,"Westchester County, NY",Not applicable
Manna University,1,27.315789474,1129,Fayetteville,2,23618,33892,0.5263157895,PS,13450,0,1,https://www.manna.edu/,NA,0,04173700,0,0,0,0,0.3448,0.3571,79,NA,1,NC,169,0.4852,0.5148,0.0355,0.0059,0,0.1124,0.1361,0.0178,0.2544,0,0.4379,2025-05-19,461528,North Carolina,28314-2343,"Southeast (AL, AR, FL, GA, KY, LA, MS, NC, SC, TN, VA, WV)",Private not-for-profit,No,No,City: Midsize,"Cumberland County, NC",Other Protestant
Manor College,0.9576,23.112338858,5653,Jenkintown,2,27178,3288986,0.7108655617,0.5032822757,19000,0,0,www.manor.edu/,46825,0,00329400,0.0309,0,0,0.0515,0.4871,0.28,99,820,2,PA,462,0.2792,0.7208,0.0152,0.0022,0.0303,0.342,0.2403,0.0022,0.0065,0.0087,0.3528,2025-05-19,213774,Pennsylvania,19046-3399,"Mid East (DE ,DC, MD, NJ, NY, PA)",Private not-for-profit,No,No,Suburb: Large,"Montgomery County, PA",Other (none of the above)
Maranatha Baptist University,0.7087,21.024657534,3822,Watertown,2,33496,277946,0.5561643836,0.1915492958,14143,0,0,www.mbu.edu/,45593,0,02317200,0.1613,0,0,0.1532,0.3397,0.6186,54,1141,3,WI,566,0.3993,0.6007,0.0265,0.0053,0.0707,0.0159,0.0583,0,0.0088,0.023,0.7915,2025-05-19,239071,Wisconsin,53094,"Great Lakes (IL, IN, MI, OH, WI)",Private not-for-profit,No,No,Town: Fringe,"Jefferson County, WI",Baptist
Maria College of Albany,0.6094,27.347747748,7807,Albany,2,23518,1341193,0.8702702703,0.4099009901,20528,0,0,www.mariacollege.edu/,55458,0,00276300,0,0,0,0,0.4074,0.9884,30,1040,2,NY,702,0.0855,0.9145,0.0513,0.0028,0.0385,0.1809,0.0883,0,0.037,0.104,0.4972,2025-05-19,192785,New York,12208,"Mid East (DE ,DC, MD, NJ, NY, PA)",Private not-for-profit,No,No,City: Small,"Albany County, NY",Not applicable
Marian University,0.9534,25.187637969,7804,Indianapolis,2,52691,90375206,0.6651949963,0.2917647059,27000,0,0,www.marian.edu/,58759,0,00182100,0.0535,0.0089,0.0045,0.1248,0.2305,0.3074,30,NA,3,IN,2336,0.3964,0.6036,0.0479,0.0017,0.0283,0.1764,0.131,9e-4,0.0274,0.024,0.5625,2025-05-19,239080,Wisconsin,54935-4699,"Great Lakes (IL, IN, MI, OH, WI)",Private not-for-profit,No,No,City: Small,"Fond du Lac County, WI",Roman Catholic
Marian University,0.9534,25.187637969,7804,Indianapolis,2,52691,90375206,0.6651949963,0.2917647059,27000,0,0,www.marian.edu/,58759,0,00182100,0.0535,0.0089,0.0045,0.1248,0.2305,0.3074,30,NA,3,IN,2336,0.3964,0.6036,0.0479,0.0017,0.0283,0.1764,0.131,9e-4,0.0274,0.024,0.5625,2025-05-19,151786,Indiana,46222-1997,"Great Lakes (IL, IN, MI, OH, WI)",Private not-for-profit,No,No,City: Large,"Marion County, IN",Roman Catholic
Marian University,0.6685,23.182147165,8098,Fond Du Lac,2,40733,9628441,0.6948130277,0.3896961691,25000,0,0,https://www.marianuniversity.edu/,53501,0,00386100,0.0871,0,0.0035,0.1498,0.3174,0.9362,30,NA,3,WI,1050,0.36,0.64,0.0324,0.0114,0.019,0.0686,0.099,0.001,0.0543,0.0371,0.6771,2025-05-19,239080,Wisconsin,54935-4699,"Great Lakes (IL, IN, MI, OH, WI)",Private not-for-profit,No,No,City: Small,"Fond du Lac County, WI",Roman Catholic
Marian University,0.6685,23.182147165,8098,Fond Du Lac,2,40733,9628441,0.6948130277,0.3896961691,25000,0,0,https://www.marianuniversity.edu/,53501,0,00386100,0.0871,0,0.0035,0.1498,0.3174,0.9362,30,NA,3,WI,1050,0.36,0.64,0.0324,0.0114,0.019,0.0686,0.099,0.001,0.0543,0.0371,0.6771,2025-05-19,151786,Indiana,46222-1997,"Great Lakes (IL, IN, MI, OH, WI)",Private not-for-profit,No,No,City: Large,"Marion County, IN",Roman Catholic
Marietta College,0.7862,19.972413793,7695,Marietta,2,52360,87959651,0.3816091954,0.2596153846,27000,0,0,https://www.marietta.edu/,57180,0,00307300,0.1119,0.1119,0.0187,0.1828,0.2714,0.9903,NA,1103,3,OH,1035,0.5208,0.4792,0.0483,0,0.0039,0.0444,0.0329,0,0.0232,0.0135,0.8338,2025-05-19,203845,Ohio,45750,"Great Lakes (IL, IN, MI, OH, WI)",Private not-for-profit,No,No,Town: Fringe,"Washington County, OH",Not applicable
Marist College,0.6471,20.701010101,10555,Poughkeepsie,2,63898,378024822,0.601010101,0.1883905013,25000,0,0,www.marist.edu/,77819,0,00276500,0.0369,0,0.0151,0.312,0.1472,0.4359,NA,1285,3,NY,5039,0.4221,0.5779,0.0331,0.0012,0.0383,0.0351,0.1334,6e-4,0.0177,0.0079,0.7327,2025-05-19,192819,New York,12601,"Mid East (DE ,DC, MD, NJ, NY, PA)",Private not-for-profit,No,No,Suburb: Large,"Dutchess County, NY",Not applicable
Marquette University,0.8744,19.584563475,10830,Milwaukee,2,63233,865300000,0.5854070013,0.1934628975,23940,0,0,www.marquette.edu/,78257,0,00386300,0.0353,0.1241,0.0027,0.2086,0.1876,0.5724,30,1306,3,WI,7238,0.4422,0.5578,0.0316,0.0011,0.0627,0.053900000000000003,0.1581,8e-4,0.0145,0.0101,0.6672,2025-05-19,239105,Wisconsin,53233,"Great Lakes (IL, IN, MI, OH, WI)",Private not-for-profit,No,No,City: Large,"Milwaukee County, WI",Roman Catholic
Mars Hill University,0.7789,21.237362637,5885,Mars Hill,2,48794,60595250,0.5637362637,0.3440094899,26000,0,0,www.mhu.edu/,44781,0,00294400,0.0725,0,0.0052,0.1554,0.4225,1,NA,NA,3,NC,995,0.5166,0.4834,0.007,0.008,0.0131,0.1799,0.0985,0.002,0.0422,0.0191,0.6302,2025-05-19,198899,North Carolina,28754,"Southeast (AL, AR, FL, GA, KY, LA, MS, NC, SC, TN, VA, WV)",Private not-for-profit,No,No,Suburb: Large,"Madison County, NC",Not applicable
Marshall University,0.9646,21.542237727,8317,Huntington,1,21299,200692752,0.586842761,0.3740231743,23250,0,0,https://www.marshall.edu/,46354,0,00381500,0.0678,0.0332,6e-4,0.1573,0.3784,0.7677,NA,1051,3,WV,7149,0.4294,0.5706,0.038,0.0032,0.0155,0.0561,0.0277,4e-4,0.0108,0.0678,0.7804,2025-05-19,237525,West Virginia,25755,"Southeast (AL, AR, FL, GA, KY, LA, MS, NC, SC, TN, VA, WV)",Public,No,No,City: Small,"Cabell County, WV",Not applicable
Martin Luther College,0.8257,19.744897959,4920,New Ulm,2,29288,21303935,0.4727891156,PS,20177,0,0,www.mlc-wels.edu/,47491,0,00236100,0.5602,0,0,0,0.2265,0.7981,33,1191,3,MN,718,0.4749,0.5251,0.0348,0.0014,0.0042,0.0125,0.0111,0,0.0139,0,0.922,2025-05-19,173452,Minnesota,56073-3965,"Plains (IA, KS, MN, MO, NE, ND, SD)",Private not-for-profit,No,No,Town: Distant,"Brown County, MN",Wisconsin Evangelical Lutheran Synod
Martin University,NA,33.711627907,5851,Indianapolis,2,25074,NA,0.6976744186,0.5341614907,42002,0,0,www.martin.edu/,22544,0,02140800,0.3077,0,0,0.2308,0.6554,0.6667,NA,NA,3,IN,164,0.2988,0.7012,0.0183,0,0.0122,0.8293,0.0305,0,0,0.0976,0.0122,2025-05-19,151810,Indiana,46218-0567,"Great Lakes (IL, IN, MI, OH, WI)",Private not-for-profit,No,No,City: Large,"Marion County, IN",Not applicable
Mary Baldwin University,NA,25.017218543,7996,Staunton,2,44435,33702836,0.9311258278,0.4,26586,0,0,https://www.marybaldwin.edu/,44427,0,00372300,0.043,0,0.0132,0.1887,0.4833,0.3094,66,NA,3,VA,1188,0.2416,0.7584,0.0564,0.0025,0.0168,0.2626,0.0842,8e-4,0.0101,0.0699,0.4966,2025-05-19,232672,Virginia,24401,"Southeast (AL, AR, FL, GA, KY, LA, MS, NC, SC, TN, VA, WV)",Private not-for-profit,No,No,City: Small,"Staunton City, VA",Presbyterian Church (USA)
Maryland Institute College of Art,0.7729,20.5,9575,Baltimore,2,71366,109355771,0.7222222222,0.1738197425,26500,0,0,www.mica.edu/,45212,0,00208000,0,0,0,0,0.2081,0.1556,NA,1207,3,MD,1319,0.2343,0.7657,0.0637,0.0023,0.113,0.1183,0.0986,0,0.213,0.0591,0.3321,2025-05-19,163295,Maryland,21217-4134,"Mid East (DE ,DC, MD, NJ, NY, PA)",Private not-for-profit,No,No,City: Large,"Baltimore City, MD",Not applicable
Marymount Manhattan College,0.7888,20.592552026,8296,New York,2,63837,25621196,0.7897042716,0.2263710618,25750,0,0,www.mmm.edu/,49131,0,00276900,0,0,0,0.1178,0.2842,0.2301,NA,1226,3,NY,1627,0.169,0.831,0.0627,0.0012,0.0277,0.1094,0.2047,0.0018,0.0209,0.0535,0.5181,2025-05-19,192864,New York,10021-4597,"Mid East (DE ,DC, MD, NJ, NY, PA)",Private not-for-profit,No,No,City: Large,"New York County, NY",Not applicable
Marymount University,0.8052,22.386811024,8517,Arlington,2,55748,49328676,0.7027559055,0.2982646421,25000,0,0,https://www.marymount.edu/,67516,0,00372400,0.0214,0,0.0043,0.1303,0.2211,0.4098,30,NA,3,VA,1795,0.3877,0.6123,0.0479,0,0.0719,0.1471,0.2641,0.0011,0.1192,0.0518,0.2969,2025-05-19,232706,Virginia,22207-4299,"Southeast (AL, AR, FL, GA, KY, LA, MS, NC, SC, TN, VA, WV)",Private not-for-profit,No,No,City: Midsize,"Arlington County, VA",Roman Catholic
Maryville College,0.6568,20.617777778,6608,Maryville,2,53162,109333104,0.5051851852,0.3206951027,25375,0,0,www.maryvillecollege.edu/,49279,0,00350500,0.0971,0.0171,0.0057,0.16,0.3536,1,66,1181,3,TN,1028,0.4621,0.5379,0.0613,0.0058,0.0088,0.0982,0.0632,0.001,0.0632,0,0.6984,2025-05-19,220710,Tennessee,37804-5907,"Southeast (AL, AR, FL, GA, KY, LA, MS, NC, SC, TN, VA, WV)",Private not-for-profit,No,No,Suburb: Large,"Blount County, TN",Presbyterian Church (USA)
Maryville University of Saint Louis,0.9369,23.956345998,9364,Saint Louis,2,45093,68302541,0.6944219887,0.2958735733,22000,0,0,https://www.maryville.edu/,62105,0,00248200,0.0142,0,0.0102,0.1707,0.3555,0.1422,NA,NA,3,MO,5988,0.3145,0.6855,0.0379,0.0042,0.0336,0.1281,0.0877,0,0.0276,0.0336,0.6475,2025-05-19,178059,Missouri,63141-7299,"Plains (IA, KS, MN, MO, NE, ND, SD)",Private not-for-profit,No,No,Suburb: Large,"St. Louis County, MO",Not applicable
Marywood University,0.8371,21.507918552,7688,Scranton,2,52673,52103970,0.7262443439,0.2949640288,26186,0,0,https://www.marywood.edu/,55817,0,00329600,0.1045,0,0.0028,0.0706,0.2919,0.377,30,1153,3,PA,1821,0.3537,0.6463,0.0247,0.0033,0.0253,0.0264,0.1032,5e-4,0.0077,0.0236,0.7853,2025-05-19,213826,Pennsylvania,18509-1598,"Mid East (DE ,DC, MD, NJ, NY, PA)",Private not-for-profit,No,No,City: Small,"Lackawanna County, PA",Roman Catholic
Massachusetts College of Art and Design,0.7747,20.787923417,10166,Boston,1,32256,16667670,0.7187039764,0.2251552795,25755,0,0,https://massart.edu/,43582,0,00218000,0.0398,0,0,0,0.2761,0.9917,NA,NA,3,MA,1812,0.2506,0.7494,0.0497,6e-4,0.0684,0.0408,0.1446,0.0011,0.0364,0.1115,0.5469,2025-05-19,166674,Massachusetts,02115-5882,"New England (CT, ME, MA, NH, R,I VT)",Public,No,No,City: Large,"Suffolk County, MA",Not applicable
Massachusetts College of Liberal Arts,0.9235,22.070063694,9357,North Adams,1,27705,16824632,0.6369426752,0.3300699301,23750,0,0,https://www.mcla.edu/,48102,0,00218700,0.0415,0,0.0184,0.1429,0.4045,0.656,NA,NA,3,MA,748,0.4492,0.5508,0.0388,0.0027,0.0174,0.0856,0.0976,0.0013,0.0107,0.0294,0.7166,2025-05-19,167288,Massachusetts,01247-4100,"New England (CT, ME, MA, NH, R,I VT)",Public,No,No,Town: Fringe,"Berkshire County, MA",Not applicable
Massachusetts Institute of Technology,0.0474,19.348462665,23177,Cambridge,2,79850,24600809000,0.3718887262,0.2585139319,14768,0,0,web.mit.edu/,143372,0,00217800,0,0.3517,0.0864,0.0183,0.1896,0.9906,NA,1553,3,MA,4571,0.5124,0.4876,0.0715,0.0015,0.3461,0.0866,0.1453,2e-4,0.1094,0.0291,0.2102,2025-05-19,166683,Massachusetts,02139-4307,"New England (CT, ME, MA, NH, R,I VT)",Private not-for-profit,No,No,City: Midsize,"Middlesex County, MA",Not applicable
Massachusetts Maritime Academy,0.9455,19.787323944,9395,Buzzards Bay,1,37721,40570073,0.1281690141,0.211062591,25000,0,0,https://www.maritime.edu/,82392,0,00218100,0,0.4135,0,0.1584,0.1697,0.6615,NA,NA,3,MA,1270,0.8559,0.1441,0.0299,0.0079,0.0094,0.0126,0.0551,8e-4,0.0157,0.0693,0.7992,2025-05-19,166692,Massachusetts,02532-1803,"New England (CT, ME, MA, NH, R,I VT)",Public,No,No,Suburb: Midsize,"Barnstable County, MA",Not applicable
Mayville State University,NA,24.631481481,6142,Mayville,1,21042,9756283,0.5759259259,0.3016194332,18585,0,0,www.mayvillestate.edu/,47828,0,00299300,0.3553,0,0.0175,0.1842,0.2442,0.9773,NA,NA,3,ND,704,0.4261,0.5739,0.0866,0.0199,0.0071,0.0582,0.0682,0.0028,0.0227,0.0085,0.7259,2025-05-19,200226,North Dakota,58257-1299,"Plains (IA, KS, MN, MO, NE, ND, SD)",Public,No,No,Rural: Remote,"Traill County, ND",Not applicable
McDaniel College,0.8358,19.891549296,8097,Westminster,2,62974,143062000,0.5169014085,0.2636363636,25000,0,0,www.mcdaniel.edu/,60663,0,00210900,0.0349,0,0.0107,0.1528,0.3381,0.2357,NA,NA,3,MD,1652,0.4165,0.5835,0.0587,0.0018,0.0218,0.2276,0.1059,6e-4,0.0097,0.0218,0.5521,2025-05-19,164270,Maryland,21157,"Mid East (DE ,DC, MD, NJ, NY, PA)",Private not-for-profit,No,No,Suburb: Small,"Carroll County, MD",Not applicable
McKendree University,0.6388,23.135640786,7158,Lebanon,2,47121,33877586,0.5425631431,0.3255813953,23250,0,0,https://www.mckendree.edu/,58572,0,00172200,0.0957,0,0.0278,0.3086,0.2909,1,71,NA,3,IL,1600,0.4944,0.5056,0.0631,0.0019,0.0063,0.1188,0.0619,6e-4,0.0956,0.0538,0.5981,2025-05-19,147013,Illinois,62254-1291,"Great Lakes (IL, IN, MI, OH, WI)",Private not-for-profit,No,No,Suburb: Large,"St. Clair County, IL",United Methodist
McMurry University,0.5765,21.886363636,7581,Abilene,2,43087,104252941,0.4303977273,0.3742038217,27000,0,1,https://mcm.edu/,48779,0,00359100,0.1675,0,0.0148,0.202,0.4492,1,71,1072,3,TX,1108,0.5307,0.4693,0.0099,0.0135,0.0126,0.1426,0.3457,0.0018,0.0199,0.0208,0.4332,2025-05-19,226587,Texas,79697,"Southwest (AZ, NM, OK, TX)",Private not-for-profit,No,No,City: Midsize,"Taylor County, TX",United Methodist
McNeese State University,0.6755,21.731441048,7597,Lake Charles,1,21168,18915693,0.6371179039,0.3848015489,23000,0,0,www.mcneese.edu/,46453,0,00201700,0.023,0.0774,0.0018,0.1484,0.3112,1,NA,1080,3,LA,4846,0.3846,0.6154,0.0394,0.0043,0.0184,0.176,0.0452,4e-4,0.0642,0.0089,0.6432,2025-05-19,159717,Louisiana,70605,"Southeast (AL, AR, FL, GA, KY, LA, MS, NC, SC, TN, VA, WV)",Public,No,No,City: Small,"Calcasieu Parish, LA",Not applicable
McPherson College,0.8379,20.6,7359,McPherson,2,48404,53371147,0.3681818182,0.3056234719,25242,0,0,www.mcpherson.edu/,52084,0,00193300,0.018,0,0.0299,0.2275,0.3362,0.9464,58,1068,3,KS,786,0.673,0.327,0.0115,0.0445,0.0165,0.1247,0.1679,0.0025,0.0623,0.0534,0.5165,2025-05-19,155511,Kansas,67460-1402,"Plains (IA, KS, MN, MO, NE, ND, SD)",Private not-for-profit,No,No,Town: Remote,"McPherson County, KS",Church of Brethren
MCPHS University,0.8521,21.849867374,11365,Boston,2,58975,1512276636,0.7708222812,0.3048780488,25000,0,0,www.mcphs.edu/,125557,0,00216500,0,0,0,0,0.2822,0.3024,NA,1216,3,MA,3474,0.2406,0.7594,0.0127,0.002,0.2044,0.1238,0.1402,0,0.1275,0.0766,0.3129,2025-05-19,166656,Massachusetts,02115-5896,"New England (CT, ME, MA, NH, R,I VT)",Private not-for-profit,No,No,City: Large,"Suffolk County, MA",Not applicable
Mechon L'hoyroa,NA,NA,1857,Monsey,2,NA,NA,NA,NA,PS,0,0,https://www.mechonlhoyroa.com/,NA,0,04261500,0,0,0,0,0.8316,NA,NA,NA,3,NY,124,1,0,0,0,0,0,0,0,0,0,1,2025-05-19,490328,New York,10952-2710,"Mid East (DE ,DC, MD, NJ, NY, PA)",Private not-for-profit,No,No,Suburb: Large,"Rockland County, NY",Not applicable
Medical University of South Carolina,NA,27.348031496,11192,Charleston,1,NA,432267715,0.7023622047,0.1883116883,15000,0,0,https://web.musc.edu/,88420,0,00343800,0,0,0,0,0.1167,0.9129,NA,NA,3,SC,281,0.0961,0.9039,0.0463,0.0036,0.032,0.1068,0.0641,0,0,0.0107,0.7367,2025-05-19,218335,South Carolina,29425,"Southeast (AL, AR, FL, GA, KY, LA, MS, NC, SC, TN, VA, WV)",Public,No,No,City: Midsize,"Charleston County, SC",Not applicable
Menlo College,0.6781,20.857594937,10112,Atherton,2,69879,23818188,0.5094936709,0.4006849315,21750,0,1,www.menlo.edu/,76419,0,00123600,0,0,0,0.7527,0.2938,0.1782,NA,NA,3,CA,811,0.5734,0.4266,0.1097,0.0086,0.0666,0.0432,0.3255,0.0197,0.2256,0.0382,0.1628,2025-05-19,118693,California,94027-4301,"Far West (AK ,CA ,HI, NV, OR, WA)",Private not-for-profit,No,No,Suburb: Large,"San Mateo County, CA",Not applicable
Mercer University,0.6646,25.524951076,9391,Macon,2,56494,452556294,0.6638943249,0.2819956616,24199,0,0,https://www.mercer.edu/,58354,0,00158000,0.0547,0.1178,0.0051,0.152,0.333,0.9734,NA,1280,3,GA,4620,0.3554,0.6446,0.0424,0.0017,0.0825,0.3186,0.0833,0.0013,0.0201,0.0216,0.4284,2025-05-19,140447,Georgia,31207,"Southeast (AL, AR, FL, GA, KY, LA, MS, NC, SC, TN, VA, WV)",Private not-for-profit,No,No,City: Midsize,"Bibb County, GA",Not applicable
Mercy College of Health Sciences,0.9878,26.433275563,5902,Des Moines,2,30844,9804093,0.863084922,0.3460803059,14745,0,0,https://www.mchs.edu/,62234,0,00627300,0,0,0,0,0.3388,0.4085,30,NA,3,IA,905,0.1481,0.8519,0.0077,0.0088,0.0519,0.126,0.1127,0.0022,0,0.0133,0.6773,2025-05-19,153977,Iowa,50309-1239,"Plains (IA, KS, MN, MO, NE, ND, SD)",Private not-for-profit,No,No,City: Midsize,"Polk County, IA",Roman Catholic
Mercy College of Ohio,0.4276,27.716833891,7168,Toledo,2,26491,31701209,0.8628762542,0.4932680539,20834,0,0,www.mercycollege.edu/,65409,0,03097000,0,0,0,0,0.3643,0.3295,30,961,2,OH,982,0.113,0.887,0.0438,0.0041,0.0173,0.168,0.0845,0,0,0,0.6823,2025-05-19,203960,Ohio,43604-1132,"Great Lakes (IL, IN, MI, OH, WI)",Private not-for-profit,No,No,City: Large,"Lucas County, OH",Roman Catholic
Mercy University,0.8547,23.903866525,9475,Dobbs Ferry,2,32391,295698647,0.7047139831,0.4186952288,19637,0,1,https://www.mercy.edu/,52055,0,00277200,0.0372,0,0.0052,0.1509,0.4733,0.2539,NA,NA,3,NY,5539,0.3163,0.6837,0.0206,0.002,0.0482,0.2392,0.4914,0.0011,0.0242,0.0218,0.1515,2025-05-19,193016,New York,10522,"Mid East (DE ,DC, MD, NJ, NY, PA)",Private not-for-profit,No,No,Suburb: Large,"Westchester County, NY",Not applicable
Mercyhurst University,0.8323,22.115982242,7244,Erie,2,57948,34559382,0.5677025527,0.2866626433,25305,0,0,www.mercyhurst.edu/,47452,0,00329700,0.0571,0,0,0.1743,0.2989,0.5696,30,NA,3,PA,2217,0.4172,0.5828,0.0068,0.0027,0.014,0.0559,0.0546,5e-4,0.0537,0.0604,0.7515,2025-05-19,213987,Pennsylvania,16546,"Mid East (DE ,DC, MD, NJ, NY, PA)",Private not-for-profit,No,No,City: Small,"Erie County, PA",Roman Catholic
Meredith College,0.7466,21.390625,7707,Raleigh,2,55557,124715059,0.9795673077,0.2199488491,25000,0,0,www.meredith.edu/,51539,0,00294500,0.0124,0,0.0497,0.1925,0.3276,1,NA,1224,3,NC,1288,0,1,0.0326,0.0031,0.0481,0.0901,0.1677,0.0016,0.0225,0.0116,0.6227,2025-05-19,198950,North Carolina,27607-5298,"Southeast (AL, AR, FL, GA, KY, LA, MS, NC, SC, TN, VA, WV)",Private not-for-profit,No,No,City: Large,"Wake County, NC",Not applicable
Merrimack College,0.7361,20.15598549,11248,North Andover,2,68089,65709445,0.5302297461,0.2067881835,27000,0,0,https://www.merrimack.edu/,75584,0,00212000,0.001,0.0619,0.0103,0.2701,0.1518,0.4411,30,NA,3,MA,4043,0.4781,0.5219,0.0257,0.0017,0.0181,0.0378,0.0975,0.001,0.0205,0.025,0.7727,2025-05-19,166850,Massachusetts,01845,"New England (CT, ME, MA, NH, R,I VT)",Private not-for-profit,No,No,Suburb: Large,"Essex County, MA",Roman Catholic
Mesivta Torah Vodaath Rabbinical Seminary,0.8974,23.393442623,2805,Brooklyn,2,22157,1417778,PS,0.4074074074,PS,0,0,independentrabbinicalcolleges.org/index.html,NA,0,00726400,0,0,0,0,0.5407,0.6522,80,NA,3,NY,337,1,0,0,0,0,0,0,0,0,0,1,2025-05-19,193052,New York,11218,"Mid East (DE ,DC, MD, NJ, NY, PA)",Private not-for-profit,No,No,City: Large,"Kings County, NY",Jewish
Messiah University,0.7848,19.80348944,8993,Mechanicsburg,2,53939,127166126,0.6336088154,0.18173258,25621,0,0,www.messiah.edu/,54064,0,00329800,0.1513,0.0807,0.005,0.195,0.2,0.473,42,1214,3,PA,2318,0.4042,0.5958,0.0362,4e-4,0.0397,0.0393,0.088,0.0013,0.0263,0.0078,0.761,2025-05-19,213996,Pennsylvania,17055,"Mid East (DE ,DC, MD, NJ, NY, PA)",Private not-for-profit,No,No,Suburb: Large,"Cumberland County, PA",Interdenominational
Methodist College,0.3111,27.090140845,5181,Peoria,2,26280,2647684,0.8957746479,0.347826087,31250,0,0,www.methodistcol.edu/,69800,0,00622800,0,0,0,0,0.5589,0.4783,NA,NA,3,IL,374,0.0829,0.9171,0.0428,0.0053,0.0267,0.2005,0.0294,0,0,0.0134,0.6818,2025-05-19,147129,Illinois,61615,"Great Lakes (IL, IN, MI, OH, WI)",Private not-for-profit,No,No,City: Midsize,"Peoria County, IL",Not applicable
Methodist University,0.752,23.121035058,7731,Fayetteville,2,53585,40925875,0.4565943239,0.3206865402,27000,0,0,www.methodist.edu/,48050,0,00294600,0.0474,0.0237,0,0.2648,0.3867,0.4464,71,1201,3,NC,1425,0.5551,0.4449,0.0267,0.0112,0.0112,0.2196,0.1018,0.0021,0.0632,0.1004,0.4639,2025-05-19,198969,North Carolina,28311-1420,"Southeast (AL, AR, FL, GA, KY, LA, MS, NC, SC, TN, VA, WV)",Private not-for-profit,No,No,City: Midsize,"Cumberland County, NC",United Methodist
Metropolitan College of New York,0.7654,32.438571429,8544,New York,2,32786,874933,0.7885714286,0.4958158996,27688,0,1,https://www.mcny.edu/,46236,0,00976900,0,0,0,0.25,0.608,1,NA,NA,3,NY,430,0.3023,0.6977,0.0209,0.0023,0.0093,0.5419,0.2977,0.0023,0.0488,0.0093,0.0674,2025-05-19,190114,New York,10006-1742,"Mid East (DE ,DC, MD, NJ, NY, PA)",Private not-for-profit,No,No,City: Large,"New York County, NY",Not applicable
Metropolitan State University,0.9649,29.644987665,10790,Saint Paul,1,26057,7536000,0.6086566495,0.371321408,17100,0,0,www.metrostate.edu/,64705,0,01037400,0.0271,0,0.0084,0.2656,0.443,0.321,NA,1020,3,MN,4998,0.4242,0.5758,0.0414,0.0056,0.1667,0.3159,0.0772,8e-4,0.0238,0.0072,0.3613,2025-05-19,174020,Minnesota,55106-5000,"Plains (IA, KS, MN, MO, NE, ND, SD)",Public,No,No,City: Large,"Ramsey County, MN",Not applicable
Metropolitan State University of Denver,0.9914,25.353740664,9925,Denver,1,22825,19765432,0.5682625199,0.4046665746,21500,0,1,www.msudenver.edu/,52093,0,00136000,0.0457,0.0168,0.0118,0.1981,0.3508,1,NA,1014,3,CO,14932,0.4486,0.5514,0.0546,0.0097,0.0446,0.0782,0.3665,0.0027,0.0059,0.01,0.4278,2025-05-19,127565,Colorado,80217-3362,"Rocky Mountains (CO, ID, MT, UT, WY)",Public,No,No,City: Large,"Denver County, CO",Not applicable
MGH Institute of Health Professions,NA,27.436681223,10186,Boston,2,NA,47462000,0.8689956332,0.2829268293,24961,0,0,www.mghihp.edu/,87130,0,02231600,0,0,0,0,0,0.7673,NA,NA,3,MA,112,0.1429,0.8571,0.0357,0,0.1071,0.1161,0.0893,0,0,0.0357,0.6161,2025-05-19,166869,Massachusetts,02129-4557,"New England (CT, ME, MA, NH, R,I VT)",Private not-for-profit,No,No,City: Large,"Suffolk County, MA",Not applicable
Miami Dade College,NA,22.985173164,7876,Miami,1,12535,259013444,0.581049681,0.4858954041,9252,0,1,www.mdc.edu/,40654,0,00150600,0.0096,0,0,0.2288,0.4504,0.202,NA,NA,2,FL,35001,0.4204,0.5796,0.0085,4e-4,0.0097,0.1393,0.7184,4e-4,0.0791,0.0061,0.0381,2025-05-19,135717,Florida,33132-2204,"Southeast (AL, AR, FL, GA, KY, LA, MS, NC, SC, TN, VA, WV)",Public,No,No,City: Large,"Miami-Dade County, FL",Not applicable
Miami University-Hamilton,NA,20.83047619,8166,Hamilton,1,16692,NA,0.541991342,0.2286336418,23000,0,0,miamioh.edu/regionals/,55076,0,00307702,0.0117,0,0,0.2183,0.3025,1,NA,NA,3,OH,2025,0.4681,0.5319,0.041,0.0035,0.036,0.08,0.0602,5e-4,0.0553,0.0217,0.7017,2025-05-19,204006,Ohio,45011,"Great Lakes (IL, IN, MI, OH, WI)",Public,No,No,Suburb: Large,"Butler County, OH",Not applicable
Miami University-Middletown,NA,20.83047619,7637,Middletown,1,16559,NA,0.541991342,0.2286336418,23000,0,0,miamioh.edu/regionals/,55076,0,00307701,0.0105,0,0,0.4526,0.2325,1,NA,NA,3,OH,871,0.4489,0.5511,0.0344,0.0011,0.0126,0.0712,0.0471,0.0011,0.0482,0.0184,0.7658,2025-05-19,204015,Ohio,45042,"Great Lakes (IL, IN, MI, OH, WI)",Public,No,No,Suburb: Small,"Butler County, OH",Not applicable
Miami University-Oxford,0.8209,20.83047619,10780,Oxford,1,37218,686467000,0.541991342,0.2286336418,23000,0,0,miamioh.edu/,55076,0,00307700,0.0798,0.064,0.021,0.2733,0.1129,1,NA,1313,3,OH,16361,0.4848,0.5152,0.0364,0.0021,0.0257,0.0292,0.0454,5e-4,0.0364,0.0087,0.8158,2025-05-19,204024,Ohio,45056,"Great Lakes (IL, IN, MI, OH, WI)",Public,No,No,Town: Fringe,"Butler County, OH",Not applicable
Michigan State University,0.8392,19.973643857,13188,East Lansing,1,30528,4375011965,0.5534790109,0.2095218963,23250,0,0,https://www.msu.edu/,67253,0,00229000,0.0258,0.0933,0.0145,0.1575,0.2002,0.865,NA,1261,3,MI,40243,0.4865,0.5135,0.0436,0.0027,0.0798,0.0651,0.0624,6e-4,0.054,0.02,0.6716,2025-05-19,171100,Michigan,48824-1046,"Great Lakes (IL, IN, MI, OH, WI)",Public,No,No,City: Small,"Ingham County, MI",Not applicable
Michigan Technological University,0.8794,19.886582278,11488,Houghton,1,32550,147630662,0.2774683544,0.1853785901,24990,0,0,https://www.mtu.edu/,78198,0,00229200,0,0.6043,0.0144,0.0612,0.1823,0.876,NA,1243,3,MI,5829,0.7051,0.2949,0.0352,0.0048,0.0202,0.0087,0.0312,7e-4,0.0091,0.0535,0.8365,2025-05-19,171128,Michigan,49931-1295,"Great Lakes (IL, IN, MI, OH, WI)",Public,No,No,Town: Remote,"Houghton County, MI",Not applicable
Mid-America Christian University,NA,33.947972456,5653,Oklahoma City,2,30612,3544543,0.662586075,0.497824195,26394,0,0,www.macu.edu/,46116,0,00694200,0.0256,0,0.0032,0.3866,0.3974,1,57,NA,3,OK,1532,0.3388,0.6612,0.0672,0.0587,0.0078,0.1299,0.1527,0.0052,0.0561,0.0222,0.5,2025-05-19,245953,Oklahoma,73170-9797,"Southwest (AZ, NM, OK, TX)",Private not-for-profit,No,No,City: Large,"Cleveland County, OK",Church of God
Mid-America College of Funeral Service,NA,27.052631579,7095,Jeffersonville,2,30379,NA,0.6947368421,PS,16666,0,0,www.mid-america.edu/,44505,0,01061800,0,0,0,0,0.559,0.3333,NA,NA,2,IN,337,0.276,0.724,0.0386,0.003,0,0.1395,0.0178,0,0,0.0148,0.7864,2025-05-19,151962,Indiana,47130,"Great Lakes (IL, IN, MI, OH, WI)",Private not-for-profit,No,No,Suburb: Large,"Clark County, IN",Not applicable
Mid-Atlantic Christian University,0.7621,22.169117647,4744,Elizabeth City,2,31429,3809159,0.5514705882,0.3504273504,27000,0,0,www.macuniversity.edu/,38342,0,02280900,0.1875,0,0,0.1875,0.4662,0.3784,48,NA,3,NC,161,0.7019,0.2981,0.0683,0.0124,0.0062,0.354,0.0621,0,0.0062,0,0.4907,2025-05-19,199458,North Carolina,27909-4054,"Southeast (AL, AR, FL, GA, KY, LA, MS, NC, SC, TN, VA, WV)",Private not-for-profit,No,No,Town: Distant,"Pasquotank County, NC",Christian Churches and Churches of Christ
MidAmerica Nazarene University,0.7346,25.824499411,6757,Olathe,2,53495,14056637,0.5806831567,0.322496749,15000,0,0,https://www.mnu.edu/,62972,0,00703200,0.0643,0,0.0036,0.1607,0.2847,0.214,59,1016,3,KS,977,0.48,0.52,0.0614,0.0082,0.0102,0.1494,0.085,0.0031,0.0471,0.0194,0.6162,2025-05-19,155520,Kansas,66062-1899,"Plains (IA, KS, MN, MO, NE, ND, SD)",Private not-for-profit,No,No,Suburb: Large,"Johnson County, KS",Church of the Nazarene
Middle Georgia State University,0.9977,22.974129353,8261,Macon,1,20189,14136569,0.5888059701,0.356277533,19000,0,0,https://www.mga.edu/,40863,0,00158100,0.0364,0,0.0057,0.1092,0.4092,0.7417,NA,1055,3,GA,6655,0.4583,0.5417,0.0425,0.0018,0.0295,0.3243,0.0781,8e-4,0.017,0.0036,0.5025,2025-05-19,482158,Georgia,31206,"Southeast (AL, AR, FL, GA, KY, LA, MS, NC, SC, TN, VA, WV)",Public,No,No,City: Midsize,"Bibb County, GA",Not applicable
Middle Tennessee State University,0.68,22.357582611,9415,Murfreesboro,1,22754,126863487,0.5808518658,0.3643763797,20000,0,0,www.mtsu.edu/,48541,0,00351000,0.0286,0.0132,0.0031,0.1868,0.3137,0.7923,NA,1119,3,TN,16115,0.4833,0.5167,0.0401,0.0024,0.0427,0.1407,0.0972,9e-4,0.0199,0.0144,0.6417,2025-05-19,220978,Tennessee,37132,"Southeast (AL, AR, FL, GA, KY, LA, MS, NC, SC, TN, VA, WV)",Public,No,No,City: Midsize,"Rutherford County, TN",Not applicable
Middlebury College,0.1037,20.790352505,13491,Middlebury,2,82260,1302000380,0.53432282,0.2157258065,13857,0,0,https://www.middlebury.edu/college/,76310,0,00369100,0.0016,0,0.0344,0,0.1673,0.9221,NA,1500,3,VT,2785,0.4675,0.5325,0.0747,4e-4,0.0783,0.0564,0.1174,0,0.1095,0.0079,0.5555,2025-05-19,230959,Vermont,05753,"New England (CT, ME, MA, NH, R,I VT)",Private not-for-profit,No,No,Town: Distant,"Addison County, VT",Not applicable
Midland College,NA,25.380637402,7448,Midland,1,12519,55502972,0.6422128683,0.5471556886,10670,0,1,www.midland.edu/,43958,0,00979700,0.0113,0.0017,0,0.0877,0.1919,0.4799,NA,NA,2,TX,5020,0.4034,0.5966,0.0179,0.003,0.0177,0.0556,0.5984,4e-4,0.0259,0.0195,0.2616,2025-05-19,226806,Texas,79705,"Southwest (AZ, NM, OK, TX)",Public,No,No,City: Midsize,"Midland County, TX",Not applicable
Midland University,0.6692,20.52876377,6891,Fremont,2,52386,24810728,0.4259485924,0.3412384717,26134,0,0,https://www.midlandu.edu/,52163,0,00255300,0.1974,0,0,0.1842,0.2806,1,39,1043,3,NE,1191,0.5172,0.4828,0.0218,0,0.0168,0.0756,0.1612,0,0.0798,0.0747,0.5701,2025-05-19,181330,Nebraska,68025,"Plains (IA, KS, MN, MO, NE, ND, SD)",Private not-for-profit,No,No,Town: Distant,"Dodge County, NE",Evangelical Lutheran Church
Midway University,0.9518,26.522762951,7286,Midway,2,41400,28926670,0.7833594976,0.4345637584,21301,0,0,www.midway.edu/,44246,0,00197500,0.0409,0,0,0.2825,0.4613,0.2708,61,1145,3,KY,1250,0.3832,0.6168,0.0408,0.0048,0.0104,0.0992,0.0728,0,0.0392,0.0192,0.7136,2025-05-19,157377,Kentucky,40347-1120,"Southeast (AL, AR, FL, GA, KY, LA, MS, NC, SC, TN, VA, WV)",Private not-for-profit,No,No,Rural: Distant,"Woodford County, KY",Christian Church (Disciples of Christ)
Midwestern Baptist Theological Seminary,0.9433,27.895833333,7199,Kansas City,2,31765,26749841,0.2604166667,PS,15675,0,0,https://www.mbts.edu/,50535,0,00248500,0,0,0,0.0259,0.3092,0.2,75,NA,3,MO,791,0.641,0.359,0.024,0.0076,0.0329,0.0392,0.0746,0.0038,0.0152,0.0468,0.756,2025-05-19,178208,Missouri,64118-4697,"Plains (IA, KS, MN, MO, NE, ND, SD)",Private not-for-profit,No,No,City: Large,"Clay County, MO",Southern Baptist
Midwestern State University,0.8738,23.62908778,8145,Wichita Falls,1,22411,93439610,0.5839070568,0.381792183,21030,0,1,www.msutexas.edu/,55747,0,00359200,0.0609,0.0215,0.0034,0.1279,0.4004,0.702,NA,NA,3,TX,4043,0.3656,0.6344,0.0416,0.0111,0.0349,0.1551,0.2582,0.0017,0.0433,0.0225,0.4316,2025-05-19,226833,Texas,76308-2099,"Southwest (AZ, NM, OK, TX)",Public,No,No,City: Midsize,"Wichita County, TX",Not applicable
Miles College,NA,21.322740113,5439,Fairfield,2,22900,25642204,0.4668079096,0.4164588529,31217,1,0,https://www.miles.edu/,32627,0,00102800,0.0207,0,0,0.3034,0.7552,0.4706,55,NA,3,AL,1151,0.4709,0.5291,0.0026,0,9e-4,0.9513,0.0182,0,0,0.0017,0.0252,2025-05-19,101675,Alabama,35064-2621,"Southeast (AL, AR, FL, GA, KY, LA, MS, NC, SC, TN, VA, WV)",Private not-for-profit,Yes,No,Suburb: Large,"Jefferson County, AL",Christian Methodist Episcopal
Millersville University of Pennsylvania,0.8941,21.563907575,10859,Millersville,1,27086,52853747,0.568294823,0.3472617917,23507,0,0,www.millersville.edu/,55246,0,00332500,0.0999,0.0285,0.0278,0.1007,0.2669,0.6789,NA,1120,3,PA,5610,0.4244,0.5756,0.013,0.003,0.033,0.0895,0.1055,0.0012,0.0155,0.0052,0.734,2025-05-19,214041,Pennsylvania,17551-0302,"Mid East (DE ,DC, MD, NJ, NY, PA)",Public,No,No,Suburb: Large,"Lancaster County, PA",Not applicable
Milligan University,0.7027,22.005025126,6909,Milligan,2,49850,51050100,0.6231155779,0.3186528497,25219,0,0,www.milligan.edu/,46641,0,00351100,0.1162,0.096,0.0202,0.2273,0.2344,0.6864,48,1195,3,TN,783,0.5287,0.4713,0.0383,0.0013,0.0166,0.0524,0.0639,0.0026,0.0868,0.0153,0.7229,2025-05-19,486901,Tennessee,37682,"Southeast (AL, AR, FL, GA, KY, LA, MS, NC, SC, TN, VA, WV)",Private not-for-profit,No,No,Suburb: Midsize,"Carter County, TN",Christian Churches and Churches of Christ
Millikin University,0.5405,21.179616549,6414,Decatur,2,41297,102221463,0.5449041372,0.3184782609,27000,0,0,https://millikin.edu/,51262,0,00172400,0.1724,0.0025,0.0197,0.1626,0.3472,0.713,NA,1050,3,IL,1458,0.4554,0.5446,0.0213,7e-4,0.0192,0.1811,0.0473,0.0014,0.0377,0.0261,0.6653,2025-05-19,147244,Illinois,62522-2084,"Great Lakes (IL, IN, MI, OH, WI)",Private not-for-profit,No,No,City: Small,"Macon County, IL",Presbyterian Church (USA)
Millsaps College,0.4903,19.5,8506,Jackson,2,61025,98495928,0.4971264368,0.1671732523,27000,0,0,www.millsaps.edu/,53848,0,00241400,0.0075,0,0.0677,0.1504,0.3557,0.7549,71,NA,3,MS,580,0.5379,0.4621,0.0103,0.0086,0.031,0.2724,0.0431,0.0069,0.0259,0.0328,0.569,2025-05-19,175980,Mississippi,39210-0001,"Southeast (AL, AR, FL, GA, KY, LA, MS, NC, SC, TN, VA, WV)",Private not-for-profit,No,No,City: Midsize,"Hinds County, MS",United Methodist
Milwaukee Institute of Art & Design,0.628,20.547619048,6561,Milwaukee,2,52646,3690014,0.6534391534,0.3005780347,27000,0,0,www.miad.edu/,41174,0,02077100,0,0,0,0,0.3638,0.4191,NA,1155,3,WI,883,0.2084,0.7916,0.0691,0.0045,0.043,0.0566,0.1687,0.0034,0.0011,0.0023,0.6512,2025-05-19,239309,Wisconsin,53202-6003,"Great Lakes (IL, IN, MI, OH, WI)",Private not-for-profit,No,No,City: Large,"Milwaukee County, WI",Not applicable
Milwaukee School of Engineering,0.6039,21.184284378,10016,Milwaukee,2,60439,75683084,0.2927970065,0.2359882006,27000,0,0,www.msoe.edu/,89070,0,00386800,0,0.6933,0,0.0926,0.2268,0.5884,NA,NA,3,WI,2607,0.7219,0.2781,0.0326,8e-4,0.0506,0.0249,0.107,4e-4,0.0437,0.0487,0.6912,2025-05-19,239318,Wisconsin,53202-3109,"Great Lakes (IL, IN, MI, OH, WI)",Private not-for-profit,No,No,City: Large,"Milwaukee County, WI",Not applicable
Minneapolis College of Art and Design,0.4836,21.542635659,7762,Minneapolis,2,54606,55064844,0.661498708,0.2083333333,27000,0,0,https://mcad.edu/,40873,0,00236500,0,0,0,0.048,0.4017,0.2794,NA,1170,3,MN,701,0.3124,0.6876,0.0699,0.0128,0.0785,0.067,0.1084,0,0.0114,0.0171,0.6348,2025-05-19,174127,Minnesota,55404,"Plains (IA, KS, MN, MO, NE, ND, SD)",Private not-for-profit,No,No,City: Large,"Hennepin County, MN",Not applicable
Minnesota State University-Mankato,0.9133,21.292361884,10753,Mankato,1,22565,64486000,0.5695216908,0.2421159715,21106,0,0,https://mnsu.edu/,56922,0,00236000,0.0675,0.0609,0.0042,0.2292,0.2048,0.6817,NA,1190,3,MN,11325,0.4539,0.5461,0.0343,0.0026,0.0331,0.06,0.0569,2e-4,0.0887,0.0055,0.7189,2025-05-19,173920,Minnesota,56001,"Plains (IA, KS, MN, MO, NE, ND, SD)",Public,No,No,City: Small,"Blue Earth County, MN",Not applicable
Minnesota State University Moorhead,0.5262,22.463289963,10113,Moorhead,1,24419,33040000,0.5961895911,0.2013854527,20000,0,0,https://www.mnstate.edu/,50527,0,00236700,0.1392,0.0029,0.0038,0.2198,0.2746,0.577,NA,1090,3,MN,3120,0.3651,0.6349,0.0394,0.0112,0.0173,0.0519,0.0494,0.001,0.0452,0.0048,0.7798,2025-05-19,174358,Minnesota,56563,"Plains (IA, KS, MN, MO, NE, ND, SD)",Public,No,No,Suburb: Midsize,"Clay County, MN",Not applicable
Minot State University,0.7221,23.759958071,7909,Minot,1,18141,38739117,0.6205450734,0.3471741638,19609,0,0,www.minotstateu.edu/,51759,0,00299400,0.2116,0,0.004,0.1657,0.2411,0.613,NA,1084,3,ND,2072,0.3832,0.6168,0.0652,0.0193,0.013,0.0454,0.0951,0.0039,0.1052,0.0125,0.6404,2025-05-19,200253,North Dakota,58707,"Plains (IA, KS, MN, MO, NE, ND, SD)",Public,No,No,Town: Remote,"Ward County, ND",Not applicable
MiraCosta College,NA,25.405693177,14341,Oceanside,1,15713,12537023,0.6114732725,0.5097139773,9000,0,1,www.miracosta.edu/,43845,0,00123900,0.0138,0,0.0059,0.1217,0.2724,0.2333,NA,NA,1,CA,10474,0.4247,0.5753,0.0655,0.0037,0.0722,0.0358,0.4364,0.0068,0.0082,0.0261,0.3453,2025-05-19,118912,California,92056-3899,"Far West (AK ,CA ,HI, NV, OR, WA)",Public,No,No,Suburb: Large,"San Diego County, CA",Not applicable
Mirrer Yeshiva Cent Institute,0.7778,18.307692308,3686,Brooklyn,2,21343,NA,PS,PS,PS,0,0,www.mirreryeshiva.com/,41192,0,00479800,0,0,0,0,0.3667,1,80,NA,3,NY,102,1,0,0,0,0,0,0,0,0.0686,0,0.9314,2025-05-19,193247,New York,11223-2010,"Mid East (DE ,DC, MD, NJ, NY, PA)",Private not-for-profit,No,No,City: Large,"Kings County, NY",Jewish
Misericordia University,0.8489,22.538390379,8336,Dallas,2,51023,61724229,0.6512488437,0.2994071146,26973,0,0,www.misericordia.edu/,64313,0,00324700,0.0493,0,0.0045,0.1368,0.1903,1,30,NA,3,PA,1632,0.3603,0.6397,0.0251,6e-4,0.0135,0.0496,0.0656,6e-4,0.0018,0.0331,0.81,2025-05-19,214069,Pennsylvania,18612-1098,"Mid East (DE ,DC, MD, NJ, NY, PA)",Private not-for-profit,No,No,Suburb: Large,"Luzerne County, PA",Roman Catholic
Mission University,NA,20.741626794,4009,Springfield,2,29288,385695,0.5645933014,PS,26168,0,0,www.mission.edu/,38641,0,01320800,0.1273,0,0,0.2545,0.4891,0.2373,54,NA,3,MO,342,0.6462,0.3538,0.0263,0.0263,0.0088,0.0673,0.0614,0,0,0,0.8099,2025-05-19,176664,Missouri,65803-3498,"Plains (IA, KS, MN, MO, NE, ND, SD)",Private not-for-profit,No,No,City: Midsize,"Greene County, MO",Baptist
Mississippi College,0.4887,22.265023112,7962,Clinton,2,39167,102545404,0.6217257319,0.2567237164,22500,0,0,www.mc.edu/,47485,0,00241500,0.0832,0.0129,0.0166,0.1479,0.2617,0.5266,75,1120,3,MS,2423,0.4139,0.5861,0.0235,0.0033,0.0256,0.1841,0.0425,0,0.0124,0.0227,0.6859,2025-05-19,176053,Mississippi,39058,"Southeast (AL, AR, FL, GA, KY, LA, MS, NC, SC, TN, VA, WV)",Private not-for-profit,No,No,Suburb: Large,"Hinds County, MS",Southern Baptist
Mississippi State University,0.7632,21.226035332,9760,Mississippi State,1,26922,639484617,0.5395308427,0.248577142,22142,0,0,https://www.msstate.edu/,51513,0,00242300,0.0831,0.1687,0.0073,0.1799,0.2864,0.8403,NA,1220,3,MS,18092,0.4898,0.5102,0.0266,0.0048,0.0164,0.1505,0.0421,4e-4,0.012,0.0066,0.7406,2025-05-19,176080,Mississippi,39762,"Southeast (AL, AR, FL, GA, KY, LA, MS, NC, SC, TN, VA, WV)",Public,No,No,Town: Remote,"Oktibbeha County, MS",Not applicable
Mississippi University for Women,1,26.140659341,6655,Columbus,1,21808,61567784,0.8681318681,0.3704600484,15000,0,0,https://www.muw.edu/,46128,0,00242200,0.0296,0,0.004,0.1739,0.4159,0.6398,NA,1050,3,MS,1593,0.1915,0.8085,0,0.0088,0.0082,0.3848,0.0144,0.0019,0.01,0,0.5719,2025-05-19,176035,Mississippi,39701,"Southeast (AL, AR, FL, GA, KY, LA, MS, NC, SC, TN, VA, WV)",Public,No,No,Town: Remote,"Lowndes County, MS",Not applicable
Mississippi Valley State University,0.5116,21.69733448,6651,Itta Bena,1,21606,3263283,0.5717970765,0.4262626263,28413,1,0,www.mvsu.edu/,31919,0,00242400,0.1303,0,0.0294,0.1134,0.5955,0.6463,NA,910,3,MS,1326,0.4977,0.5023,0.009,0.0023,0.0038,0.8937,0.0158,0.0015,0,0.0505,0.0234,2025-05-19,176044,Mississippi,38941-1400,"Southeast (AL, AR, FL, GA, KY, LA, MS, NC, SC, TN, VA, WV)",Public,Yes,No,Town: Remote,"Leflore County, MS",Not applicable
Missouri Baptist University,0.641,24.204281891,6865,Saint Louis,2,47370,4702162,0.5504014273,0.3589015152,22500,0,0,www.mobap.edu/,46660,0,00754000,0.125,0,0.0049,0.2304,0.1271,0.2624,54,983,3,MO,1452,0.4573,0.5427,0.0289,0.0083,0.011,0.1391,0.0041,7e-4,0.0441,0.031,0.7328,2025-05-19,178244,Missouri,63141-8698,"Plains (IA, KS, MN, MO, NE, ND, SD)",Private not-for-profit,No,No,Suburb: Large,"St. Louis County, MO",Baptist
Missouri Southern State University,0.9744,23.347340775,6614,Joplin,1,19194,41148112,0.6070256074,0.4522339266,19174,0,0,www.mssu.edu/,42620,0,00248800,0.0945,0,0.0054,0.1789,0.3497,0.5423,NA,1090,3,MO,3101,0.3918,0.6082,0.0148,0.0445,0.0281,0.0651,0.0932,0.0058,0.0326,0.0226,0.6933,2025-05-19,178341,Missouri,64801-1595,"Plains (IA, KS, MN, MO, NE, ND, SD)",Public,No,No,City: Small,"Jasper County, MO",Not applicable
Missouri State University-Springfield,0.9105,21.904991948,8852,Springfield,1,24022,NA,0.6103059581,0.3225576759,21992,0,0,www.missouristate.edu/,49827,0,00250300,0.1125,0,0.0032,0.2023,0.2134,0.6652,NA,1119,3,MO,13407,0.3908,0.6092,0.0403,0.0038,0.0195,0.0351,0.0535,0.0013,0.0294,0.0269,0.7902,2025-05-19,179566,Missouri,65897,"Plains (IA, KS, MN, MO, NE, ND, SD)",Public,No,No,City: Midsize,"Greene County, MO",Not applicable
Missouri University of Science and Technology,0.7307,20.46378054,12520,Rolla,1,25653,252819049,0.2413201886,0.2249212776,23250,0,0,https://www.mst.edu/,82957,0,00251700,0.0216,0.6424,0.0224,0.0248,0.2075,0.8063,NA,1287,3,MO,5467,0.7717,0.2283,0.028,0.0038,0.0441,0.032,0.0556,2e-4,0.0256,0.0624,0.7483,2025-05-19,178411,Missouri,65409,"Plains (IA, KS, MN, MO, NE, ND, SD)",Public,No,No,Town: Remote,"Phelps County, MO",Not applicable
Missouri Valley College,0.5269,20.472361809,5100,Marshall,2,37001,11181713,0.3628140704,0.4008810573,25950,0,0,https://www.moval.edu/,43221,0,00248900,0.0867,0,0.0102,0.2602,0.2991,0.6552,66,1018,3,MO,1274,0.6358,0.3642,0.0392,0.0031,0.0063,0.1484,0.1075,0.0157,0.2991,0.0204,0.3603,2025-05-19,178369,Missouri,65340,"Plains (IA, KS, MN, MO, NE, ND, SD)",Private not-for-profit,No,No,Town: Remote,"Saline County, MO",Presbyterian Church (USA)
Missouri Western State University,NA,22.088486677,7741,Saint Joseph,1,20282,34756187,0.6189039718,0.3968957871,19968,0,0,https://www.missouriwestern.edu/,42647,0,00249000,0.0815,0,0.0044,0.1481,0.2817,0.5678,NA,NA,3,MO,2372,0.3938,0.6062,0.0805,0.0118,0.0177,0.1395,0.0169,0.0021,0.0126,0.0438,0.675,2025-05-19,178387,Missouri,64507,"Plains (IA, KS, MN, MO, NE, ND, SD)",Public,No,No,City: Small,"Buchanan County, MO",Not applicable
Mitchell College,0.7336,20.620805369,6927,New London,2,54089,7947276,0.4362416107,0.3516483516,25150,0,0,https://www.mitchell.edu/,39115,0,00139300,0.1282,0,0,0.094,0.3933,1,NA,NA,3,CT,421,0.5534,0.4466,0.0333,0.0071,0.0119,0.1473,0.1948,0.0024,0.0048,0.0404,0.5582,2025-05-19,129774,Connecticut,06320,"New England (CT, ME, MA, NH, R,I VT)",Private not-for-profit,No,No,City: Small,"New London County, CT",Not applicable
Modesto Junior College,NA,24.644315757,10447,Modesto,1,14769,7414175,0.5973788479,0.5986489171,PS,0,1,https://www.mjc.edu/,42368,0,00124000,7e-4,0.0011,0.0064,0.1271,0.2617,0.4687,NA,NA,2,CA,14714,0.393,0.607,5e-4,0.0054,0.0637,0.0342,0.5603,0.0096,0.0021,0.0069,0.3173,2025-05-19,118976,California,95350-5800,"Far West (AK ,CA ,HI, NV, OR, WA)",Public,No,No,City: Midsize,"Stanislaus County, CA",Not applicable
Molloy College,0.7564,22.103994927,11156,Rockville Centre,2,48251,44564248,0.7482561826,0.3529824561,27000,0,1,www.molloy.edu/,77789,0,00277500,0.0811,0,0.0076,0.0849,0.2993,0.2744,30,1193,3,NY,3185,0.2747,0.7253,0.027,0.0025,0.0954,0.1187,0.2725,0.0031,0.01,0.0104,0.4603,2025-05-19,193292,New York,11571-5002,"Mid East (DE ,DC, MD, NJ, NY, PA)",Private not-for-profit,No,No,Suburb: Large,"Nassau County, NY",Roman Catholic
Monmouth College,0.8662,19.733855186,6839,Monmouth,2,55529,121881403,0.4598825832,0.3224400871,27000,0,0,www.monmouthcollege.edu/,51110,0,00172500,0.1038,0.0164,0.0164,0.1694,0.3091,0.6842,66,1128,3,IL,725,0.5214,0.4786,0.0345,0.0028,0.0166,0.0979,0.1186,0,0.0083,0.029,0.6924,2025-05-19,147341,Illinois,61462-1998,"Great Lakes (IL, IN, MI, OH, WI)",Private not-for-profit,No,No,Town: Distant,"Warren County, IL",Presbyterian Church (USA)
Monmouth University,0.8954,20.039649608,9898,West Long Branch,2,60113,129424000,0.5947441217,0.3230769231,27000,0,0,https://www.monmouth.edu/,67991,0,00261600,0.0107,0.0064,0.0139,0.3155,0.3036,1,NA,1204,3,NJ,3831,0.3649,0.6351,0.0248,8e-4,0.0217,0.0517,0.1744,3e-4,0.0159,0.0209,0.6896,2025-05-19,185572,New Jersey,07764-1898,"Mid East (DE ,DC, MD, NJ, NY, PA)",Private not-for-profit,No,No,Suburb: Large,"Monmouth County, NJ",Not applicable
Montana State University,0.8683,21.451500206,9290,Bozeman,1,23779,252592976,0.4928072339,0.2331828928,22500,0,0,https://www.montana.edu/,53263,0,00253200,0.0428,0.1593,0.0131,0.1237,0.1673,0.5737,NA,1154,3,MT,14472,0.5403,0.4597,0.0554,0.0144,0.0104,0.0044,0.0576,7e-4,0.0077,0.0067,0.8427,2025-05-19,180461,Montana,59717,"Rocky Mountains (CO, ID, MT, UT, WY)",Public,No,No,Town: Remote,"Gallatin County, MT",Not applicable
Montana State University-Northern,NA,23.868238558,5942,Havre,1,17363,9950113,0.4590846047,0.3438438438,18500,0,0,www.msun.edu/,49505,1,00253300,0.0512,0,0,0.122,0.297,1,NA,NA,3,MT,787,0.5947,0.4053,0.0343,0.197,0.0025,0.0191,0.0534,0,0,0.0076,0.6861,2025-05-19,180522,Montana,59501,"Rocky Mountains (CO, ID, MT, UT, WY)",Public,No,No,Town: Remote,"Hill County, MT",Not applicable
Montana State University Billings,NA,25.683438155,7021,Billings,1,18473,29957268,0.6325995807,0.3845265589,18209,0,0,www.msubillings.edu/,44296,0,00253000,0.0912,0,0.0016,0.2154,0.2647,0.6502,NA,NA,3,MT,2710,0.3638,0.6362,0.059,0.0524,0.0107,0.0074,0.0782,0.0011,0.0244,0.0118,0.755,2025-05-19,180179,Montana,59101-0298,"Rocky Mountains (CO, ID, MT, UT, WY)",Public,No,No,City: Midsize,"Yellowstone County, MT",Not applicable
Montana Technological University,0.899,24.211302211,8216,Butte,1,21620,47611239,0.3943488943,0.3373015873,18750,0,0,https://www.mtech.edu/,54329,0,00253100,0,0.4191,0.0495,0.1386,0.2136,0.7264,NA,1126,3,MT,1428,0.6296,0.3704,0.0294,0.0161,0.0126,0.0126,0.0476,0,0.014,0.0525,0.8151,2025-05-19,180416,Montana,59701-8997,"Rocky Mountains (CO, ID, MT, UT, WY)",Public,No,No,Town: Remote,"Silver Bow County, MT",Not applicable
Montclair State University,0.8741,21.233536102,11512,Montclair,1,25926,53810000,0.6262893414,0.4124472574,22000,0,1,www.montclair.edu/,61415,0,00261700,0.0243,0,0.0081,0.2056,0.4439,0.3414,NA,1080,3,NJ,17677,0.4061,0.5939,0.0249,0.0015,0.0626,0.1307,0.3858,0.0011,0.0115,0.0487,0.3333,2025-05-19,185590,New Jersey,07043-1624,"Mid East (DE ,DC, MD, NJ, NY, PA)",Public,No,No,Suburb: Large,"Passaic County, NJ",Not applicable
Montreat College,0.6555,23.186295503,6316,Montreat,2,45829,9352858,0.4946466809,0.3033707865,25813,0,0,https://www.montreat.edu/,45151,0,00294800,0.0519,0,0,0.2013,0.4037,0.3642,42,NA,3,NC,750,0.54,0.46,0.0093,0.0227,0.0107,0.12,0.012,0.0213,0.0093,0.1867,0.608,2025-05-19,199032,North Carolina,28757-1267,"Southeast (AL, AR, FL, GA, KY, LA, MS, NC, SC, TN, VA, WV)",Private not-for-profit,No,No,Suburb: Large,"Buncombe County, NC",Interdenominational
Montserrat College of Art,NA,20.142857143,6587,Beverly,2,56284,2858176,0.7248677249,0.3275862069,27000,0,0,https://www.montserrat.edu/,33022,0,02063000,0.0441,0,0,0,0.3277,0.375,NA,NA,3,MA,261,0.249,0.751,0.0536,0.0077,0.0307,0.046,0.1533,0,0.0038,0.069,0.636,2025-05-19,166911,Massachusetts,01915-4508,"New England (CT, ME, MA, NH, R,I VT)",Private not-for-profit,No,No,Suburb: Large,"Essex County, MA",Not applicable
Moody Bible Institute,0.9754,24.862174579,9038,Chicago,2,34510,43452478,0.450229709,0.2808988764,18149,0,0,https://www.moody.edu/,45399,0,00172700,0,0,0,0,0.3272,0.3167,42,NA,3,IL,1586,0.5158,0.4842,0.0347,0.0019,0.0284,0.0662,0.0883,6e-4,0.099,0.0605,0.6204,2025-05-19,147369,Illinois,60610-3284,"Great Lakes (IL, IN, MI, OH, WI)",Private not-for-profit,No,No,City: Large,"Cook County, IL",Interdenominational
Moore College of Art and Design,0.6051,21.228699552,7939,Philadelphia,2,68583,41462755,PS,0.3140096618,26000,0,0,www.moore.edu/,37839,0,00330000,0.0267,0,0,0,0.4085,0.2316,NA,1303,3,PA,390,0,1,0.0923,0.0051,0.041,0.1641,0.0769,0,0,0.1051,0.5154,2025-05-19,214148,Pennsylvania,19103-1179,"Mid East (DE ,DC, MD, NJ, NY, PA)",Private not-for-profit,No,No,City: Large,"Philadelphia County, PA",Not applicable
Moravian University,0.54,20.543071161,8029,Bethlehem,2,64260,132816548,0.5936329588,0.2921236291,26793,0,0,www.moravian.edu/,61860,0,00330100,0.0236,0,0.0138,0.1476,0.2679,1,44,1154,3,PA,1970,0.3624,0.6376,0.0213,0.0015,0.0239,0.0569,0.1792,0.001,0.0041,0.0548,0.6574,2025-05-19,214157,Pennsylvania,18018-6650,"Mid East (DE ,DC, MD, NJ, NY, PA)",Private not-for-profit,No,No,City: Small,"Northampton County, PA",Moravian Church
Morehead State University,0.8212,22.050892857,7578,Morehead,1,22758,56141302,0.6175595238,0.4141706924,22250,0,0,https://www.moreheadstate.edu/,43197,0,00197600,0.0923,0.0169,0.0089,0.1065,0.2873,0.7217,NA,NA,3,KY,4689,0.3956,0.6044,0.0341,9e-4,0.0066,0.0305,0.032,9e-4,0.0147,0.0156,0.8648,2025-05-19,157386,Kentucky,40351,"Southeast (AL, AR, FL, GA, KY, LA, MS, NC, SC, TN, VA, WV)",Public,No,No,Town: Remote,"Rowan County, KY",Not applicable
Morehouse College,0.5139,19.719101124,8349,Atlanta,2,47347,246017759,PS,0.1971698113,25000,1,0,www.morehouse.edu/,52889,0,00158200,0,0.0452,0.0126,0.3216,0.4438,0.5528,NA,1050,3,GA,2736,0.9996,4e-4,0.0146,4e-4,4e-4,0.9784,0.0011,0,0.004,0,0.0011,2025-05-19,140553,Georgia,30314,"Southeast (AL, AR, FL, GA, KY, LA, MS, NC, SC, TN, VA, WV)",Private not-for-profit,Yes,No,City: Large,"Fulton County, GA",Not applicable
Morgan State University,0.8296,21.506378455,11055,Baltimore,1,24778,91221445,0.5864635011,0.3310118804,27250,1,0,https://www.morgan.edu/,50698,0,00208300,0.0332,0.1068,0.0041,0.1649,0.5445,0.6207,NA,984,3,MD,8293,0.3802,0.6198,0.0293,0.0023,0.0035,0.7436,0.0515,4e-4,0.0678,0.0942,0.0075,2025-05-19,163453,Maryland,21251-0001,"Mid East (DE ,DC, MD, NJ, NY, PA)",Public,Yes,No,City: Large,"Baltimore City, MD",Not applicable
Morningside University,0.7057,22.422330097,7288,Sioux City,2,50429,59589258,0.5776699029,0.2346153846,26028,0,0,https://www.morningside.edu/,55494,0,00187900,0.1774,0,0.004,0.2702,0.3153,1,71,910,3,IA,1166,0.4854,0.5146,0.0309,0.006,0.012,0.0403,0.0901,9e-4,0.0935,0.1458,0.5806,2025-05-19,154004,Iowa,51106-1751,"Plains (IA, KS, MN, MO, NE, ND, SD)",Private not-for-profit,No,No,City: Small,"Woodbury County, IA",United Methodist
Morris College,NA,21.294214876,4245,Sumter,2,29585,11586325,0.5487603306,0.4,31400,1,0,https://www.morris.edu/,30614,0,00343900,0.0395,0,0.0132,0.4342,0.8177,0.5147,54,NA,3,SC,421,0.4774,0.5226,0.0214,0,0,0.9335,0.0095,0,0,0.0238,0.0119,2025-05-19,218399,South Carolina,29150-3599,"Southeast (AL, AR, FL, GA, KY, LA, MS, NC, SC, TN, VA, WV)",Private not-for-profit,Yes,No,City: Small,"Sumter County, SC",Baptist
Mount Aloysius College,0.9041,22.239949749,7299,Cresson,2,38533,57610348,0.7487437186,0.4204851752,24287,0,0,www.mtaloy.edu/,46165,0,00330200,0.0109,0,0,0.0839,0.1599,0.3742,30,1034,3,PA,1123,0.2823,0.7177,0,0.0045,0.0107,0.0365,0.0053,9e-4,0.0703,0.13,0.7418,2025-05-19,214166,Pennsylvania,16630-1999,"Mid East (DE ,DC, MD, NJ, NY, PA)",Private not-for-profit,No,No,Town: Fringe,"Cambria County, PA",Roman Catholic
Mount Carmel College of Nursing,0.5739,24.50812065,8440,Columbus,2,19807,2331611,0.8932714617,0.39408867,22082,0,0,www.mccn.edu/,75103,0,03071900,0,0,0,0,0.3041,0.8873,30,1020,3,OH,573,0.1239,0.8761,0.0366,0.0017,0.0663,0.2339,0.0436,0.0035,0,0.0087,0.6056,2025-05-19,204176,Ohio,43222-1504,"Great Lakes (IL, IN, MI, OH, WI)",Private not-for-profit,No,No,City: Large,"Franklin County, OH",Roman Catholic
Mount Holyoke College,0.3829,20.555189456,11239,South Hadley,2,77545,1002548528,PS,0.1895652174,22902,0,0,https://www.mtholyoke.edu/,58418,0,00219200,0.0279,0,0.0339,0,0.2029,0.8902,NA,1422,3,MA,2198,0,1,0.0505,5e-4,0.071,0.0546,0.0919,0,0.2207,0.0064,0.5045,2025-05-19,166939,Massachusetts,01075-1489,"New England (CT, ME, MA, NH, R,I VT)",Private not-for-profit,No,No,Suburb: Large,"Hampshire County, MA",Not applicable
Mount Marty University,0.4814,22.537459283,7439,Yankton,2,45209,30841524,0.6840390879,0.3202846975,26396,0,0,www.mountmarty.edu/,48179,0,00346500,0.0649,0,0,0.3182,0.1935,0.3281,30,1120,3,SD,702,0.5427,0.4573,0.0427,0.0313,0.0085,0.0726,0.0883,0.0014,0.057,0.0399,0.6581,2025-05-19,219198,South Dakota,57078-3724,"Plains (IA, KS, MN, MO, NE, ND, SD)",Private not-for-profit,No,No,Town: Remote,"Yankton County, SD",Roman Catholic
Mount Mary University,0.9335,22.853006682,6605,Milwaukee,2,47328,25553567,PS,0.3933161954,25288,0,1,www.mtmary.edu/,48745,0,00386900,0.09,0,0,0.12,0.5768,0.3568,30,1050,3,WI,703,0,1,0.0185,0.0057,0.064,0.2233,0.34,0.0043,0.0114,0.0199,0.3129,2025-05-19,239390,Wisconsin,53222-4597,"Great Lakes (IL, IN, MI, OH, WI)",Private not-for-profit,No,No,City: Large,"Milwaukee County, WI",Roman Catholic
Mount Mercy University,0.7876,24.95862069,6542,Cedar Rapids,2,52436,34358994,0.7172413793,0.2881987578,23699,0,0,www.mtmercy.edu/,60787,0,00188000,0.1195,0,0.0031,0.2547,0.2589,1,30,1120,3,IA,1135,0.3709,0.6291,0.1436,0,0.0194,0.0344,0.0273,0,0.1004,0.0344,0.6405,2025-05-19,154013,Iowa,52402-4797,"Plains (IA, KS, MN, MO, NE, ND, SD)",Private not-for-profit,No,No,City: Midsize,"Linn County, IA",Roman Catholic
Mount Saint Mary's University,0.6872,23.69490485,9244,Los Angeles,2,64637,157775106,0.9312461633,0.4972592013,25949,0,1,https://www.msmu.edu/,72379,0,00124300,0.0067,0,0.0067,0.0646,0.5515,0.2811,30,NA,3,CA,1746,0.0745,0.9255,0.0172,0.0092,0.1901,0.0538,0.5447,0.0029,0.0052,0.0865,0.0905,2025-05-19,119173,California,90049-1599,"Far West (AK ,CA ,HI, NV, OR, WA)",Private not-for-profit,No,No,City: Large,"Los Angeles County, CA",Roman Catholic
Mount Saint Mary College,0.8246,21.874080882,9483,Newburgh,2,51810,9278607,0.7261029412,0.3715139442,26007,0,1,www.msmc.edu/,67705,0,00277800,0,0,0.0281,0.1375,0.297,0.404,30,1160,3,NY,1268,0.3076,0.6924,0.0189,8e-4,0.0197,0.0938,0.2792,0,0.0071,0.0718,0.5087,2025-05-19,193353,New York,12550,"Mid East (DE ,DC, MD, NJ, NY, PA)",Private not-for-profit,No,No,Suburb: Large,"Orange County, NY",Roman Catholic
Mount Sinai Phillips School of Nursing,NA,31.90990991,9444,New York,2,NA,1013500,0.7837837838,0.369047619,19750,0,0,www.pson.edu/,96980,0,00643800,0,0,0,0,0.0152,0.1286,NA,NA,2,NY,273,0.1245,0.8755,0.0366,0.0037,0.2161,0.2051,0.1245,0.0073,0,0,0.4066,2025-05-19,189282,New York,10001-6354,"Mid East (DE ,DC, MD, NJ, NY, PA)",Private not-for-profit,No,No,City: Large,"New York County, NY",Not applicable
Mount St. Joseph University,0.5652,22.770401107,8023,Cincinnati,2,43932,61720032,0.5670816044,0.3781388479,26827,0,0,www.msj.edu/,51509,0,00303300,0.1864,0,0,0.15,0.2734,0.9636,30,1068,3,OH,1100,0.4745,0.5255,0.07,0,0.0064,0.1245,0.0482,9e-4,0,0.0082,0.7418,2025-05-19,204200,Ohio,45233-1670,"Great Lakes (IL, IN, MI, OH, WI)",Private not-for-profit,No,No,Suburb: Large,"Hamilton County, OH",Roman Catholic
Mount St. Mary's University,0.7186,20.844221106,8100,Emmitsburg,2,62078,59202444,0.5489949749,0.232712766,25391,0,0,https://msmary.edu/,64072,0,00208600,0.0856,0,0.0049,0.2494,0.269,1,30,1141,3,MD,1806,0.4623,0.5377,0.0443,0.0017,0.0305,0.2154,0.1473,0.0028,0.0454,0.015,0.4978,2025-05-19,163462,Maryland,21727-7799,"Mid East (DE ,DC, MD, NJ, NY, PA)",Private not-for-profit,No,No,Town: Fringe,"Frederick County, MD",Roman Catholic
Mount Vernon Nazarene University,0.843,24.208375894,6451,Mount Vernon,2,48975,24781380,0.64453524,0.3759398496,25000,0,0,www.mvnu.edu/,49555,0,00708500,0.1927,0.0196,0.0196,0.2011,0.2893,0.9259,59,1119,3,OH,1346,0.3863,0.6137,0.0297,0.0022,0.0082,0.0186,0.0342,0.0015,0.0059,0.0312,0.8685,2025-05-19,204194,Ohio,43050-9500,"Great Lakes (IL, IN, MI, OH, WI)",Private not-for-profit,No,No,Town: Distant,"Knox County, OH",Church of the Nazarene
Muhlenberg College,0.6401,20.908469945,9077,Allentown,2,73782,308333749,0.5819672131,0.1576704545,25455,0,0,www.muhlenberg.edu/,69107,0,00330400,0,0,0.0207,0.2034,0.2098,0.5613,39,1327,3,PA,1777,0.408,0.592,0.04,0,0.0355,0.0501,0.1131,0,0.0129,0.0315,0.7169,2025-05-19,214175,Pennsylvania,18104,"Mid East (DE ,DC, MD, NJ, NY, PA)",Private not-for-profit,No,No,City: Midsize,"Lehigh County, PA",Evangelical Lutheran Church
Murray State University,0.8617,22.320711974,7536,Murray,1,21475,106596412,0.6265372168,0.3395573997,20500,0,0,www.murraystate.edu/,44737,0,00197700,0.0857,0.0267,0.0073,0.1604,0.3135,0.7845,NA,1110,3,KY,6646,0.3816,0.6184,0.032,0.0012,0.008,0.0611,0.0307,0,0.0373,0.039,0.7907,2025-05-19,157401,Kentucky,42071-3318,"Southeast (AL, AR, FL, GA, KY, LA, MS, NC, SC, TN, VA, WV)",Public,No,No,Town: Remote,"Calloway County, KY",Not applicable
Muskingum University,0.8166,21.930177515,7538,New Concord,2,44615,90077835,0.5278106509,0.3565107459,25369,0,0,www.muskingum.edu/,48440,0,00308400,0.0938,0.0069,0.0174,0.1493,0.4111,1,66,1016,3,OH,1407,0.457,0.543,0.0462,0.0028,0.0064,0.0732,0.0277,0,0.0071,0.0128,0.8237,2025-05-19,204264,Ohio,43762,"Great Lakes (IL, IN, MI, OH, WI)",Private not-for-profit,No,No,Town: Distant,"Muskingum County, OH",Presbyterian Church (USA)
Naropa University,0.94,24.546938776,5946,Boulder,2,52900,4510367,0.6612244898,0.1948051948,24712,0,0,https://www.naropa.edu/,28720,0,02117500,0.0571,0,0,0,0.5656,0.3878,NA,NA,3,CO,368,0.288,0.712,0.0761,0.0027,0.0245,0.0217,0.1196,0,0.0272,0.0788,0.6495,2025-05-19,127653,Colorado,80302-6697,"Rocky Mountains (CO, ID, MT, UT, WY)",Private not-for-profit,No,No,City: Midsize,"Boulder County, CO",Not applicable
National Louis University,0.9312,30.24099723,6717,Chicago,2,25350,45738448,0.7513850416,0.5044483986,19750,0,1,www.nl.edu/,45799,0,00173300,0.1861,0,0,0.1469,0.5728,0.9906,NA,NA,3,IL,4100,0.26,0.74,0.0146,0.0024,0.0256,0.2144,0.5124,5e-4,0.05,0.0334,0.1466,2025-05-19,147536,Illinois,60603,"Great Lakes (IL, IN, MI, OH, WI)",Private not-for-profit,No,No,City: Large,"Cook County, IL",Not applicable
National University,NA,31.653004884,9109,San Diego,2,37116,1088382165,0.6353790614,0.4400887574,25000,0,1,www.nu.edu/,67548,0,01146000,0.0473,0.0131,0.0016,0.1947,0.2553,0.107,NA,NA,3,CA,9725,0.4666,0.5334,0.0364,0.0075,0.0706,0.1566,0.3295,0.0108,1e-4,0.0908,0.2977,2025-05-19,119605,California,92037-1011,"Far West (AK ,CA ,HI, NV, OR, WA)",Private not-for-profit,No,No,City: Large,"San Diego County, CA",Not applicable
Navajo Technical University,NA,27.013921114,5846,Crownpoint,1,11945,8073502,0.5707656613,0.5909774436,PS,0,0,www.navajotech.edu/,26364,0,02357600,0.1098,0.0183,0.0122,0.1037,0.4902,1,NA,NA,1,NM,1134,0.3836,0.6164,0.0035,0.9691,0,0.0079,0.0097,9e-4,0.0035,0.0018,0.0035,2025-05-19,187596,New Mexico,87313-0849,"Southwest (AZ, NM, OK, TX)",Public,No,Yes,Rural: Remote,"McKinley County, NM",Not applicable
Nazareth University,0.795,20.955084746,8336,Rochester,2,56140,77919182,0.7355932203,0.1820603908,26038,0,0,https://www2.naz.edu/,56458,0,00277900,0.0442,0,0.0074,0.0958,0.2592,0.481,NA,1256,3,NY,1891,0.276,0.724,0.0264,0.0016,0.0233,0.0561,0.0836,0,0.0106,0.0164,0.7821,2025-05-19,193584,New York,14618-3790,"Mid East (DE ,DC, MD, NJ, NY, PA)",Private not-for-profit,No,No,Suburb: Large,"Monroe County, NY",Not applicable
Nebraska Methodist College of Nursing & Allied Health,0.8829,26.600746269,6617,Omaha,2,30659,13978774,0.8992537313,0.302970297,23417,0,0,www.methodistcollege.edu/,65071,0,00640400,0,0,0,0,0.323,0.9367,71,NA,3,NE,752,0.1117,0.8883,0.0173,0.0066,0.0332,0.0652,0.0944,0.004,0,0.0372,0.742,2025-05-19,181297,Nebraska,68114-2852,"Plains (IA, KS, MN, MO, NE, ND, SD)",Private not-for-profit,No,No,City: Large,"Douglas County, NE",United Methodist
Nebraska Wesleyan University,0.8375,22.494469027,7128,Lincoln,2,53350,72527000,0.5741150442,0.262295082,26970,0,0,https://www.nebrwesleyan.edu/,56405,0,00255500,0.059,0,0.0051,0.1615,0.296,0.6415,71,1209,3,NE,1514,0.4723,0.5277,0.0416,0.004,0.0231,0.041,0.1077,7e-4,0.0251,0.0152,0.7417,2025-05-19,181446,Nebraska,68504-2794,"Plains (IA, KS, MN, MO, NE, ND, SD)",Private not-for-profit,No,No,City: Large,"Lancaster County, NE",United Methodist
Ner Israel Rabbinical College,0.7941,21.323529412,7528,Baltimore,2,25650,NA,PS,PS,PS,0,0,https://nirc.edu/,66330,0,00208700,0,0,0,0,0.2073,1,80,NA,3,MD,292,1,0,0,0,0,0,0,0,0.1096,0,0.8904,2025-05-19,163532,Maryland,21208,"Mid East (DE ,DC, MD, NJ, NY, PA)",Private not-for-profit,No,No,Suburb: Large,"Baltimore County, MD",Jewish
Neumann University,0.764,23.383710407,7455,Aston,2,56670,34345734,0.6633484163,0.4275582573,27000,0,0,www.neumann.edu/,57817,0,00398800,0.0735,0,0.0147,0.1,0.4233,0.3944,30,NA,3,PA,1574,0.3939,0.6061,0.0311,0.0013,0.0235,0.3291,0.0845,0.0013,0.014,0.0222,0.493,2025-05-19,214272,Pennsylvania,19014-1298,"Mid East (DE ,DC, MD, NJ, NY, PA)",Private not-for-profit,No,No,Suburb: Large,"Delaware County, PA",Roman Catholic
Nevada State University,0.8615,27.933510638,8702,Henderson,1,23035,1331000,0.7599734043,0.4877488515,19691,0,1,https://nsc.edu/,53166,0,04114300,0.1048,0,0.0059,0.0589,0.2207,1,NA,NA,3,NV,3791,0.216,0.784,0.0599,0.0026,0.1008,0.0976,0.4611,0.0095,8e-4,0.0538,0.2139,2025-05-19,441900,Nevada,89002,"Far West (AK ,CA ,HI, NV, OR, WA)",Public,No,No,Rural: Fringe,"Clark County, NV",Not applicable
New College of Florida,0.74,20.115254237,9439,Sarasota,1,20732,45480122,0.6745762712,0.2093862816,17375,0,0,www.ncf.edu/,48082,0,03957400,0,0,0,0,0.3034,0.845,NA,1137,3,FL,707,0.4229,0.5771,0.0467,0.0028,0.0396,0.0552,0.2291,0.0014,0.0438,0.0085,0.5728,2025-05-19,262129,Florida,34243-2109,"Southeast (AL, AR, FL, GA, KY, LA, MS, NC, SC, TN, VA, WV)",Public,No,No,City: Small,"Sarasota County, FL",Not applicable
New England College,0.9574,27.360824742,6875,Henniker,2,60896,29784827,0.624742268,0.4603305785,26000,0,0,www.nec.edu/,42092,0,00257900,0.0489,0,0,0.1759,0.419,0.1122,NA,NA,3,NH,980,0.4194,0.5806,0.0204,0.0061,0.0194,0.0908,0.1082,0.0031,0.0337,0.1724,0.5459,2025-05-19,182980,New Hampshire,03242,"New England (CT, ME, MA, NH, R,I VT)",Private not-for-profit,No,No,Rural: Distant,"Merrimack County, NH",Not applicable
New England Institute of Technology,0.7273,24.746518106,7310,East Greenwich,2,48445,245914672,0.3656983685,0.4141132776,16668,0,0,https://www.neit.edu/,48684,0,00784500,0,0,0,0.0387,0.4448,1,NA,NA,2,RI,1712,0.5859,0.4141,0.0374,0.0047,0.0315,0.104,0.1443,6e-4,0,0.1279,0.5496,2025-05-19,217305,Rhode Island,02818-1205,"New England (CT, ME, MA, NH, R,I VT)",Private not-for-profit,No,No,Suburb: Large,"Kent County, RI",Not applicable
New Jersey City University,0.8918,24.426705757,12217,Jersey City,1,23668,15314302,0.6148720682,0.5303941216,18500,0,1,www.njcu.edu/,52745,0,00261300,0.001,0,0.0161,0.1873,0.5238,1,NA,NA,3,NJ,4076,0.4257,0.5743,0.0263,0.0037,0.0819,0.2061,0.4779,0.0034,0.0159,0.025,0.1597,2025-05-19,185129,New Jersey,07305,"Mid East (DE ,DC, MD, NJ, NY, PA)",Public,No,No,City: Large,"Hudson County, NJ",Not applicable
New Jersey Institute of Technology,0.669,22.107813033,12818,Newark,1,32228,148437000,0.2094848175,0.3440366972,21000,0,1,https://www.njit.edu/,84276,0,00262100,0,0.3917,0.0149,0.0545,0.3897,0.5765,NA,1336,3,NJ,8762,0.7189,0.2811,0.0314,0.0011,0.2117,0.1039,0.2821,2e-4,0.0488,0.0167,0.304,2025-05-19,185828,New Jersey,07102,"Mid East (DE ,DC, MD, NJ, NY, PA)",Public,No,No,City: Large,"Essex County, NJ",Not applicable
New Mexico Highlands University,NA,27.066721582,7603,Las Vegas,1,21046,9292702,0.6285008237,0.4535315985,11399,0,1,www.nmhu.edu/,45937,0,00265300,0.2854,0,0.0025,0.1389,0.4636,0.6256,NA,NA,3,NM,1561,0.376,0.624,0.0263,0.0878,0.0038,0.0557,0.6099,0.0013,0.0474,0.025,0.1429,2025-05-19,187897,New Mexico,87701,"Southwest (AZ, NM, OK, TX)",Public,No,No,Town: Remote,"San Miguel County, NM",Not applicable
New Mexico Institute of Mining and Technology,0.5396,21.173626374,9806,Socorro,1,22872,75410887,0.2549450549,0.2629107981,19085,0,1,www.nmt.edu/,76489,0,00265400,0,0.542,0.0378,0,0.3087,0.8103,NA,1182,3,NM,1122,0.7139,0.2861,0.0276,0.0419,0.025,0.0071,0.4118,0.0027,0.0267,0.0045,0.4528,2025-05-19,187967,New Mexico,87801,"Southwest (AZ, NM, OK, TX)",Public,No,No,Town: Remote,"Socorro County, NM",Not applicable
New Mexico State University-Main Campus,0.7573,23.138947368,9917,Las Cruces,1,20930,44885427,0.5765614035,0.4362586997,17095,0,1,www.nmsu.edu/,39067,0,00265700,0.0553,0.1296,0.0037,0.1417,0.403,0.7516,NA,1004,3,NM,11561,0.4148,0.5852,0.029,0.0268,0.0119,0.0238,0.6276,0.0014,0.0246,0.0057,0.2493,2025-05-19,188030,New Mexico,88003-8001,"Southwest (AZ, NM, OK, TX)",Public,No,No,Suburb: Midsize,"DoÃ±a Ana County, NM",Not applicable
New Orleans Baptist Theological Seminary,NA,NA,6457,New Orleans,2,NA,74082585,NA,NA,PS,0,0,www.nobts.edu/,NA,0,00201900,0,0,0,0,0,1,75,NA,1,LA,770,0.5844,0.4156,0.0065,0.0052,0.0247,0.1558,0.0701,0,0.0506,0.139,0.5481,2025-05-19,159948,Louisiana,70126,"Southeast (AL, AR, FL, GA, KY, LA, MS, NC, SC, TN, VA, WV)",Private not-for-profit,No,No,City: Large,"Orleans Parish, LA",Southern Baptist
New Saint Andrews College,0.8571,NA,6671,Moscow,2,NA,47862,NA,NA,NA,0,0,nsa.edu/,NA,0,04150200,0,0,0,0,0,0.8929,79,1245,NA,ID,273,0.4469,0.5531,0.0073,0,0.011,0.0037,0.0513,0.0037,0.0037,0.1758,0.7436,2025-05-19,440396,Idaho,83843-1525,"Rocky Mountains (CO, ID, MT, UT, WY)",Private not-for-profit,No,No,Town: Distant,"Latah County, ID",Other Protestant
New York Institute of Technology,0.7808,20.983182406,13096,Old Westbury,2,53625,78240785,0.3745148771,0.3296541575,23334,0,0,www.nyit.edu/,70080,0,00278200,0,0.1235,0,0.054,0.437,0.3178,NA,1290,3,NY,3320,0.6039,0.3961,0.0277,0.0045,0.2867,0.1136,0.2334,0.0045,0.0846,0.0373,0.2075,2025-05-19,194091,New York,11568-8000,"Mid East (DE ,DC, MD, NJ, NY, PA)",Private not-for-profit,No,No,Suburb: Large,"Nassau County, NY",Not applicable
New York School of Interior Design,0.6034,26.5,NA,New York,2,46980,8477288,0.8428571429,0.3636363636,PS,0,0,www.nysid.edu/,48041,0,02069000,0,0,0,0,0.15,0.0417,NA,NA,3,NY,423,0.0757,0.9243,0.0307,0.0047,0.0496,0.0426,0.1395,0,0.0969,0.0709,0.565,2025-05-19,194116,New York,10021,"Mid East (DE ,DC, MD, NJ, NY, PA)",Private not-for-profit,No,No,City: Large,"New York County, NY",Not applicable
New York University,0.0941,20.596370463,17330,New York,2,79121,5235504164,0.6113892365,0.2148843446,20500,0,0,https://www.nyu.edu/,82509,0,00278500,0.012,0.0392,0.0575,0.1225,0.1856,1,NA,1527,3,NY,29430,0.4112,0.5888,0.0405,0.0018,0.2079,0.0766,0.1593,9e-4,0.262,0.0361,0.2148,2025-05-19,193900,New York,10012-1091,"Mid East (DE ,DC, MD, NJ, NY, PA)",Private not-for-profit,No,No,City: Large,"New York County, NY",Not applicable
Newberry College,0.748,20.335949765,6566,Newberry,2,44240,16880555,0.4489795918,0.3131313131,26805,0,0,www.newberry.edu/,48040,0,00344000,0.1029,0,0.0049,0.1618,0.4892,1,39,1008,3,SC,1462,0.5335,0.4665,0.0274,0.0144,0.0075,0.3338,0.0328,0.0021,0.0397,0.0547,0.4877,2025-05-19,218414,South Carolina,29108,"Southeast (AL, AR, FL, GA, KY, LA, MS, NC, SC, TN, VA, WV)",Private not-for-profit,No,No,Town: Distant,"Newberry County, SC",Evangelical Lutheran Church
Newman University,0.4761,24.781981982,6497,Wichita,2,44081,25432124,0.7261261261,0.394,20801,0,1,www.newmanu.edu/,55041,0,00193900,0.2311,0,0,0.1244,0.124,1,30,NA,3,KS,857,0.3921,0.6079,0.0455,0.0047,0.0303,0.0478,0.2544,0.0012,0.0817,0.0117,0.5228,2025-05-19,155335,Kansas,67213-2097,"Plains (IA, KS, MN, MO, NE, ND, SD)",Private not-for-profit,No,No,City: Large,"Sedgwick County, KS",Roman Catholic
Niagara University,0.8534,20.5917603,9518,Niagara University,2,50174,111005328,0.6471910112,0.2415153907,25475,0,0,www.niagara.edu/,56196,0,00278800,0.332,0,0.0108,0.1795,0.2591,1,30,1155,3,NY,2713,0.3395,0.6605,0.0236,0.0037,0.0188,0.0686,0.0538,0.0015,0.2263,0.0162,0.5875,2025-05-19,193973,New York,14109,"Mid East (DE ,DC, MD, NJ, NY, PA)",Private not-for-profit,No,No,Suburb: Large,"Niagara County, NY",Roman Catholic
Nicholls State University,0.9602,21.643236616,6985,Thibodaux,1,21519,16807980,0.6346546792,0.4583710407,22675,0,0,www.nicholls.edu/,45454,0,00200500,0.0523,0.0077,0.0086,0.1732,0.3498,1,NA,1088,3,LA,4772,0.3736,0.6264,0.0308,0.0226,0.0174,0.1846,0.0627,8e-4,0.0166,0.0189,0.6456,2025-05-19,159966,Louisiana,70310,"Southeast (AL, AR, FL, GA, KY, LA, MS, NC, SC, TN, VA, WV)",Public,No,No,City: Small,"Lafourche Parish, LA",Not applicable
Nichols College,0.8814,20.553846154,10320,Dudley,2,55871,27334716,0.3776223776,0.3157099698,27000,0,0,www.nichols.edu/,58063,0,00219700,0,0,0,0.5977,0.3041,0.3451,NA,1110,3,MA,1152,0.6597,0.3403,0.0356,9e-4,0.0104,0.0894,0.1024,0,0.0278,0.0122,0.7214,2025-05-19,167260,Massachusetts,01571-5000,"New England (CT, ME, MA, NH, R,I VT)",Private not-for-profit,No,No,Suburb: Large,"Worcester County, MA",Not applicable
Norfolk State University,0.8746,23.138953942,9520,Norfolk,1,26093,81543353,0.6717408275,0.3735213831,29000,1,0,www.nsu.edu/,44666,0,00376500,0.0179,0.0192,0.0026,0.1253,0.6219,0.6301,NA,980,3,VA,5495,0.3301,0.6699,0.0575,0.0015,0.002,0.8422,0.0508,0,0.0153,0.0109,0.0198,2025-05-19,232937,Virginia,23504-8000,"Southeast (AL, AR, FL, GA, KY, LA, MS, NC, SC, TN, VA, WV)",Public,Yes,No,City: Midsize,"Norfolk City, VA",Not applicable
North American University,NA,20.66442953,4447,Stafford,2,24909,NA,0.3691275168,0.4464285714,4925,0,0,www.na.edu/,NA,0,04179500,0.1905,0,0,0.3095,0.5143,0.3125,NA,NA,3,TX,573,0.7243,0.2757,0.014,0,0.0611,0.3805,0.0908,0,0.2688,0.1257,0.0593,2025-05-19,461795,Texas,77477-0000,"Southwest (AZ, NM, OK, TX)",Private not-for-profit,No,No,Suburb: Large,"Fort Bend County, TX",Not applicable
North Carolina A & T State University,0.4617,21.353443143,9611,Greensboro,1,19180,164541130,0.569954356,0.2808621816,27000,1,0,www.ncat.edu/,44440,0,00290500,0.0156,0.1545,0.0039,0.1116,0.5066,0.5945,NA,1048,3,NC,11925,0.3736,0.6264,0.0424,0.002,0.0042,0.8558,0.0458,2e-4,0.0052,0.0107,0.0336,2025-05-19,199102,North Carolina,27411,"Southeast (AL, AR, FL, GA, KY, LA, MS, NC, SC, TN, VA, WV)",Public,Yes,No,City: Large,"Guilford County, NC",Not applicable
North Carolina Central University,0.9049,22.54395766,9398,Durham,1,25618,56943166,0.6721552485,0.3286619953,28250,1,0,https://www.nccu.edu/,42968,0,00295000,0.0165,0,0.0031,0.1329,0.5664,0.7042,NA,1023,3,NC,5400,0.2957,0.7043,0.045,0.0024,0.0098,0.8354,0.0541,4e-4,0.0031,0.0098,0.04,2025-05-19,199157,North Carolina,27707,"Southeast (AL, AR, FL, GA, KY, LA, MS, NC, SC, TN, VA, WV)",Public,Yes,No,City: Large,"Durham County, NC",Not applicable
North Carolina State University at Raleigh,0.3985,20.854061121,12434,Raleigh,1,25613,2018242485,0.4999182873,0.1929167376,20121,0,0,www.ncsu.edu/,68758,0,00297200,0.0263,0.2325,0.0221,0.1754,0.191,0.8723,NA,1380,3,NC,26389,0.5016,0.4984,0.048,0.0037,0.0958,0.0579,0.0851,7e-4,0.0233,0.0108,0.6746,2025-05-19,199193,North Carolina,27695-7001,"Southeast (AL, AR, FL, GA, KY, LA, MS, NC, SC, TN, VA, WV)",Public,No,No,City: Large,"Wake County, NC",Not applicable
North Carolina Wesleyan University,0.7795,28.49009247,6554,Rocky Mount,2,48263,13326109,0.605680317,0.4677060134,25000,0,0,www.ncwc.edu/,45873,0,00295100,0.0144,0,0.0086,0.4438,0.4692,0.3841,71,NA,3,NC,1169,0.4859,0.5141,0.0445,0.0103,0.0051,0.4286,0.0325,9e-4,0.1403,0.0984,0.2395,2025-05-19,199209,North Carolina,27804,"Southeast (AL, AR, FL, GA, KY, LA, MS, NC, SC, TN, VA, WV)",Private not-for-profit,No,No,City: Small,"Nash County, NC",United Methodist
North Central College,0.5831,20.473484848,9181,Naperville,2,54803,119133580,0.5386363636,0.2659660469,24500,0,0,northcentralcollege.edu/,60123,0,00173400,0.0464,0.0481,0.012,0.2595,0.247,0.5629,71,1165,3,IL,2360,0.4864,0.5136,0.0369,0.0013,0.0424,0.0572,0.1729,4e-4,0.0419,0.028,0.6191,2025-05-19,147660,Illinois,60540,"Great Lakes (IL, IN, MI, OH, WI)",Private not-for-profit,No,No,City: Midsize,"DuPage County, IL",United Methodist
North Central University,0.9082,20.588594705,7300,Minneapolis,2,42215,4149449,0.5682281059,0.2210300429,23200,0,0,www.northcentral.edu/,45064,0,00236900,0.1063,0,0.0048,0.2319,0.4251,0.2,27,NA,3,MN,802,0.4813,0.5187,0.0474,0.0012,0.0449,0.1035,0.1421,0,0.0125,0.0237,0.6247,2025-05-19,174437,Minnesota,55404-1391,"Plains (IA, KS, MN, MO, NE, ND, SD)",Private not-for-profit,No,No,City: Large,"Hennepin County, MN",Assemblies of God Church
North Dakota State University-Main Campus,0.9581,20.688960343,10337,Fargo,1,23391,419745591,0.4788853162,0.1727807971,23199,0,0,https://www.ndsu.edu/,62203,0,00299700,0.0204,0.1437,0.0036,0.1813,0.1872,0.9733,NA,1120,3,ND,9567,0.4895,0.5105,0.0437,0.0065,0.0164,0.0318,0.0306,3e-4,0.0075,0.0093,0.8539,2025-05-19,200332,North Dakota,58108-6050,"Plains (IA, KS, MN, MO, NE, ND, SD)",Public,No,No,City: Midsize,"Cass County, ND",Not applicable
North Florida College,NA,24.676950998,5541,Madison,1,8897,4257317,0.6878402904,0.5452586207,PS,0,0,https://www.nfc.edu/,33929,0,00150800,0,0,0,0.0515,0.3878,0.4308,NA,NA,2,FL,817,0.2852,0.7148,0.0196,0.0049,0.0061,0.2938,0.0942,0.0024,0.0024,0.0073,0.5692,2025-05-19,136145,Florida,32340,"Southeast (AL, AR, FL, GA, KY, LA, MS, NC, SC, TN, VA, WV)",Public,No,No,Rural: Fringe,"Madison County, FL",Not applicable
North Greenville University,0.6278,21.826959847,6257,Tigerville,2,40599,34633324,0.4636711281,0.267,23082,0,0,www.ngu.edu/,43035,0,00344100,0.2126,0,0.0299,0.1886,0.3197,0.6927,75,1176,3,SC,1719,0.4654,0.5346,0.0297,0.0017,0.0087,0.0931,0.0535,6e-4,0.018,0.1257,0.669,2025-05-19,218441,South Carolina,29688-1892,"Southeast (AL, AR, FL, GA, KY, LA, MS, NC, SC, TN, VA, WV)",Private not-for-profit,No,No,Rural: Fringe,"Greenville County, SC",Southern Baptist
North Park University,0.7284,22.218719212,8041,Chicago,2,42040,99496350,0.6128078818,0.3698324022,25500,0,1,www.northpark.edu/,59572,0,00173500,0.051,0.0357,0.0204,0.2577,0.432,1,37,NA,3,IL,1844,0.4338,0.5662,0.0342,0.0011,0.0819,0.0922,0.3482,0.0016,0.1106,0.0277,0.3026,2025-05-19,147679,Illinois,60625-4895,"Great Lakes (IL, IN, MI, OH, WI)",Private not-for-profit,No,No,City: Large,"Cook County, IL",Evangelical Covenant Church of America
North Seattle College,NA,29.903202329,10108,Seattle,1,16377,6057578,0.5414847162,0.3994732221,15458,0,0,www.northseattle.edu/,47728,0,00970400,0.4292,0,0,0.1295,0.1365,1,NA,NA,1,WA,2792,0.3994,0.6006,0.0824,0.0032,0.1035,0.1261,0.1999,0.0032,0.0398,0.1157,0.3263,2025-05-19,236072,Washington,98103-3599,"Far West (AK ,CA ,HI, NV, OR, WA)",Public,No,No,City: Large,"King County, WA",Not applicable
Northeastern Illinois University,0.704,24.794679186,9313,Chicago,1,27208,13315469,0.6059467919,0.5086887836,14600,0,1,www.neiu.edu/,52234,0,00169300,0.1363,0,0.0067,0.225,0.5377,0.5807,NA,NA,3,IL,3869,0.4272,0.5728,0.0176,0.0021,0.0817,0.1005,0.5154,0.0013,0.0121,0.0977,0.1716,2025-05-19,147776,Illinois,60625-4699,"Great Lakes (IL, IN, MI, OH, WI)",Public,No,No,City: Large,"Cook County, IL",Not applicable
Northeastern State University,0.9921,24.979135168,8110,Tahlequah,1,19274,25353350,0.6183852434,0.418079096,17367,0,0,https://www.nsuok.edu/,45379,1,00316100,0.1086,0,0.0048,0.2165,0.4243,0.7781,NA,1050,3,OK,4636,0.3837,0.6163,0.1486,0.2211,0.0255,0.0481,0.0809,0.0011,0.016,0.0177,0.4411,2025-05-19,207263,Oklahoma,74464-2399,"Southwest (AZ, NM, OK, TX)",Public,No,No,Town: Remote,"Cherokee County, OK",Not applicable
Northeastern University,0.0565,21.600877193,14775,Boston,2,81353,1434085996,0.541089566,0.1851581509,24250,0,0,www.northeastern.edu/,92538,0,00219900,0,0.1974,0.0189,0.2303,0.1234,0.7164,NA,1505,3,MA,15719,0.4358,0.5642,0.0644,7e-4,0.2092,0.0532,0.1113,5e-4,0.147,0.0098,0.404,2025-05-19,167358,Massachusetts,02115-5005,"New England (CT, ME, MA, NH, R,I VT)",Private not-for-profit,No,No,City: Large,"Suffolk County, MA",Not applicable
Northeastern University Professional Programs,NA,21.600877193,9378,Boston,2,NA,107279004,0.541089566,0.1851581509,24250,0,0,https://www.northeastern.edu/,92538,0,00219900,0,0,0,0.1961,0.0428,0.1193,NA,NA,3,MA,1674,0.411,0.589,0.0335,0.0012,0.0842,0.1362,0.1159,0.0012,0.2312,0.0538,0.3429,2025-05-19,482705,Massachusetts,02115,"New England (CT, ME, MA, NH, R,I VT)",Private not-for-profit,No,No,City: Large,"Suffolk County, MA",Not applicable
Northern Arizona University,0.9095,24.125097428,9585,Flagstaff,1,29495,231491268,0.6385814497,0.3868625756,19000,0,1,https://nau.edu/,54384,0,00108200,0.0861,0.0376,0.0067,0.1698,0.2983,0.7066,NA,NA,3,AZ,23041,0.365,0.635,0.0561,0.0347,0.0383,0.0292,0.265,0.0023,0.0191,0.0111,0.5443,2025-05-19,105330,Arizona,86011-4092,"Southwest (AZ, NM, OK, TX)",Public,No,No,City: Small,"Coconino County, AZ",Not applicable
Northern Illinois University,0.7045,21.941079658,10531,Dekalb,1,27214,93856638,0.534562212,0.3832968636,22162,0,0,www.niu.edu/,57808,0,00173700,0.0906,0.0651,0.0139,0.177,0.4555,0.7568,NA,NA,3,IL,11277,0.4699,0.5301,0.0221,0.0048,0.0664,0.2127,0.2507,9e-4,0.0136,0.0077,0.4211,2025-05-19,147703,Illinois,60115-2828,"Great Lakes (IL, IN, MI, OH, WI)",Public,No,No,Suburb: Small,"DeKalb County, IL",Not applicable
Northern Kentucky University,0.9603,22.245689655,8664,Highland Heights,1,19471,119757000,0.585591133,0.3813186813,23000,0,0,www.nku.edu/,50220,0,00927500,0.0713,0,0.0079,0.2177,0.2355,0.9701,NA,1114,3,KY,8065,0.411,0.589,0.0347,0.0011,0.0185,0.0738,0.048,5e-4,0.0407,0.0218,0.7609,2025-05-19,157447,Kentucky,41099,"Southeast (AL, AR, FL, GA, KY, LA, MS, NC, SC, TN, VA, WV)",Public,No,No,Suburb: Large,"Campbell County, KY",Not applicable
Northern Marianas College,NA,21.080669711,5000,Saipan,1,9939,8780786,0.5616438356,0.4982394366,PS,0,0,www.marianas.edu/,27836,0,03033000,0.0988,0,0,0.2754,0.7371,0.5147,NA,NA,2,MP,1236,0.373,0.627,0.0939,0,0.4385,8e-4,0.0129,0.3641,0.0809,0,0.0089,2025-05-19,240790,Northern Marianas,96950-1250,"Other U.S. jurisdictions (AS, FM GU, MH, MP, PR, PW, VI)",Public,No,No,Town: Remote,"Saipan Municipality, MP",Not applicable
Northern Michigan University,0.6995,20.852520436,8794,Marquette,1,26206,17270347,0.5367847411,0.2846975089,21474,0,0,https://www.nmu.edu/,47107,0,00230100,0.0712,0,0.0064,0.1385,0.2739,0.7379,NA,NA,3,MI,6425,0.3941,0.6059,0.0364,0.0139,0.0072,0.0135,0.0439,2e-4,0.0098,0.0229,0.8523,2025-05-19,171456,Michigan,49855-5301,"Great Lakes (IL, IN, MI, OH, WI)",Public,No,No,Town: Remote,"Marquette County, MI",Not applicable
Northern New Mexico College,NA,25.356979405,7109,Espanola,1,17529,NA,0.585812357,0.6303191489,6000,0,1,https://nnmc.edu/,38112,1,02083900,0.2417,0.0095,0,0.2464,0.3553,0.4103,NA,NA,2,NM,859,0.3201,0.6799,0.0501,0.0885,0.0186,0.014,0.6787,0,0.0093,0.0186,0.1222,2025-05-19,188058,New Mexico,87532,"Southwest (AZ, NM, OK, TX)",Public,No,No,Town: Distant,"Rio Arriba County, NM",Not applicable
Northern State University,0.9279,21.594666667,8385,Aberdeen,1,22223,36271673,0.6053333333,0.3069164265,22320,0,0,www.northern.edu/,47618,0,00346600,0.2024,0,0.0091,0.1994,0.1196,0.9841,NA,1090,3,SD,1239,0.4245,0.5755,0.0363,0.0242,0.0218,0.0412,0.0517,8e-4,0.021,0.004,0.799,2025-05-19,219259,South Dakota,57401-7198,"Plains (IA, KS, MN, MO, NE, ND, SD)",Public,No,No,Town: Remote,"Brown County, SD",Not applicable
Northland College,0.7181,21.408026756,6757,Ashland,2,54375,6228175,0.5284280936,0.2014134276,25450,0,0,https://www.northland.edu/,44560,0,00387500,0.0367,0,0.0367,0.0734,0.3185,0.7606,NA,1153,3,WI,457,0.4661,0.5339,0.0569,0.0175,0.0088,0.0284,0.081,0,0.0591,0.0197,0.7287,2025-05-19,239512,Wisconsin,54806-3999,"Great Lakes (IL, IN, MI, OH, WI)",Private not-for-profit,No,No,Town: Remote,"Ashland County, WI",United Church of Christ
Northwest Florida State College,NA,25.158452901,5875,Niceville,1,12217,38328700,0.6088583905,0.4357734807,7932,0,0,https://www.nwfsc.edu/,39664,0,00151000,0.0383,0,0,0.0795,0.2187,0.29,NA,NA,2,FL,3193,0.3874,0.6126,0.0758,0.0078,0.0288,0.099,0.1334,0.0034,0.0113,0.015,0.6254,2025-05-19,136233,Florida,32578-1295,"Southeast (AL, AR, FL, GA, KY, LA, MS, NC, SC, TN, VA, WV)",Public,No,No,Rural: Fringe,"Okaloosa County, FL",Not applicable
Northwest Indian College,NA,28.487272727,5593,Bellingham,1,14696,NA,0.6545454545,0.4666666667,PS,0,0,www.nwic.edu/,35447,0,02180000,0.0333,0,0,0.1467,0.4946,0.3176,NA,NA,2,WA,677,0.257,0.743,0.0945,0.774,0,0.0015,0.1049,0.0074,0,0,0.0177,2025-05-19,380377,Washington,98226-9217,"Far West (AK ,CA ,HI, NV, OR, WA)",Public,No,Yes,Rural: Fringe,"Whatcom County, WA",Not applicable
Northwest Missouri State University,0.8591,20.258077383,7883,Maryville,1,22906,42298771,0.6122856003,0.3080851064,21500,0,0,https://www.nwmissouri.edu/,47885,0,00249600,0.1926,0,0.0037,0.175,0.2732,0.7968,NA,1090,3,MO,4550,0.3897,0.6103,0.0341,0.0046,0.0051,0.0426,0.0521,0.0011,0.0251,0.02,0.8154,2025-05-19,178624,Missouri,64468-6001,"Plains (IA, KS, MN, MO, NE, ND, SD)",Public,No,No,Town: Remote,"Nodaway County, MO",Not applicable
Northwest Nazarene University,0.6295,24.604006163,6490,Nampa,2,50275,53597223,0.625577812,0.3388429752,23750,0,0,https://www.nnu.edu/,51719,0,00162400,0.1026,0.0427,0.0043,0.1068,0.2947,1,59,1184,3,ID,1138,0.4271,0.5729,0.0685,0.007,0.0141,0.0167,0.1467,9e-4,0.0114,0.0668,0.6678,2025-05-19,142461,Idaho,83686-5897,"Rocky Mountains (CO, ID, MT, UT, WY)",Private not-for-profit,No,No,Suburb: Midsize,"Canyon County, ID",Church of the Nazarene
Northwest University,0.8805,25.218220339,7786,Kirkland,2,48442,11177000,0.6165254237,0.3636363636,20891,0,0,www.northwestu.edu/,54914,0,00378300,0.0777,0,0,0.1451,0.2306,0.3161,27,1204,3,WA,642,0.3832,0.6168,0.081,0,0.0467,0.0639,0.1324,0.0016,0.0374,0.0202,0.6168,2025-05-19,236133,Washington,98083-0579,"Far West (AK ,CA ,HI, NV, OR, WA)",Private not-for-profit,No,No,Suburb: Large,"King County, WA",Assemblies of God Church
Northwest University-Center for Online and Extended Education,NA,25.218220339,NA,Kirkland,2,30923,NA,0.6165254237,0.3636363636,20891,0,0,www.northwestu.edu/,54914,0,00378300,0.0118,0,0,0.2353,0.2072,NA,27,NA,3,WA,477,0.4486,0.5514,0.0839,0,0.0189,0.0943,0.1237,0.0063,0.0063,0.1216,0.5451,2025-05-19,487603,Washington,98033,"Far West (AK ,CA ,HI, NV, OR, WA)",Private not-for-profit,No,No,Suburb: Large,"King County, WA",Assemblies of God Church
Northwestern College,0.8701,20.498942918,7550,Orange City,2,48447,63190062,0.5496828753,0.1347826087,23249,0,0,https://www.nwciowa.edu/,49802,0,00188300,0.1377,0,0.0162,0.2591,0.2274,1,49,NA,3,IA,1125,0.4738,0.5262,0.0107,9e-4,0.0116,0.0196,0.064,9e-4,0.0427,0.0658,0.784,2025-05-19,154101,Iowa,51041,"Plains (IA, KS, MN, MO, NE, ND, SD)",Private not-for-profit,No,No,Town: Distant,"Sioux County, IA",Reformed Church in America
Northwestern Health Sciences University,NA,27.82629108,7566,Bloomington,2,36501,2866213,0.5962441315,0.2486772487,7500,0,0,www.nwhealth.edu/,48666,0,01232800,0,0,0,0,0.1917,0.5333,NA,NA,3,MN,251,0.2629,0.7371,0.0398,0.008,0.0558,0.0757,0.0478,0.004,0.0319,0.243,0.494,2025-05-19,174507,Minnesota,55431,"Plains (IA, KS, MN, MO, NE, ND, SD)",Private not-for-profit,No,No,City: Small,"Hennepin County, MN",Not applicable
Northwestern Michigan College,NA,23.443600234,9808,Traverse City,1,11821,17525939,0.52893045,0.3807138384,12500,0,0,https://www.nmc.edu/,38167,0,00230200,0,0.0083,0,0.048,0.285,0.3645,NA,NA,2,MI,2668,0.4805,0.5195,0.0382,0.0139,0.0139,0.0135,0.051,4e-4,0.0019,0.0828,0.7845,2025-05-19,171483,Michigan,49686,"Great Lakes (IL, IN, MI, OH, WI)",Public,No,No,Town: Remote,"Grand Traverse County, MI",Not applicable
Northwestern Oklahoma State University,0.6643,23.652126499,7101,Alva,1,20993,33224416,0.6063249727,0.430952381,17355,0,0,www.nwosu.edu/,44358,0,00316300,0.105,0,0.0029,0.1953,0.4068,0.5705,NA,1015,3,OK,1468,0.4162,0.5838,0.03,0.0824,0.0075,0.079,0.1574,0.0027,0.015,0.0238,0.6022,2025-05-19,207306,Oklahoma,73717-2799,"Southwest (AZ, NM, OK, TX)",Public,No,No,Town: Remote,"Woods County, OK",Not applicable
Northwestern State University of Louisiana,0.9374,24.25006283,7186,Natchitoches,1,24496,16816137,0.7343553657,0.424301676,25000,0,0,https://www.nsula.edu/,47021,0,00202100,0.0212,0,0.0012,0.0902,0.3488,0.6903,NA,1090,3,LA,5840,0.2884,0.7116,0.0473,0.0135,0.0096,0.2967,0.061,0.0012,0.0192,0.0154,0.5361,2025-05-19,160038,Louisiana,71497-0002,"Southeast (AL, AR, FL, GA, KY, LA, MS, NC, SC, TN, VA, WV)",Public,No,No,Town: Remote,"Natchitoches Parish, LA",Not applicable
Northwestern University,0.0715,20.452494062,19704,Evanston,2,87804,10879850000,0.5243467933,0.1515711645,15000,0,0,www.northwestern.edu/,89363,0,00173900,0.0021,0.136,0.035,0.0465,0.187,0.8177,NA,1526,3,IL,8960,0.4547,0.5453,0.0765,0.001,0.2167,0.0738,0.1506,9e-4,0.1031,0.0366,0.3408,2025-05-19,147767,Illinois,60208,"Great Lakes (IL, IN, MI, OH, WI)",Private not-for-profit,No,No,City: Small,"Cook County, IL",Not applicable
Northwood University,0.839,26.824221453,7846,Midland,2,47114,100230394,0.4816608997,0.397157816,20842,0,0,www.northwood.edu/,63075,0,00407200,0,0,0,0.8992,0.2469,0.1774,NA,NA,3,MI,1900,0.6247,0.3753,0.03,0.0058,0.0132,0.0842,0.0695,0.0016,0.02,0.0763,0.6995,2025-05-19,171492,Michigan,48640-2398,"Great Lakes (IL, IN, MI, OH, WI)",Private not-for-profit,No,No,City: Small,"Midland County, MI",Not applicable
Norwich University,0.7361,21.480932203,8088,Northfield,2,65098,283445000,0.2662429379,0.2363090773,25000,0,0,www.norwich.edu/,65575,0,00369200,0.0192,0.0807,0.0041,0.1176,0.2445,0.4759,NA,1190,3,VT,2490,0.7189,0.2811,0.0594,0.0044,0.0273,0.045,0.1004,0.0012,0.0574,0.0285,0.6763,2025-05-19,230995,Vermont,05663-1035,"New England (CT, ME, MA, NH, R,I VT)",Private not-for-profit,No,No,Town: Distant,"Washington County, VT",Not applicable
Notre Dame College,0.8035,22.949473684,4837,Cleveland,2,46641,NA,0.5147368421,0.3291713961,27000,0,0,www.notredamecollege.edu/,49737,0,00308500,0.1111,0.0097,0.0048,0.3333,0.389,0.3778,30,NA,3,OH,1049,0.4871,0.5129,0.0667,0.001,0.0067,0.3108,0.0553,0.001,0.081,0.0582,0.4194,2025-05-19,204468,Ohio,44121-4293,"Great Lakes (IL, IN, MI, OH, WI)",Private not-for-profit,No,No,Suburb: Large,"Cuyahoga County, OH",Roman Catholic
Notre Dame of Maryland University,0.8649,27.924485126,7926,Baltimore,2,60362,49321528,0.938215103,0.4094292804,22666,0,0,www.ndm.edu/,65344,0,00206500,0,0,0,0.0158,0.3227,0.3509,30,NA,3,MD,684,0.1096,0.8904,0,0.0015,0.0468,0.3202,0.1316,0.0015,0.0044,0.212,0.2822,2025-05-19,163578,Maryland,21210-2476,"Mid East (DE ,DC, MD, NJ, NY, PA)",Private not-for-profit,No,No,City: Large,"Baltimore City, MD",Roman Catholic
Nova Southeastern University,0.7267,24.438069217,11232,Fort Lauderdale,2,55647,200766000,0.7459016393,0.373340143,24250,0,1,www.nova.edu/,59209,0,00150900,0.0361,0.0027,0.0013,0.1009,0.3685,0.4334,NA,1182,3,FL,7171,0.2822,0.7178,0.0296,8e-4,0.1178,0.1517,0.3357,0.0011,0.0622,0.0257,0.2754,2025-05-19,136215,Florida,33314-7796,"Southeast (AL, AR, FL, GA, KY, LA, MS, NC, SC, TN, VA, WV)",Private not-for-profit,No,No,Suburb: Large,"Broward County, FL",Not applicable
Nueta Hidatsa Sahnish College,NA,NA,5552,New Town,1,10361,3860415,NA,NA,PS,0,0,www.nhsc.edu/,NA,0,02553700,0.1471,0,0,0.2353,0.3081,0.9667,NA,NA,2,ND,139,0.3525,0.6475,0.0647,0.777,0,0.0144,0.0576,0.0072,0,0,0.0791,2025-05-19,200086,North Dakota,58763,"Plains (IA, KS, MN, MO, NE, ND, SD)",Public,No,Yes,Rural: Remote,"Mountrail County, ND",Not applicable
Oakland City University,0.6821,26.90397351,6402,Oakland City,2,39307,11034282,0.5695364238,0.4416058394,16758,0,0,www.oak.edu/,43283,0,00182400,0.129,0,0,0.3172,0.3185,0.1859,105,NA,3,IN,470,0.666,0.334,0.0574,0.0085,0.0064,0.1638,0.0532,0,0.1213,0.0362,0.5532,2025-05-19,152099,Indiana,47660-1099,"Great Lakes (IL, IN, MI, OH, WI)",Private not-for-profit,No,No,Town: Distant,"Gibson County, IN",General Baptist
Oakland University,0.7024,21.991732804,10123,Rochester Hills,1,25016,124893354,0.6078042328,0.3242526092,22750,0,0,www.oakland.edu/,58612,0,00230700,0.0595,0.0867,0.0025,0.1735,0.2983,0.5591,NA,1110,3,MI,12450,0.4268,0.5732,0.0412,0.0019,0.0611,0.0963,0.0538,0.001,0.018,0.0261,0.7006,2025-05-19,171571,Michigan,48309-4401,"Great Lakes (IL, IN, MI, OH, WI)",Public,No,No,Suburb: Large,"Oakland County, MI",Not applicable
Oakwood University,0.5051,21.73015873,5758,Huntsville,2,38592,19810091,0.5860805861,0.17623498,27000,1,0,https://www2.oakwood.edu/,42488,0,00103300,0.0419,0,0.0052,0.0681,0.4735,0.6047,95,NA,3,AL,1253,0.4158,0.5842,0.0255,0.0024,0,0.6935,0.0774,0,0.1516,0.0343,0.0152,2025-05-19,101912,Alabama,35896,"Southeast (AL, AR, FL, GA, KY, LA, MS, NC, SC, TN, VA, WV)",Private not-for-profit,Yes,No,City: Midsize,"Madison County, AL",Seventh Day Adventist
Oberlin College,0.3298,19.3584,11261,Oberlin,2,84230,1183657000,0.5568,0.0886699507,26000,0,0,www.oberlin.edu/,58343,0,00308600,0,0.0117,0.0337,0,0.0884,0.7285,NA,1440,3,OH,2950,0.4146,0.5854,0.0932,0,0.0529,0.0441,0.0824,3e-4,0.0949,0.0125,0.6197,2025-05-19,204501,Ohio,44074,"Great Lakes (IL, IN, MI, OH, WI)",Private not-for-profit,No,No,Town: Fringe,"Lorain County, OH",Not applicable
Occidental College,0.3989,19.459507042,12015,Los Angeles,2,80636,575933105,0.5845070423,0.1759259259,23000,0,0,https://www.oxy.edu/,75951,0,00124900,0,0,0.0279,0,0.1595,0.7174,NA,1461,3,CA,1844,0.4121,0.5879,0.1128,0.0011,0.1329,0.0412,0.1746,0.0011,0.0412,0.0152,0.4799,2025-05-19,120254,California,90041-3392,"Far West (AK ,CA ,HI, NV, OR, WA)",Private not-for-profit,No,No,City: Large,"Los Angeles County, CA",Not applicable
Oglala Lakota College,NA,25.029962547,6848,Kyle,1,9841,65560887,0.5655430712,0.3888888889,PS,0,0,www.olc.edu/,22517,0,01465900,0.1935,0.0129,0,0.1806,0.469,0.6105,NA,NA,2,SD,1156,0.2768,0.7232,0.0087,0.9697,9e-4,0,0.0035,0,0,0,0.0173,2025-05-19,219277,South Dakota,57752-0490,"Plains (IA, KS, MN, MO, NE, ND, SD)",Public,No,Yes,Rural: Remote,"Oglala Lakota County, SD",Not applicable
Oglethorpe University,0.6006,20.604938272,7613,Atlanta,2,59320,41533040,0.6014109347,0.1992409867,25000,0,0,oglethorpe.edu/,55232,0,00158600,0,0.0214,0,0.2308,0.3374,0.6977,NA,1230,3,GA,1429,0.3807,0.6193,0.0378,0.0035,0.0378,0.2022,0.2827,0,0.0287,0.112,0.2953,2025-05-19,140696,Georgia,30319-2797,"Southeast (AL, AR, FL, GA, KY, LA, MS, NC, SC, TN, VA, WV)",Private not-for-profit,No,No,Suburb: Large,"DeKalb County, GA",Not applicable
Ohio Christian University,0.399,34.519756839,2900,Circleville,2,33472,6579751,0.6382978723,0.5474074074,29579,0,0,www.ohiochristian.edu/,39813,0,00303000,0.0576,0,0,0.2374,0.3384,1,79,910,3,OH,816,0.435,0.565,0.0331,0.0037,0.0074,0.1777,0.0441,0.0049,0,0.0551,0.674,2025-05-19,201964,Ohio,43113-9487,"Great Lakes (IL, IN, MI, OH, WI)",Private not-for-profit,No,No,Town: Distant,"Pickaway County, OH",Other Protestant
Ohio Dominican University,0.8525,23.26783115,7734,Columbus,2,45660,19260460,0.538573508,0.3791469194,26000,0,0,https://www.ohiodominican.edu/,51748,0,00303500,0.0938,0.0089,0,0.2321,0.3901,0.9394,30,1150,3,OH,785,0.4854,0.5146,0.0446,0.0038,0.0166,0.2752,0.0611,0,0.0382,0.0306,0.5299,2025-05-19,204617,Ohio,43219,"Great Lakes (IL, IN, MI, OH, WI)",Private not-for-profit,No,No,City: Large,"Franklin County, OH",Roman Catholic
Ohio Northern University,0.7335,20.040625,9091,Ada,2,52484,212243134,0.415625,0.2356756757,27000,0,0,www.onu.edu/,80928,0,00308900,0.0515,0.2238,0.0119,0.1228,0.1896,0.7809,71,1290,3,OH,2386,0.5541,0.4459,0.0486,0.0017,0.018,0.0285,0.0432,0.0013,0.0134,0.0457,0.7997,2025-05-19,204635,Ohio,45810-1599,"Great Lakes (IL, IN, MI, OH, WI)",Private not-for-profit,No,No,Town: Fringe,"Hardin County, OH",United Methodist
Ohio State University-Lima Campus,NA,20.927827561,10237,Lima,1,18404,6146871,0.5203439089,0.2622386537,19976,0,0,lima.osu.edu/,60409,0,00309001,0.2143,0,0,0.1,0.3117,0.3611,NA,NA,3,OH,656,0.4573,0.5427,0.0427,0,0.0427,0.0595,0.061,0.0015,0,0.0274,0.7652,2025-05-19,204671,Ohio,45804,"Great Lakes (IL, IN, MI, OH, WI)",Public,No,No,Rural: Fringe,"Allen County, OH",Not applicable
Ohio State University-Main Campus,0.5082,20.927827561,13854,Columbus,1,29320,6934968579,0.5203439089,0.2622386537,19976,0,0,www.osu.edu/,60409,0,00309000,0.032,0.1523,0.0234,0.1948,0.1945,0.618,NA,1407,3,OH,44617,0.4954,0.5046,0.0459,5e-4,0.0978,0.0789,0.057,4e-4,0.0707,0.0298,0.6189,2025-05-19,204796,Ohio,43210,"Great Lakes (IL, IN, MI, OH, WI)",Public,No,No,City: Large,"Franklin County, OH",Not applicable
Ohio State University-Mansfield Campus,NA,20.927827561,9805,Mansfield,1,22206,3834379,0.5203439089,0.2622386537,19976,0,0,mansfield.osu.edu/,60409,0,00309002,0.0842,0,0,0.0421,0.3132,0.3544,NA,NA,3,OH,726,0.4311,0.5689,0.0565,0,0.0372,0.1047,0.0661,0,0.0014,0.0207,0.7135,2025-05-19,204680,Ohio,44906,"Great Lakes (IL, IN, MI, OH, WI)",Public,No,No,Rural: Fringe,"Richland County, OH",Not applicable
Ohio State University-Marion Campus,NA,20.927827561,10489,Marion,1,18369,6417399,0.5203439089,0.2622386537,19976,0,0,osumarion.osu.edu/,60409,0,00309003,0.1005,0,0,0.0431,0.2578,0.4598,NA,NA,3,OH,842,0.4964,0.5036,0.0439,0.0024,0.0831,0.0511,0.0499,0.0012,0.0036,0.0273,0.7375,2025-05-19,204699,Ohio,43302-5695,"Great Lakes (IL, IN, MI, OH, WI)",Public,No,No,Town: Distant,"Marion County, OH",Not applicable
Ohio State University-Newark Campus,NA,20.927827561,11156,Newark,1,20875,4524389,0.5203439089,0.2622386537,19976,0,0,newark.osu.edu/,60409,0,00309004,0.1086,0,0,0.0155,0.3411,0.3542,NA,NA,3,OH,2302,0.5065,0.4935,0.0526,0.0022,0.0752,0.2042,0.0621,0.0013,0.0013,0.0239,0.5773,2025-05-19,204705,Ohio,43055,"Great Lakes (IL, IN, MI, OH, WI)",Public,No,No,Suburb: Small,"Licking County, OH",Not applicable
Ohio University-Main Campus,0.8476,23.663749629,9575,Athens,1,28529,648637858,0.634900623,0.3386957545,21056,0,0,https://www.ohio.edu/,52581,0,00310000,0.0519,0.0559,0.0027,0.1563,0.2037,0.7441,NA,1212,3,OH,18456,0.3898,0.6102,0.0396,8e-4,0.0156,0.0504,0.0451,8e-4,0.0108,0.0185,0.8184,2025-05-19,204857,Ohio,45701-2979,"Great Lakes (IL, IN, MI, OH, WI)",Public,No,No,Town: Distant,"Athens County, OH",Not applicable
Ohio Wesleyan University,0.5067,19.608321377,8784,Delaware,2,66399,277679315,0.4906743185,0.2150537634,27000,0,0,https://www.owu.edu/,55624,0,00310900,0.0954,0,0.0141,0.1555,0.2461,0.5872,71,1311,3,OH,1450,0.4276,0.5724,0.0469,0,0.0297,0.0717,0.0503,7e-4,0.0538,0.0103,0.7366,2025-05-19,204909,Ohio,43015-2370,"Great Lakes (IL, IN, MI, OH, WI)",Private not-for-profit,No,No,Suburb: Large,"Delaware County, OH",United Methodist
Oklahoma Baptist University,0.5568,20.096670247,7084,Shawnee,2,46950,166959896,0.5714285714,0.2573696145,24801,0,0,https://www.okbu.edu/,48434,0,00316400,0.096,0,0.0166,0.1291,0.3068,0.6493,54,1173,3,OK,1292,0.4582,0.5418,0.1672,0.0658,0.0124,0.0681,0.0201,8e-4,0.0132,0.0248,0.6277,2025-05-19,207403,Oklahoma,74804,"Southwest (AZ, NM, OK, TX)",Private not-for-profit,No,No,Town: Distant,"Pottawatomie County, OK",Baptist
Oklahoma Christian University,0.9707,20.193905817,7118,Edmond,2,38029,50318278,0.5221606648,0.1784172662,26000,0,0,www.oc.edu/,49203,0,00316500,0.0545,0.0909,0.0104,0.1299,0.3015,0.2473,74,1117,3,OK,1897,0.4244,0.5756,0.0854,0.0269,0.0279,0.1281,0.1065,5e-4,0,0.0084,0.6162,2025-05-19,207324,Oklahoma,73013,"Southwest (AZ, NM, OK, TX)",Private not-for-profit,No,No,City: Large,"Oklahoma County, OK",Churches of Christ
Oklahoma City University,0.7039,24.117808219,7602,Oklahoma City,2,46144,144055363,0.6931506849,0.2679355783,20835,0,0,www.okcu.edu/,54655,0,00316600,0.0517,0,0.0057,0.0805,0.2256,0.5861,71,1150,3,OK,1433,0.3398,0.6602,0.083,0.0167,0.0258,0.0628,0.1298,0.0014,0.0482,0.0063,0.626,2025-05-19,207458,Oklahoma,73106-1402,"Southwest (AZ, NM, OK, TX)",Private not-for-profit,No,No,City: Large,"Oklahoma County, OK",United Methodist
Oklahoma Panhandle State University,NA,22.732638889,4982,Goodwell,1,14356,13192486,0.4739583333,0.4123314066,12500,0,1,www.opsu.edu/,44933,0,00317400,0.0294,0,0.0027,0.115,0.4356,0.7258,NA,NA,3,OK,997,0.4193,0.5807,0.0261,0.0632,0.007,0.1274,0.2187,0,0.0572,0.006,0.4945,2025-05-19,207351,Oklahoma,73939-0430,"Southwest (AZ, NM, OK, TX)",Public,No,No,Rural: Distant,"Texas County, OK",Not applicable
Oklahoma State University-Main Campus,0.7093,21.458398744,10695,Stillwater,1,25915,561195906,0.5257599543,0.2863196126,20500,0,0,www.okstate.edu/,57413,0,00317000,0.0394,0.1165,0.0067,0.2534,0.2604,0.8781,NA,1145,3,OK,20814,0.4782,0.5218,0.1084,0.0479,0.0213,0.0424,0.0969,0.0014,0.0157,0.0013,0.6647,2025-05-19,207388,Oklahoma,74078-1015,"Southwest (AZ, NM, OK, TX)",Public,No,No,Town: Distant,"Payne County, OK",Not applicable
Oklahoma State University-Oklahoma City,NA,27.051718385,6669,Oklahoma City,1,12096,168996,0.6322989656,0.4842718447,14250,0,0,www.osuokc.edu/,41307,0,00964700,0,0,0,0.0733,0.3009,1,NA,NA,2,OK,3424,0.3601,0.6399,0.0859,0.045,0.0234,0.1127,0.1951,9e-4,0,0.0073,0.5298,2025-05-19,207397,Oklahoma,73107-6195,"Southwest (AZ, NM, OK, TX)",Public,No,No,City: Large,"Oklahoma County, OK",Not applicable
Oklahoma State University Institute of Technology,NA,24.493678507,5241,Okmulgee,1,16778,5509524,0.3762793498,0.4350433045,11334,0,0,https://osuit.edu/,45634,1,00317200,0.0218,0,0,0.0602,0.4005,0.5828,NA,NA,2,OK,2131,0.695,0.305,0.1534,0.1323,0.0117,0.0455,0.091,0.0019,0.0075,0.0023,0.5542,2025-05-19,207564,Oklahoma,74447-3901,"Southwest (AZ, NM, OK, TX)",Public,No,No,Town: Distant,"Okmulgee County, OK",Not applicable
Oklahoma Wesleyan University,0.7703,26.345661451,5930,Bartlesville,2,43617,9442913,0.573257468,0.4082568807,24813,0,0,www.okwu.edu/,59841,0,00315100,0.0533,0,0,0.3733,0.3934,0.3,89,NA,3,OK,663,0.5445,0.4555,0.0875,0.0528,0.0151,0.0769,0.1071,0.003,0.0694,0.0377,0.5505,2025-05-19,206835,Oklahoma,74006-6299,"Southwest (AZ, NM, OK, TX)",Private not-for-profit,No,No,Town: Distant,"Washington County, OK",Wesleyan
Old Dominion University,0.9052,23.603998203,10154,Norfolk,1,27180,311896044,0.6019766397,0.3321371117,24000,0,0,www.odu.edu/,54914,0,00372800,0.0733,0.0593,0.0068,0.1381,0.3694,0.9509,NA,1190,3,VA,17521,0.4564,0.5436,0.0697,0.0021,0.0536,0.3225,0.1064,0.0027,0.0118,0.0178,0.4136,2025-05-19,232982,Virginia,23529,"Southeast (AL, AR, FL, GA, KY, LA, MS, NC, SC, TN, VA, WV)",Public,No,No,City: Midsize,"Norfolk City, VA",Not applicable
Olivet Nazarene University,0.669,22.803428571,7265,Bourbonnais,2,50557,52057993,0.6257142857,0.2768395657,25000,0,0,https://www.olivet.edu/,53213,0,00174100,0.1027,0.0522,0.0017,0.133,0.3533,0.4028,59,1103,3,IL,2485,0.4406,0.5594,0.0382,0.0024,0.0266,0.0958,0.1412,0.0137,0.0213,0.0507,0.6101,2025-05-19,147828,Illinois,60914-2271,"Great Lakes (IL, IN, MI, OH, WI)",Private not-for-profit,No,No,Suburb: Small,"Kankakee County, IL",Church of the Nazarene
Olympic College,NA,28.367901235,9454,Bremerton,1,15380,18906415,0.6009876543,0.4201973302,12000,0,0,www.olympic.edu/,43169,0,00378400,0.0566,0.0067,0,0.0841,0.1645,0.9722,NA,NA,2,WA,3263,0.422,0.578,0.1125,0.0101,0.0693,0.0359,0.1321,0.0104,0.0132,0.1569,0.4597,2025-05-19,236188,Washington,98337-1699,"Far West (AK ,CA ,HI, NV, OR, WA)",Public,No,No,City: Small,"Kitsap County, WA",Not applicable
Oral Roberts University,0.986,24.045634921,7658,Tulsa,2,47367,46998940,0.6058201058,0.309352518,27000,0,0,https://oru.edu/,46885,0,00398500,0.0516,0.0368,0.0166,0.2468,0.3353,0.4193,79,1183,3,OK,3322,0.4118,0.5882,0.0421,0.0241,0.0427,0.1309,0.1613,0,0.1779,0.0635,0.3573,2025-05-19,207582,Oklahoma,74171,"Southwest (AZ, NM, OK, TX)",Private not-for-profit,No,No,City: Large,"Tulsa County, OK",Other Protestant
Oregon Health & Science University,NA,30.191679049,12737,Portland,1,NA,1200089000,0.7667161961,0.3155416013,16625,0,0,www.ohsu.edu/,101028,0,00488200,0,0,0,0,0.2806,0.586,NA,NA,3,OR,788,0.1815,0.8185,0.0558,0.0013,0.0635,0.0254,0.2132,0.0051,0.0063,0.0063,0.6231,2025-05-19,209490,Oregon,97239-3098,"Far West (AK ,CA ,HI, NV, OR, WA)",Public,No,No,City: Large,"Multnomah County, OR",Not applicable
Oregon Institute of Technology,0.9167,26.304408677,8314,Klamath Falls,1,26675,30634453,0.4947515745,0.3946564885,22500,0,0,https://www.oit.edu/,72273,0,00321100,0,0.1599,0,0.0528,0.1922,0.9775,NA,1165,3,OR,2913,0.5118,0.4882,0.0669,0.0103,0.0649,0.0179,0.1699,0.0055,0.0096,0.0124,0.6426,2025-05-19,209506,Oregon,97601-8801,"Far West (AK ,CA ,HI, NV, OR, WA)",Public,No,No,Town: Remote,"Klamath County, OR",Not applicable
Oregon State University,0.7885,23.684235129,11396,Corvallis,1,29926,865336550,0.5083557321,0.31369606,21221,0,0,https://oregonstate.edu/,64010,0,00321000,0.0101,0.1543,0.0106,0.1344,0.2236,0.7202,NA,NA,3,OR,29557,0.5124,0.4876,0.0705,0.0061,0.083,0.0211,0.126,0.0033,0.0287,0.0241,0.6372,2025-05-19,209542,Oregon,97331,"Far West (AK ,CA ,HI, NV, OR, WA)",Public,No,No,City: Small,"Benton County, OR",Not applicable
Otis College of Art and Design,0.8398,21.628742515,9145,Los Angeles,2,71880,20785714,0.6167664671,0.2419354839,27000,0,0,www.otis.edu/,58152,0,00125100,0,0,0,0,0.3068,0.1545,NA,NA,3,CA,1242,0.3092,0.6908,0.0797,8e-4,0.1731,0.0556,0.2174,0,0.2407,0.0089,0.2238,2025-05-19,120403,California,90045-3505,"Far West (AK ,CA ,HI, NV, OR, WA)",Private not-for-profit,No,No,City: Large,"Los Angeles County, CA",Not applicable
Ottawa University-Kansas City,NA,29.532679739,4177,Overland Park,2,NA,1252623,0.6274509804,0.4008683068,21500,0,0,www.ottawa.edu/,55552,0,00193702,0.213,0,0,0.1852,0.4618,1,52,NA,3,KS,223,0.1794,0.8206,0.0179,0.0179,0.009,0.0987,0.148,0,0,0.0045,0.704,2025-05-19,155636,Kansas,66211,"Plains (IA, KS, MN, MO, NE, ND, SD)",Private not-for-profit,No,No,City: Midsize,"Johnson County, KS",American Baptist
Ottawa University-Online,NA,29.532679739,7519,Overland Park,2,NA,5102393,0.6274509804,0.4008683068,21500,0,0,www.ottawa.edu/,55552,0,00193700,0.1802,0,0.0058,0.2093,0.2955,0.9231,52,NA,3,KS,328,0.2896,0.7104,0.0457,0.0579,0.0152,0.1067,0.2835,0,0.0091,0.0061,0.4756,2025-05-19,454582,Kansas,66067,"Plains (IA, KS, MN, MO, NE, ND, SD)",Private not-for-profit,No,No,Town: Distant,"Franklin County, KS",American Baptist
Ottawa University-Ottawa,0.8003,29.532679739,6523,Ottawa,2,51340,4902615,0.6274509804,0.4008683068,21500,0,0,www.ottawa.edu/,55552,0,00193700,0.1579,0.015,0.0075,0.218,0.3529,0.9211,52,1011,3,KS,935,0.6299,0.3701,0.0556,0.0203,0.016,0.1497,0.1615,0.0043,0.0545,0.0043,0.5337,2025-05-19,155627,Kansas,66067-3399,"Plains (IA, KS, MN, MO, NE, ND, SD)",Private not-for-profit,No,No,Town: Distant,"Franklin County, KS",American Baptist
Ottawa University-Surprise,0.3988,29.532679739,6649,Surprise,2,51400,8390780,0.6274509804,0.4008683068,21500,0,1,www.ottawa.edu/ouaz/home,55552,0,00193722,0.068,0,0,0.3197,0.3745,0.9412,52,978,3,AZ,768,0.638,0.362,0.0625,0.0182,0.013,0.1016,0.349,0.0104,0.0352,0,0.4102,2025-05-19,464226,NA,NA,NA,NA,NA,NA,NA,NA,NA
Otterbein University,0.833,20.276654412,8339,Westerville,2,47865,116773955,0.59375,0.2612440191,26000,0,0,https://www.otterbein.edu/,53313,0,00311000,0.0829,0.0405,0.0135,0.131,0.2908,0.4313,71,1220,3,OH,2055,0.3946,0.6054,0.0545,0.001,0.038,0.1114,0.0599,0.0058,0.0063,0.0277,0.6954,2025-05-19,204936,Ohio,43081,"Great Lakes (IL, IN, MI, OH, WI)",Private not-for-profit,No,No,Suburb: Large,"Franklin County, OH",United Methodist
Ouachita Baptist University,0.6852,19.762951334,6973,Arkadelphia,2,45132,137304252,0.4945054945,0.2354892206,21050,0,0,obu.edu/,51673,0,00110200,0.1043,0.0174,0.0029,0.1652,0.226,0.9504,75,1212,3,AR,1612,0.4342,0.5658,0.0354,0.0031,0.0081,0.0577,0.0596,6e-4,0.0199,0,0.8158,2025-05-19,107512,Arkansas,71998-0001,"Southeast (AL, AR, FL, GA, KY, LA, MS, NC, SC, TN, VA, WV)",Private not-for-profit,No,No,Town: Distant,"Clark County, AR",Southern Baptist
Our Lady of the Lake University,NA,23.593380615,7094,San Antonio,2,42137,38048551,0.6926713948,0.4759284732,24999,0,1,https://www.ollusa.edu/,48675,0,00359800,0.0789,0,0.0036,0.1434,0.5749,0.5044,30,NA,3,TX,1110,0.3306,0.6694,0,0,0.0045,0.0694,0.7432,0,0.0315,0.0739,0.0775,2025-05-19,227331,Texas,78207-4689,"Southwest (AZ, NM, OK, TX)",Private not-for-profit,No,No,City: Large,"Bexar County, TX",Roman Catholic
Ozark Christian College,0.9819,20.526530612,5195,Joplin,2,25475,4991927,0.5020408163,0.2586206897,16772,0,0,www.occ.edu/,41297,0,02202700,0,0,0,0,0.3849,0.625,48,NA,3,MO,612,0.531,0.469,0.0392,0.0196,0.0131,0.0163,0.0556,0.0016,0.0131,0.0098,0.8317,2025-05-19,178679,Missouri,64801,"Plains (IA, KS, MN, MO, NE, ND, SD)",Private not-for-profit,No,No,City: Small,"Jasper County, MO",Christian Churches and Churches of Christ
Pace University,0.7714,20.708072846,12664,New York,2,68092,210436818,0.6534384344,0.2941176471,23250,0,0,www.pace.edu/,70378,0,00279100,0.0252,0,0.0011,0.2223,0.2707,1,NA,1232,3,NY,7725,0.3371,0.6629,0.0515,0.0016,0.0774,0.1126,0.2303,0.0013,0.062,0.0047,0.4586,2025-05-19,194310,New York,10038-1598,"Mid East (DE ,DC, MD, NJ, NY, PA)",Private not-for-profit,No,No,City: Large,"New York County, NY",Not applicable
Pacific Lutheran University,0.8053,21.398954704,8856,Tacoma,2,62921,123140000,0.6463414634,0.2958139535,22578,0,0,www.plu.edu/,66990,0,00378500,0.0375,0,0.0163,0.1142,0.3277,0.6495,39,1152,3,WA,2350,0.3621,0.6379,0.1128,0.0085,0.1136,0.0489,0.1877,0.0243,0.0362,0.0089,0.4591,2025-05-19,236230,Washington,98447-0003,"Far West (AK ,CA ,HI, NV, OR, WA)",Private not-for-profit,No,No,Suburb: Large,"Pierce County, WA",Evangelical Lutheran Church
Pacific Northwest College of Art,0.6854,21.957219251,8071,Portland,2,67040,61305800,0.7326203209,0.1796407186,25000,0,0,willamette.edu/pnca/index.html,34883,0,00320700,0,0,0,0,0.4415,0.1825,NA,NA,3,OR,412,0.2063,0.7937,0.0874,0.0049,0.034,0.0461,0.1165,0.0073,0.0194,0.0655,0.6189,2025-05-19,209603,Oregon,97209-3404,"Far West (AK ,CA ,HI, NV, OR, WA)",Private not-for-profit,No,No,City: Large,"Multnomah County, OR",Not applicable
Pacific Oaks College,0.1,34.693415638,6379,Pasadena,2,NA,11442360,0.9341563786,0.5784883721,29105,0,1,https://www.pacificoaks.edu/,52485,0,00125500,0.3232,0,0,0,0.5503,0.129,NA,NA,3,CA,346,0.1069,0.8931,0.0462,0,0.0231,0.1243,0.5665,0.0029,0.0116,0.052,0.1734,2025-05-19,120768,California,91103,"Far West (AK ,CA ,HI, NV, OR, WA)",Private not-for-profit,No,No,City: Midsize,"Los Angeles County, CA",Not applicable
Pacific Rim Christian University,NA,26,NA,Honolulu,2,24042,NA,0.4787234043,PS,PS,0,0,https://www.pacrim.edu/#home,40523,0,04252700,0,0,0,0,0.8632,NA,79,NA,3,HI,113,0.4071,0.5929,0.1504,0.0088,0.2655,0.0531,0.1858,0.1239,0.0885,0,0.1239,2025-05-19,457484,Hawaii,96819-2228,"Far West (AK ,CA ,HI, NV, OR, WA)",Private not-for-profit,No,No,City: Large,"Honolulu County, HI",Other Protestant
Pacific Union College,0.4248,21.49078727,6485,Angwin,2,47244,31215552,0.6164154104,0.2572463768,27500,0,1,https://www.puc.edu/,70484,0,00125800,0.0179,0,0,0.0491,0.3337,0.95,95,1093,3,CA,910,0.3692,0.6308,0.1264,0,0.211,0.0593,0.2967,0.0088,0.0264,0.0934,0.178,2025-05-19,120865,California,94508-9707,"Far West (AK ,CA ,HI, NV, OR, WA)",Private not-for-profit,No,No,Rural: Fringe,"Napa County, CA",Seventh Day Adventist
Pacific University,0.9176,21.542046606,8863,Forest Grove,2,69330,57128420,0.6058763931,0.2857142857,23223,0,0,https://www.pacificu.edu/,60583,0,00321200,0.0957,0,0.0101,0.1033,0.2672,0.6916,NA,1123,3,OR,1556,0.4216,0.5784,0.1324,0.0026,0.135,0.0244,0.1909,0.0257,0.0077,0.0418,0.4396,2025-05-19,209612,Oregon,97116,"Far West (AK ,CA ,HI, NV, OR, WA)",Private not-for-profit,No,No,Suburb: Large,"Washington County, OR",Not applicable
Paine College,0.8336,20.809677419,3393,Augusta,2,27310,12042232,0.5548387097,0.3785714286,PS,1,0,www.paine.edu/,33338,0,00158700,0,0,0,0.6364,0.7129,0.6216,71,NA,3,GA,338,0.4201,0.5799,0.0325,0.003,0,0.858,0.0325,0,0.0385,0.0178,0.0178,2025-05-19,140720,Georgia,30901-3182,"Southeast (AL, AR, FL, GA, KY, LA, MS, NC, SC, TN, VA, WV)",Private not-for-profit,Yes,No,City: Midsize,"Richmond County, GA",United Methodist
Palm Beach Atlantic University,0.8832,22.171328671,8829,West Palm Beach,2,55576,97755235,0.6783216783,0.2200374532,22500,0,0,www.pba.edu/,49232,0,00884900,0.0374,0,0.0023,0.257,0.251,1,42,1101,3,FL,2427,0.3486,0.6514,0.1075,0.0037,0.0231,0.0952,0.1739,8e-4,0.0532,0.0161,0.5266,2025-05-19,136330,Florida,33401,"Southeast (AL, AR, FL, GA, KY, LA, MS, NC, SC, TN, VA, WV)",Private not-for-profit,No,No,City: Midsize,"Palm Beach County, FL",Interdenominational
Palm Beach State College,NA,23.163148117,6812,Lake Worth,1,16741,21228494,0.5921297078,0.4944391484,7081,0,1,www.palmbeachstate.edu/,41923,0,00151200,0.0058,0,0,0.0826,0.3811,0.3636,NA,NA,2,FL,20532,0.3997,0.6003,0.0253,0.0017,0.0248,0.3031,0.355,0.0015,0.0254,0.0172,0.2461,2025-05-19,136358,Florida,33461-4796,"Southeast (AL, AR, FL, GA, KY, LA, MS, NC, SC, TN, VA, WV)",Public,No,No,Suburb: Large,"Palm Beach County, FL",Not applicable
Park University,NA,29.780041797,6971,Parkville,2,23714,52114851,0.5412748171,0.4795763994,21685,0,0,www.park.edu/,56309,0,00249800,0.0248,0,6e-4,0.4314,0.3863,0.1423,NA,NA,3,MO,5250,0.5432,0.4568,0.0741,0.0046,0.029,0.179,0.2339,0.0091,0.0392,0.017,0.4141,2025-05-19,178721,Missouri,64152-3795,"Plains (IA, KS, MN, MO, NE, ND, SD)",Private not-for-profit,No,No,Suburb: Large,"Platte County, MO",Not applicable
Parker University,NA,30.115942029,6768,Dallas,2,35819,35508000,0.7336956522,0.3894736842,12288,0,0,www.parker.edu/,42091,0,02305300,0,0,0,0.0164,0.4795,0.5762,NA,NA,3,TX,494,0.2976,0.7024,0.0283,0.0162,0.0506,0.3138,0.0992,0.004,0.0061,0.1356,0.3462,2025-05-19,243823,Texas,75229-5668,"Southwest (AZ, NM, OK, TX)",Private not-for-profit,No,No,City: Large,"Dallas County, TX",Not applicable
Pasco-Hernando State College,NA,24.49325736,6598,New Port Richey,1,11152,68385681,0.6106362773,0.431160221,9535,0,0,https://www.phsc.edu/,39903,0,01065200,0.0038,0,0,0.113,0.2963,0.4656,NA,NA,2,FL,6933,0.3954,0.6046,0.044,0.0016,0.028,0.0676,0.2565,0.0014,0.0149,0.0679,0.5181,2025-05-19,136400,Florida,34654-5199,"Southeast (AL, AR, FL, GA, KY, LA, MS, NC, SC, TN, VA, WV)",Public,No,No,Suburb: Large,"Pasco County, FL",Not applicable
Patrick Henry College,0.8198,NA,7181,Purcellville,2,NA,2323880,NA,NA,NA,0,0,https://www.phc.edu/,NA,0,03951300,0,0,0,0.1507,0,1,108,1351,NA,VA,373,0.5308,0.4692,0,0,0.0509,0.0027,0.0456,0.0027,0,0.4129,0.4853,2025-05-19,451927,NA,NA,NA,NA,NA,NA,NA,NA,NA
Paul Quinn College,0.3381,22.350951374,6785,Dallas,2,24912,4180517,0.5644820296,0.4846938776,23373,1,0,www.pqc.edu/,29288,0,00360200,0,0,0.0161,0.4355,0.6976,0.2093,51,NA,3,TX,600,0.3667,0.6333,0.0567,0,0.0083,0.6867,0.1583,0.0083,0.0083,0.0117,0.0617,2025-05-19,227429,Texas,75241,"Southwest (AZ, NM, OK, TX)",Private not-for-profit,Yes,No,City: Large,"Dallas County, TX",African Methodist Episcopal
Paul Smiths College of Arts and Science,0.9073,20.466179159,5487,Paul Smiths,2,50865,34848262,0.3546617916,0.2969348659,22750,0,0,https://www.paulsmiths.edu/,46145,0,00279500,0,0,0,0.0314,0.3668,0.8909,NA,NA,3,NY,582,0.6443,0.3557,0.0344,0.0172,0.0086,0.0326,0.0052,0,0.0086,0.0481,0.8454,2025-05-19,194392,New York,12970-0265,"Mid East (DE ,DC, MD, NJ, NY, PA)",Private not-for-profit,No,No,Rural: Distant,"Franklin County, NY",Not applicable
Peirce College,NA,31.365994236,8198,Philadelphia,2,18260,3395823,0.7108549472,0.5548628429,31250,0,0,https://www.peirce.edu/,50660,0,00330900,0,0,0,0.3618,0.5236,1,NA,NA,3,PA,789,0.2433,0.7567,0.0139,0.0089,0.0279,0.5361,0.1242,0.0013,0,0.0951,0.1926,2025-05-19,214883,Pennsylvania,19102-4699,"Mid East (DE ,DC, MD, NJ, NY, PA)",Private not-for-profit,No,No,City: Large,"Philadelphia County, PA",Not applicable
Peninsula College,NA,28.724489796,7510,Port Angeles,1,13974,4884241,0.5459183673,0.443597561,15786,0,0,www.pencol.edu/,37078,0,00378600,0.0448,0,0,0.1151,0.3076,0.3618,NA,NA,1,WA,1139,0.3828,0.6172,0.1071,0.043,0.0158,0.0378,0.1361,0.0018,0.0334,0.101,0.5241,2025-05-19,236258,Washington,98362,"Far West (AK ,CA ,HI, NV, OR, WA)",Public,No,No,Town: Remote,"Clallam County, WA",Not applicable
Pennsylvania College of Art and Design,0.4594,20.388888889,4581,Lancaster,2,41394,2659295,0.6851851852,PS,27000,0,0,pcad.edu/,33301,0,02269900,0,0,0,0,0.4612,0.1807,NA,NA,3,PA,312,0.2756,0.7244,0.0545,0.0064,0.0609,0.141,0.0096,0.0064,0,0.0769,0.6442,2025-05-19,215053,Pennsylvania,17608-0059,"Mid East (DE ,DC, MD, NJ, NY, PA)",Private not-for-profit,No,No,City: Small,"Lancaster County, PA",Not applicable
Pennsylvania College of Technology,NA,22.10330993,9876,Williamsport,1,32595,26134155,0.396522902,0.3634732687,23961,0,0,https://www.pct.edu/,52567,0,00339500,0,0.0264,0,0.0922,0.3187,0.5784,NA,NA,2,PA,4254,0.6598,0.3402,0.0256,0.0019,0.0134,0.0369,0.052,0.0016,0,0.0068,0.8618,2025-05-19,366252,Pennsylvania,17701-5799,"Mid East (DE ,DC, MD, NJ, NY, PA)",Public,No,No,City: Small,"Lycoming County, PA",Not applicable
Pensacola State College,NA,25.456890013,5678,Pensacola,1,9718,14466368,0.6295828066,0.4935842601,7500,0,0,www.pensacolastate.edu/,36739,0,00151300,0.0041,0,0,0.1168,0.3496,0.3927,NA,NA,2,FL,6725,0.3453,0.6547,0.0724,0.007,0.023,0.2034,0.1007,0.0039,0.0147,0,0.5749,2025-05-19,136473,Florida,32504-8998,"Southeast (AL, AR, FL, GA, KY, LA, MS, NC, SC, TN, VA, WV)",Public,No,No,City: Small,"Escambia County, FL",Not applicable
Pepperdine University,0.4985,20.930761622,13919,Malibu,2,85202,1200868000,0.587537092,0.1761658031,23510,0,0,www.pepperdine.edu/,82939,0,01014900,0.0092,0,0.0046,0.2722,0.1961,0.4626,74,1367,3,CA,3629,0.4103,0.5897,0.0755,0.0019,0.1499,0.0361,0.1874,0.003,0.0835,0.0163,0.4464,2025-05-19,121150,California,90263,"Far West (AK ,CA ,HI, NV, OR, WA)",Private not-for-profit,No,No,Suburb: Large,"Los Angeles County, CA",Churches of Christ
Peru State College,NA,23.328571429,7754,Peru,1,20743,22060201,0.5404761905,0.4155844156,21875,0,0,www.peru.edu/,47071,0,00255900,0.1693,0,0.0039,0.3701,0.3376,1,NA,NA,3,NE,1141,0.4119,0.5881,0.0438,0.0079,0.0061,0.1183,0.0911,9e-4,0.0149,0.0044,0.7125,2025-05-19,181534,Nebraska,68421-0010,"Plains (IA, KS, MN, MO, NE, ND, SD)",Public,No,No,Rural: Distant,"Nemaha County, NE",Not applicable
Pfeiffer University,0.953,24.476767677,7409,Misenheimer,2,46700,15851509,0.5373737374,0.3333333333,26163,0,0,www.pfeiffer.edu/,51562,0,00295500,0.1075,0,0,0.1667,0.5564,0.4397,71,NA,3,NC,654,0.5229,0.4771,0.0596,0.0015,0.0015,0.2064,0.1086,0.0015,0.0275,0,0.5933,2025-05-19,199306,North Carolina,28109-0960,"Southeast (AL, AR, FL, GA, KY, LA, MS, NC, SC, TN, VA, WV)",Private not-for-profit,No,No,Rural: Distant,"Stanly County, NC",United Methodist
Philander Smith University,NA,21.860791826,6137,Little Rock,2,26729,14988232,0.6232439336,0.4303405573,24736,1,0,https://www.philander.edu/,38427,0,00110300,0.058,0,0.0362,0.2681,0.7139,1,71,NA,3,AR,842,0.4786,0.5214,0.0119,0,0.0012,0.7922,0.0356,0.0202,0.0772,0.0178,0.0439,2025-05-19,107600,Arkansas,72202-3799,"Southeast (AL, AR, FL, GA, KY, LA, MS, NC, SC, TN, VA, WV)",Private not-for-profit,Yes,No,City: Midsize,"Pulaski County, AR",United Methodist
Piedmont University,0.9284,23.332080201,7337,Demorest,2,45359,43570462,0.6679197995,0.3148648649,25000,0,0,https://www.piedmont.edu/,49130,0,00158800,0.1698,0.0075,0.0075,0.1585,0.4145,0.586,76,1074,3,GA,1235,0.319,0.681,0.0275,0.0024,0.0146,0.1142,0.1126,0,0.0105,0.0397,0.6785,2025-05-19,140818,Georgia,30535-0010,"Southeast (AL, AR, FL, GA, KY, LA, MS, NC, SC, TN, VA, WV)",Private not-for-profit,No,No,Town: Distant,"Habersham County, GA",United Church of Christ
Pierce College District,NA,27.203803132,8961,Lakewood,1,17048,4910563,0.648098434,0.4532317394,12000,0,0,www.pierce.ctc.edu/,47532,0,00500000,0.045,0,0,0.1228,0.2019,0.9463,NA,NA,2,WA,4487,0.3599,0.6401,0.1128,0.0065,0.0809,0.1043,0.2006,0.0143,0.0294,0.0767,0.3746,2025-05-19,235237,Washington,98498-1999,"Far West (AK ,CA ,HI, NV, OR, WA)",Public,No,No,City: Small,"Pierce County, WA",Not applicable
Pikes Peak State College,NA,26.822281521,7403,Colorado Springs,1,18345,4100029,0.5845230153,0.4259485924,9000,0,0,https://www.pikespeak.edu/,40796,0,00889600,0.0176,0,0,0.0469,0.3078,0.9487,NA,NA,1,CO,9307,0.4094,0.5906,0.0676,0.0074,0.0342,0.0829,0.251,0.0055,0.015,0.0132,0.5232,2025-05-19,127820,Colorado,80906-5498,"Rocky Mountains (CO, ID, MT, UT, WY)",Public,No,No,Suburb: Large,"El Paso County, CO",Not applicable
Pillar College,NA,35.864864865,4772,Newark,2,33662,273322,0.6756756757,0.5873015873,21483,0,1,www.pillar.edu/,45577,0,03666300,0.0625,0,0,0.1094,0.5556,0.3333,108,NA,3,NJ,469,0.1727,0.8273,0.0107,0,0.0149,0.1322,0.3817,0,0.0768,0.0299,0.3539,2025-05-19,440794,New Jersey,07102,"Mid East (DE ,DC, MD, NJ, NY, PA)",Private not-for-profit,No,No,City: Large,"Essex County, NJ",Wesleyan
Pittsburg State University,0.8817,21.673538073,7735,Pittsburg,1,22426,103278157,0.5119899032,0.3232231779,18969,0,0,https://www.pittstate.edu/,50579,0,00192600,0.1045,0,0.0044,0.2356,0.3226,0.6667,NA,1090,3,KS,4162,0.4993,0.5007,0.0639,0.0149,0.0079,0.032,0.0745,0.0012,0.0142,0.0012,0.7902,2025-05-19,155681,Kansas,66762,"Plains (IA, KS, MN, MO, NE, ND, SD)",Public,No,No,Town: Distant,"Crawford County, KS",Not applicable
Pitzer College,0.1666,20.453703704,12183,Claremont,2,82832,168248383,0.5833333333,0.23,16750,0,0,https://www.pitzer.edu/,69512,0,00117200,0.0037,0,0.0259,0.0963,0.1015,0.7681,NA,NA,3,CA,1191,0.4039,0.5961,0.0999,0.0059,0.1192,0.0445,0.1276,0.0034,0.0806,0.0327,0.4861,2025-05-19,121257,California,91711-6101,"Far West (AK ,CA ,HI, NV, OR, WA)",Private not-for-profit,No,No,Suburb: Large,"Los Angeles County, CA",Not applicable
Plymouth State University,0.9103,19.990521327,9097,Plymouth,1,29257,35602208,0.5355450237,0.2702251877,26000,0,0,www.plymouth.edu/,57304,0,00259100,0.089,0,0.004,0.2616,0.2563,0.5327,NA,NA,3,NH,3298,0.5218,0.4782,0.0628,0.0024,0.0127,0.0194,0.0528,0,0.0161,0.0461,0.7878,2025-05-19,183080,New Hampshire,03264-1595,"New England (CT, ME, MA, NH, R,I VT)",Public,No,No,Town: Remote,"Grafton County, NH",Not applicable
Point Loma Nazarene University,0.8176,23.331598513,11281,San Diego,2,56664,67948300,0.6855018587,0.2931174089,22990,0,0,www.pointloma.edu/,63998,0,00126200,0.0526,0.0086,0.0061,0.2375,0.2273,1,59,1278,3,CA,3132,0.3368,0.6632,0.0811,0.0032,0.0651,0.0204,0.2634,0.0029,0.0115,0.0227,0.5297,2025-05-19,121309,California,92106-2899,"Far West (AK ,CA ,HI, NV, OR, WA)",Private not-for-profit,No,No,City: Large,"San Diego County, CA",Church of the Nazarene
Point Park University,0.9788,23.154175589,9278,Pittsburgh,2,50133,50117079,0.630620985,0.292798111,27000,0,0,www.pointpark.edu/,45856,0,00335700,0.0475,0.019,0,0.1996,0.3707,0.3035,NA,1142,3,PA,2320,0.356,0.644,0.0414,0.0017,0.0194,0.1371,0.1013,9e-4,0.0397,0.0116,0.647,2025-05-19,215442,Pennsylvania,15222-1984,"Mid East (DE ,DC, MD, NJ, NY, PA)",Private not-for-profit,No,No,City: Large,"Allegheny County, PA",Not applicable
Point University,0.6751,23.644139388,5969,West Point,2,34418,5259269,0.4329461457,0.3634259259,25250,0,0,point.edu/,38740,0,00154700,0.022,0,0,0.2582,0.3217,1,48,1059,3,GA,2617,0.4597,0.5403,0.0107,0.0038,0.0222,0.1804,0.136,0.0011,0.0057,0.086,0.5541,2025-05-19,138868,Georgia,31833,"Southeast (AL, AR, FL, GA, KY, LA, MS, NC, SC, TN, VA, WV)",Private not-for-profit,No,No,Town: Distant,"Troup County, GA",Christian Churches and Churches of Christ
Polk State College,NA,24.835129557,7210,Winter Haven,1,12709,37621889,0.6191240541,0.5143329658,10076,0,1,www.polk.edu/,40624,0,00151400,0.0331,0,0,0.1389,0.3256,0.3833,NA,NA,2,FL,5954,0.3467,0.6533,0.0341,0.002,0.0277,0.1896,0.2961,0.002,0.0148,0.0102,0.4234,2025-05-19,136516,Florida,33881-4299,"Southeast (AL, AR, FL, GA, KY, LA, MS, NC, SC, TN, VA, WV)",Public,No,No,City: Small,"Polk County, FL",Not applicable
Polytechnic University of Puerto Rico-Orlando,NA,23.012345679,6030,Orlando,2,21955,NA,0.2235217674,0.2195994278,22564,0,1,www.pupr.edu/orlando,47540,0,02100002,0,0.5714,0,0.381,0.5913,0.4318,NA,NA,3,FL,102,0.6863,0.3137,0,0,0,0.0294,0.9412,0,0.0098,0,0.0196,2025-05-19,456490,Florida,32825,"Southeast (AL, AR, FL, GA, KY, LA, MS, NC, SC, TN, VA, WV)",Private not-for-profit,No,No,Suburb: Large,"Orange County, FL",Not applicable
Pomona College,0.0676,19.430188679,14385,Claremont,2,81196,2764972000,0.5018867925,0.2991803279,11782,0,0,www.pomona.edu/,77779,0,00117300,0,0.0022,0.0464,0,0.1853,0.9409,NA,1520,3,CA,1638,0.4518,0.5482,0.0946,0,0.1777,0.1081,0.1654,0.0049,0.1239,0.033,0.2924,2025-05-19,121345,California,91711-6319,"Far West (AK ,CA ,HI, NV, OR, WA)",Private not-for-profit,No,No,Suburb: Large,"Los Angeles County, CA",Not applicable
Pontifical Catholic University of Puerto Rico-Arecibo,0.8538,21.188372093,4240,Arecibo,2,16058,2881637,0.5843023256,0.3084022915,15500,0,1,www.pucpr.edu/arecibo,24908,0,00393601,0.0794,0,0,0.0952,0.7597,0.4915,30,NA,3,PR,273,0.326,0.674,0,0,0,0,1,0,0,0,0,2025-05-19,241395,Puerto Rico,00614-4045,"Other U.S. jurisdictions (AS, FM GU, MH, MP, PR, PW, VI)",Private not-for-profit,No,No,Suburb: Small,"Arecibo Municipio, PR",Roman Catholic
Pontifical Catholic University of Puerto Rico-Mayaguez,0.973,21.188372093,4018,Mayaguez,2,15334,3682092,0.5843023256,0.3084022915,15500,0,1,https://mayaguez.pucpr.edu/,24908,0,00393603,0.0336,0,0,0.2353,0.8346,0.6875,30,NA,3,PR,597,0.3551,0.6449,0,0,0,0,0.995,0,0,0.005,0,2025-05-19,243586,Puerto Rico,00680-1713,"Other U.S. jurisdictions (AS, FM GU, MH, MP, PR, PW, VI)",Private not-for-profit,No,No,City: Small,"Mayagüez Municipio, PR",Roman Catholic
Pontifical Catholic University of Puerto Rico-Ponce,0.9033,21.188372093,4506,Ponce,2,17106,9445370,0.5843023256,0.3084022915,15500,0,1,https://www.pucpr.edu/,24908,0,00393600,0.0204,0,0,0.0884,0.8137,0.6659,30,1285,3,PR,3827,0.358,0.642,0,0,3e-4,0,0.9961,0,0.0021,0.0013,3e-4,2025-05-19,241410,Puerto Rico,00717-9997,"Other U.S. jurisdictions (AS, FM GU, MH, MP, PR, PW, VI)",Private not-for-profit,No,No,City: Midsize,"Ponce Municipio, PR",Roman Catholic
Portland State University,0.9091,25.953321576,11322,Portland,1,22449,99102595,0.5823633157,0.391093011,20500,0,0,www.pdx.edu/,57906,0,00321600,0.0073,0.0533,0.0088,0.2017,0.3956,0.5388,NA,NA,3,OR,13619,0.4353,0.5647,0.0817,0.0059,0.0957,0.0512,0.2278,0.0073,0.0247,0.0245,0.4812,2025-05-19,209807,Oregon,97201,"Far West (AK ,CA ,HI, NV, OR, WA)",Public,No,No,City: Large,"Multnomah County, OR",Not applicable
Potomac State College of West Virginia University,NA,20.54234904,7151,Keyser,1,15593,8470817,0.5012559027,0.3039163376,22500,0,0,www.potomacstatecollege.edu/,55939,0,00382711,0.1004,0.0077,0,0.1815,0.3943,0.7846,NA,NA,3,WV,952,0.4296,0.5704,0.0578,0.0011,0.0042,0.0515,0.0284,0,0.0116,0.0179,0.8277,2025-05-19,237701,West Virginia,26726,"Southeast (AL, AR, FL, GA, KY, LA, MS, NC, SC, TN, VA, WV)",Public,No,No,Town: Distant,"Mineral County, WV",Not applicable
Prairie View A & M University,0.753,20.85173135,8893,Prairie View,1,25958,135757938,0.6100395073,0.3349093775,27000,1,0,www.pvamu.edu/,45411,0,00363000,0.0309,0.087,0.0056,0.1467,0.6244,0.8099,NA,949,3,TX,8527,0.3305,0.6695,0.0349,0.0014,0.0081,0.8519,0.0742,7e-4,0.0077,0.0086,0.0124,2025-05-19,227526,Texas,77446,"Southwest (AZ, NM, OK, TX)",Public,Yes,No,Town: Distant,"Waller County, TX",Not applicable
Pratt Institute-Main,0.5317,20.250943396,12423,Brooklyn,2,76533,232451168,0.7066037736,0.1925777332,26000,0,0,https://www.pratt.edu/,54295,0,00279800,0.0088,0,0,0,0.1741,0.1479,NA,1339,3,NY,3766,0.2825,0.7175,0.039,0.0013,0.1678,0.0414,0.1136,3e-4,0.2953,0.009,0.3322,2025-05-19,194578,New York,11205,"Mid East (DE ,DC, MD, NJ, NY, PA)",Private not-for-profit,No,No,City: Large,"Kings County, NY",Not applicable
Presbyterian College,0.7234,19.579196217,7976,Clinton,2,57271,98278529,0.4893617021,0.1975609756,26000,0,0,https://www.presby.edu/,60194,0,00344500,0.0536,0,0.0089,0.2098,0.2785,1,66,1214,3,SC,862,0.5151,0.4849,0.058,0.0012,0.0116,0.1787,0.0847,0,0.0499,0.0012,0.6148,2025-05-19,218539,South Carolina,29325,"Southeast (AL, AR, FL, GA, KY, LA, MS, NC, SC, TN, VA, WV)",Private not-for-profit,No,No,Town: Distant,"Laurens County, SC",Presbyterian Church (USA)
Prescott College,0.9857,27.980676329,5813,Prescott,2,47228,2158441,0.6956521739,0.2319587629,16300,0,0,https://prescott.edu/,42359,0,02065300,0.098,0,0,0.0196,0.4728,0.3534,NA,NA,3,AZ,253,0.3597,0.6403,0.004,0.004,0.0514,0.0316,0.0632,0.004,0,0.166,0.6759,2025-05-19,105589,Arizona,86301,"Southwest (AZ, NM, OK, TX)",Private not-for-profit,No,No,City: Small,"Yavapai County, AZ",Not applicable
Princeton University,0.045,19.25682183,24017,Princeton,2,80440,35126217000,0.5136436597,0.2773972603,10320,0,0,www.princeton.edu/,110066,0,00262700,0,0.1643,0.0296,0,0.1872,0.8484,NA,1535,3,NJ,5579,0.4918,0.5082,0.0701,0.0014,0.2371,0.0859,0.098,0.0011,0.1226,0.024,0.3597,2025-05-19,186131,New Jersey,08544-0070,"Mid East (DE ,DC, MD, NJ, NY, PA)",Private not-for-profit,No,No,Suburb: Large,"Mercer County, NJ",Not applicable
Principia College,0.444,NA,8894,Elsah,2,NA,538922082,NA,NA,NA,0,0,www.principiacollege.edu/,NA,0,00174400,0.2113,0.0423,0.0282,0.0845,0,1,NA,1096,NA,IL,337,0.5994,0.4006,0.0326,0,0.0119,0.0682,0.0504,0.003,0.4243,0.0297,0.3798,2025-05-19,148016,Illinois,62028-9799,"Great Lakes (IL, IN, MI, OH, WI)",Private not-for-profit,No,No,Rural: Fringe,"Jersey County, IL",Not applicable
Providence Christian College,0.9252,20.152671756,5633,Pasadena,2,51852,25323,0.5801526718,0.3025210084,25000,0,1,www.providencecc.edu/,46264,0,04153900,0,0,0,0,0.3382,0.625,88,NA,3,CA,144,0.5417,0.4583,0.0625,0,0.0208,0.0347,0.3472,0.0278,0.0069,0.0208,0.4792,2025-05-19,455770,California,91104,"Far West (AK ,CA ,HI, NV, OR, WA)",Private not-for-profit,No,No,City: Midsize,"Los Angeles County, CA",Undenominational
Providence College,0.4872,20.063862928,11738,Providence,2,76667,316898374,0.5771028037,0.1464401294,27000,0,0,www.providence.edu/,87054,0,00340600,0.049,0.0029,0.0038,0.4298,0.1324,0.6901,30,1342,3,RI,4170,0.46,0.54,0.0264,2e-4,0.0153,0.0317,0.0844,7e-4,0.0151,0.0319,0.7942,2025-05-19,217402,Rhode Island,02918-0001,"New England (CT, ME, MA, NH, R,I VT)",Private not-for-profit,No,No,City: Midsize,"Providence County, RI",Roman Catholic
Pueblo Community College,NA,28.238111413,7055,Pueblo,1,19251,NA,0.6294157609,0.4738336714,10000,0,1,www.pueblocc.edu/,37434,0,02116300,0.0589,0,0,0.1158,0.2833,1,NA,NA,1,CO,3293,0.3058,0.6942,0.0361,0.0276,0.0137,0.031,0.4057,0.0012,0.0043,0.0094,0.471,2025-05-19,127884,Colorado,81004-1499,"Rocky Mountains (CO, ID, MT, UT, WY)",Public,No,No,City: Midsize,"Pueblo County, CO",Not applicable
Puerto Rico Conservatory of Music,0.8101,20.388489209,3701,San Juan,1,7920,1718767,0.3165467626,0.0952380952,8875,0,0,cmpr.edu/,19474,0,01081900,0.2292,0,0,0,0.6598,0.4568,NA,NA,3,PR,295,0.7051,0.2949,0,0,0,0,0.9729,0,0.0271,0,0,2025-05-19,241766,Puerto Rico,00907-3373,"Other U.S. jurisdictions (AS, FM GU, MH, MP, PR, PW, VI)",Public,No,No,City: Large,"San Juan Municipio, PR",Not applicable
Purdue University-Main Campus,0.503,19.969792488,14107,West Lafayette,1,22567,3547305269,0.4732072498,0.1853810686,19500,0,0,https://www.purdue.edu/,72424,0,00182500,0.0287,0.2354,0.0301,0.1527,0.1298,0.9669,NA,1342,3,IN,39637,0.5754,0.4246,0.0517,9e-4,0.1396,0.0259,0.0731,4e-4,0.1015,0.016,0.591,2025-05-19,243780,Indiana,47907-2040,"Great Lakes (IL, IN, MI, OH, WI)",Public,No,No,City: Small,"Tippecanoe County, IN",Not applicable
Purdue University Fort Wayne,0.8566,21.684561892,8545,Fort Wayne,1,19714,78129799,0.5872044506,0.3519736842,21500,0,0,www.pfw.edu/,45872,0,00182800,0.0995,0.0672,0.0162,0.195,0.2305,0.9648,NA,1078,3,IN,5450,0.5222,0.4778,0.0431,0.0015,0.0556,0.0723,0.1068,4e-4,0.0266,0.002,0.6917,2025-05-19,151102,Indiana,46805-1499,"Great Lakes (IL, IN, MI, OH, WI)",Public,No,No,City: Large,"Allen County, IN",Not applicable
Purdue University Global,NA,32.067125107,6339,West Lafayette,1,17994,0,0.7967492381,0.533063854,26078,0,0,https://www.purdueglobal.edu/,36596,0,00458600,0.0136,0,0,0.3522,0.4793,0.1349,NA,NA,3,IN,31502,0.4256,0.5744,0.0434,0.0056,0.0306,0.1799,0.161,0.0042,0.0046,0.0411,0.5296,2025-05-19,489779,Indiana,46240-0000,"Great Lakes (IL, IN, MI, OH, WI)",Private for-profit,No,No,City: Large,"Marion County, IN",Not applicable
Purdue University Northwest,0.7063,25.32105441,9675,Hammond,1,16287,51198269,0.6164244677,0.430293896,21229,0,1,www.pnw.edu/,48318,0,00182700,0.0433,0.0732,0.0067,0.1577,0.277,1,NA,1034,3,IN,5786,0.476,0.524,0.0346,0.0014,0.032,0.1134,0.2553,0.001,0.0311,0.0149,0.5164,2025-05-19,490805,Indiana,46323,"Great Lakes (IL, IN, MI, OH, WI)",Public,No,No,Suburb: Large,"Lake County, IN",Not applicable
Queens University of Charlotte,0.6768,23.403133903,8598,Charlotte,2,56944,153518984,0.7336182336,0.2190332326,25000,0,0,www.queens.edu/,57673,0,00295700,0.0131,0,0.0105,0.2152,0.2172,0.4642,66,1223,3,NC,1362,0.3744,0.6256,0.0015,0.0015,0.0308,0.1432,0.1307,0.0029,0.127,0.0448,0.5176,2025-05-19,199412,North Carolina,28274-0001,"Southeast (AL, AR, FL, GA, KY, LA, MS, NC, SC, TN, VA, WV)",Private not-for-profit,No,No,City: Large,"Mecklenburg County, NC",Presbyterian Church (USA)
Quincy University,0.4989,21.349845201,6384,Quincy,2,45102,23301971,0.5386996904,0.3300492611,24000,0,0,https://www.quincy.edu/,50369,0,00174500,0.1061,0,0.0051,0.2222,0.2964,0.4955,30,1157,3,IL,1038,0.5713,0.4287,0,0.0029,0.0145,0.1089,0.0732,0,0.0684,0.0617,0.6705,2025-05-19,148131,Illinois,62301-2699,"Great Lakes (IL, IN, MI, OH, WI)",Private not-for-profit,No,No,Town: Remote,"Adams County, IL",Roman Catholic
Quinnipiac University,0.77,20.070648464,11314,Hamden,2,69666,718760681,0.6232081911,0.1993603412,26000,0,0,www.qu.edu/,83759,0,00140200,0,0.0342,0.0056,0.2072,0.1551,0.3542,NA,1212,3,CT,6208,0.394,0.606,0.0282,0.001,0.0345,0.0412,0.1149,6e-4,0.0185,0.0227,0.7384,2025-05-19,130226,Connecticut,06518,"New England (CT, ME, MA, NH, R,I VT)",Private not-for-profit,No,No,Suburb: Large,"New Haven County, CT",Not applicable
Rabbinical Academy Mesivta Rabbi Chaim Berlin,1,19.148148148,7297,Brooklyn,2,17950,NA,PS,PS,PS,0,0,https://rabbinicalacademyrabbichaimberlin.com/,NA,0,00397600,0,0,0,0,0.2222,NA,NA,NA,3,NY,160,1,0,0,0,0,0,0,0,0.0063,0,0.9938,2025-05-19,194657,New York,11230,"Mid East (DE ,DC, MD, NJ, NY, PA)",Private not-for-profit,No,No,City: Large,"Kings County, NY",Not applicable
Rabbinical College Bobover Yeshiva Bnei Zion,NA,17.944444444,3358,Brooklyn,2,19382,NA,PS,PS,PS,0,0,rabbinicalcollegeboboveryeshiva.edu/,20707,0,00861400,0,0,0,0,0.8794,NA,80,NA,3,NY,436,1,0,0,0,0,0,0,0,0,0,1,2025-05-19,194666,New York,11219,"Mid East (DE ,DC, MD, NJ, NY, PA)",Private not-for-profit,No,No,City: Large,"Kings County, NY",Jewish
Rabbinical College of America,0.8714,20.265625,5623,Morristown,2,25000,NA,PS,0.1162790698,PS,0,0,www.rca.edu/,34990,0,00860900,0,0,0,0,0.3834,0.92,NA,NA,3,NJ,197,1,0,0,0,0,0,0,0,0.1777,0,0.8223,2025-05-19,186186,New Jersey,07960-3600,"Mid East (DE ,DC, MD, NJ, NY, PA)",Private not-for-profit,No,No,Suburb: Large,"Morris County, NJ",Not applicable
Rabbinical College of Long Island,1,18.192307692,6138,Long Beach,2,18300,NA,PS,PS,PS,0,0,https://rabbinicalcollegelongisland.com/,NA,0,01037800,0,0,0,0,0.3041,1,NA,NA,2,NY,161,1,0,0,0,0,0,0,0,0.0062,0,0.9938,2025-05-19,194736,New York,11561,"Mid East (DE ,DC, MD, NJ, NY, PA)",Private not-for-profit,No,No,Suburb: Large,"Nassau County, NY",Not applicable
Rabbinical College of Ohr Shimon Yisroel,NA,19.823529412,2931,Brooklyn,2,27700,NA,PS,PS,PS,0,0,https://ohr-sy.com/,NA,0,03129200,0,0,0,0,0.8017,NA,80,NA,3,NY,233,1,0,0,0,0,0,0,0,0,0,1,2025-05-19,405854,New York,11211,"Mid East (DE ,DC, MD, NJ, NY, PA)",Private not-for-profit,No,No,City: Large,"Kings County, NY",Jewish
Rabbinical College Ohr Yisroel,NA,17.884615385,3553,Brooklyn,2,15850,NA,PS,PS,PS,0,0,www.rabbinicalcollegeohryisroel.com/,NA,0,04230100,0,0,0,0,0.3826,NA,80,NA,3,NY,116,1,0,0,0,0,0,0,0,0,0,1,2025-05-19,484871,New York,11236,"Mid East (DE ,DC, MD, NJ, NY, PA)",Private not-for-profit,No,No,City: Large,"Kings County, NY",Jewish
Rabbinical Seminary of America,0.9754,19.710526316,3200,Flushing,2,19700,274951,PS,PS,PS,0,0,www.rabbinical.org/,NA,0,00397800,0,0,0,0,0.1389,0.9375,80,NA,3,NY,379,1,0,0,0,0,0,0,0,0,0,1,2025-05-19,194763,New York,11367,"Mid East (DE ,DC, MD, NJ, NY, PA)",Private not-for-profit,No,No,City: Large,"Queens County, NY",Jewish
Radford University,0.9064,20.578478759,9459,Radford,1,26681,64900486,0.5950139914,0.3143638851,24000,0,0,https://www.radford.edu/,53739,0,00373200,0.0382,0,0.0057,0.1381,0.3537,0.6799,NA,1061,3,VA,5609,0.351,0.649,0.0533,0.0023,0.0164,0.1433,0.0838,9e-4,0.0082,0.0276,0.6641,2025-05-19,233277,Virginia,24142,"Southeast (AL, AR, FL, GA, KY, LA, MS, NC, SC, TN, VA, WV)",Public,No,No,City: Small,"Radford City, VA",Not applicable
Ramapo College of New Jersey,0.7322,21.268939394,11717,Mahwah,1,30176,NA,0.5596590909,0.3128865979,21000,0,0,www.ramapo.edu/,67541,0,00934400,0.0475,0,0.0043,0.2472,0.2672,1,NA,1190,3,NJ,4664,0.4243,0.5757,2e-4,0.0034,0.1053,0.062,0.2521,0,0.0101,0.0219,0.545,2025-05-19,186201,New Jersey,07430-1680,"Mid East (DE ,DC, MD, NJ, NY, PA)",Public,No,No,Suburb: Large,"Bergen County, NJ",Not applicable
Randall University,0.4481,24.210084034,3983,Moore,2,28287,599970,0.4369747899,0.4020100503,22626,0,0,www.ru.edu/,42051,0,01026600,0.0364,0,0,0.1636,0.3941,0.3276,41,1020,3,OK,262,0.626,0.374,0.0992,0.0649,0.0038,0.0382,0.271,0,0.0725,0.0305,0.4198,2025-05-19,207157,Oklahoma,73160,"Southwest (AZ, NM, OK, TX)",Private not-for-profit,No,No,Suburb: Large,"Cleveland County, OK",Free Will Baptist Church
Randolph-Macon College,0.834,19.685575365,8736,Ashland,2,61174,203175738,0.546191248,0.2254237288,27000,0,0,https://www.rmc.edu/,58448,0,00373300,0,0.0243,0.0061,0.2188,0.202,0.6439,71,1148,3,VA,1489,0.4627,0.5373,0.0598,0.0013,0.0255,0.0873,0.0551,7e-4,0.0114,0.0141,0.7448,2025-05-19,233295,Virginia,23005-5505,"Southeast (AL, AR, FL, GA, KY, LA, MS, NC, SC, TN, VA, WV)",Private not-for-profit,No,No,Suburb: Large,"Hanover County, VA",United Methodist
Randolph College,0.9494,20.177966102,8278,Lynchburg,2,43838,188011000,0.7146892655,0.2626865672,26950,0,0,www.randolphcollege.edu/,53409,0,00373400,0.0543,0.0326,0.0109,0.0217,0.4059,1,NA,1109,3,VA,520,0.3981,0.6019,0.0346,0.0058,0.0269,0.2115,0.1077,0.0038,0.0385,0,0.5712,2025-05-19,233301,Virginia,24503-1555,"Southeast (AL, AR, FL, GA, KY, LA, MS, NC, SC, TN, VA, WV)",Private not-for-profit,No,No,City: Small,"Lynchburg City, VA",United Methodist
Ranken Technical College,NA,24.369278997,5847,Saint Louis,2,28229,74416081,0.0545454545,0.3892473118,12000,0,0,www.ranken.edu/,55955,0,01250000,0,0,0,0.0105,0.4171,0.6287,NA,NA,2,MO,1695,0.9062,0.0938,0.0236,0.0077,0.0183,0.2077,0.0407,0.0018,6e-4,0.0637,0.636,2025-05-19,178891,Missouri,63113-2811,"Plains (IA, KS, MN, MO, NE, ND, SD)",Private not-for-profit,No,No,City: Large,"St. Louis City, MO",Not applicable
Red Rocks Community College,NA,27.207484028,8076,Lakewood,1,18048,NA,0.5558259811,0.4531568228,9500,0,0,www.rrcc.edu/,46288,0,00954300,0.025,0.0025,0,0.123,0.1931,1,NA,NA,1,CO,4281,0.4838,0.5162,0.0362,0.0068,0.0318,0.0271,0.2345,0.0026,0.0194,0.0262,0.6155,2025-05-19,127909,Colorado,80228-1255,"Rocky Mountains (CO, ID, MT, UT, WY)",Public,No,No,City: Midsize,"Jefferson County, CO",Not applicable
Reed College,0.2716,19.426630435,12386,Portland,2,83310,696435203,0.5760869565,PS,21500,0,0,https://www.reed.edu/,62927,0,00321700,0,0,0.0518,0,0.1228,0.9425,NA,1420,3,OR,1407,0.4165,0.5835,0.1002,0.0043,0.0846,0.0135,0.1201,0,0.0718,0.0078,0.5977,2025-05-19,209922,Oregon,97202-8199,"Far West (AK ,CA ,HI, NV, OR, WA)",Private not-for-profit,No,No,City: Large,"Multnomah County, OR",Not applicable
Regent University,0.4118,33.822910217,8365,Virginia Beach,2,30550,100448000,0.653869969,0.4198855508,24534,0,0,https://www.regent.edu/,44498,0,03091300,0.0333,0,0.0015,0.1861,0.48,0.773,NA,1169,3,VA,4282,0.3865,0.6135,0.0432,0.0072,0.0161,0.2522,0.1177,0.0054,0.0056,0.1091,0.4435,2025-05-19,231651,Virginia,23464,"Southeast (AL, AR, FL, GA, KY, LA, MS, NC, SC, TN, VA, WV)",Private not-for-profit,No,No,City: Large,"Virginia Beach City, VA",Not applicable
Regis College,0.8928,22.230182927,9063,Weston,2,64315,39605519,0.7896341463,0.3487972509,25500,0,0,www.regiscollege.edu/,52873,0,00220600,0.0113,0.0023,0,0.0158,0.2774,0.3495,30,NA,3,MA,1061,0.1904,0.8096,0.0047,0.0019,0.0386,0.0943,0.196,9e-4,0.0066,0.2187,0.4383,2025-05-19,167598,Massachusetts,02493-1571,"New England (CT, ME, MA, NH, R,I VT)",Private not-for-profit,No,No,Suburb: Large,"Middlesex County, MA",Roman Catholic
Regis University,0.8727,27.834658188,8767,Denver,2,54889,86329241,0.6412294648,0.36,25000,0,1,https://www.regis.edu/,72105,0,00136300,0.0206,0,0.0029,0.1468,0.2615,0.4257,30,NA,3,CO,2599,0.3128,0.6872,0.0385,0.0038,0.0646,0.0635,0.317,0.0035,0.01,0.0389,0.4602,2025-05-19,127918,Colorado,80221-1099,"Rocky Mountains (CO, ID, MT, UT, WY)",Private not-for-profit,No,No,City: Large,"Denver County, CO",Roman Catholic
Reinhardt University,0.5516,23.955377574,5982,Waleska,2,45689,42400131,0.4279176201,0.365456821,23900,0,0,www.reinhardt.edu/,46541,0,00158900,0.1,0,0,0.2308,0.3909,0.5591,71,NA,3,GA,1012,0.5494,0.4506,0.0109,0.0059,0.0099,0.2144,0.0929,0.002,0.0435,0.0504,0.5702,2025-05-19,140872,Georgia,30183-2981,"Southeast (AL, AR, FL, GA, KY, LA, MS, NC, SC, TN, VA, WV)",Private not-for-profit,No,No,Rural: Fringe,"Cherokee County, GA",United Methodist
Remington College-Dallas Campus,NA,27.401734739,4914,Dallas,2,34438,NA,0.7714097497,0.5946662943,13271,0,1,https://www.remingtoncollege.edu/locations/dallas/,31349,0,03026500,0,0,0,0.043,0.9204,NA,NA,NA,1,TX,208,0.3798,0.6202,0.0288,0.0048,0.0144,0.4856,0.3365,0,0.0048,0.0096,0.1154,2025-05-19,223463,Texas,75041,"Southwest (AZ, NM, OK, TX)",Private not-for-profit,No,No,Suburb: Large,"Dallas County, TX",Not applicable
Remington College-Shreveport Campus,NA,27.401734739,3891,Shreveport,2,37056,NA,0.7714097497,0.5946662943,13271,0,0,https://www.remingtoncollege.edu/locations/shreveport/,31349,0,03026513,0,0,0,0.0617,0.9091,NA,NA,NA,1,LA,342,0.1871,0.8129,0.0058,0,0,0.8684,0.0029,0,0,0,0.1228,2025-05-19,451866,Louisiana,71101,"Southeast (AL, AR, FL, GA, KY, LA, MS, NC, SC, TN, VA, WV)",Private not-for-profit,No,No,City: Midsize,"Caddo Parish, LA",Not applicable
Rensselaer Polytechnic Institute,0.5845,19.572596154,13277,Troy,2,79934,860841000,0.3442307692,0.1374501992,23750,0,0,www.rpi.edu/,102051,0,00280300,0,0.4365,0.0544,0.0471,0.1865,0.8696,NA,1415,3,NY,5909,0.6927,0.3073,0.0528,3e-4,0.2127,0.052,0.1183,2e-4,0.0883,0.0481,0.4273,2025-05-19,194824,New York,12180-3590,"Mid East (DE ,DC, MD, NJ, NY, PA)",Private not-for-profit,No,No,City: Small,"Rensselaer County, NY",Not applicable
Renton Technical College,NA,29.260904685,9727,Renton,1,15067,1950987,0.5815831987,0.52,7920,0,0,www.rtc.edu/,49782,0,01043400,0.1778,0,0,0.0736,0.18,0.9634,NA,NA,1,WA,1539,0.4997,0.5003,0.0741,0.0026,0.193,0.1793,0.2001,0.0078,0.0052,0.1202,0.2177,2025-05-19,236382,Washington,98056-4123,"Far West (AK ,CA ,HI, NV, OR, WA)",Public,No,No,City: Midsize,"King County, WA",Not applicable
Rhode Island College,0.8109,22.427894581,11527,Providence,1,18490,37650723,0.685519692,0.4470872113,20500,0,1,www.ric.edu/,56318,0,00340700,0.0849,0,0.0029,0.1469,0.4147,0.9792,NA,1010,3,RI,4630,0.3078,0.6922,0.0199,0.0069,0.0341,0.1168,0.2618,9e-4,0.0024,0.0691,0.4881,2025-05-19,217420,Rhode Island,02908,"New England (CT, ME, MA, NH, R,I VT)",Public,No,No,Suburb: Large,"Providence County, RI",Not applicable
Rhode Island School of Design,0.1381,19.885514019,11043,Providence,2,78857,381228134,0.6612149533,0.1055155875,27000,0,0,www.risd.edu/,68140,0,00340900,0,0,0,0,0.1404,0.3868,NA,1480,3,RI,2090,0.311,0.689,0.0488,0.0014,0.2474,0.0464,0.0876,0,0.3349,0.0124,0.2211,2025-05-19,217493,Rhode Island,02903-2784,"New England (CT, ME, MA, NH, R,I VT)",Private not-for-profit,No,No,City: Midsize,"Providence County, RI",Not applicable
Rhodes College,0.4968,19.371769384,9287,Memphis,2,68055,394337368,0.5427435388,0.1277890467,21761,0,0,www.rhodes.edu/,66651,0,00351900,0.0147,0,0.0147,0.1279,0.1508,0.8261,66,1385,3,TN,1931,0.4179,0.5821,0.0523,0,0.0875,0.0974,0.0699,5e-4,0.028,0.044,0.6204,2025-05-19,221351,Tennessee,38112-1690,"Southeast (AL, AR, FL, GA, KY, LA, MS, NC, SC, TN, VA, WV)",Private not-for-profit,No,No,City: Large,"Shelby County, TN",Presbyterian Church (USA)
Rice University,0.0788,19.568720379,18047,Houston,2,74110,7844941000,0.4518167457,0.1447587354,11000,0,0,www.rice.edu/,89718,0,00360400,0,0.1683,0.076,0.001,0.1607,0.8372,NA,1553,3,TX,4562,0.5088,0.4912,0.052,0.0013,0.295,0.0824,0.1611,9e-4,0.1247,0.0178,0.2648,2025-05-19,227757,Texas,77005-1827,"Southwest (AZ, NM, OK, TX)",Private not-for-profit,No,No,City: Large,"Harris County, TX",Not applicable
Rider University,0.794,20.581767956,11470,Lawrenceville,2,53982,72801000,0.5977900552,0.294011976,26130,0,0,www.rider.edu/,62208,0,00262800,0.1145,0,0.0039,0.305,0.3336,0.4845,NA,1219,3,NJ,3192,0.4301,0.5699,0.0338,0.0016,0.0473,0.1385,0.1939,9e-4,0.0354,0.021,0.5276,2025-05-19,186283,New Jersey,08648-3099,"Mid East (DE ,DC, MD, NJ, NY, PA)",Private not-for-profit,No,No,Suburb: Large,"Mercer County, NJ",Not applicable
Ringling College of Art and Design,0.6737,20.704545455,9531,Sarasota,2,75726,61659431,0.6837121212,0.1683168317,27000,0,0,https://www.ringling.edu/,43325,0,01257400,0,0,0,0,0.2111,0.6095,NA,NA,3,FL,1719,0.2583,0.7417,0.0471,0.0023,0.0948,0.0303,0.1507,0.0017,0.2059,0.0244,0.4427,2025-05-19,136774,Florida,34234-5895,"Southeast (AL, AR, FL, GA, KY, LA, MS, NC, SC, TN, VA, WV)",Private not-for-profit,No,No,City: Small,"Sarasota County, FL",Not applicable
Rio Hondo College,NA,22.611238972,12761,Whittier,1,19308,2926312,0.5421940928,0.6826999734,5500,0,1,www.riohondo.edu/,44950,0,00126900,0.0067,0.0039,0.0072,0.0908,0.2385,0.3648,NA,NA,2,CA,15365,0.5787,0.4213,0.01,0.0015,0.0525,0.0213,0.7103,0.0016,0.0017,0.0971,0.1041,2025-05-19,121886,California,90601-1616,"Far West (AK ,CA ,HI, NV, OR, WA)",Public,No,No,Suburb: Large,"Los Angeles County, CA",Not applicable
Ripon College,0.8392,19.535620053,7904,Ripon,2,61495,110826272,0.4960422164,0.2808022923,27000,0,0,www.ripon.edu/,54902,0,00388400,0.1506,0,0.0241,0.0542,0.3329,0.9804,NA,1143,3,WI,720,0.5472,0.4528,0.025,0,0.0125,0.0458,0.1139,0,0.0111,0.0069,0.7847,2025-05-19,239628,Wisconsin,54971-0248,"Great Lakes (IL, IN, MI, OH, WI)",Private not-for-profit,No,No,Town: Distant,"Fond du Lac County, WI",Not applicable
Rivier University,0.8176,24.167958656,8231,Nashua,2,50999,39862999,0.7661498708,0.3735795455,26956,0,0,www.rivier.edu/,52248,0,00258600,0.0571,0,0,0.0714,0.2731,0.2899,30,NA,3,NH,1312,0.2698,0.7302,0.0297,0.0061,0.0404,0.1113,0.045,0.0053,0,0.045,0.7172,2025-05-19,183211,New Hampshire,03060,"New England (CT, ME, MA, NH, R,I VT)",Private not-for-profit,No,No,City: Small,"Hillsborough County, NH",Roman Catholic
Roanoke College,0.8007,19.866828087,7553,Salem,2,54059,159678868,0.5968523002,0.206590621,27000,0,0,https://www.roanoke.edu/,58047,0,00373600,0.0673,0,0.0264,0.1731,0.2432,0.8394,39,1193,3,VA,1801,0.4564,0.5436,0.0383,0.0033,0.0183,0.0639,0.0655,0.0011,0.0361,0,0.7735,2025-05-19,233426,Virginia,24153-3794,"Southeast (AL, AR, FL, GA, KY, LA, MS, NC, SC, TN, VA, WV)",Private not-for-profit,No,No,Suburb: Midsize,"Salem City, VA",Evangelical Lutheran Church
Robert Morris University,0.9057,21.22558014,13134,Moon Township,2,51075,45064347,0.4867781975,0.3001745201,26950,0,0,www.rmu.edu/,62105,0,00335900,0.0488,0.0868,0.0353,0.4858,0.2209,1,NA,NA,3,PA,2866,0.5579,0.4421,0.0527,0.0017,0.0161,0.0841,0.0293,7e-4,0.082,0.0052,0.7282,2025-05-19,215655,Pennsylvania,15108-1189,"Mid East (DE ,DC, MD, NJ, NY, PA)",Private not-for-profit,No,No,Suburb: Large,"Allegheny County, PA",Not applicable
Roberts Wesleyan University,0.7778,26.044705882,6879,Rochester,2,49621,32847246,0.7517647059,0.2720306513,23750,0,0,www.roberts.edu/,55031,0,00280500,0.1371,0,0.0033,0.1572,0.3969,0.902,64,1205,3,NY,1065,0.3493,0.6507,0.0338,0.0038,0.0188,0.1502,0.1014,9e-4,0.0291,0.0075,0.6545,2025-05-19,194958,New York,14624,"Mid East (DE ,DC, MD, NJ, NY, PA)",Private not-for-profit,No,No,Suburb: Large,"Monroe County, NY",Free Methodist
Rochester Institute of Technology,0.714,20.126538146,11313,Rochester,2,71714,1256781000,0.3531583265,0.194684529,26778,0,0,www.rit.edu/,76571,0,00280600,0,0.2273,0.0198,0.0696,0.2612,0.6928,NA,1378,3,NY,13225,0.6514,0.3486,0.0556,0.0016,0.1235,0.0526,0.0932,3e-4,0.0412,0.019,0.6131,2025-05-19,195003,New York,14623-5603,"Mid East (DE ,DC, MD, NJ, NY, PA)",Private not-for-profit,No,No,Suburb: Large,"Monroe County, NY",Not applicable
Rochester University,0.6531,26.962323391,6201,Rochester Hills,2,36215,4680215,0.6624803768,0.4059233449,24475,0,0,rochesteru.edu/,48707,0,00228800,0.297,0,0,0.1584,0.3108,0.878,74,NA,3,MI,827,0.3942,0.6058,0.029,0.0085,0.0181,0.1644,0.0435,0.006,0.0351,0.0713,0.6239,2025-05-19,170967,Michigan,48307,"Great Lakes (IL, IN, MI, OH, WI)",Private not-for-profit,No,No,Suburb: Large,"Oakland County, MI",Churches of Christ
Rockford University,0.5723,22.71331058,6500,Rockford,2,47033,26769658,0.5699658703,0.4183864916,22274,0,0,www.rockford.edu/,54794,0,00174800,0.1373,0,0.0049,0.1814,0.4175,0.4601,NA,984,3,IL,956,0.4655,0.5345,0.0293,0.0052,0.022,0.1506,0.1904,0,0.0816,0.114,0.4069,2025-05-19,148405,Illinois,61108-2311,"Great Lakes (IL, IN, MI, OH, WI)",Private not-for-profit,No,No,City: Midsize,"Winnebago County, IL",Not applicable
Rockhurst University,0.6905,20.794520548,8019,Kansas City,2,57712,45733174,0.6210045662,0.2060702875,18250,0,0,https://www.rockhurst.edu/,67102,0,00249900,0.0124,0.0207,0.0062,0.1694,0.1933,0.5196,30,1218,3,MO,1702,0.3719,0.6281,0.0388,0.0041,0.0358,0.0905,0.1698,0.0012,0.03,0.0141,0.6157,2025-05-19,179043,Missouri,64110-2561,"Plains (IA, KS, MN, MO, NE, ND, SD)",Private not-for-profit,No,No,City: Large,"Jackson County, MO",Roman Catholic
Rocky Mountain College,0.7288,21.024439919,6944,Billings,2,44180,37071580,0.517311609,0.3153347732,26000,0,0,https://www.rocky.edu/,49036,0,00253400,0.0838,0,0.0112,0.162,0.3172,0.8554,76,1093,3,MT,790,0.5114,0.4886,0.0684,0.0266,0.0025,0.0481,0.0747,0.0025,0.057,0.0013,0.719,2025-05-19,180595,Montana,59102-1796,"Rocky Mountains (CO, ID, MT, UT, WY)",Private not-for-profit,No,No,City: Midsize,"Yellowstone County, MT",United Church of Christ
Roger Williams University,0.8778,20.546386192,13085,Bristol,2,60180,71879296,0.5868392665,0.1965909091,26940,0,0,https://www.rwu.edu/,70266,0,00341000,0.0497,0.0487,0.001,0.2545,0.1633,0.4262,NA,1228,3,RI,3957,0.4872,0.5128,0.0275,0.0033,0.0197,0.0344,0.1094,5e-4,0.0101,0.0763,0.7187,2025-05-19,217518,Rhode Island,02809-2921,"New England (CT, ME, MA, NH, R,I VT)",Private not-for-profit,No,No,Suburb: Large,"Bristol County, RI",Not applicable
Rogers State University,NA,24.16318205,6283,Claremore,1,21023,17352706,0.6272310046,0.425519955,20500,0,0,https://www.rsu.edu/,43166,1,00316800,0.0583,0,0,0.1996,0.3782,0.5422,NA,NA,3,OK,2552,0.3828,0.6172,0.134,0.1936,0.0216,0.0368,0.0835,0.0016,0.0286,0.0239,0.4765,2025-05-19,207661,Oklahoma,74017-3252,"Southwest (AZ, NM, OK, TX)",Public,No,No,Town: Fringe,"Rogers County, OK",Not applicable
Rollins College,0.4056,22.0975,9883,Winter Park,2,72790,467238000,0.6425,0.2375328084,25500,0,0,www.rollins.edu/,58295,0,00151500,0.0413,0.0048,0.0159,0.3148,0.221,0.7939,NA,1304,3,FL,2582,0.4047,0.5953,0.0418,8e-4,0.0325,0.0577,0.1805,0.0015,0.0778,0.0167,0.5906,2025-05-19,136950,Florida,32789-4499,"Southeast (AL, AR, FL, GA, KY, LA, MS, NC, SC, TN, VA, WV)",Private not-for-profit,No,No,Suburb: Large,"Orange County, FL",Not applicable
Roosevelt University,0.9427,23.781359495,8747,Chicago,2,48426,145347000,0.6615276804,0.3683794466,22000,0,1,www.roosevelt.edu/,48712,0,00174900,0.1178,0,0.0082,0.2717,0.4642,0.2883,NA,1000,3,IL,2583,0.386,0.614,0.0356,0.005,0.0465,0.2098,0.3519,8e-4,0.0534,0.017,0.2799,2025-05-19,148487,Illinois,60605-1394,"Great Lakes (IL, IN, MI, OH, WI)",Private not-for-profit,No,No,City: Large,"Cook County, IL",Not applicable
Rose-Hulman Institute of Technology,0.7281,19.576736672,11688,Terre Haute,2,74226,250558322,0.2859450727,0.1438016529,25000,0,0,https://www.rose-hulman.edu/,101253,0,00183000,0,0.7787,0.016,0,0.1171,0.9423,NA,1389,3,IN,2224,0.759,0.241,0.0612,0.0031,0.0751,0.0337,0.0513,0,0.071,0.009,0.6956,2025-05-19,152318,Indiana,47803-3920,"Great Lakes (IL, IN, MI, OH, WI)",Private not-for-profit,No,No,City: Small,"Vigo County, IN",Not applicable
Roseman University of Health Sciences,NA,28.661016949,11502,Henderson,2,NA,27910441,0.7429378531,0.3375,25000,0,0,www.roseman.edu/,120163,0,04065300,0,0,0,0,0.2265,0.5681,NA,NA,3,NV,554,0.2509,0.7491,0.1336,0.0054,0.3845,0.0451,0.1625,0.0072,0.0036,0.0199,0.2383,2025-05-19,445735,Nevada,89014,"Far West (AK ,CA ,HI, NV, OR, WA)",Private not-for-profit,No,No,City: Large,"Clark County, NV",Not applicable
Rosemont College,0.7452,21.934782609,6037,Rosemont,2,36860,14616557,0.6376811594,0.3746556474,27000,0,0,www.rosemont.edu/,48555,0,00336000,0.0278,0,0,0.2778,0.3857,0.2353,30,NA,3,PA,466,0.4807,0.5193,0.0258,0,0.0107,0.2339,0.118,0,0.015,0.3219,0.2747,2025-05-19,215691,Pennsylvania,19010-1699,"Mid East (DE ,DC, MD, NJ, NY, PA)",Private not-for-profit,No,No,Suburb: Large,"Montgomery County, PA",Roman Catholic
Rowan University,0.7782,21.426578906,10233,Glassboro,1,34116,353756210,0.4875411378,0.3508263759,20500,0,0,https://www.rowan.edu/,59988,0,00260900,0.07,0.0887,0.0093,0.1508,0.3129,0.4924,NA,1216,3,NJ,14647,0.5165,0.4835,0.0395,0.001,0.0604,0.1108,0.1419,7e-4,0.0183,0.0076,0.6198,2025-05-19,184782,New Jersey,08028,"Mid East (DE ,DC, MD, NJ, NY, PA)",Public,No,No,Suburb: Large,"Gloucester County, NJ",Not applicable
Rush University,NA,27.674157303,13166,Chicago,2,NA,787786000,0.7303370787,0.472972973,21988,0,0,www.rushu.rush.edu/,75194,0,00980000,0,0,0,0,0.3565,0.5822,NA,NA,3,IL,120,0.2667,0.7333,0.0333,0,0.0833,0.2917,0.35,0,0.0083,0.0333,0.2,2025-05-19,148511,Illinois,60612,"Great Lakes (IL, IN, MI, OH, WI)",Private not-for-profit,No,No,City: Large,"Cook County, IL",Not applicable
Russell Sage College,0.7619,22.447268107,6478,Troy,2,50986,42315628,0.7827191868,0.375,22000,0,0,sage.edu/,58316,0,00281000,0.0866,0,0,0.0866,0.4328,0.845,NA,NA,3,NY,1075,0.3023,0.6977,0.0372,0.0084,0.0493,0.1163,0.12,9e-4,0.0037,0.0707,0.5935,2025-05-19,195128,New York,12180,"Mid East (DE ,DC, MD, NJ, NY, PA)",Private not-for-profit,No,No,City: Small,"Rensselaer County, NY",Not applicable
Rust College,0.3469,20.437410072,5197,Holly Springs,2,18448,42759949,0.5726618705,0.4599659284,26159,1,0,www.rustcollege.edu/,32275,0,00243300,0.0875,0,0.0375,0.2125,0.6876,0.9444,71,NA,3,MS,428,0.4953,0.5047,0,0.0047,0.0047,0.9276,0.0047,0,0.0421,0.014,0.0023,2025-05-19,176318,Mississippi,38635,"Southeast (AL, AR, FL, GA, KY, LA, MS, NC, SC, TN, VA, WV)",Private not-for-profit,Yes,No,Town: Distant,"Marshall County, MS",United Methodist
Rutgers University-Camden,0.7775,21.835944444,13843,Camden,1,33812,73199000,0.5539444444,0.345829486,21500,0,0,https://camden.rutgers.edu/,74479,0,00262901,0,0,8e-4,0.2675,0.4432,0.4754,NA,1118,3,NJ,3819,0.3972,0.6028,0.0359,0.001,0.1307,0.194,0.226,0.001,0.0181,0.0175,0.3758,2025-05-19,186371,New Jersey,08102,"Mid East (DE ,DC, MD, NJ, NY, PA)",Public,No,No,City: Small,"Camden County, NJ",Not applicable
Rutgers University-New Brunswick,0.6535,21.835944444,14154,New Brunswick,1,35232,1486301000,0.5539444444,0.345829486,21500,0,0,https://newbrunswick.rutgers.edu/,74479,0,00262900,0,0.1104,0.0174,0.2041,0.272,0.5703,NA,1383,3,NJ,36357,0.4986,0.5014,0.0361,8e-4,0.3343,0.0675,0.1563,7e-4,0.0683,0.0215,0.3145,2025-05-19,186380,New Jersey,08901-1281,"Mid East (DE ,DC, MD, NJ, NY, PA)",Public,No,No,City: Small,"Middlesex County, NJ",Not applicable
Rutgers University-Newark,0.7873,21.835944444,15830,Newark,1,33749,221621000,0.5539444444,0.345829486,21500,0,1,https://www.newark.rutgers.edu/,74479,0,00262902,0,0,0.0112,0.3988,0.557,0.6354,NA,NA,3,NJ,7187,0.4707,0.5293,0.0241,0.0013,0.1849,0.192,0.3551,0.001,0.0192,0.0153,0.2072,2025-05-19,186399,New Jersey,07102,"Mid East (DE ,DC, MD, NJ, NY, PA)",Public,No,No,City: Large,"Essex County, NJ",Not applicable
Sacred Heart Major Seminary,1,29.260869565,7040,Detroit,2,39466,25093252,PS,PS,PS,0,0,www.shms.edu/,49295,0,00231300,0,0,0,0,0.0636,0.617,30,NA,1,MI,176,0.5114,0.4886,0.0057,0.0625,0.0114,0.0057,0.0852,0,0,0.1761,0.6534,2025-05-19,172033,Michigan,48206-1799,"Great Lakes (IL, IN, MI, OH, WI)",Private not-for-profit,No,No,City: Large,"Wayne County, MI",Roman Catholic
Sacred Heart University,0.6768,20.50951087,10752,Fairfield,2,66669,238461481,0.6625905797,0.22906641,25000,0,0,https://www.sacredheart.edu/,75059,0,00140300,0,0.0031,0.0069,0.2424,0.1517,0.3343,30,NA,3,CT,6904,0.3582,0.6418,0.0236,0.001,0.0169,0.0346,0.1301,3e-4,0.0109,0.018,0.7646,2025-05-19,130253,Connecticut,06825-1000,"New England (CT, ME, MA, NH, R,I VT)",Private not-for-profit,No,No,Suburb: Large,"Fairfield County, CT",Roman Catholic
Saginaw Valley State University,0.7288,21.617481203,9258,University Center,1,24043,96122134,0.6005639098,0.3286713287,25000,0,0,www.svsu.edu/,51955,0,00231400,0.1277,0.0542,0.0101,0.1486,0.3237,0.4944,NA,1051,3,MI,6004,0.3691,0.6309,0.0331,0.0028,0.0117,0.0819,0.0596,3e-4,0.027,0.0215,0.762,2025-05-19,172051,Michigan,48710,"Great Lakes (IL, IN, MI, OH, WI)",Public,No,No,Suburb: Midsize,"Saginaw County, MI",Not applicable
Saint Ambrose University,0.7332,21.556377079,7725,Davenport,2,50018,194047309,0.595194085,0.284457478,25000,0,0,www.sau.edu/,59531,0,00188900,0.0812,0.0325,0.0036,0.222,0.279,1,30,NA,3,IA,2101,0.4465,0.5535,0.0462,0.0029,0.0195,0.0676,0.1076,0.0024,0.0281,0.0371,0.6887,2025-05-19,154235,Iowa,52803-2898,"Plains (IA, KS, MN, MO, NE, ND, SD)",Private not-for-profit,No,No,City: Midsize,"Scott County, IA",Roman Catholic
Saint Anselm College,0.7832,19.583828775,9520,Manchester,2,65067,192714136,0.6028537455,0.130806846,27000,0,0,https://www.anselm.edu/,73371,0,00258700,0.0553,0.0046,0.0092,0.2212,0.1052,0.6951,30,1183,3,NH,2032,0.4154,0.5846,0.0261,0.0015,0.0074,0.0148,0.0453,5e-4,0.0069,0.0271,0.8706,2025-05-19,183239,New Hampshire,03102-1310,"New England (CT, ME, MA, NH, R,I VT)",Private not-for-profit,No,No,Suburb: Midsize,"Hillsborough County, NH",Roman Catholic
Saint Anthony College of Nursing,1,27.081967213,7951,Rockford,2,NA,6683722,0.8524590164,0.4375,20000,0,0,https://www.sacn.edu/,77709,0,00998700,0,0,0,0,0.3481,0.5106,30,NA,3,IL,152,0.0855,0.9145,0.0066,0,0.0789,0.0658,0.1842,0,0,0.0066,0.6579,2025-05-19,149028,Illinois,61114,"Great Lakes (IL, IN, MI, OH, WI)",Private not-for-profit,No,No,City: Midsize,"Winnebago County, IL",Roman Catholic
Saint Augustine's University,0.5873,20.831989247,6240,Raleigh,2,30324,0,0.435483871,0.3453689168,29669,1,0,www.st-aug.edu/,35730,0,00296800,0,0.01,0,0.28,0.5244,0.5042,73,NA,3,NC,766,0.5104,0.4896,0,0.0209,0.0117,0.846,0.03,0.0013,0.0731,0,0.017,2025-05-19,199582,North Carolina,27610-2298,"Southeast (AL, AR, FL, GA, KY, LA, MS, NC, SC, TN, VA, WV)",Private not-for-profit,Yes,No,City: Large,"Wake County, NC",Protestant Episcopal
Saint Cloud State University,0.9495,21.929016189,11152,Saint Cloud,1,21389,40585000,0.5498132005,0.2676623992,21058,0,0,https://www.stcloudstate.edu/,55813,0,00237700,0.0777,0.0513,0.0047,0.187,0.203,0.619,NA,1091,3,MN,5181,0.4717,0.5283,0.0373,0.0025,0.0434,0.1268,0.0554,4e-4,0.1199,0.005,0.6093,2025-05-19,174783,Minnesota,56301-4498,"Plains (IA, KS, MN, MO, NE, ND, SD)",Public,No,No,City: Small,"Stearns County, MN",Not applicable
Saint Edward's University,0.8369,21.457573853,9434,Austin,2,64975,125862859,0.6216216216,0.3254397835,24803,0,1,https://www.stedwards.edu/,58826,0,00362100,0.0177,0,0.0074,0.2065,0.3947,0.5074,30,1135,3,TX,2729,0.4016,0.5984,0.0257,0.004,0.0238,0.0322,0.5526,7e-4,0.066,0.011,0.284,2025-05-19,227845,Texas,78704-6489,"Southwest (AZ, NM, OK, TX)",Private not-for-profit,No,No,City: Large,"Travis County, TX",Roman Catholic
Saint Elizabeth University,0.7721,23.865853659,7623,Morristown,2,52328,20304195,0.7902439024,0.4707692308,24934,0,1,www.steu.edu/,53038,0,00260000,0.0387,0,0.0166,0.0718,0.5414,0.2978,30,NA,3,NJ,636,0.3978,0.6022,0.0189,0.011,0.0189,0.3915,0.2862,0.0031,0.011,0.0597,0.1997,2025-05-19,186618,New Jersey,07960-6989,"Mid East (DE ,DC, MD, NJ, NY, PA)",Private not-for-profit,No,No,Suburb: Large,"Morris County, NJ",Roman Catholic
Saint Francis Medical Center College of Nursing,NA,25.902702703,7780,Peoria,2,NA,NA,0.8972972973,0.3684210526,15000,0,0,www.sfmccon.edu/,72850,0,00624000,0,0,0,0,0.3238,0.7292,30,NA,3,IL,267,0.1423,0.8577,0.0037,0,0.03,0.0375,0.0262,0,0,0.0112,0.8914,2025-05-19,148575,Illinois,61603-3783,"Great Lakes (IL, IN, MI, OH, WI)",Private not-for-profit,No,No,City: Midsize,"Peoria County, IL",Roman Catholic
Saint Francis University,0.7689,21.678803641,7602,Loretto,2,57515,56612451,0.644993498,0.2571428571,27000,0,0,www.francis.edu/,62101,0,00336600,0.1098,0.0488,0.0024,0.1976,0.1784,1,30,1151,3,PA,1525,0.381,0.619,0.0315,0.0052,0.0216,0.0636,0.0236,7e-4,0,0.0511,0.8026,2025-05-19,215743,Pennsylvania,15940,"Mid East (DE ,DC, MD, NJ, NY, PA)",Private not-for-profit,No,No,Town: Fringe,"Cambria County, PA",Roman Catholic
Saint Johns River State College,NA,25.188514851,5779,Palatka,1,12215,3326788,0.6574257426,0.4292929293,12000,0,0,www.sjrstate.edu/,41728,0,00152300,0.035,0,0,0.0905,0.1916,0.9521,NA,NA,2,FL,3909,0.3512,0.6488,0.0448,0.0038,0.0279,0.12,0.1522,0.0026,0.0059,0.0263,0.6165,2025-05-19,137281,Florida,32177,"Southeast (AL, AR, FL, GA, KY, LA, MS, NC, SC, TN, VA, WV)",Public,No,No,Town: Distant,"Putnam County, FL",Not applicable
Saint Johns University,0.9048,19.62154294,9144,Collegeville,2,66863,257884064,PS,0.1752738654,27000,0,0,https://csbsju.edu/,76786,0,00237900,0.0122,0,0.0152,0.4103,0.1806,0.8429,30,1220,3,MN,1468,1,0,7e-4,0.0068,0.0354,0.0443,0.077,0.0041,0.0327,0.0027,0.7963,2025-05-19,174792,Minnesota,56321,"Plains (IA, KS, MN, MO, NE, ND, SD)",Private not-for-profit,No,No,Rural: Fringe,"Stearns County, MN",Roman Catholic
Saint Joseph's College of Maine,0.8172,22.7593361,6398,Standish,2,58452,15523555,0.6390041494,0.3053097345,27000,0,0,www.sjcme.edu/,59045,0,00205100,0.0909,0,0.0079,0.0791,0.201,1,30,1030,3,ME,930,0.3839,0.6161,0.0258,0.0011,0.0075,0.0527,0.0591,0.0011,0,0.0441,0.8086,2025-05-19,161518,Maine,04084-5236,"New England (CT, ME, MA, NH, R,I VT)",Private not-for-profit,No,No,Rural: Fringe,"Cumberland County, ME",Roman Catholic
Saint Joseph's University,0.8639,21.086859688,11172,Philadelphia,2,65513,357720376,0.5929844098,0.1751018034,25500,0,0,https://www.sju.edu/,86881,0,00336700,0.0431,0,0.0042,0.4083,0.1815,1,30,1256,3,PA,4742,0.4612,0.5388,0.0306,4e-4,0.1023,0.0616,0.0934,4e-4,0.02,0.0127,0.6786,2025-05-19,215770,Pennsylvania,19131-1395,"Mid East (DE ,DC, MD, NJ, NY, PA)",Private not-for-profit,No,No,City: Large,"Philadelphia County, PA",Roman Catholic
Saint Leo University,0.721,30.968371976,8692,Saint Leo,2,41727,67564541,0.6721270161,0.4910432034,25278,0,0,www.saintleo.edu/,48364,0,00152600,0.0635,0.0047,0.0034,0.2883,0.3682,0.225,30,NA,3,FL,6999,0.4099,0.5901,0.0173,0.0031,0.0081,0.181,0.1572,0.0011,0.048,0.3342,0.2499,2025-05-19,137032,Florida,33574-6665,"Southeast (AL, AR, FL, GA, KY, LA, MS, NC, SC, TN, VA, WV)",Private not-for-profit,No,No,Suburb: Small,"Pasco County, FL",Roman Catholic
Saint Louis University,0.8147,21.771541502,11370,Saint Louis,2,69125,1343808415,0.6241106719,0.2236408567,25000,0,0,www.slu.edu/,70783,0,00250600,0.0117,0.0744,0.0043,0.1525,0.1537,0.5943,30,1326,3,MO,7324,0.4001,0.5999,0.055,0.001,0.1427,0.0953,0.0875,5e-4,0.044,0.0074,0.5666,2025-05-19,179159,Missouri,63103-2097,"Plains (IA, KS, MN, MO, NE, ND, SD)",Private not-for-profit,No,No,City: Large,"St. Louis City, MO",Roman Catholic
Saint Martin's University,0.7593,23.835355286,7572,Lacey,2,56353,35994329,0.5875216638,0.340952381,22500,0,0,https://www.stmartin.edu/,62092,0,00379400,0.0648,0.0648,0.0065,0.1015,0.3978,0.4977,30,1057,3,WA,1254,0.4131,0.5869,0.1204,0.0088,0.1021,0.075,0.244,0.0502,0.0159,0.0064,0.3772,2025-05-19,236452,Washington,98503-7500,"Far West (AK ,CA ,HI, NV, OR, WA)",Private not-for-profit,No,No,Suburb: Midsize,"Thurston County, WA",Roman Catholic
Saint Mary's College,0.8111,19.507389163,7766,Notre Dame,2,65706,330806222,PS,0.1979865772,27000,0,0,https://www.saintmarys.edu/,59354,0,00183600,0.0798,0,0.0552,0.1472,0.239,0.6883,30,1233,3,IN,1399,0,1,0.0336,0,0.0107,0.0229,0.1408,0.0014,0.01,0.0114,0.7691,2025-05-19,152390,Indiana,46556,"Great Lakes (IL, IN, MI, OH, WI)",Private not-for-profit,No,No,Suburb: Large,"St. Joseph County, IN",Roman Catholic
Saint Mary's College of California,0.8858,20.803393214,11128,Moraga,2,73655,184865000,0.629740519,0.2552083333,23691,0,1,https://www.stmarys-ca.edu/,78812,0,00130200,0,0.0058,0.0193,0.2471,0.2381,0.6182,30,NA,3,CA,2024,0.4466,0.5534,0.0929,0.0025,0.0949,0.0519,0.3137,0.0124,0.0267,0.0227,0.3824,2025-05-19,123554,California,94575,"Far West (AK ,CA ,HI, NV, OR, WA)",Private not-for-profit,No,No,Suburb: Large,"Contra Costa County, CA",Roman Catholic
Saint Mary's University of Minnesota,0.8881,25.434840426,7173,Winona,2,54870,73063383,0.5970744681,0.2615384615,21500,0,0,www.smumn.edu/,58170,0,00238000,0.05,0,0.0156,0.2125,0.2209,0.2302,30,NA,3,MN,1061,0.4364,0.5636,0.0057,0.017,0.0264,0.0763,0.115,9e-4,0.0226,0.1527,0.5834,2025-05-19,174817,Minnesota,55987-1399,"Plains (IA, KS, MN, MO, NE, ND, SD)",Private not-for-profit,No,No,Town: Distant,"Winona County, MN",Roman Catholic
Saint Mary-of-the-Woods College,0.7614,28.53286385,5334,Saint Mary of the Woods,2,47143,11035079,0.9131455399,0.3964646465,19512,0,0,www.smwc.edu/,43845,0,00183500,0.3313,0,0.0063,0.1625,0.5055,0.2804,30,966,3,IN,896,0.2969,0.7031,0.048,0.0022,0.01,0.096,0.067,0.0033,0.0268,0.0156,0.731,2025-05-19,152381,Indiana,47876-1099,"Great Lakes (IL, IN, MI, OH, WI)",Private not-for-profit,No,No,Rural: Fringe,"Vigo County, IN",Roman Catholic
Saint Michael's College,0.9185,19.568181818,8928,Colchester,2,67174,94359408,0.6151515152,0.1171875,26922,0,0,www.smcvt.edu/,61317,0,00369400,0.0032,0.0065,0.0291,0.1909,0.177,0.9815,30,1241,3,VT,1157,0.4572,0.5428,0.0285,0.0035,0.0138,0.0346,0.0622,0,0.0389,0.0017,0.8168,2025-05-19,231059,Vermont,05439,"New England (CT, ME, MA, NH, R,I VT)",Private not-for-profit,No,No,Suburb: Midsize,"Chittenden County, VT",Roman Catholic
Saint Norbert College,0.9215,19.572668113,9064,De Pere,2,56194,173050862,0.5704989154,0.2054176072,26731,0,0,www.snc.edu/,58363,0,00389200,0.103,0,0.0234,0.2998,0.1358,0.8086,30,1233,3,WI,1749,0.4517,0.5483,0.024,0.004,0.016,0.0149,0.0617,6e-4,0.0177,0.0103,0.8508,2025-05-19,239716,Wisconsin,54115-2099,"Great Lakes (IL, IN, MI, OH, WI)",Private not-for-profit,No,No,Suburb: Midsize,"Brown County, WI",Roman Catholic
Saint Peter's University,0.9053,21.594945848,9098,Jersey City,2,50052,35849523,0.6389891697,0.4802571166,20500,0,1,www.saintpeters.edu/,57815,0,00263800,0.0585,0,0.0113,0.2472,0.5418,0.3101,30,NA,3,NJ,1939,0.4012,0.5988,0.0015,0.0021,0.0753,0.1774,0.4059,5e-4,0.0655,0.0289,0.2429,2025-05-19,186432,New Jersey,07306-5997,"Mid East (DE ,DC, MD, NJ, NY, PA)",Private not-for-profit,No,No,City: Large,"Hudson County, NJ",Roman Catholic
Saint Vincent College,0.591,19.724420191,8047,Latrobe,2,55082,121348478,0.448840382,0.2679355783,27000,0,0,https://www.stvincent.edu/,59982,0,00336800,0.0455,0.0552,0.0292,0.224,0.2686,0.9813,30,1120,3,PA,1264,0.6036,0.3964,0.0332,0,0.0142,0.0585,0.0506,0.0016,0.0158,0.0229,0.803,2025-05-19,215798,Pennsylvania,15650-2690,"Mid East (DE ,DC, MD, NJ, NY, PA)",Private not-for-profit,No,No,Suburb: Large,"Westmoreland County, PA",Roman Catholic
Saint Xavier University,0.8575,21.661971831,8050,Chicago,2,42237,33079230,0.6649061033,0.493877551,22223,0,1,https://www.sxu.edu/,58656,0,00176800,0.0679,0,0.0116,0.1705,0.5599,0.3442,30,NA,3,IL,3030,0.3861,0.6139,0.0241,0.001,0.0218,0.1175,0.5178,3e-4,0,0.0218,0.2957,2025-05-19,148627,Illinois,60655,"Great Lakes (IL, IN, MI, OH, WI)",Private not-for-profit,No,No,City: Large,"Cook County, IL",Roman Catholic
Salem College,0.8703,23.286585366,6777,Winston-Salem,2,47947,56566347,PS,0.3273137698,26649,0,0,www.salem.edu/,44640,0,00296000,0.0488,0,0.0244,0.1585,0.4876,0.4316,NA,1168,3,NC,390,0.0077,0.9923,0.0872,0.0077,0.0154,0.2,0.1872,0,0.0205,0.0256,0.4564,2025-05-19,199607,North Carolina,27101,"Southeast (AL, AR, FL, GA, KY, LA, MS, NC, SC, TN, VA, WV)",Private not-for-profit,No,No,City: Midsize,"Forsyth County, NC",Moravian Church
Salem State University,0.9557,22.373049645,10111,Salem,1,27615,110000,0.6470921986,0.4025974026,25000,0,0,www.salemstate.edu/,56662,0,00218800,0.0737,0,0.007,0.1982,0.3531,0.9935,NA,1090,3,MA,4286,0.3577,0.6423,0.0359,9e-4,0.0287,0.0852,0.2315,0,0.0306,0.0268,0.5604,2025-05-19,167729,Massachusetts,01970,"New England (CT, ME, MA, NH, R,I VT)",Public,No,No,Suburb: Large,"Essex County, MA",Not applicable
Salisbury University,0.8863,21.126610825,10145,Salisbury,1,26134,93445415,0.5956829897,0.2917236662,21000,0,0,https://www.salisbury.edu/,61515,0,00209100,0.0945,0,0.013,0.1705,0.2405,0.6977,NA,1250,3,MD,6056,0.4406,0.5594,0.0431,0.0036,0.031,0.1352,0.0736,7e-4,0.0069,0.015,0.6907,2025-05-19,163851,Maryland,21801-6862,"Mid East (DE ,DC, MD, NJ, NY, PA)",Public,No,No,Suburb: Small,"Wicomico County, MD",Not applicable
Salish Kootenai College,NA,26.808695652,6423,Pablo,1,14562,16431200,0.5717391304,0.4458762887,12923,0,0,www.skc.edu/,32725,0,02143400,0.0935,0.0093,0,0.1776,0.5804,0.6296,NA,NA,2,MT,568,0.3363,0.6637,0.0018,0.6391,0.0018,0.0018,0.0739,0.0106,0,0.0088,0.2623,2025-05-19,180647,Montana,59855,"Rocky Mountains (CO, ID, MT, UT, WY)",Private not-for-profit,No,Yes,Rural: Distant,"Lake County, MT",Not applicable
Salve Regina University,0.6991,19.730417091,9068,Newport,2,67612,77430000,0.7141403866,0.1858500528,27000,0,0,www.salve.edu/,72975,0,00341100,0.0889,0,0.0054,0.2595,0.1548,0.9857,30,1236,3,RI,2102,0.3007,0.6993,0.0328,0.001,0.0181,0.0138,0.1004,0.0014,0.0285,0.0347,0.7693,2025-05-19,217536,Rhode Island,02840-4192,"New England (CT, ME, MA, NH, R,I VT)",Private not-for-profit,No,No,Suburb: Large,"Newport County, RI",Roman Catholic
Sam Houston State University,0.8539,22.117593437,8309,Huntsville,1,24517,149169282,0.6614142466,0.4140865737,21983,0,1,www.shsu.edu/,54211,0,00360600,0.0729,0,0.0041,0.1584,0.3985,0.7956,NA,1055,3,TX,18138,0.3709,0.6291,0.0342,0.0077,0.0213,0.1743,0.281,0.001,0.0076,0.011,0.4621,2025-05-19,227881,Texas,77340,"Southwest (AZ, NM, OK, TX)",Public,No,No,Town: Distant,"Walker County, TX",Not applicable
Samford University,0.8223,21.151869159,9810,Birmingham,2,53934,426345689,0.6588785047,0.1380552221,19500,0,0,www.samford.edu/,58469,0,00103600,0.0513,0.0036,0.0095,0.1993,0.1084,0.99,54,1203,3,AL,3828,0.3412,0.6588,0.0214,0.0018,0.0133,0.0447,0.0468,0.0013,0.0076,0.0057,0.8574,2025-05-19,102049,Alabama,35229-2240,"Southeast (AL, AR, FL, GA, KY, LA, MS, NC, SC, TN, VA, WV)",Private not-for-profit,No,No,Suburb: Large,"Jefferson County, AL",Baptist
Samuel Merritt University,NA,29.558348294,11218,Oakland,2,NA,31463462,0.8061041293,0.3201581028,20825,0,0,www.samuelmerritt.edu/,143238,0,00701200,0,0,0,0,0.1776,0.4644,NA,NA,3,CA,712,0.1868,0.8132,0.1096,0.0042,0.2683,0.0646,0.2388,0.0084,0,0.0183,0.2879,2025-05-19,122296,California,94609,"Far West (AK ,CA ,HI, NV, OR, WA)",Private not-for-profit,No,No,City: Large,"Alameda County, CA",Not applicable
San Diego Mesa College,NA,23.961108151,10591,San Diego,1,12964,NA,0.5331202273,0.48779415,4725,0,1,www.sdmesa.edu/,45120,0,00127500,0,0.0045,0.0197,0.1969,0.1556,0.4014,NA,NA,2,CA,15899,0.4472,0.5528,0.0798,0.0018,0.1421,0.0673,0.4086,0.0042,0.0039,0.0109,0.2813,2025-05-19,122375,California,92111-4998,"Far West (AK ,CA ,HI, NV, OR, WA)",Public,No,No,City: Large,"San Diego County, CA",Not applicable
San Diego State University,0.3444,22.602686728,11862,San Diego,1,27357,398039847,0.5842020419,0.4119461928,15000,0,1,www.sdsu.edu/,64909,0,00115100,0.0162,0.0903,0.0121,0.2528,0.3142,0.4922,NA,NA,3,CA,33654,0.4358,0.5642,0.0702,0.0022,0.1336,0.0366,0.3617,0.0032,0.0207,0.0292,0.3426,2025-05-19,122409,California,92182,"Far West (AK ,CA ,HI, NV, OR, WA)",Public,No,No,City: Large,"San Diego County, CA",Not applicable
San Francisco Conservatory of Music,0.5194,21.084745763,15040,San Francisco,2,78209,49497000,0.3728813559,PS,27000,0,0,https://sfcm.edu/,NA,0,00127800,0,0,0,0,0.1584,1,NA,NA,3,CA,215,0.6326,0.3674,0.1023,0,0.0744,0.0372,0.1349,0,0.3023,0.0465,0.3023,2025-05-19,122506,California,94102-6011,"Far West (AK ,CA ,HI, NV, OR, WA)",Private not-for-profit,No,No,City: Large,"San Francisco County, CA",Not applicable
San Francisco State University,0.9615,22.6117357,11816,San Francisco,1,25258,156882606,0.5840236686,0.4820712432,15371,0,1,www.sfsu.edu/,68077,0,00115400,0.0442,0.0341,0.0078,0.1894,0.414,0.4966,NA,NA,3,CA,20033,0.4583,0.5417,0.0593,0.0016,0.2386,0.0646,0.3985,0.0059,0.0354,0.0418,0.1542,2025-05-19,122597,California,94132,"Far West (AK ,CA ,HI, NV, OR, WA)",Public,No,No,City: Large,"San Francisco County, CA",Not applicable
San Jose State University,0.8023,22.704903455,11665,San Jose,1,25695,167381342,0.521976626,0.4904813496,15000,0,1,www.sjsu.edu/,78988,0,00115500,0.0264,0.1243,0.0134,0.2474,0.3545,0.4358,NA,NA,3,CA,26757,0.5213,0.4787,0.0543,7e-4,0.3911,0.0348,0.3193,0.0047,0.0372,0.0324,0.1256,2025-05-19,122755,California,95192-0001,"Far West (AK ,CA ,HI, NV, OR, WA)",Public,No,No,City: Large,"Santa Clara County, CA",Not applicable
Santa Ana College,NA,23.027400835,13155,Santa Ana,1,11848,13378787,0.5407098121,0.6960576515,6871,0,0,www.sac.edu/,43552,0,00128400,0.0113,0.0042,0.0046,0.0951,0.1608,0.27,NA,NA,2,CA,22011,0.6107,0.3893,0.019,0.002,0.0747,0.0157,0.5311,0.0025,0.0065,0.1707,0.1778,2025-05-19,121619,California,92706-3398,"Far West (AK ,CA ,HI, NV, OR, WA)",Public,No,No,City: Large,"Orange County, CA",Not applicable
Santa Clara University,0.4384,20.242943548,14126,Santa Clara,2,77768,1471579000,0.5423387097,0.1650589496,19162,0,0,www.scu.edu/,109183,0,00132600,0,0.1443,0.0115,0.2974,0.1087,0.7155,30,1417,3,CA,6235,0.5144,0.4856,0.0889,3e-4,0.2148,0.035,0.1873,0.0024,0.0776,0.0186,0.3751,2025-05-19,122931,California,95053,"Far West (AK ,CA ,HI, NV, OR, WA)",Private not-for-profit,No,No,City: Midsize,"Santa Clara County, CA",Roman Catholic
Santa Fe College,NA,22.499367089,6803,Gainesville,1,14353,36217622,0.5685126582,0.4184346586,11310,0,0,www.sfcollege.edu/,41631,0,00151900,0.0105,0,0,0.0392,0.275,0.4133,NA,NA,2,FL,11133,0.4653,0.5347,0.0469,0.0027,0.0393,0.1204,0.2258,0.0011,0.031,0.0284,0.5045,2025-05-19,137096,Florida,32606-6210,"Southeast (AL, AR, FL, GA, KY, LA, MS, NC, SC, TN, VA, WV)",Public,No,No,Suburb: Midsize,"Alachua County, FL",Not applicable
Santa Monica College,NA,22.606413595,13732,Santa Monica,1,11353,14430702,0.5404960943,0.501534573,6450,0,1,https://www.smc.edu/,42193,0,00128600,0.0043,0.0015,0.0028,0.0697,0.2627,0.2903,NA,NA,2,CA,21194,0.4473,0.5527,0.0538,0.0013,0.0864,0.0917,0.4116,0.001,0.0777,0.0241,0.2523,2025-05-19,122977,California,90405-1628,"Far West (AK ,CA ,HI, NV, OR, WA)",Public,No,No,City: Small,"Los Angeles County, CA",Not applicable
Sarah Lawrence College,0.5893,19.460620525,10336,Bronxville,2,79320,140514473,0.7279236277,0.1078431373,27000,0,0,www.sarahlawrence.edu/,53603,0,00281300,0,0,0,0,0.1265,0.3377,NA,1374,3,NY,1468,0.1969,0.8031,0.0634,7e-4,0.049,0.0443,0.109,0.0014,0.0497,0.0688,0.6138,2025-05-19,195304,New York,10708,"Mid East (DE ,DC, MD, NJ, NY, PA)",Private not-for-profit,No,No,Suburb: Large,"Westchester County, NY",Not applicable
Savannah College of Art and Design,0.8368,20.956806673,10467,Savannah,2,59670,255300000,0.690795353,0.1763042112,25148,0,0,www.scad.edu/,45954,0,02141500,0,0.0381,0,0.0124,0.1854,0.8812,NA,1178,3,GA,14423,0.2969,0.7031,0.0095,0.0064,0.0627,0.12,0.0708,0.002,0.1482,0.0567,0.5236,2025-05-19,140951,Georgia,31402-3146,"Southeast (AL, AR, FL, GA, KY, LA, MS, NC, SC, TN, VA, WV)",Private not-for-profit,No,No,City: Midsize,"Chatham County, GA",Not applicable
Savannah State University,NA,20.596701164,8336,Savannah,1,17185,11964916,0.6047865459,0.3279648609,28000,1,0,www.savannahstate.edu/,37981,0,00159000,0.0255,0,0.0039,0.2043,0.6485,0.6813,NA,NA,3,GA,2727,0.3656,0.6344,0.0319,7e-4,0,0.8577,0.0488,0.0011,0.0198,0.0095,0.0304,2025-05-19,140960,Georgia,31404-5310,"Southeast (AL, AR, FL, GA, KY, LA, MS, NC, SC, TN, VA, WV)",Public,Yes,No,City: Midsize,"Chatham County, GA",Not applicable
School of the Art Institute of Chicago,0.7642,21.148105626,11630,Chicago,2,74138,312399000,0.7221584386,0.212636695,27000,0,0,www.saic.edu/,40151,0,00175300,0,0,0,0,0.1911,0.1991,NA,NA,3,IL,2762,0.2422,0.7578,0.0478,4e-4,0.1097,0.0489,0.1184,4e-4,0.2972,0.0355,0.3418,2025-05-19,143048,Illinois,60603,"Great Lakes (IL, IN, MI, OH, WI)",Private not-for-profit,No,No,City: Large,"Cook County, IL",Not applicable
Schoolcraft Community College District,NA,25.509673519,11264,Livonia,1,11921,11816076,0.6023780734,0.4256217738,10500,0,0,https://www.schoolcraft.edu/,42722,0,00231500,0.0249,0.021,0,0.181,0.2719,0.2597,NA,NA,2,MI,6626,0.425,0.575,0.0407,0.0017,0.0423,0.1748,0.0691,0.0012,0.0275,0.0545,0.5883,2025-05-19,172200,Michigan,48152-2696,"Great Lakes (IL, IN, MI, OH, WI)",Public,No,No,City: Small,"Wayne County, MI",Not applicable
Schreiner University,0.8797,23.248153619,7575,Kerrville,2,46294,81169308,0.6041358936,0.3729903537,23250,0,1,www.schreiner.edu/,52228,0,00361000,0.0455,0.0682,0.0182,0.1455,0.4381,0.5217,66,NA,3,TX,1028,0.463,0.537,0.0311,0.0039,0.0107,0.0564,0.3988,0.0029,0.0088,0,0.4874,2025-05-19,228042,Texas,78028-5697,"Southwest (AZ, NM, OK, TX)",Private not-for-profit,No,No,Town: Remote,"Kerr County, TX",Presbyterian Church (USA)
Scripps College,0.3394,20.087431694,12586,Claremont,2,83330,460616238,0.9453551913,PS,13500,0,0,www.scrippscollege.edu/,77539,0,00117400,0,0.0237,0.0119,0.0079,0.1147,0.7246,NA,1480,3,CA,1077,0,1,0.1133,0,0.1365,0.0409,0.1226,0,0.0399,0.0111,0.5357,2025-05-19,123165,California,91711-3905,"Far West (AK ,CA ,HI, NV, OR, WA)",Private not-for-profit,No,No,Suburb: Large,"Los Angeles County, CA",Not applicable
Seattle Central College,NA,28.040018832,10512,Seattle,1,15104,7980908,0.5536723164,0.4375757576,12000,0,0,seattlecentral.edu/,43307,0,00378700,0.0088,0,0,0.0588,0.2147,0.993,NA,NA,2,WA,3879,0.438,0.562,0.0742,0.0028,0.1549,0.1694,0.1356,0.0034,0.1026,0.0995,0.2575,2025-05-19,236513,Washington,98122,"Far West (AK ,CA ,HI, NV, OR, WA)",Public,No,No,City: Large,"King County, WA",Not applicable
Seattle Pacific University,0.9109,20.802005013,9324,Seattle,2,53986,157684000,0.6959064327,0.2286995516,24000,0,0,https://spu.edu/,64506,0,00378800,0.0633,0.0543,0.0166,0.1207,0.3318,0.5094,64,1191,3,WA,2073,0.3314,0.6686,0.0984,0.0024,0.1616,0.0815,0.1852,0.0068,0.0603,0.0265,0.3772,2025-05-19,236577,Washington,98119-1997,"Far West (AK ,CA ,HI, NV, OR, WA)",Private not-for-profit,No,No,City: Large,"King County, WA",Free Methodist
Seattle University,0.7605,21.606892523,10543,Seattle,2,68633,284644864,0.6507009346,0.1940298507,19883,0,0,www.seattleu.edu/,75272,0,00379000,0,0.0601,0.0113,0.1733,0.2161,0.6726,30,1266,3,WA,4117,0.393,0.607,0.102,0.0019,0.2684,0.0651,0.1535,0.0097,0.077,0.0092,0.3131,2025-05-19,236595,Washington,98122-4340,"Far West (AK ,CA ,HI, NV, OR, WA)",Private not-for-profit,No,No,City: Large,"King County, WA",Roman Catholic
Seminole State College of Florida,NA,24.593502174,6871,Sanford,1,9152,13094440,0.607828089,0.4066587396,11047,0,1,https://www.seminolestate.edu/,41733,0,00152000,0.01,0,0,0.1871,0.2695,0.3582,NA,NA,2,FL,11790,0.4262,0.5738,0.0405,0.0016,0.0377,0.1556,0.3152,0.0018,0.0232,0.0163,0.4081,2025-05-19,137209,Florida,32773-6199,"Southeast (AL, AR, FL, GA, KY, LA, MS, NC, SC, TN, VA, WV)",Public,No,No,City: Small,"Seminole County, FL",Not applicable
Sentara College of Health Sciences,NA,31.559566787,8848,Chesapeake,2,NA,NA,0.9133574007,0.368,19450,0,0,www.sentara.edu/,77821,0,03106500,0,0,0,0,0.3449,0.5672,NA,NA,3,VA,239,0.0502,0.9498,0.0544,0,0.1088,0.1297,0.0711,0.0042,0,0.0084,0.6234,2025-05-19,232885,Virginia,23320,"Southeast (AL, AR, FL, GA, KY, LA, MS, NC, SC, TN, VA, WV)",Private not-for-profit,No,No,Suburb: Large,"Chesapeake City, VA",Not applicable
Seton Hall University,0.789,20.447413062,11051,South Orange,2,64996,317919000,0.5415606446,0.2789620019,22750,0,0,https://www.shu.edu/,70196,0,00263200,0.0584,0,0.0067,0.2507,0.3026,0.9191,30,1308,3,NJ,5924,0.4406,0.5594,0.0442,0.0012,0.0977,0.1155,0.2679,0.0012,0.0155,0.0198,0.437,2025-05-19,186584,New Jersey,07079-2697,"Mid East (DE ,DC, MD, NJ, NY, PA)",Private not-for-profit,No,No,Suburb: Large,"Essex County, NJ",Roman Catholic
Seton Hill University,0.7579,20.848407643,8126,Greensburg,2,54634,50575847,0.6573248408,0.242506812,27000,0,0,www.setonhill.edu/,51748,0,00336200,0.0878,0,0.017,0.1615,0.295,0.9636,30,1186,3,PA,1581,0.358,0.642,0.0291,0.0013,0.0234,0.0626,0.0392,0,0,0.0272,0.8172,2025-05-19,215947,Pennsylvania,15601,"Mid East (DE ,DC, MD, NJ, NY, PA)",Private not-for-profit,No,No,Suburb: Large,"Westmoreland County, PA",Roman Catholic
Sh'or Yoshuv Rabbinical College,NA,22.363636364,5463,Lawrence,2,16500,NA,PS,PS,PS,0,0,https://www.shoryoshuv.org/,NA,0,02505900,0,0,0,0,0.0449,0.9231,80,NA,3,NY,147,1,0,0,0,0,0,0,0,0.0204,0,0.9796,2025-05-19,195438,New York,11559-1714,"Mid East (DE ,DC, MD, NJ, NY, PA)",Private not-for-profit,No,No,Suburb: Large,"Nassau County, NY",Jewish
Shasta College,NA,26.273891318,10110,Redding,1,11881,NA,0.5971267958,0.5265336846,14250,0,0,https://www.shastacollege.edu/,39269,0,00128900,0,0.0054,0.0049,0.1198,0.3662,0.4154,NA,NA,2,CA,5536,0.3958,0.6042,0.0831,0.0222,0.0466,0.0228,0.2001,0.0042,0,0.022,0.599,2025-05-19,123299,California,96003,"Far West (AK ,CA ,HI, NV, OR, WA)",Public,No,No,Suburb: Midsize,"Shasta County, CA",Not applicable
Shaw University,0.3048,21.264957265,5125,Raleigh,2,29659,13194214,0.5648795649,0.4005474453,32500,1,0,www.shawu.edu/,34409,0,00296200,0.0217,0,0,0.2283,0.6515,0.4773,54,NA,3,NC,839,0.4827,0.5173,0.0501,0.0024,0.006,0.6317,0.0381,0.0024,0.1049,0.1371,0.0274,2025-05-19,199643,North Carolina,27601,"Southeast (AL, AR, FL, GA, KY, LA, MS, NC, SC, TN, VA, WV)",Private not-for-profit,Yes,No,City: Large,"Wake County, NC",Baptist
Shawnee State University,NA,21.539210911,7336,Portsmouth,1,22190,19162015,0.5309303458,0.4326872708,23000,0,0,https://www.shawnee.edu/,39596,0,00994200,0.0739,0.0017,0.0172,0.0997,0.351,0.4,NA,NA,3,OH,2300,0.4226,0.5774,0.0161,0.0139,0.0083,0.0383,9e-4,0.2061,0.0252,0.1926,0.4987,2025-05-19,205443,Ohio,45662,"Great Lakes (IL, IN, MI, OH, WI)",Public,No,No,Town: Fringe,"Scioto County, OH",Not applicable
Shenandoah University,0.7784,21.783905967,8377,Winchester,2,50500,71885957,0.6084990958,0.2771317829,25000,0,0,www.su.edu/,58433,0,00373700,0.0385,0,0.0122,0.1217,0.1865,0.58,71,NA,3,VA,2127,0.4335,0.5665,0.0324,0.0108,0.0306,0.0874,0.1086,0.0038,0.0028,0.1208,0.6027,2025-05-19,233541,Virginia,22601-5195,"Southeast (AL, AR, FL, GA, KY, LA, MS, NC, SC, TN, VA, WV)",Private not-for-profit,No,No,City: Small,"Winchester City, VA",United Methodist
Shepherd University,0.9565,22.608160622,7679,Shepherdstown,1,19863,27298195,0.600388601,0.4086097389,21600,0,0,www.shepherd.edu/,49358,0,00382200,0.0784,0.0176,0.0078,0.1314,0.2694,0.5378,NA,1022,3,WV,2375,0.3928,0.6072,0.0644,0.0021,0.0164,0.0804,0.0838,0.0013,0.0114,0.0215,0.7187,2025-05-19,237792,West Virginia,25443,"Southeast (AL, AR, FL, GA, KY, LA, MS, NC, SC, TN, VA, WV)",Public,No,No,Town: Fringe,"Jefferson County, WV",Not applicable
Shippensburg University of Pennsylvania,0.8555,20.237375362,11443,Shippensburg,1,29480,49574473,0.5271791573,0.3353272343,25000,0,0,www.ship.edu/,56351,0,00332600,0.13,0.0454,0.0289,0.2343,0.296,0.7813,NA,1090,3,PA,4179,0.4894,0.5106,0.0428,0.0012,0.0158,0.1199,0.0706,2e-4,0.0072,0.0077,0.7346,2025-05-19,216010,Pennsylvania,17257-2299,"Mid East (DE ,DC, MD, NJ, NY, PA)",Public,No,No,Town: Fringe,"Cumberland County, PA",Not applicable
Shorter University,0.9693,26.018572825,4903,Rome,2,34985,14657745,0.5464320626,0.3538461538,25000,0,0,https://www.shorter.edu/,44604,0,00159100,0.1575,0,0.0039,0.189,0.3744,0.6111,54,1075,3,GA,1091,0.472,0.528,0.0431,0.0073,0.0101,0.1897,0.0944,9e-4,0.0293,0.0064,0.6187,2025-05-19,140988,Georgia,30165,"Southeast (AL, AR, FL, GA, KY, LA, MS, NC, SC, TN, VA, WV)",Private not-for-profit,No,No,City: Small,"Floyd County, GA",Baptist
Siena College,0.7057,19.971547536,9389,Loudonville,2,62329,175379020,0.5239417071,0.2053896577,26561,0,0,https://www.siena.edu/,76079,0,00281600,0.026,0.0024,0.0107,0.2864,0.2335,0.6486,30,1238,3,NY,3447,0.4584,0.5416,0.0386,0.0015,0.0467,0.0403,0.0902,6e-4,0.0334,0.0064,0.7424,2025-05-19,195474,New York,12211-1462,"Mid East (DE ,DC, MD, NJ, NY, PA)",Private not-for-profit,No,No,Suburb: Large,"Albany County, NY",Roman Catholic
Siena Heights University,0.6656,28.855436832,6735,Adrian,2,42802,17219189,0.6367064739,0.4433634468,18750,0,0,https://www.sienaheights.edu/,57529,0,00231600,0.036,0.0144,0.0036,0.2,0.309,1,30,1033,3,MI,1533,0.4514,0.5486,0.0235,0.0059,0.017,0.1298,0.0907,0.0013,0,0.0913,0.6406,2025-05-19,172264,Michigan,49221,"Great Lakes (IL, IN, MI, OH, WI)",Private not-for-profit,No,No,Town: Distant,"Lenawee County, MI",Roman Catholic
Simmons College of Kentucky,0.9821,27.333333333,4131,Louisville,2,25981,NA,0.4848484848,0.4692307692,PS,1,0,https://simmonscollegeky.edu/,NA,0,04178000,0,0,0,0.2353,0.4304,1,52,NA,2,KY,381,0.6325,0.3675,0,0,0,0.399,0.0052,0,0,0.5932,0.0026,2025-05-19,461759,Kentucky,40203-3322,"Southeast (AL, AR, FL, GA, KY, LA, MS, NC, SC, TN, VA, WV)",Private not-for-profit,Yes,No,City: Large,"Jefferson County, KY",American Baptist
Simmons University,0.66,20.937846837,8463,Boston,2,63512,212281646,PS,0.2039397451,24840,0,0,www.simmons.edu/,63494,0,00220800,0,0,0.0159,0.0272,0.2984,0.2708,NA,1332,3,MA,1750,0,1,0.0337,0,0.108,0.1023,0.1514,0,0.0434,0.072,0.4891,2025-05-19,167783,Massachusetts,02115-5898,"New England (CT, ME, MA, NH, R,I VT)",Private not-for-profit,No,No,City: Large,"Suffolk County, MA",Not applicable
Simpson College,0.8888,21.538666667,6901,Indianola,2,58937,87868760,0.552,0.2335664336,26000,0,0,simpson.edu/,59274,0,00188700,0.0906,0,0.0075,0.1849,0.3265,0.5064,71,1410,3,IA,1130,0.4699,0.5301,0.0407,0.0027,0.0195,0.0354,0.1115,9e-4,0.0221,0.0097,0.7575,2025-05-19,154350,Iowa,50125,"Plains (IA, KS, MN, MO, NE, ND, SD)",Private not-for-profit,No,No,Town: Fringe,"Warren County, IA",United Methodist
Simpson University,0.9903,27.892086331,7441,Redding,2,52366,7425064,0.7032374101,0.3757455268,18750,0,0,www.simpsonu.edu/,54340,0,00129100,0,0,0,0.2135,0.4221,1,34,NA,3,CA,751,0.4407,0.5593,0.0919,0.0133,0.0439,0.0333,0.2783,0.0093,0.0466,0.0093,0.474,2025-05-19,123457,California,96003-8606,"Far West (AK ,CA ,HI, NV, OR, WA)",Private not-for-profit,No,No,City: Small,"Shasta County, CA",Christ and Missionary Alliance Church
Sinte Gleska University,NA,25.423963134,4699,Mission,1,15533,2920593,0.6589861751,0.4407894737,PS,0,0,www.sintegleska.edu/,20948,0,02143700,0.1647,0,0,0.2353,0.5245,1,NA,NA,2,SD,579,0.2107,0.7893,0,0.9292,0,0,0,0,0,0,0.0708,2025-05-19,219374,South Dakota,57555-0105,"Plains (IA, KS, MN, MO, NE, ND, SD)",Private not-for-profit,No,Yes,Rural: Remote,"Todd County, SD",Not applicable
Sitting Bull College,NA,27.572222222,6749,Fort Yates,1,9847,1786655,0.6333333333,0.3851351351,PS,0,0,https://www.sittingbull.edu/,28488,0,02188200,0.0526,0,0,0.0702,0.6883,0.7297,NA,NA,1,ND,226,0.3805,0.6195,0,0.9159,0,0,0.0133,0,0,0,0.0708,2025-05-19,200466,North Dakota,58538-9721,"Plains (IA, KS, MN, MO, NE, ND, SD)",Public,No,Yes,Rural: Remote,"Sioux County, ND",Not applicable
Skagit Valley College,NA,27.676293622,9481,Mount Vernon,1,14326,15677348,0.6227436823,0.4403470716,13805,0,1,www.skagit.edu/,43505,0,00379200,0.1049,0,0,0.0614,0.2819,1,NA,NA,2,WA,2581,0.4262,0.5738,0.0682,0.0093,0.0391,0.0213,0.2859,0.0019,0.0093,0.1085,0.4564,2025-05-19,236638,Washington,98273,"Far West (AK ,CA ,HI, NV, OR, WA)",Public,No,No,City: Small,"Skagit County, WA",Not applicable
Skidmore College,0.2292,19.512605042,10697,Saratoga Springs,2,81890,454900000,0.6302521008,0.1483146067,19500,0,0,www.skidmore.edu/,69363,0,00281400,0.0194,0,0.0162,0.1686,0.1371,0.798,NA,1388,3,NY,2760,0.4134,0.5866,0.0558,0.0011,0.0572,0.0428,0.0978,0.0011,0.0866,0.0163,0.6413,2025-05-19,195526,New York,12866,"Mid East (DE ,DC, MD, NJ, NY, PA)",Private not-for-profit,No,No,Suburb: Small,"Saratoga County, NY",Not applicable
Skyline College,NA,23.801409353,11722,San Bruno,1,10461,NA,0.5464445868,0.5275526742,PS,0,0,skylinecollege.edu/,55702,0,00771300,0.0017,0.0017,0.022,0.0854,0.1009,0.4441,NA,NA,2,CA,7132,0.4574,0.5426,0.058,0.0014,0.30620000000000003,0.0286,0.3437,0.0126,0.0414,0.0255,0.1826,2025-05-19,123509,California,94066-1698,"Far West (AK ,CA ,HI, NV, OR, WA)",Public,No,No,Suburb: Large,"San Mateo County, CA",Not applicable
Slippery Rock University of Pennsylvania,0.7462,20.646480744,10392,Slippery Rock,1,24781,43838011,0.5697211155,0.2945736434,25000,0,0,https://www.sru.edu/,53032,0,00332700,0.0893,0.0264,0.0116,0.0999,0.2809,0.8803,NA,1086,3,PA,6728,0.4498,0.5502,0.034,0.0016,0.01,0.0421,0.0339,6e-4,0.0291,0.011,0.8377,2025-05-19,216038,Pennsylvania,16057-1383,"Mid East (DE ,DC, MD, NJ, NY, PA)",Public,No,No,Town: Distant,"Butler County, PA",Not applicable
Smith College,0.1973,20.522464698,12787,Northampton,2,82134,2467994699,PS,0.1850828729,17550,0,0,www.smith.edu/,64027,0,00220900,0.0289,0.0466,0.0241,0,0.1815,0.8159,NA,1480,3,MA,2501,0.0012,0.9988,0.0616,4e-4,0.098,0.0512,0.1216,0.0012,0.1287,0.0136,0.5238,2025-05-19,167835,Massachusetts,01063,"New England (CT, ME, MA, NH, R,I VT)",Private not-for-profit,No,No,Suburb: Large,"Hampshire County, MA",Not applicable
Snow College,NA,21.403439153,7889,Ephraim,1,12190,17574443,0.532627866,0.3255159475,7000,0,0,https://www.snow.edu/,41022,0,00367900,0.0501,0.0494,0.002,0.0934,0.2088,1,NA,NA,2,UT,3552,0.4673,0.5327,0.0282,0.0053,0.0034,0.0296,0.1312,0.0107,0.0777,0.0023,0.7117,2025-05-19,230597,Utah,84627,"Rocky Mountains (CO, ID, MT, UT, WY)",Public,No,No,Town: Remote,"Sanpete County, UT",Not applicable
Soka University of America,0.6952,19.258064516,13188,Aliso Viejo,2,52758,1400587000,0.7419354839,PS,15650,0,0,www.soka.edu/,55017,0,03814400,0,0,0,0,0.1685,0.7292,NA,1360,3,CA,464,0.3922,0.6078,0.053900000000000003,0,0.1013,0.0216,0.1315,0.0022,0.5409,0.0086,0.1401,2025-05-19,399911,California,92656-8081,"Far West (AK ,CA ,HI, NV, OR, WA)",Private not-for-profit,No,No,Suburb: Large,"Orange County, CA",Not applicable
Solano Community College,NA,25.468680586,11108,Fairfield,1,11440,NA,0.6446023989,0.484508547,12000,0,1,welcome.solano.edu/,44170,0,00129200,0,0.0048,0.0103,0.0682,0.2081,0.4,NA,NA,2,CA,7688,0.456,0.544,0.0881,0.0042,0.1476,0.1431,0.3777,0.0077,0.0016,0.0173,0.2128,2025-05-19,123563,California,94534-3197,"Far West (AK ,CA ,HI, NV, OR, WA)",Public,No,No,Suburb: Midsize,"Solano County, CA",Not applicable
Sonoma State University,0.9473,22.006471495,11609,Rohnert Park,1,24739,50212263,0.6668721109,0.4147465438,16705,0,1,https://sonoma.edu/,65986,0,00115600,0.0466,0.0107,0.0171,0.1725,0.3615,0.4956,NA,NA,3,CA,5374,0.388,0.612,0.0566,0.0032,0.0493,0.0272,0.4168,0.0037,0.005,0.0341,0.4042,2025-05-19,123572,California,94928-3609,"Far West (AK ,CA ,HI, NV, OR, WA)",Public,No,No,Suburb: Large,"Sonoma County, CA",Not applicable
South Carolina State University,0.8173,20.318411552,7917,Orangeburg,1,29957,18189420,0.4902527076,0.3593109106,31000,1,0,https://scsu.edu/,38262,0,00344600,0.0776,0.0216,0.0043,0.1552,0.6849,1,NA,NA,3,SC,2757,0.4385,0.5615,0.0261,0.0018,0.0018,0.9278,0.0015,0.0011,0,0.0261,0.0138,2025-05-19,218733,South Carolina,29117-0001,"Southeast (AL, AR, FL, GA, KY, LA, MS, NC, SC, TN, VA, WV)",Public,Yes,No,Town: Distant,"Orangeburg County, SC",Not applicable
South Dakota School of Mines and Technology,0.8525,20.625634518,10878,Rapid City,1,24865,88658248,0.2246192893,0.1831357049,27000,0,0,https://www.sdsmt.edu/,72257,0,00347000,0,0.7546,0.0339,0,0.1595,0.875,NA,1245,3,SD,2042,0.785,0.215,0.024,0.0098,0.0162,0.0147,0.0563,5e-4,0.0127,0.0392,0.8266,2025-05-19,219347,South Dakota,57701-3995,"Plains (IA, KS, MN, MO, NE, ND, SD)",Public,No,No,City: Small,"Pennington County, SD",Not applicable
South Dakota State University,0.9871,20.884015374,9855,Brookings,1,22761,215024533,0.5559574949,0.2019482062,23250,0,0,https://www.sdstate.edu/,55070,0,00347100,0.0541,0.0706,0.0225,0.0681,0.161,0.8019,NA,1121,3,SD,8798,0.4608,0.5392,0.0208,0.0076,0.0122,0.0128,0.029,9e-4,0.0341,0.0259,0.8567,2025-05-19,219356,South Dakota,57007-1898,"Plains (IA, KS, MN, MO, NE, ND, SD)",Public,No,No,Town: Remote,"Brookings County, SD",Not applicable
South Florida Bible College and Theological Seminary,NA,37.6,3899,Deerfield Beach,2,NA,NA,0.5142857143,PS,PS,0,0,https://www.sfbc.edu/,45354,0,03264300,0,0,0,0.3958,0.2143,0.7,42,NA,2,FL,271,0.4244,0.5756,0.0185,0.0037,0,0.1292,0.2177,0,0.3395,0.0627,0.2288,2025-05-19,366003,Florida,33441,"Southeast (AL, AR, FL, GA, KY, LA, MS, NC, SC, TN, VA, WV)",Private not-for-profit,No,No,City: Small,"Broward County, FL",Interdenominational
South Florida State College,NA,23.416797488,6382,Avon Park,1,9865,17420690,0.6499215071,0.5544354839,7368,0,1,www.southflorida.edu/,39990,0,00152200,0.0221,0,0,0.0901,0.4374,0.3395,NA,NA,2,FL,2084,0.3162,0.6838,0.0182,5e-4,0.0216,0.12,0.4453,0.0038,0.0144,0.0216,0.3546,2025-05-19,137315,Florida,33825-9356,"Southeast (AL, AR, FL, GA, KY, LA, MS, NC, SC, TN, VA, WV)",Public,No,No,Rural: Fringe,"Highlands County, FL",Not applicable
South Georgia State College,NA,21.279103751,6995,Douglas,1,16015,8018004,0.6108134437,0.3226332971,11500,0,0,www.sgsc.edu/,35697,0,00159200,0.0655,0,0,0.0855,0.5223,0.6337,NA,NA,2,GA,1553,0.3232,0.6768,0.0251,0.0032,0.0026,0.2511,0.1185,0.0013,0.0058,0.018,0.5744,2025-05-19,482699,Georgia,31533,"Southeast (AL, AR, FL, GA, KY, LA, MS, NC, SC, TN, VA, WV)",Public,No,No,Town: Remote,"Coffee County, GA",Not applicable
South Seattle College,NA,26.590113285,8059,Seattle,1,15497,7106044,0.4665293512,0.4848066298,PS,0,0,southseattle.edu/,44486,0,00970600,0,0,0,0.1203,0.0981,0.973,NA,NA,2,WA,1495,0.5712,0.4288,0.0676,0.0067,0.1666,0.1813,0.1839,0.0067,0.0408,0.0943,0.2522,2025-05-19,236504,Washington,98106-1499,"Far West (AK ,CA ,HI, NV, OR, WA)",Public,No,No,City: Large,"King County, WA",Not applicable
South Texas College,NA,22.154980572,7026,McAllen,1,7505,339528,0.5448604733,0.6088904204,PS,0,1,https://www.southtexascollege.edu/,36788,0,03103400,0.0459,0.0107,0.0024,0.1204,0.3593,0.5701,NA,NA,2,TX,16131,0.43,0.57,0.0016,9e-4,0.0058,0.0056,0.9485,2e-4,7e-4,0.0124,0.0242,2025-05-19,409315,Texas,78502-9701,"Southwest (AZ, NM, OK, TX)",Public,No,No,City: Midsize,"Hidalgo County, TX",Not applicable
Southeast Missouri Hospital College of Nursing and Health Sciences,1,29.099337748,6194,Cape Girardeau,2,27592,NA,0.8476821192,0.4785714286,11500,0,0,www.sehcollege.edu/,60918,0,03070900,0,0,0,0,0.4627,1,NA,1020,2,MO,146,0.1233,0.8767,0.0274,0,0,0.0479,0.0342,0,0,0,0.8904,2025-05-19,417734,Missouri,63703-4507,"Plains (IA, KS, MN, MO, NE, ND, SD)",Private not-for-profit,No,No,City: Small,"Cape Girardeau County, MO",Not applicable
Southeast Missouri State University,0.785,21.782877772,8375,Cape Girardeau,1,23337,97524500,0.5954100052,0.3688938798,21500,0,0,https://www.semo.edu/,44030,0,00250100,0.1263,0.0043,0.0073,0.1226,0.2942,0.6692,NA,1018,3,MO,6588,0.4065,0.5935,0.034,0.002,0.0085,0.0845,0.0319,3e-4,0.0477,0.0411,0.75,2025-05-19,179557,Missouri,63701,"Plains (IA, KS, MN, MO, NE, ND, SD)",Public,No,No,City: Small,"Cape Girardeau County, MO",Not applicable
Southeastern Baptist Theological Seminary,0.7661,NA,7978,Wake Forest,2,20909,40851631,NA,NA,PS,0,0,www.sebts.edu/,NA,0,00296300,0,0,0,0,0.1826,0.5,75,1090,3,NC,466,0.6588,0.3412,0,0.0043,0.0258,0.0343,0.0601,0,0.0021,0.088,0.7854,2025-05-19,199759,North Carolina,27587-1889,"Southeast (AL, AR, FL, GA, KY, LA, MS, NC, SC, TN, VA, WV)",Private not-for-profit,No,No,Suburb: Large,"Wake County, NC",Southern Baptist
Southeastern Louisiana University,0.9428,20.889678311,7364,Hammond,1,22647,20049485,0.6394316163,0.3990835697,22113,0,0,www.southeastern.edu/,46482,0,00202400,0.0594,0,0.0065,0.2202,0.33,0.8386,NA,1090,3,LA,9514,0.3808,0.6192,0.048,0.0019,0.0107,0.1931,0.0718,8e-4,0.0168,0.0025,0.6543,2025-05-19,160612,Louisiana,70402,"Southeast (AL, AR, FL, GA, KY, LA, MS, NC, SC, TN, VA, WV)",Public,No,No,City: Small,"Tangipahoa Parish, LA",Not applicable
Southeastern Oklahoma State University,0.8034,24.239446367,7275,Durant,1,17393,30202019,0.5771626298,0.4446130501,17000,0,0,www.se.edu/,45079,1,00317900,0.0475,0,0.011,0.2267,0.401,1,NA,1084,3,OK,3031,0.4273,0.5727,0.1881,0.1241,0.0079,0.0584,0.0947,7e-4,0.0191,0.001,0.5061,2025-05-19,207847,Oklahoma,74701-3347,"Southwest (AZ, NM, OK, TX)",Public,No,No,Town: Distant,"Bryan County, OK",Not applicable
Southeastern University,0.7429,23.390426328,7636,Lakeland,2,43803,10299383,0.5587135378,0.3458522493,21500,0,0,https://www.seu.edu/,46744,0,00152100,0.0457,0,0.0018,0.1647,0.2214,1,27,NA,3,FL,4646,0.3956,0.6044,0.0411,0.008,0.0146,0.1119,0.2383,0.0032,0.0146,0.0088,0.5594,2025-05-19,137564,Florida,33801-6034,"Southeast (AL, AR, FL, GA, KY, LA, MS, NC, SC, TN, VA, WV)",Private not-for-profit,No,No,City: Midsize,"Polk County, FL",Assemblies of God Church
Southern Adventist University,0.6661,21.22980063,6415,Collegedale,2,37875,57796566,0.592864638,0.1818181818,24500,0,1,www.southern.edu/,53723,0,00351800,0.0384,0.004,0.0061,0.1333,0.3092,0.9941,95,1116,3,TN,2673,0.4594,0.5406,0.0651,0.0011,0.1373,0.064,0.2611,0.0019,0.0677,0.0142,0.3876,2025-05-19,221661,Tennessee,37315-0370,"Southeast (AL, AR, FL, GA, KY, LA, MS, NC, SC, TN, VA, WV)",Private not-for-profit,No,No,Suburb: Large,"Hamilton County, TN",Seventh Day Adventist
Southern Arkansas University Main Campus,0.6659,21.33203125,7371,Magnolia,1,24721,62613250,0.5619419643,0.4209215442,18750,0,0,https://www.saumag.edu/,42386,0,00110700,0.1113,0.0176,0.0046,0.1744,0.446,0.59,NA,1050,3,AR,2865,0.4227,0.5773,0.0576,0.0073,0.0063,0.2314,0.0565,0,0.0147,0.0031,0.623,2025-05-19,107983,Arkansas,71753,"Southeast (AL, AR, FL, GA, KY, LA, MS, NC, SC, TN, VA, WV)",Public,No,No,Town: Remote,"Columbia County, AR",Not applicable
Southern California Institute of Architecture,0.8267,24.548387097,9281,Los Angeles,2,67014,5221000,0.4193548387,PS,PS,0,0,www.sciarc.edu/,71909,0,02075800,0,0,0,0,0.212,0.6324,NA,NA,3,CA,236,0.5975,0.4025,0.0339,0,0.1186,0.0169,0.1271,0,0.5508,0.0042,0.1483,2025-05-19,123952,California,90013-1822,"Far West (AK ,CA ,HI, NV, OR, WA)",Private not-for-profit,No,No,City: Large,"Los Angeles County, CA",Not applicable
Southern California University of Health Sciences,NA,32.702702703,8520,Whittier,2,50742,1548334,0.7567567568,PS,11400,0,1,https://www.scuhs.edu/,70649,0,00122900,0,0,0,0,0.0922,0.2946,NA,NA,1,CA,132,0.1742,0.8258,0.0758,0.0076,0.2045,0.1136,0.3485,0,0.0152,0.0379,0.197,2025-05-19,117672,California,90604,"Far West (AK ,CA ,HI, NV, OR, WA)",Private not-for-profit,No,No,Suburb: Large,"Los Angeles County, CA",Not applicable
Southern Connecticut State University,0.8112,21.450685654,10742,New Haven,1,28592,32290983,0.6305379747,0.390459364,22250,0,0,www.southernct.edu/,55043,0,00140600,0.0678,0,0.0024,0.138,0.3727,0.4862,NA,NA,3,CT,6180,0.3914,0.6086,0.0443,0.0013,0.0395,0.1994,0.2458,2e-4,0.0068,0.0272,0.4356,2025-05-19,130493,Connecticut,06515-1355,"New England (CT, ME, MA, NH, R,I VT)",Public,No,No,City: Midsize,"New Haven County, CT",Not applicable
Southern Illinois University-Carbondale,0.9044,22.183824929,8229,Carbondale,1,29268,174737614,0.4896289248,0.3525195024,21543,0,0,https://siu.edu/,53390,0,00175800,0.0957,0.0415,0.0041,0.1003,0.3665,0.784,NA,1060,3,IL,8116,0.4895,0.5105,0.0378,0.0023,0.0179,0.1682,0.0973,9e-4,0.0185,6e-4,0.6565,2025-05-19,149222,Illinois,62901-4512,"Great Lakes (IL, IN, MI, OH, WI)",Public,No,No,City: Small,"Jackson County, IL",Not applicable
Southern Illinois University-Edwardsville,0.9721,21.766168149,9243,Edwardsville,1,25302,33704893,0.5792239289,0.3068748645,20500,0,0,www.siue.edu/,56346,0,00175900,0.0525,0.0832,0.0051,0.1734,0.3157,0.7173,NA,1063,3,IL,8836,0.4362,0.5638,0.0383,0.0022,0.026,0.1468,0.0632,0.001,0.0222,0.0291,0.6713,2025-05-19,149231,Illinois,62026-1259,"Great Lakes (IL, IN, MI, OH, WI)",Public,No,No,Suburb: Large,"Madison County, IL",Not applicable
Southern Methodist University,0.6122,20.534968211,14324,Dallas,2,82532,2022673000,0.5095367847,0.1568247822,19500,0,0,https://www.smu.edu/,78354,0,00361300,0.0062,0.07,0.0401,0.3217,0.1186,0.6808,71,1424,3,TX,7106,0.4894,0.5106,0.0474,0.0037,0.0813,0.0536,0.1637,0.0011,0.0362,0.0296,0.5835,2025-05-19,228246,Texas,75275-0221,"Southwest (AZ, NM, OK, TX)",Private not-for-profit,No,No,Suburb: Large,"Dallas County, TX",United Methodist
Southern Nazarene University,NA,27.320794148,6393,Bethany,2,41972,41854477,0.5496342738,0.3804713805,21900,0,0,https://www.snu.edu/,54951,0,00314900,0.0554,0,0.0028,0.4515,0.4544,0.5038,59,NA,3,OK,1459,0.4777,0.5223,0.085,0.0446,0.0137,0.1371,0.1775,0.0062,0.024,0.0096,0.5024,2025-05-19,206862,Oklahoma,73008,"Southwest (AZ, NM, OK, TX)",Private not-for-profit,No,No,Suburb: Large,"Oklahoma County, OK",Church of the Nazarene
Southern New Hampshire University,0.9612,31.899427801,9682,Manchester,2,37524,54413950,0.6766710402,0.4825895769,21082,0,0,www.snhu.edu/,50318,0,00258000,0.0027,0.0071,0.007,0.3459,0.469,1,NA,NA,3,NH,156755,0.3673,0.6327,0.0382,0.0061,0.0216,0.1806,0.1443,0.0038,0.0054,0.0837,0.5164,2025-05-19,183026,New Hampshire,03106-1045,"New England (CT, ME, MA, NH, R,I VT)",Private not-for-profit,No,No,Suburb: Midsize,"Merrimack County, NH",Not applicable
Southern Oregon University,0.8266,24.490536278,9114,Ashland,1,25950,34526543,0.6193480547,0.4037692747,20332,0,0,www.sou.edu/,49175,0,00321900,0.1069,0,0.0144,0.1116,0.2434,0.5407,NA,NA,3,OR,2911,0.359,0.641,0.1013,0.0148,0.0196,0.0189,0.1384,0.0151,0.0117,0.1326,0.5476,2025-05-19,210146,Oregon,97520,"Far West (AK ,CA ,HI, NV, OR, WA)",Public,No,No,Suburb: Midsize,"Jackson County, OR",Not applicable
Southern University and A & M College,0.4987,21.13894081,7535,Baton Rouge,1,26076,11051970,0.6367601246,0.3966005666,29251,1,0,www.subr.edu/,43371,0,00202500,0.0114,0.0715,0.0072,0.1159,0.6458,0.9907,NA,938,3,LA,5323,0.3184,0.6816,0.0152,9e-4,0.0026,0.9468,0.0085,6e-4,0.003,0.0147,0.0077,2025-05-19,160621,Louisiana,70813,"Southeast (AL, AR, FL, GA, KY, LA, MS, NC, SC, TN, VA, WV)",Public,Yes,No,City: Midsize,"East Baton Rouge Parish, LA",Not applicable
Southern University at New Orleans,0.6021,26.013207547,7041,New Orleans,1,20893,3137803,0.7254716981,0.496009122,31000,1,0,www.suno.edu/,34042,0,00202600,0.0089,0,0.0311,0.1822,0.4458,1,NA,910,3,LA,1095,0.2612,0.7388,0.0201,9e-4,0,0.9251,0.0228,0,0,0.0082,0.0228,2025-05-19,160630,Louisiana,70126,"Southeast (AL, AR, FL, GA, KY, LA, MS, NC, SC, TN, VA, WV)",Public,Yes,No,City: Large,"Orleans Parish, LA",Not applicable
Southern Utah University,0.8047,22.344486692,8636,Cedar City,1,19512,33517548,0.5524714829,0.3208985158,12500,0,0,https://www.suu.edu/,50296,0,00367800,0.0325,0.0114,0.0043,0.0594,0.2421,0.706,NA,NA,3,UT,9533,0.439,0.561,0.0097,0.0095,0.0138,0.0199,0.0865,0.0086,0.0517,0.0658,0.7344,2025-05-19,230603,Utah,84720,"Rocky Mountains (CO, ID, MT, UT, WY)",Public,No,No,Town: Remote,"Iron County, UT",Not applicable
Southern Virginia University,0.9964,20.919661734,6519,Buena Vista,2,33066,1665438,0.511627907,0.1714285714,24224,0,0,https://svu.edu/,50002,0,00373800,0,0,0.0196,0.2108,0.4329,1,NA,1099,3,VA,967,0.516,0.484,0.0527,0.0052,0.0083,0.0527,0.0693,0.031,0.0196,0.001,0.7601,2025-05-19,233611,Virginia,24416,"Southeast (AL, AR, FL, GA, KY, LA, MS, NC, SC, TN, VA, WV)",Private not-for-profit,No,No,Town: Distant,"Buena Vista City, VA",Not applicable
Southern Wesleyan University,1,26.280160858,4834,Central,2,38739,7760037,0.6313672922,0.3914956012,26000,0,0,www.swu.edu/,47756,0,00342200,0.0829,0,0,0.2627,0.2902,1,89,1106,3,SC,771,0.3748,0.6252,0.0324,0.0013,0.0065,0.166,0.0817,0,0.0026,0.0169,0.6926,2025-05-19,217776,South Carolina,29630-1020,"Southeast (AL, AR, FL, GA, KY, LA, MS, NC, SC, TN, VA, WV)",Private not-for-profit,No,No,Suburb: Large,"Pickens County, SC",Wesleyan
Southwest Baptist University,0.9972,23.862146051,5455,Bolivar,2,38035,36764343,0.6520119225,0.3549432739,20957,0,0,www.sbuniv.edu/,43112,0,00250200,0.1096,0,0.0117,0.0862,0.3513,0.3762,75,1084,3,MO,1339,0.3779,0.6221,0.0336,0.0052,0.0134,0.065,0.0358,0,0.0224,0.065,0.7595,2025-05-19,179326,Missouri,65613-2596,"Plains (IA, KS, MN, MO, NE, ND, SD)",Private not-for-profit,No,No,Town: Distant,"Polk County, MO",Southern Baptist
Southwest Minnesota State University,0.6894,22.572249589,10460,Marshall,1,22399,14181000,0.5977011494,0.2689463956,20500,0,0,www.smsu.edu/,51342,0,00237500,0.2193,0,0.0022,0.1732,0.1081,0.4867,NA,1020,3,MN,2045,0.3355,0.6645,0.0333,0.0049,0.023,0.0792,0.0822,0.0015,0.0499,0.0181,0.7081,2025-05-19,175078,Minnesota,56258-5468,"Plains (IA, KS, MN, MO, NE, ND, SD)",Public,No,No,Town: Remote,"Lyon County, MN",Not applicable
Southwestern Adventist University,0.5552,22.868159204,6382,Keene,2,35804,21692471,0.5696517413,0.3415977961,26998,0,1,www.swau.edu/,52946,0,00361900,0.0559,0,0.007,0.1049,0.3885,0.9592,95,1031,3,TX,574,0.4582,0.5418,0.0418,0.0052,0.054,0.1115,0.5209,0.0105,0.0436,0.0052,0.2073,2025-05-19,228468,Texas,76059,"Southwest (AZ, NM, OK, TX)",Private not-for-profit,No,No,Town: Fringe,"Johnson County, TX",Seventh Day Adventist
Southwestern Christian College,NA,20.654135338,2969,Terrell,2,21900,NA,0.5112781955,0.389380531,PS,1,0,www.swcc.edu/,32672,0,00361800,0,0,0,0,0.9057,1,74,NA,2,TX,128,0.4219,0.5781,0.0469,0.0078,0,0.9063,0.0313,0.0078,0,0,0,2025-05-19,228486,Texas,75160-4812,"Southwest (AZ, NM, OK, TX)",Private not-for-profit,Yes,No,Town: Distant,"Kaufman County, TX",Churches of Christ
Southwestern Christian University,NA,25.067982456,5677,Bethany,2,32625,2208477,0.5043859649,0.403892944,20715,0,0,www.swcu.edu/,40391,0,00318000,0.0484,0,0,0.2581,0.4109,0.434,47,NA,3,OK,351,0.5698,0.4302,0.0684,0.0798,0.0114,0.1311,0.0883,0.0028,0.1481,0.0199,0.4501,2025-05-19,207856,Oklahoma,73008,"Southwest (AZ, NM, OK, TX)",Private not-for-profit,No,No,Suburb: Large,"Oklahoma County, OK",Pentecostal Holiness Church
Southwestern College,0.6497,26.994252874,6357,Winfield,2,53677,26656485,0.4626436782,0.3984251969,25000,0,0,https://www.sckans.edu/,55646,0,00194000,0.0366,0,0,0.431,0.3946,1,71,NA,3,KS,1026,0.6647,0.3353,0.0136,0.0253,0.0244,0.1813,0.1511,0.0088,0.0185,0.1511,0.4259,2025-05-19,155900,Kansas,67156-6224,"Plains (IA, KS, MN, MO, NE, ND, SD)",Private not-for-profit,No,No,Town: Distant,"Cowley County, KS",United Methodist
Southwestern Oklahoma State University,1,22.870431894,7886,Weatherford,1,22973,39368227,0.6013289037,0.4062827225,15954,0,0,https://www.swosu.edu/,45744,0,00318100,0.0947,0.003,0.004,0.1326,0.3846,0.9953,NA,1050,3,OK,3469,0.375,0.625,0.1003,0.0392,0.0104,0.051,0.1444,9e-4,0.0167,0.017,0.6201,2025-05-19,207865,Oklahoma,73096-3098,"Southwest (AZ, NM, OK, TX)",Public,No,No,Town: Remote,"Custer County, OK",Not applicable
Southwestern University,0.3907,20.139442231,8855,Georgetown,2,63645,366389813,0.5737051793,0.2033542977,25000,0,1,https://www.southwestern.edu/,56878,0,00362000,0.0553,0,0.0302,0.2136,0.2313,0.7736,71,1269,3,TX,1454,0.4505,0.5495,0.0475,0.0021,0.0413,0.0591,0.2834,0.0014,0.0193,0.0055,0.5406,2025-05-19,228343,Texas,78626,"Southwest (AZ, NM, OK, TX)",Private not-for-profit,No,No,Suburb: Large,"Williamson County, TX",United Methodist
Spalding University,0.9864,24.674698795,8298,Louisville,2,43474,22595678,0.7409638554,0.3500837521,25250,0,0,https://www.spalding.edu/,49438,0,00196000,0.0497,0,0,0.1657,0.3559,0.642,30,1014,3,KY,597,0.3568,0.6432,0.0318,0,0.0084,0.2546,0.067,0,0.0067,0.0151,0.6164,2025-05-19,157757,Kentucky,40203-2188,"Southeast (AL, AR, FL, GA, KY, LA, MS, NC, SC, TN, VA, WV)",Private not-for-profit,No,No,City: Large,"Jefferson County, KY",Roman Catholic
Spelman College,0.3409,19.419321686,9334,Atlanta,2,49349,497744540,PS,0.2070874862,25000,1,0,www.spelman.edu/,59993,0,00159400,0.0193,0.0012,0.0133,0.494,0.2937,0.6457,NA,1184,3,GA,3633,0.071,0.929,0.0094,0.0063,0.008,0.7363,0,0.0011,0.0063,0.2015,0.0311,2025-05-19,141060,Georgia,30314-4399,"Southeast (AL, AR, FL, GA, KY, LA, MS, NC, SC, TN, VA, WV)",Private not-for-profit,Yes,No,City: Large,"Fulton County, GA",Not applicable
Spokane Community College,NA,27.866393443,9377,Spokane,1,14083,9564738,0.5628415301,0.4042553191,13501,0,0,https://scc.spokane.edu/,41984,0,00379300,0,5e-4,0,0.0817,0.2775,1,NA,NA,2,WA,4114,0.3911,0.6089,0.0717,0.0151,0.0255,0.0365,0.123,0.0041,0.0114,0.0865,0.6262,2025-05-19,236692,Washington,99217-5399,"Far West (AK ,CA ,HI, NV, OR, WA)",Public,No,No,City: Midsize,"Spokane County, WA",Not applicable
Spokane Falls Community College,NA,25.658544109,9242,Spokane,1,14536,3770759,0.5684762492,0.361754386,12000,0,0,https://sfcc.spokane.edu/,38955,0,00954400,0.2254,0.0079,0,0.0711,0.2909,1,NA,NA,2,WA,2881,0.4141,0.5859,0.083,0.0139,0.0219,0.0351,0.1191,0.0052,0.0142,0.0809,0.6269,2025-05-19,236708,Washington,99224-5288,"Far West (AK ,CA ,HI, NV, OR, WA)",Public,No,No,City: Midsize,"Spokane County, WA",Not applicable
Spring Arbor University,0.3733,26.688172043,6077,Spring Arbor,2,43178,25774041,0.6715542522,0.351659751,26375,0,0,https://www.arbor.edu/,51732,0,00231800,0.0616,0.0117,0.0029,0.1848,0.2591,0.2741,64,1072,3,MI,990,0.3707,0.6293,0.0293,0.004,0.0101,0.0687,0.0626,0.001,0.0293,0.0838,0.7111,2025-05-19,172334,Michigan,49283-9799,"Great Lakes (IL, IN, MI, OH, WI)",Private not-for-profit,No,No,Suburb: Small,"Jackson County, MI",Free Methodist
Spring Hill College,0.591,19.902140673,5642,Mobile,2,37172,16618358,0.6452599388,0.2516339869,27000,0,0,https://www.shc.edu/,51500,0,00104100,0.0502,0,0.0274,0.3014,0.3301,0.6452,30,1090,3,AL,850,0.4482,0.5518,0.0188,0.0082,0.0129,0.1341,0.0965,0,0.1035,0.0541,0.5718,2025-05-19,102234,Alabama,36608-1791,"Southeast (AL, AR, FL, GA, KY, LA, MS, NC, SC, TN, VA, WV)",Private not-for-profit,No,No,City: Midsize,"Mobile County, AL",Roman Catholic
Springfield College,0.7023,27.558659218,8000,Springfield,2,57942,91832544,0.5983240223,0.3138871275,26250,0,0,www.springfield.edu/,48036,0,00221100,0.0235,0,0.0085,0.0874,0.2166,1,NA,1120,3,MA,1916,0.5094,0.4906,0.0021,0.0052,0.0308,0.0595,0.0945,0.0016,0.0418,0.0318,0.7328,2025-05-19,167899,Massachusetts,01109-3797,"New England (CT, ME, MA, NH, R,I VT)",Private not-for-profit,No,No,City: Midsize,"Hampden County, MA",Not applicable
St Bonaventure University,0.8153,19.755102041,7851,Saint Bonaventure,2,55265,83404123,0.5218658892,0.186440678,26000,0,0,https://www.sbu.edu/,57214,0,00281700,0.1308,0,0,0.2949,0.2274,0.698,30,1181,3,NY,1892,0.5433,0.4567,0.0333,0.0048,0.027,0.0418,0.065,5e-4,0.0476,0.0074,0.7727,2025-05-19,195164,New York,14778,"Mid East (DE ,DC, MD, NJ, NY, PA)",Private not-for-profit,No,No,Town: Remote,"Cattaraugus County, NY",Roman Catholic
St Catherine University,0.9407,25.392367323,7650,Saint Paul,2,58432,133127196,0.9511031604,0.2880771881,24181,0,0,https://www.stkate.edu/,59282,0,00234200,0.0529,0,0.0014,0.0692,0.3582,0.4849,30,1190,3,MN,2393,0.0447,0.9553,0.0393,0.0038,0.1208,0.1722,0.1333,0.0017,0.005,0.0238,0.5002,2025-05-19,175005,Minnesota,55105,"Plains (IA, KS, MN, MO, NE, ND, SD)",Private not-for-profit,No,No,City: Large,"Ramsey County, MN",Roman Catholic
St Lawrence University,0.5847,19.428756477,10224,Canton,2,79665,352923378,0.5958549223,0.131897712,27000,0,0,www.stlawu.edu/,67258,0,00282900,0,0,0.053900000000000003,0,0.2098,0.8386,NA,1343,3,NY,2040,0.4569,0.5431,0.023,0.0059,0.0167,0.0211,0.0544,5e-4,0.0956,0.0142,0.7686,2025-05-19,195216,New York,13617,"Mid East (DE ,DC, MD, NJ, NY, PA)",Private not-for-profit,No,No,Town: Remote,"St. Lawrence County, NY",Not applicable
St Luke's College,0.4444,25.917293233,6653,Sioux City,2,27391,1249010,0.9248120301,0.3603603604,15000,0,0,www.stlukescollege.edu/,61033,0,00729100,0,0,0,0,0.4643,0.6098,79,980,2,IA,192,0.0677,0.9323,0.0521,0.0313,0.0052,0.0677,0.1771,0.0052,0,0.0052,0.6563,2025-05-19,154262,Iowa,51104-0263,"Plains (IA, KS, MN, MO, NE, ND, SD)",Private not-for-profit,No,No,City: Small,"Woodbury County, IA",Other Protestant
St Olaf College,0.5215,19.553610503,9105,Northfield,2,69200,696676006,0.5426695842,0.1287356322,26000,0,0,wp.stolaf.edu/,65543,0,00238200,0.0262,0,0.064,0,0.2006,0.7524,39,1373,3,MN,3049,0.4221,0.5779,0.0453,0.001,0.0577,0.0321,0.0931,0,0.0994,0.0043,0.6671,2025-05-19,174844,Minnesota,55057-1098,"Plains (IA, KS, MN, MO, NE, ND, SD)",Private not-for-profit,No,No,Town: Distant,"Rice County, MN",Evangelical Lutheran Church
St Petersburg College,NA,26.653210371,6800,St. Petersburg,1,10634,33992804,0.6171915782,0.4442639594,16868,0,0,www.spcollege.edu/,42557,0,00152800,0.0268,0,0,0.0963,0.3309,0.2578,NA,NA,2,FL,18759,0.3824,0.6176,0.0423,0.003,0.0424,0.1398,0.1973,0.0025,0.0098,0.0179,0.545,2025-05-19,137078,Florida,33760-2822,"Southeast (AL, AR, FL, GA, KY, LA, MS, NC, SC, TN, VA, WV)",Public,No,No,City: Small,"Pinellas County, FL",Not applicable
St. Andrews University,NA,21.516959064,5031,Laurinburg,2,49709,5554024,0.3461988304,0.3668341709,25250,0,0,www.sa.edu/,45606,0,00154001,0.1,0,0,0.4083,0.4769,0.5735,66,NA,3,NC,806,0.4764,0.5236,0.0335,0.0248,0.0087,0.1787,0.0931,0,0.036,0.3648,0.2605,2025-05-19,199698,North Carolina,28352,"Southeast (AL, AR, FL, GA, KY, LA, MS, NC, SC, TN, VA, WV)",Private not-for-profit,No,No,Town: Distant,"Scotland County, NC",Presbyterian Church (USA)
St. Augustine College,NA,29.011614402,6224,Chicago,2,23056,154117,0.7386759582,0.6834733894,4423,0,1,www.staugustine.edu/,35723,0,02185400,0.3143,0,0,0.1371,0.7338,0.1579,NA,NA,2,IL,749,0.1455,0.8545,0.0013,0,0.0214,0.0587,0.7824,0,0.036,0.0881,0.012,2025-05-19,148876,Illinois,60640-3593,"Great Lakes (IL, IN, MI, OH, WI)",Private not-for-profit,No,No,City: Large,"Cook County, IL",Not applicable
St. Francis College,NA,21.477597712,6681,Brooklyn,2,42269,44491053,0.6444232602,0.4114285714,23250,0,1,https://www.sfc.edu/,58099,0,00282000,0.0602,0,0.0062,0.1369,0.4723,0.3381,NA,NA,3,NY,1931,0.334,0.666,0.0212,0.0331,0.0259,0.2605,0.3185,5e-4,0.1248,0.0404,0.175,2025-05-19,195173,New York,11201-4305,"Mid East (DE ,DC, MD, NJ, NY, PA)",Private not-for-profit,No,No,City: Large,"Kings County, NY",Not applicable
St. John's College,0.4429,20.546583851,8988,Annapolis,2,52683,149227172,0.4099378882,PS,27000,0,0,www.sjc.edu/,51584,0,00209200,0,0,0,0,0.2208,0.9306,NA,1381,3,MD,488,0.5061,0.4939,0.0594,0,0.0389,0.0225,0.0656,0,0.1496,0.0307,0.6332,2025-05-19,163976,Maryland,21401,"Mid East (DE ,DC, MD, NJ, NY, PA)",Private not-for-profit,No,No,Suburb: Large,"Anne Arundel County, MD",Not applicable
St. John's College,0.4429,20.546583851,8988,Annapolis,2,52683,149227172,0.4099378882,PS,27000,0,0,www.sjc.edu/,51584,0,00209200,0,0,0,0,0.2208,0.9306,NA,1381,3,MD,488,0.5061,0.4939,0.0594,0,0.0389,0.0225,0.0656,0,0.1496,0.0307,0.6332,2025-05-19,245652,New Mexico,87505-4599,"Southwest (AZ, NM, OK, TX)",Private not-for-profit,No,No,Rural: Fringe,"Santa Fe County, NM",Not applicable
St. John's College,0.4946,21.145833333,9334,Santa Fe,2,53018,97641539,0.3819444444,PS,PS,0,0,www.sjc.edu/,44985,0,00209300,0,0,0,0,0.2418,0.7213,NA,1367,3,NM,369,0.5203,0.4797,0.0569,0.0027,0.0163,0.0108,0.1247,0.0027,0.1301,0.0108,0.645,2025-05-19,163976,Maryland,21401,"Mid East (DE ,DC, MD, NJ, NY, PA)",Private not-for-profit,No,No,Suburb: Large,"Anne Arundel County, MD",Not applicable
St. John's College,0.4946,21.145833333,9334,Santa Fe,2,53018,97641539,0.3819444444,PS,PS,0,0,www.sjc.edu/,44985,0,00209300,0,0,0,0,0.2418,0.7213,NA,1367,3,NM,369,0.5203,0.4797,0.0569,0.0027,0.0163,0.0108,0.1247,0.0027,0.1301,0.0108,0.645,2025-05-19,245652,New Mexico,87505-4599,"Southwest (AZ, NM, OK, TX)",Private not-for-profit,No,No,Rural: Fringe,"Santa Fe County, NM",Not applicable
St. John's University-New York,0.7967,19.701235016,13140,Queens,2,61931,868932000,0.5904467853,0.3164556962,25000,0,0,www.stjohns.edu/,69571,0,00282300,0.0535,0,0.0043,0.2536,0.2367,0.4589,30,1215,3,NY,9742,0.4563,0.5437,0.045,0.0011,0.1612,0.154,0.2313,9e-4,0.0325,0.0102,0.3639,2025-05-19,195809,New York,11439,"Mid East (DE ,DC, MD, NJ, NY, PA)",Private not-for-profit,No,No,City: Large,"Queens County, NY",Roman Catholic
St. John Fisher University,0.678,21.106944444,9601,Rochester,2,52514,132548768,0.6097222222,0.2521994135,23250,0,0,https://www.sjf.edu/,66944,0,00282100,0.0697,0,0.0136,0.2258,0.2815,1,30,1207,3,NY,2579,0.4192,0.5808,0.0186,0.0035,0.0384,0.0527,0.0717,8e-4,0.0031,0.0112,0.79990000000000006,2025-05-19,195720,New York,14618-3597,"Mid East (DE ,DC, MD, NJ, NY, PA)",Private not-for-profit,No,No,Suburb: Large,"Monroe County, NY",Roman Catholic
St. Joseph's University-New York,0.714,24.009990485,9239,Brooklyn,2,39254,57336000,0.686489058,0.3757412399,22000,0,0,www.sjny.edu/,63905,0,00282500,0.3113,0,0.0072,0.168,0.3422,1,NA,1170,3,NY,3343,0.324,0.676,0.0242,0.0021,0.0416,0.0885,0.2178,0.0012,0.0305,0.0526,0.5414,2025-05-19,195544,New York,11205-3688,"Mid East (DE ,DC, MD, NJ, NY, PA)",Private not-for-profit,No,No,City: Large,"Kings County, NY",Not applicable
St. Mary's College of Maryland,0.7539,20.370235935,8799,St. Mary's City,1,31319,40034496,0.5970961887,0.2328244275,21000,0,0,https://www.smcm.edu/,60110,0,00209500,0,0,0.0378,0,0.2017,0.7302,NA,1232,3,MD,1566,0.3946,0.6054,0.0556,0,0.0287,0.1149,0.0837,0.0045,0.0032,0.0089,0.7005,2025-05-19,163912,Maryland,20686,"Mid East (DE ,DC, MD, NJ, NY, PA)",Public,No,No,Suburb: Small,"St. Mary's County, MD",Not applicable
St. Mary's University,0.8895,20.33366435,10468,San Antonio,2,46368,233509022,0.5690168818,0.3872387239,25563,0,1,www.stmarytx.edu/,56955,0,00362300,0.0045,0.0568,0.0205,0.25,0.4203,0.6432,30,989,3,TX,1911,0.4071,0.5929,0.012,0.0078,0.0167,0.0235,0.5484,0.0026,0.0853,0.1852,0.1183,2025-05-19,228149,Texas,78228,"Southwest (AZ, NM, OK, TX)",Private not-for-profit,No,No,City: Large,"Bexar County, TX",Roman Catholic
St. Thomas Aquinas College,0.8223,20.361423221,9445,Sparkill,2,51685,52452909,0.5187265918,0.3166666667,23198,0,0,www.stac.edu/,62909,0,00283200,0.1707,0,0.0244,0.2317,0.184,0.4101,NA,NA,3,NY,1009,0.5382,0.4618,0.0149,0.005,0.0208,0.1804,0.1665,0.003,0.0634,0.0466,0.4995,2025-05-19,195243,New York,10976-1050,"Mid East (DE ,DC, MD, NJ, NY, PA)",Private not-for-profit,No,No,Suburb: Large,"Rockland County, NY",Not applicable
St. Thomas University,0.994,24.237623762,8192,Miami Gardens,2,49762,34405192,0.5425742574,0.4127358491,19125,0,1,www.stu.edu/,54272,0,00146800,0.008,0,0,0.2735,0.2498,1,30,NA,3,FL,1963,0.5257,0.4743,0.0367,0.002,0.0036,0.3561,0.3072,0.0025,0.1381,0.0464,0.1075,2025-05-19,137476,Florida,33054-6459,"Southeast (AL, AR, FL, GA, KY, LA, MS, NC, SC, TN, VA, WV)",Private not-for-profit,No,No,Suburb: Large,"Miami-Dade County, FL",Roman Catholic
Stanford University,0.0391,19.709330144,24226,Stanford,2,82162,36338794000,0.4940191388,0.3033854167,12000,0,0,www.stanford.edu/,124080,0,00130500,0,0.164,0.0559,0,0.1923,0.99,NA,1553,3,CA,7841,0.4832,0.5168,0.0958,0.0079,0.2747,0.0791,0.1766,0.0024,0.1178,0.0041,0.2416,2025-05-19,243744,California,94305,"Far West (AK ,CA ,HI, NV, OR, WA)",Private not-for-profit,No,No,Suburb: Large,"Santa Clara County, CA",Not applicable
State College of Florida-Manatee-Sarasota,NA,24.329946783,6790,Bradenton,1,28277,57898788,0.6173197871,0.4584276018,9000,0,0,www.scf.edu/,40318,0,00150400,0.0413,0,0,0.0717,0.3606,0.3863,NA,NA,2,FL,7161,0.3692,0.6308,0.0034,0.0057,0.0388,0.0876,0.256,0.0013,0.0268,0.0378,0.5427,2025-05-19,135391,Florida,34207,"Southeast (AL, AR, FL, GA, KY, LA, MS, NC, SC, TN, VA, WV)",Public,No,No,Suburb: Large,"Manatee County, FL",Not applicable
State University of New York at Cortland,0.5071,20.381115612,7301,Cortland,1,26413,47688409,0.5403552509,0.2709096968,21500,0,0,www2.cortland.edu/,60236,0,00284300,0.3578,0,0.0028,0.0615,0.2685,0.5633,NA,NA,3,NY,5896,0.4691,0.5309,0.0219,0.0015,0.0117,0.0405,0.123,5e-4,0.0083,0.0315,0.761,2025-05-19,196149,New York,13045-0900,"Mid East (DE ,DC, MD, NJ, NY, PA)",Public,No,No,Town: Distant,"Cortland County, NY",Not applicable
State University of New York at New Paltz,0.587,21.028475084,8063,New Paltz,1,27034,30059599,0.6354439865,0.3169421488,18750,0,0,www.newpaltz.edu/,58073,0,00284600,0.1574,0.0444,0.0102,0.1142,0.3287,0.4841,NA,1267,3,NY,6022,0.3632,0.6368,0.0309,2e-4,0.0443,0.0734,0.23,0.001,0.01,0.0242,0.586,2025-05-19,196176,New York,12561-2443,"Mid East (DE ,DC, MD, NJ, NY, PA)",Public,No,No,Suburb: Large,"Ulster County, NY",Not applicable
State University of New York at Oswego,0.8039,20.690869087,7834,Oswego,1,27155,52267406,0.5129262926,0.2781818182,20880,0,0,https://www.oswego.edu/,57566,0,00284800,0.093,0.0153,0.0058,0.236,0.387,0.6643,NA,1177,3,NY,5618,0.4834,0.5166,0.036,0.0018,0.0279,0.1082,0.1401,5e-4,0.0315,0.0025,0.6515,2025-05-19,196194,New York,13126,"Mid East (DE ,DC, MD, NJ, NY, PA)",Public,No,No,Town: Distant,"Oswego County, NY",Not applicable
Stephen F Austin State University,0.8825,21.432950949,8500,Nacogdoches,1,24231,106949530,0.6564477848,0.353515625,23409,0,0,https://www.sfasu.edu/,49634,0,00362400,0,0.0104,0.0043,0.1955,0.3679,0.7425,NA,1074,3,TX,8746,0.3717,0.6283,0.0418,0.0049,0.0126,0.1199,0.2323,3e-4,0.0072,0.015,0.5659,2025-05-19,228431,Texas,75961,"Southwest (AZ, NM, OK, TX)",Public,No,No,Town: Remote,"Nacogdoches County, TX",Not applicable
Stephens College,0.9155,22.348387097,7351,Columbia,2,42694,53919550,PS,0.3089622642,27000,0,0,https://www.stephens.edu/,43071,0,00251200,0.0737,0,0,0.0632,0.4171,0.9149,NA,1104,3,MO,353,0.0397,0.9603,0.0822,0.0057,0.0113,0.1048,0.0085,0,0.0142,0.2068,0.5666,2025-05-19,179548,Missouri,65215,"Plains (IA, KS, MN, MO, NE, ND, SD)",Private not-for-profit,No,No,City: Midsize,"Boone County, MO",Not applicable
Sterling College,0.5303,20.856,5086,Sterling,2,44836,13468512,0.3733333333,0.340974212,24625,0,0,www.sterling.edu/,45846,0,00194500,0.1075,0,0,0.3011,0.3167,0.4653,NA,NA,3,KS,569,0.5975,0.4025,0.0861,0.0053,0.0018,0.1107,0.0562,0.0035,0.0861,0.0123,0.638,2025-05-19,155937,Kansas,67579,"Plains (IA, KS, MN, MO, NE, ND, SD)",Private not-for-profit,No,No,Rural: Distant,"Rice County, KS",Not applicable
Sterling College,0.5303,20.856,5086,Sterling,2,44836,13468512,0.3733333333,0.340974212,24625,0,0,www.sterling.edu/,45846,0,00194500,0.1075,0,0,0.3011,0.3167,0.4653,NA,NA,3,KS,569,0.5975,0.4025,0.0861,0.0053,0.0018,0.1107,0.0562,0.0035,0.0861,0.0123,0.638,2025-05-19,231095,Vermont,05827-0072,"New England (CT, ME, MA, NH, R,I VT)",Private not-for-profit,No,No,Rural: Remote,"Orleans County, VT",Not applicable
Stetson University,0.8643,20.056784661,10579,DeLand,2,69807,352639796,0.6157817109,0.2672482157,23250,0,0,https://www.stetson.edu/,51642,0,00153100,0.0324,0,0.0095,0.2797,0.3542,0.6699,NA,1208,3,FL,2292,0.4311,0.5689,0.062,0.0013,0.0166,0.1222,0.1968,0.0013,0.086,0.01,0.5039,2025-05-19,137546,Florida,32723,"Southeast (AL, AR, FL, GA, KY, LA, MS, NC, SC, TN, VA, WV)",Private not-for-profit,No,No,Suburb: Midsize,"Volusia County, FL",Not applicable
Stevens Institute of Technology,0.4344,19.316046967,16961,Hoboken,2,76449,269274000,0.2847358121,0.1549439348,27000,0,0,www.stevens.edu/,108772,0,00263900,0,0.5306,0.0897,0.096,0.2047,1,NA,1447,3,NJ,4084,0.6685,0.3315,0.0419,5e-4,0.1991,0.0255,0.1572,0,0.0326,0.0522,0.4912,2025-05-19,186867,New Jersey,07030-5991,"Mid East (DE ,DC, MD, NJ, NY, PA)",Private not-for-profit,No,No,Suburb: Large,"Hudson County, NJ",Not applicable
Stevenson University,0.832,21.637663886,8699,Owings Mills,2,57322,103541347,0.6609058403,0.3069435432,26000,0,0,www.stevenson.edu/,62079,0,00210700,0.0428,0.0027,0.0053,0.1765,0.2894,0.301,NA,NA,3,MD,3027,0.3849,0.6151,0.0591,0.0017,0.036,0.3046,0.0971,0.001,0.0116,0.0135,0.4754,2025-05-19,164173,Maryland,21153-0641,"Mid East (DE ,DC, MD, NJ, NY, PA)",Private not-for-profit,No,No,Rural: Fringe,"Baltimore County, MD",Not applicable
Stillman College,0.7422,21.027729636,5415,Tuscaloosa,2,23485,19839522,0.4610051993,0.4105058366,29067,1,0,https://stillman.edu/,35421,0,00104400,0.1596,0,0,0.2553,0.682,0.5476,66,NA,3,AL,761,0.4455,0.5545,0,0,0.0013,0.8581,0.0053,0,0.0355,0.025,0.0749,2025-05-19,102270,Alabama,35401,"Southeast (AL, AR, FL, GA, KY, LA, MS, NC, SC, TN, VA, WV)",Private not-for-profit,Yes,No,City: Small,"Tuscaloosa County, AL",Presbyterian Church (USA)
Stockton University,0.8817,21.888829787,10580,Galloway,1,32159,40438008,0.6130319149,0.4040081324,20500,0,0,https://www.stockton.edu/,57602,0,00934500,0.0089,0,0.0108,0.1926,0.415,0.4883,NA,1171,3,NJ,7770,0.3928,0.6072,0.0373,6e-4,0.0741,0.1008,0.1936,5e-4,0.0069,0.0068,0.5793,2025-05-19,186876,New Jersey,08205-9441,"Mid East (DE ,DC, MD, NJ, NY, PA)",Public,No,No,Suburb: Midsize,"Atlantic County, NJ",Not applicable
Stone Child College,NA,24.435897436,5940,Box Elder,1,13607,5372761,0.5128205128,0.2680412371,PS,0,0,www.stonechild.edu/,24555,0,02610900,0.1563,0,0,0.3438,0.4164,0.5909,NA,NA,2,MT,187,0.2941,0.7059,0,0.9412,0,0,0,0,0,0,0.0588,2025-05-19,366340,Montana,59521-9796,"Rocky Mountains (CO, ID, MT, UT, WY)",Public,No,Yes,Rural: Remote,"Chouteau County, MT",Not applicable
Stonehill College,0.7256,19.43043043,10495,Easton,2,68412,295106757,0.6086086086,0.1639004149,25000,0,0,https://www.stonehill.edu/,77745,0,00221700,0.1068,0.0055,0.0074,0.2891,0.1479,0.5248,30,NA,3,MA,2477,0.4598,0.5402,0.0335,0.0012,0.0234,0.0525,0.0763,0,0.0182,0.027,0.7679,2025-05-19,167996,Massachusetts,02357-6110,"New England (CT, ME, MA, NH, R,I VT)",Private not-for-profit,No,No,Suburb: Large,"Bristol County, MA",Roman Catholic
Stony Brook University,0.4901,21.160121869,13838,Stony Brook,1,29174,370323490,0.5101557211,0.3614088821,18228,0,0,https://www.stonybrook.edu/,74502,0,00283800,2e-4,0.0681,0.077,0.1081,0.3837,0.6177,NA,1410,3,NY,17420,0.4908,0.5092,0.0312,6e-4,0.3577,0.0604,0.1533,5e-4,0.0817,0.0466,0.2681,2025-05-19,196097,New York,11794,"Mid East (DE ,DC, MD, NJ, NY, PA)",Public,No,No,Suburb: Large,"Suffolk County, NY",Not applicable
Suffolk University,0.8474,20.245924546,13004,Boston,2,62822,253973639,0.6008383791,0.2965027876,26889,0,0,https://www.suffolk.edu/,67506,0,00221800,0.0022,0,0.0043,0.3703,0.2741,0.5668,NA,1197,3,MA,4434,0.369,0.631,0.0392,7e-4,0.0713,0.0785,0.1721,2e-4,0.1191,0.0219,0.4971,2025-05-19,168005,Massachusetts,02108-2770,"New England (CT, ME, MA, NH, R,I VT)",Private not-for-profit,No,No,City: Large,"Suffolk County, MA",Not applicable
Sul Ross State University,0.9562,23.242057489,7540,Alpine,1,23759,23837014,0.5453857791,0.4626998224,15900,0,1,www.sulross.edu/,41871,0,00362500,0.1519,0,0.0138,0.1796,0.5161,0.5986,NA,984,3,TX,1378,0.4412,0.5588,0.0167,0.0051,0.0044,0.066,0.6945,0.0015,0.0022,0.0094,0.2003,2025-05-19,228501,Texas,79832,"Southwest (AZ, NM, OK, TX)",Public,No,No,Town: Remote,"Brewster County, TX",Not applicable
SUM Bible College and Theological Seminary,0.6421,28.264781491,5000,El Dorado Hills,2,24340,93300,0.5038560411,0.5363636364,26677,0,0,www.sum.edu/,35418,0,03752400,0,0,0,0,0.5288,1,27,NA,3,CA,312,0.5288,0.4712,0,0.0609,0.016,0.0769,0.2308,0.0032,0.0032,0.3173,0.2917,2025-05-19,447953,California,95762,"Far West (AK ,CA ,HI, NV, OR, WA)",Private not-for-profit,No,No,Rural: Fringe,"El Dorado County, CA",Assemblies of God Church
SUNY at Fredonia,0.792,20.098531502,7939,Fredonia,1,25331,42205538,0.6082425391,0.2281675921,24250,0,0,https://www.fredonia.edu/,54247,0,00284400,0.1776,0,0.0107,0.0977,0.3745,0.5669,NA,1213,3,NY,2860,0.4241,0.5759,0.0357,0.0045,0.0147,0.072,0.1087,0,0.0143,0.0105,0.7395,2025-05-19,196158,New York,14063-1136,"Mid East (DE ,DC, MD, NJ, NY, PA)",Public,No,No,Town: Distant,"Chautauqua County, NY",Not applicable
SUNY at Purchase College,0.7283,21.07367829,7974,Purchase,1,28541,77354169,0.588863892,0.2413793103,21067,0,1,www.purchase.edu/,45092,0,00679100,0,0,0.025,0,0.3563,0.409,NA,1277,3,NY,3110,0.4125,0.5875,0.063,3e-4,0.0383,0.1209,0.2502,0.001,0.0151,0.0071,0.5042,2025-05-19,196219,New York,10577-1400,"Mid East (DE ,DC, MD, NJ, NY, PA)",Public,No,No,Suburb: Large,"Westchester County, NY",Not applicable
SUNY Brockport,0.7129,22.237836291,8290,Brockport,1,25635,21853048,0.5812821981,0.3152955896,20000,0,0,https://www.brockport.edu/,54496,0,00284100,0.0977,0,0.0049,0.1165,0.3873,0.5942,NA,1147,3,NY,5381,0.4135,0.5865,0.0251,0.0035,0.0264,0.1195,0.1002,0,0.0078,0.0361,0.6815,2025-05-19,196121,New York,14420-2919,"Mid East (DE ,DC, MD, NJ, NY, PA)",Public,No,No,Town: Fringe,"Monroe County, NY",Not applicable
SUNY Buffalo State University,0.7587,21.234532374,8749,Buffalo,1,23171,78027775,0.5771839671,0.3401759531,21028,0,0,https://suny.buffalostate.edu/,52334,0,00284200,0.1521,0,0.0099,0.1223,0.5333,0.5472,NA,1080,3,NY,5358,0.4298,0.5702,0.0424,0.0052,0.0651,0.3044,0.1252,4e-4,0.0045,6e-4,0.4522,2025-05-19,196130,New York,14222,"Mid East (DE ,DC, MD, NJ, NY, PA)",Public,No,No,City: Large,"Erie County, NY",Not applicable
SUNY College at Geneseo,0.6353,19.834839357,8512,Geneseo,1,26461,33700961,0.6189759036,0.1863874346,19500,0,0,https://www.geneseo.edu/,67316,0,00284500,0.1935,0,0.0191,0.1363,0.2541,0.6185,NA,1296,3,NY,3855,0.3523,0.6477,0.006,0.0044,0.0296,0.0363,0.0669,8e-4,0.0088,0.0304,0.8169,2025-05-19,196167,New York,14454-1465,"Mid East (DE ,DC, MD, NJ, NY, PA)",Public,No,No,Town: Distant,"Livingston County, NY",Not applicable
SUNY College at Potsdam,0.8548,20.457680251,7022,Potsdam,1,24489,41226819,0.5830721003,0.3411488863,24250,0,0,www.potsdam.edu/,47866,0,00285000,0.2826,0,0.0073,0.0917,0.4265,0.6821,NA,NA,3,NY,1951,0.4172,0.5828,0.0292,0.0154,0.0169,0.0748,0.0984,0.001,0.0108,0.0226,0.7309,2025-05-19,196200,New York,13676-2294,"Mid East (DE ,DC, MD, NJ, NY, PA)",Public,No,No,Town: Remote,"St. Lawrence County, NY",Not applicable
SUNY College of Agriculture and Technology at Cobleskill,0.8325,20.544108178,7223,Cobleskill,1,27108,10586312,0.5370251127,0.3289760349,16023,0,0,www.cobleskill.edu/,45030,0,00285600,0.0249,0,0,0.089,0.4251,0.6392,NA,1060,3,NY,1776,0.4296,0.5704,0.0282,0.0017,0.0175,0.0878,0.1419,0.0011,0.0096,0.0253,0.6869,2025-05-19,196033,New York,12043,"Mid East (DE ,DC, MD, NJ, NY, PA)",Public,No,No,Town: Distant,"Schoharie County, NY",Not applicable
SUNY College of Environmental Science and Forestry,0.8294,20.924450549,9564,Syracuse,1,27958,40351501,0.4697802198,0.2042553191,11000,0,0,www.esf.edu/,55763,0,00285100,0,0.1466,0,0.0313,0.2566,0.7174,NA,NA,3,NY,1725,0.4655,0.5345,0.0406,0.0017,0.0284,0.0261,0.1084,6e-4,0.0238,0.0226,0.7478,2025-05-19,196103,New York,13210,"Mid East (DE ,DC, MD, NJ, NY, PA)",Public,No,No,City: Midsize,"Onondaga County, NY",Not applicable
SUNY College of Technology at Alfred,0.8175,20.994094488,6397,Alfred,1,23982,7414962,0.3602362205,0.3327526132,13750,0,0,www.alfredstate.edu/,50445,0,00285400,0,9e-4,0,0.0929,0.448,0.7406,NA,1059,2,NY,3510,0.6313,0.36870000000000003,0.0493,0.0031,0.0066,0.1225,0.1279,0.0011,0.0028,0.0011,0.6855,2025-05-19,196006,New York,14802,"Mid East (DE ,DC, MD, NJ, NY, PA)",Public,No,No,Town: Remote,"Allegany County, NY",Not applicable
SUNY College of Technology at Canton,0.9634,22.485432099,7626,Canton,1,23169,14969511,0.5713580247,0.3698092031,20000,0,0,www.canton.edu/,47860,0,00285500,0,0.0063,0,0.0995,0.4723,0.5512,NA,NA,3,NY,2778,0.4345,0.5655,0.0353,0.0155,0.0277,0.1098,0.1123,7e-4,0.0194,0.027,0.6523,2025-05-19,196015,New York,13617-1098,"Mid East (DE ,DC, MD, NJ, NY, PA)",Public,No,No,Town: Remote,"St. Lawrence County, NY",Not applicable
SUNY College of Technology at Delhi,0.8841,21.982938389,6748,Delhi,1,26285,7922088,0.5075829384,0.3786565547,15180,0,0,www.delhi.edu/,51629,0,00285700,0,0,0,0.1299,0.461,0.6667,NA,NA,2,NY,2597,0.4994,0.5006,0.0312,0.0015,0.0189,0.1652,0.1898,0.0012,0.0015,0.0308,0.5599,2025-05-19,196024,New York,13753-1100,"Mid East (DE ,DC, MD, NJ, NY, PA)",Public,No,No,Town: Remote,"Delaware County, NY",Not applicable
SUNY Downstate Health Sciences University,NA,29.012195122,11735,Brooklyn,1,NA,32951564,0.7967479675,0.3791469194,12500,0,0,https://www.downstate.edu/,109601,0,00283900,0,0,0,0,0.078,0.7447,NA,NA,3,NY,286,0.1713,0.8287,0.0315,0,0.2238,0.2098,0.1748,0,0.0105,0.0385,0.3112,2025-05-19,196255,New York,11203-2098,"Mid East (DE ,DC, MD, NJ, NY, PA)",Public,No,No,City: Large,"Kings County, NY",Not applicable
SUNY Maritime College,0.7851,20.394594595,8525,Throggs Neck,1,28880,9151491,0.1261261261,0.2148288973,23250,0,0,www.sunymaritime.edu/,95951,0,00285300,0,0.41,0,0.1533,0.2062,0.7018,NA,1199,3,NY,1242,0.8768,0.1232,0.0266,8e-4,0.0386,0.058,0.1586,8e-4,0.0266,0.0354,0.6546,2025-05-19,196291,New York,10465-4198,"Mid East (DE ,DC, MD, NJ, NY, PA)",Public,No,No,City: Large,"Bronx County, NY",Not applicable
SUNY Morrisville,0.9123,21.307874763,7029,Morrisville,1,26031,3135487,0.4966793169,0.3506146446,18742,0,0,www.morrisville.edu/,43295,0,00285900,0,0,0,0.0928,0.5463,0.6316,NA,NA,2,NY,1860,0.5452,0.4548,0.0344,0.0054,0.0134,0.2887,0.1097,5e-4,0.0167,0.007,0.5242,2025-05-19,196051,New York,13408,"Mid East (DE ,DC, MD, NJ, NY, PA)",Public,No,No,Rural: Distant,"Madison County, NY",Not applicable
SUNY Old Westbury,0.8458,23.1072295,10050,Old Westbury,1,19934,291008,0.615720524,0.3938859494,14997,0,1,www.oldwestbury.edu/,58526,0,00710900,0.1508,0,0.0064,0.2342,0.4738,0.4223,NA,NA,3,NY,3945,0.4144,0.5856,0.0297,0.002,0.1163,0.2454,0.3202,0.002,0.0375,0.0079,0.239,2025-05-19,196237,New York,11568-0210,"Mid East (DE ,DC, MD, NJ, NY, PA)",Public,No,No,Suburb: Large,"Nassau County, NY",Not applicable
SUNY Oneonta,0.7015,20.09214619,7658,Oneonta,1,27258,66608098,0.6084758942,0.2577405858,19812,0,0,https://suny.oneonta.edu/,60386,0,00284700,0.2255,0,0.0122,0.1223,0.3334,0.6,NA,1181,3,NY,4820,0.4054,0.5946,0.0247,0.0019,0.0212,0.0579,0.1716,6e-4,0.0012,0.0207,0.7002,2025-05-19,196185,New York,13820-4015,"Mid East (DE ,DC, MD, NJ, NY, PA)",Public,No,No,Town: Remote,"Otsego County, NY",Not applicable
SUNY Polytechnic Institute,0.7844,22.76504298,9405,Utica,1,23018,7437760,0.3591212989,0.3052415211,17250,0,0,www.sunypoly.edu/,64355,0,01167800,0,0.1481,0.0097,0.1715,0.3673,0.4776,NA,1248,3,NY,1773,0.6746,0.3254,0.0333,0.0034,0.0801,0.097,0.1083,0,0.0141,0.0023,0.6616,2025-05-19,196112,New York,13502,"Mid East (DE ,DC, MD, NJ, NY, PA)",Public,No,No,Suburb: Midsize,"Oneida County, NY",Not applicable
Susquehanna University,0.7871,19.456744186,8845,Selinsgrove,2,72563,192778361,0.5637209302,0.2158979392,27000,0,0,www.susqu.edu/,61723,0,00336900,0.0817,0,0.0104,0.247,0.2388,0.6483,39,1211,3,PA,2120,0.4344,0.5656,0.0316,9e-4,0.0165,0.0656,0.0741,9e-4,0.0132,0.0241,0.7731,2025-05-19,216278,Pennsylvania,17870-1025,"Mid East (DE ,DC, MD, NJ, NY, PA)",Private not-for-profit,No,No,Town: Distant,"Snyder County, PA",Evangelical Lutheran Church
Swarthmore College,0.0694,19.334532374,14517,Swarthmore,2,80014,2725238000,0.5467625899,0.2687747036,17500,0,0,www.swarthmore.edu/,80257,0,00337000,0.0611,0.0807,0.0733,0,0.2001,0.9358,NA,1527,3,PA,1627,0.4856,0.5144,0.1106,0.0043,0.1758,0.094,0.1512,6e-4,0.142,0.0264,0.295,2025-05-19,216287,Pennsylvania,19081,"Mid East (DE ,DC, MD, NJ, NY, PA)",Private not-for-profit,No,No,Suburb: Large,"Delaware County, PA",Not applicable
Sweet Briar College,0.7174,20.503546099,7149,Sweet Briar,2,41832,68209620,PS,0.232,27000,0,0,www.sbc.edu/,51943,0,00374200,0.0694,0.0833,0.0139,0.1528,0.3129,0.75,NA,1227,3,VA,463,0,1,0.0086,0.0108,0.0281,0.0907,0.0475,0.0022,0.095,0.0367,0.6803,2025-05-19,233718,Virginia,24595-9998,"Southeast (AL, AR, FL, GA, KY, LA, MS, NC, SC, TN, VA, WV)",Private not-for-profit,No,No,Suburb: Midsize,"Amherst County, VA",Not applicable
Syracuse University,0.4169,20.151344025,12872,Syracuse,2,80396,1759954440,0.5547775017,0.1886792453,26000,0,0,https://www.syracuse.edu/,79164,0,00288200,0.0197,0.0602,0.0091,0.1265,0.1622,0.6697,NA,1351,3,NY,15245,0.4474,0.5526,0.0439,0.0056,0.0733,0.0764,0.1153,6e-4,0.1156,0.0162,0.5532,2025-05-19,196413,New York,13244,"Mid East (DE ,DC, MD, NJ, NY, PA)",Private not-for-profit,No,No,City: Midsize,"Onondaga County, NY",Not applicable
Tabor College,0.6462,22.985507246,6015,Hillsboro,2,48360,14712200,0.4516908213,0.3139841689,23887,0,0,tabor.edu/,54058,0,00194600,0.0899,0,0.0225,0.2584,0.3783,0.6458,43,1049,3,KS,530,0.6038,0.3962,0.0642,0.0094,0.0019,0.0925,0.1566,0.0038,0.066,0.0075,0.5981,2025-05-19,155973,Kansas,67063-1799,"Plains (IA, KS, MN, MO, NE, ND, SD)",Private not-for-profit,No,No,Town: Remote,"Marion County, KS",Mennonite Brethren Church
Tacoma Community College,NA,27.709903917,9446,Tacoma,1,16197,5550247,0.6433850702,0.450525394,13000,0,0,https://www.tacomacc.edu/,47168,0,00379600,0.0409,0.0158,0,0.2209,0.2432,0.9603,NA,NA,2,WA,4248,0.3416,0.6584,0.1304,0.0075,0.0855,0.1012,0.1817,0.012,0.0374,0.1052,0.339,2025-05-19,236753,Washington,98466-6100,"Far West (AK ,CA ,HI, NV, OR, WA)",Public,No,No,City: Midsize,"Pierce County, WA",Not applicable
Talladega College,0.9925,21.151639344,5951,Talladega,2,23441,2986503,0.4897540984,0.3980582524,28500,1,0,www.talladega.edu/,32229,0,00104600,0.0417,0,0.0069,0.3125,0.7551,0.4659,76,NA,3,AL,782,0.5627,0.4373,0.0141,0.0038,0.0013,0.7788,0.0844,0.0013,0,0.0665,0.0499,2025-05-19,102298,Alabama,35160,"Southeast (AL, AR, FL, GA, KY, LA, MS, NC, SC, TN, VA, WV)",Private not-for-profit,Yes,No,Town: Distant,"Talladega County, AL",United Church of Christ
Tallahassee Community College,NA,22.307568697,5672,Tallahassee,1,13188,17884735,0.5381648722,0.4186651794,7668,0,1,www.tcc.fl.edu/,37561,0,00153300,0.0092,0,0,0.0144,0.3699,0.2493,NA,NA,2,FL,10357,0.4397,0.5603,0.0323,0.0016,0.0129,0.2639,0.2871,0.001,0.0218,0.0051,0.3741,2025-05-19,137759,Florida,32304-2895,"Southeast (AL, AR, FL, GA, KY, LA, MS, NC, SC, TN, VA, WV)",Public,No,No,City: Midsize,"Leon County, FL",Not applicable
Talmudical Seminary of Bobov,0.9807,18.827118644,3143,Brooklyn,2,18400,NA,PS,0.8509090909,PS,0,0,www.independentrabbinicalcolleges.org/,22432,0,04115500,0,0,0,0,0.9455,1,80,NA,3,NY,515,1,0,0,0,0,0,0,0,0,0,1,2025-05-19,451404,New York,11219,"Mid East (DE ,DC, MD, NJ, NY, PA)",Private not-for-profit,No,No,City: Large,"Kings County, NY",Jewish
Talmudical Seminary Oholei Torah,0.7808,19.15819209,6247,Brooklyn,2,19724,NA,PS,PS,PS,0,0,www.tsot.edu/,39230,0,01201100,0,0,0,0,0.6006,0.7692,NA,NA,2,NY,353,1,0,0,0,0,0,0,0,0.1133,0,0.8867,2025-05-19,196431,New York,11213,"Mid East (DE ,DC, MD, NJ, NY, PA)",Private not-for-profit,No,No,City: Large,"Kings County, NY",Not applicable
Talmudical Yeshiva of Philadelphia,0.7551,19.052631579,5106,Philadelphia,2,21600,NA,PS,PS,PS,0,0,https://www.meterware.com/typ/Talmudical_Yeshiva_of_Philadelphia/?C=N;O=D,NA,0,01252300,0,0,0,0,0.2764,NA,80,NA,3,PA,120,1,0,0,0,0,0,0,0,0.05,0,0.95,2025-05-19,216311,Pennsylvania,19131,"Mid East (DE ,DC, MD, NJ, NY, PA)",Private not-for-profit,No,No,City: Large,"Philadelphia County, PA",Jewish
Tarleton State University,0.942,23.948853016,8176,Stephenville,1,22981,83786985,0.6463891249,0.4210031937,19606,0,0,www.tarleton.edu/,53040,0,00363100,0.0196,0.0207,0.0057,0.1795,0.3711,0.6,NA,1068,3,TX,12263,0.3737,0.6263,0.0323,0.0072,0.0104,0.0616,0.2344,0.0011,0.0066,0.009,0.6374,2025-05-19,228529,Texas,76401-0000,"Southwest (AZ, NM, OK, TX)",Public,No,No,Town: Remote,"Erath County, TX",Not applicable
Taylor University,0.7611,21.148703956,7497,Upland,2,51879,117969612,0.6016371078,0.1456582633,20500,0,0,https://www.taylor.edu/,52198,0,00183800,0.1368,0.0401,0.0047,0.1415,0.1312,0.6087,42,1232,3,IN,1890,0.4619,0.5381,0.036,0.0011,0.0328,0.0249,0.0455,0.0011,0.045,0.0175,0.7963,2025-05-19,152530,Indiana,46989-1001,"Great Lakes (IL, IN, MI, OH, WI)",Private not-for-profit,No,No,Town: Distant,"Grant County, IN",Interdenominational
Temple University,0.8292,21.358519229,12483,Philadelphia,1,39799,812705000,0.550251859,0.2959157015,24395,0,0,www.temple.edu/,63727,0,00337100,0.0364,0.0412,0.0087,0.206,0.3007,0.5641,NA,NA,3,PA,21249,0.4459,0.5541,0.0448,0.0021,0.1525,0.1724,0.0994,7e-4,0.0342,0.0311,0.4628,2025-05-19,216339,Pennsylvania,19122-6096,"Mid East (DE ,DC, MD, NJ, NY, PA)",Public,No,No,City: Large,"Philadelphia County, PA",Not applicable
Tennessee State University,0.9263,22.246760408,8484,Nashville,1,23828,92159036,0.6611524676,0.3742838956,27000,1,0,www.tnstate.edu/,42730,0,00352200,0.058,0.0644,0.0039,0.1869,0.518,0.7118,NA,1017,3,TN,6498,0.3421,0.6579,0.0268,6e-4,0.008,0.8503,0.0266,2e-4,0.0172,0.0248,0.0456,2025-05-19,221838,Tennessee,37209-1561,"Southeast (AL, AR, FL, GA, KY, LA, MS, NC, SC, TN, VA, WV)",Public,Yes,No,City: Large,"Davidson County, TN",Not applicable
Tennessee Technological University,0.8316,21.568092205,9087,Cookeville,1,25338,85351963,0.5007582651,0.3755700326,15650,0,0,www.tntech.edu/,48501,0,00352300,0.1134,0.1403,0.0032,0.1527,0.3103,0.755,NA,1148,3,TN,8495,0.5491,0.4509,0.0275,0.0019,0.0246,0.0453,0.0518,0.0012,0.019,0.031,0.7978,2025-05-19,221847,Tennessee,38505-0001,"Southeast (AL, AR, FL, GA, KY, LA, MS, NC, SC, TN, VA, WV)",Public,No,No,Town: Remote,"Putnam County, TN",Not applicable
Tennessee Wesleyan University,0.5941,23.582623509,5588,Athens,2,36828,15313778,0.6201022147,0.4146788991,20000,0,0,www.tnwesleyan.edu/,45989,0,00352500,0.08,0.0036,0.0073,0.2727,0.3843,1,71,1051,3,TN,832,0.3786,0.6214,0.0228,0,0.0084,0.0577,0.0577,0,0.0745,0.0313,0.7476,2025-05-19,221731,Tennessee,37303,"Southeast (AL, AR, FL, GA, KY, LA, MS, NC, SC, TN, VA, WV)",Private not-for-profit,No,No,Town: Distant,"McMinn County, TN",United Methodist
Texas A & M International University,0.4596,21.690728264,8971,Laredo,1,14767,93967070,0.6114854026,0.4917466411,15000,0,1,www.tamiu.edu/,48386,0,00965100,0.0031,0.0357,0.0186,0.1708,0.6333,0.5793,NA,1008,3,TX,6502,0.3968,0.6032,0.0018,6e-4,0.0032,0.0055,0.9173,0,0.0501,0.0022,0.0192,2025-05-19,226152,Texas,78041-1900,"Southwest (AZ, NM, OK, TX)",Public,No,No,City: Large,"Webb County, TX",Not applicable
Texas A & M University-College Station,0.6325,20.305687957,14313,College Station,1,32085,17219500588,0.5116777884,0.2995074728,17804,0,1,https://www.tamu.edu/,72097,0,00363200,0.0216,0.1754,0.0124,0.1475,0.1923,0.8444,NA,1272,3,TX,59099,0.5294,0.4706,0.0381,0.0023,0.1259,0.0233,0.2543,3e-4,0.0111,0.0039,0.5408,2025-05-19,228723,Texas,77843-1248,"Southwest (AZ, NM, OK, TX)",Public,No,No,City: Midsize,"Brazos County, TX",Not applicable
Texas A & M University-Commerce,0.9259,25.237094137,8845,Commerce,1,23663,34196610,0.631394534,0.4202706288,20500,0,1,www.tamuc.edu/,50296,0,00356500,0.0481,0.0193,0.0072,0.1255,0.405,0.4592,NA,1067,3,TX,8249,0.3976,0.6024,0.0513,0.0035,0.0233,0.193,0.2611,0.0012,0.0127,0.0589,0.395,2025-05-19,224554,Texas,75429-3011,"Southwest (AZ, NM, OK, TX)",Public,No,No,Town: Distant,"Hunt County, TX",Not applicable
Texas A & M University-Corpus Christi,0.8947,21.672406968,9184,Corpus Christi,1,24562,133138448,0.6254948535,0.390052356,23000,0,1,https://www.tamucc.edu/,51865,0,01116100,0.0308,0.0415,0.0042,0.1999,0.3965,0.7362,NA,1086,3,TX,7804,0.4017,0.5983,0.0313,0.0027,0.0275,0.04,0.5346,0.0012,0.0186,0.0099,0.3343,2025-05-19,224147,Texas,78412-5503,"Southwest (AZ, NM, OK, TX)",Public,No,No,City: Large,"Nueces County, TX",Not applicable
Texas A & M University-Kingsville,0.9229,23.544512947,8594,Kingsville,1,22262,125092998,0.5565967941,0.4587833997,22934,0,1,https://www.tamuk.edu/,51450,0,00363900,0.0536,0.2514,0,0.0831,0.5455,0.8445,NA,1030,3,TX,4622,0.4996,0.5004,0.0106,0.0015,0.0058,0.0409,0.7648,0.0013,0.0203,0.0013,0.1534,2025-05-19,228705,Texas,78363,"Southwest (AZ, NM, OK, TX)",Public,No,No,Town: Distant,"Kleberg County, TX",Not applicable
Texas A&M University-Central Texas,1,32.727606461,8517,Killeen,1,13220,3333796,0.6629955947,0.4310051107,17750,0,1,tamuct.edu/,NA,0,04229500,0.0581,0,0.0018,0.2559,0.4847,0.5167,NA,NA,3,TX,1698,0.404,0.596,0.0241,0.0047,0.0453,0.2261,0.30620000000000003,0.0082,0.0018,0.02,0.3634,2025-05-19,483036,Texas,76549,"Southwest (AZ, NM, OK, TX)",Public,No,No,Rural: Fringe,"Bell County, TX",Not applicable
Texas A&M University-San Antonio,0.92,29.098445596,8248,San Antonio,1,21840,4211101,0.6667575675,0.5349344978,18401,0,1,www.tamusa.edu/,54338,0,04248500,0,0,0.0071,0.263,0.5083,1,NA,954,3,TX,6224,0.349,0.651,0.0199,0.004,0.0143,0.0593,0.6991,0.0013,0.0084,0.0112,0.1825,2025-05-19,459949,Texas,78224,"Southwest (AZ, NM, OK, TX)",Public,No,No,Rural: Fringe,"Bexar County, TX",Not applicable
Texas A&M University-Texarkana,0.8019,27.268406337,8906,Texarkana,1,22143,11565632,0.6505125815,0.4750519751,18953,0,0,www.tamut.edu/,45515,0,03170300,0.0627,0.0463,0,0.2071,0.5126,0.6405,NA,1006,3,TX,1748,0.3913,0.6087,0.0521,0.0029,0.0114,0.1796,0.1934,0.0011,0.0566,0.0132,0.4897,2025-05-19,224545,Texas,75503,"Southwest (AZ, NM, OK, TX)",Public,No,No,Rural: Fringe,"Bowie County, TX",Not applicable
Texas Christian University,0.426,20.947537473,13511,Fort Worth,2,72778,2440718000,0.6027837259,0.2040586246,21500,0,0,https://www.tcu.edu/,68424,0,00363600,0.0414,0.0211,0.0054,0.2871,0.1347,0.9986,61,1303,3,TX,10919,0.3795,0.6205,0.0436,0.0023,0.0242,0.0408,0.1811,0.0012,0.0452,0.0204,0.6413,2025-05-19,228875,Texas,76129,"Southwest (AZ, NM, OK, TX)",Private not-for-profit,No,No,City: Large,"Tarrant County, TX",Christian Church (Disciples of Christ)
Texas College,NA,22.733111849,5055,Tyler,2,20832,7430836,0.3277962348,0.4511082138,31000,1,0,www.texascollege.edu/,33752,0,00363800,0.0291,0,0.0097,0.2427,0.8536,0.8182,55,NA,3,TX,644,0.6522,0.3478,0,0.0016,0.0031,0.823,0.1009,0,0.0248,0.0155,0.0311,2025-05-19,228884,Texas,75702,"Southwest (AZ, NM, OK, TX)",Private not-for-profit,Yes,No,City: Midsize,"Smith County, TX",Christian Methodist Episcopal
Texas Lutheran University,0.9479,20.600282486,7713,Seguin,2,47548,102240096,0.4844632768,0.3554216867,25000,0,1,www.tlu.edu/,53863,0,00364100,0.0887,0.0108,0.0296,0.2124,0.3763,0.5896,22,1124,3,TX,1260,0.4651,0.5349,0.0405,0.0032,0.019,0.1254,0.4103,8e-4,0.0032,0.0071,0.3905,2025-05-19,228981,Texas,78155-5999,"Southwest (AZ, NM, OK, TX)",Private not-for-profit,No,No,Town: Fringe,"Guadalupe County, TX",American Evangelical Lutheran Church
Texas Southern University,0.9335,22.411233054,8051,Houston,1,24899,75543963,0.5913492576,0.3879505924,29000,1,0,www.tsu.edu/,38924,0,00364200,0.0011,0.0474,0.0077,0.1696,0.713,0.6116,NA,913,3,TX,6619,0.3387,0.6613,0.0338,0.0018,0.0079,0.8583,0.0733,5e-4,0.0118,0.0048,0.0079,2025-05-19,229063,Texas,77004,"Southwest (AZ, NM, OK, TX)",Public,Yes,No,City: Large,"Harris County, TX",Not applicable
Texas State University,0.8948,21.529538504,8917,San Marcos,1,26348,334120596,0.6008479288,0.3582704187,21000,0,1,https://www.txst.edu/,56906,0,00361500,0.045,0.0216,0.0077,0.1607,0.3615,0.7667,NA,1093,3,TX,34547,0.3997,0.6003,0.0319,0.0027,0.027,0.0942,0.422,9e-4,0.0082,0.0214,0.3917,2025-05-19,228459,Texas,78666,"Southwest (AZ, NM, OK, TX)",Public,No,No,Suburb: Small,"Hays County, TX",Not applicable
Texas Tech University,0.7089,21.463346737,11545,Lubbock,1,27472,953209330,0.4967522425,0.3237946777,21500,0,1,www.ttu.edu/,62454,0,00364400,0.0397,0.0964,0.0073,0.2165,0.2575,0.8372,NA,1182,3,TX,32446,0.5038,0.4962,0.0437,0.0035,0.0331,0.0607,0.2965,9e-4,0.0178,0.0116,0.5323,2025-05-19,229115,Texas,79409-5005,"Southwest (AZ, NM, OK, TX)",Public,No,No,City: Large,"Lubbock County, TX",Not applicable
Texas Tech University Health Sciences Center,NA,29.236164736,9437,Lubbock,1,NA,260758825,0.87001287,0.4322766571,12268,0,1,https://www.ttuhsc.edu/,92348,0,01067400,0,0,0,0,0.143,0.9526,NA,NA,3,TX,1374,0.1325,0.8675,0,0.0116,0.0633,0.0888,0.3319,0,7e-4,0.0051,0.4985,2025-05-19,229337,Texas,79430,"Southwest (AZ, NM, OK, TX)",Public,No,No,City: Large,"Lubbock County, TX",Not applicable
Texas Tech University Health Sciences Center-El Paso,NA,NA,11927,El Paso,1,NA,160765266,NA,NA,12500,0,1,elpaso.ttuhsc.edu/,NA,0,04280800,0,0,0,0,0.531,0.7903,NA,NA,3,TX,235,0.1532,0.8468,0.0085,0.0085,0,0.0426,0.8766,0,0,0.034,0.0298,2025-05-19,492689,NA,NA,NA,NA,NA,NA,NA,NA,NA
Texas Wesleyan University,0.6239,24.261398176,8334,Fort Worth,2,50619,73285787,0.6058763931,0.4829612221,23125,0,1,www.txwes.edu/,54053,0,00364500,0.0929,0,0,0.2981,0.4114,0.2203,71,1051,3,TX,1671,0.4536,0.5464,0.0467,0.015,0.015,0.2256,0.2753,6e-4,0.0802,0.0132,0.3285,2025-05-19,229160,Texas,76105-1536,"Southwest (AZ, NM, OK, TX)",Private not-for-profit,No,No,City: Large,"Tarrant County, TX",United Methodist
Texas Woman's University,0.9499,24.734297431,9260,Denton,1,20399,100343890,0.9028707101,0.4157868276,19218,0,1,www.twu.edu/,56544,0,00364600,0.0817,0,0.0061,0.1102,0.4045,0.9933,NA,NA,3,TX,8804,0.0875,0.9125,0.035,0.0032,0.0927,0.1878,0.3827,7e-4,0.0123,0.0139,0.2719,2025-05-19,229179,Texas,76204,"Southwest (AZ, NM, OK, TX)",Public,No,No,City: Midsize,"Denton County, TX",Not applicable
The Catholic University of America,0.8384,20.094304388,10955,Washington,2,73198,358681337,0.5798319328,0.1012658228,26000,0,0,https://www.catholic.edu/,73250,0,00143700,0.0224,0.1021,0.0098,0.2755,0.1674,0.4807,30,NA,3,DC,3063,0.4345,0.5655,0.0464,7e-4,0.03,0.093,0.1943,3e-4,0.0307,0.0287,0.5759,2025-05-19,131283,District of Columbia,20064,"Mid East (DE ,DC, MD, NJ, NY, PA)",Private not-for-profit,No,No,City: Large,"District of Columbia, DC",Roman Catholic
The Chicago School at Los Angeles,0.4017,31.729064039,7856,Los Angeles,2,NA,37667520,0.8325123153,0.4642857143,20000,0,1,https://www.thechicagoschool.edu/in-the-community/locations/,56899,0,02155300,0,0,0,0,0.6056,0.8091,NA,NA,3,CA,324,0.1481,0.8519,0.0772,0.0062,0.0093,0.2099,0.2006,0.0062,0.0154,0.0556,0.4198,2025-05-19,455664,California,90017,"Far West (AK ,CA ,HI, NV, OR, WA)",Private not-for-profit,No,No,City: Large,"Los Angeles County, CA",Not applicable
The Christ College of Nursing and Health Sciences,0.5018,25.821029083,7238,Cincinnati,2,28126,9867016,0.9194630872,0.3959899749,24250,0,0,https://www.thechristcollege.edu/,68303,0,00648900,0,0,0,0,0.343,0.64,NA,972,2,OH,762,0.0932,0.9068,0.0039,0,0.0381,0.1667,0.0315,0.0013,0,0.0341,0.7244,2025-05-19,201821,Ohio,45219-2989,"Great Lakes (IL, IN, MI, OH, WI)",Private not-for-profit,No,No,City: Large,"Hamilton County, OH",Not applicable
The College of Idaho,0.4722,20.354570637,7701,Caldwell,2,48451,111180504,0.4819944598,0.2680722892,24500,0,0,www.collegeofidaho.edu/,48473,0,00161700,0.0265,0,0.0076,0.303,0.2405,0.6316,NA,1166,3,ID,1049,0.4919,0.5081,0.0553,0.0105,0.021,0.0181,0.1697,0.0057,0.1382,0.0334,0.5481,2025-05-19,142294,Idaho,83605-4432,"Rocky Mountains (CO, ID, MT, UT, WY)",Private not-for-profit,No,No,Suburb: Midsize,"Canyon County, ID",Not applicable
The College of New Jersey,0.6214,19.843735968,11750,Ewing,1,37070,58018000,0.5770094297,0.2052256532,23250,0,0,https://www.tcnj.edu/,73323,0,00264200,0.1316,0.0806,0.033,0.1849,0.2013,0.4918,NA,1247,3,NJ,6831,0.4314,0.5686,0.0302,3e-4,0.1047,0.058,0.1802,4e-4,0.0069,0.0288,0.5905,2025-05-19,187134,New Jersey,08628-7718,"Mid East (DE ,DC, MD, NJ, NY, PA)",Public,No,No,Suburb: Large,"Mercer County, NJ",Not applicable
The College of Saint Scholastica,0.9378,26.455582233,7652,Duluth,2,53069,94079260,0.7551020408,0.2849673203,20000,0,0,www.css.edu/,65934,0,00234300,0.0507,0,0.003,0.1133,0.2322,0.509,30,1190,3,MN,1725,0.3432,0.6568,0.0441,0.011,0.0249,0.0452,0.0429,0.0023,0.0406,0.0417,0.7472,2025-05-19,174899,Minnesota,55811-4199,"Plains (IA, KS, MN, MO, NE, ND, SD)",Private not-for-profit,No,No,City: Small,"St. Louis County, MN",Roman Catholic
The College of the Florida Keys,NA,26.159036145,7468,Key West,1,19965,6366597,0.5831325301,0.4184782609,9500,0,0,https://www.cfk.edu/,42508,0,00148500,0,0,0,0.128,0.2999,0.265,NA,NA,2,FL,823,0.4204,0.5796,0.0231,0.0012,0.0085,0.1021,0.3123,0.0024,0.0194,0.0583,0.4727,2025-05-19,133960,Florida,33040,"Southeast (AL, AR, FL, GA, KY, LA, MS, NC, SC, TN, VA, WV)",Public,No,No,Town: Remote,"Monroe County, FL",Not applicable
The College of Wooster,0.5432,19.418032787,8618,Wooster,2,73075,374948188,0.506557377,0.1433389545,26500,0,0,https://wooster.edu/,59629,0,00303700,0.0051,0,0.0253,0.038,0.1952,0.8036,NA,1370,3,OH,1876,0.4776,0.5224,0.0384,5e-4,0.0416,0.0912,0.0645,0.0011,0.1418,0.0139,0.6071,2025-05-19,206589,Ohio,44691,"Great Lakes (IL, IN, MI, OH, WI)",Private not-for-profit,No,No,Town: Distant,"Wayne County, OH",Not applicable
The Cooper Union for the Advancement of Science and Art,0.1905,19.680628272,13781,New York,2,67088,911434083,0.3141361257,0.186440678,15000,0,0,https://www.cooper.edu/,83847,0,00271000,0,0.5778,0,0,0.2792,0.287,NA,1480,3,NY,891,0.4938,0.5062,0.0483,0.0011,0.3154,0.0651,0.1268,0.0011,0.1212,0.0415,0.2795,2025-05-19,190372,New York,10003-7120,"Mid East (DE ,DC, MD, NJ, NY, PA)",Private not-for-profit,No,No,City: Large,"New York County, NY",Not applicable
The Evergreen State College,0.9723,26.556996218,9136,Olympia,1,25934,21464164,0.6072393301,0.3009009009,20500,0,0,https://www.evergreen.edu/,45320,0,00815500,0,0,0,0.0383,0.4108,0.7037,NA,1161,3,WA,2042,0.381,0.619,0.0872,0.0333,0.0196,0.0622,0.1518,0.0034,0,0.0695,0.573,2025-05-19,235167,Washington,98505-0001,"Far West (AK ,CA ,HI, NV, OR, WA)",Public,No,No,Suburb: Midsize,"Thurston County, WA",Not applicable
The Juilliard School,0.0896,19.639175258,14709,New York,2,81090,1327371408,0.4329896907,PS,25500,0,0,www.juilliard.edu/,37827,0,00274200,0,0,0,0,0.1331,0.3053,NA,NA,3,NY,460,0.5196,0.4804,0.0696,0,0.1261,0.0761,0.1043,0,0.3152,0.0043,0.3043,2025-05-19,192110,New York,10023-6588,"Mid East (DE ,DC, MD, NJ, NY, PA)",Private not-for-profit,No,No,City: Large,"New York County, NY",Not applicable
The King's University,1,29.525210084,7833,Southlake,2,25128,4244218,0.5378151261,0.4,27000,0,0,https://www.tku.edu/,41471,0,03516300,0,0,0,0,0.0824,1,42,NA,3,TX,272,0.4154,0.5846,0.0331,0.0184,0.0294,0.0699,0.1176,0,0.0074,0.2684,0.4559,2025-05-19,439701,Texas,76092,"Southwest (AZ, NM, OK, TX)",Private not-for-profit,No,No,Suburb: Large,"Tarrant County, TX",Interdenominational
The Master's University and Seminary,0.7589,22.258474576,7859,Santa Clarita,2,48682,44398271,0.4597457627,0.2282608696,20500,0,0,www.masters.edu/,57106,0,00122000,0,0,0.0082,0.2346,0.1938,0.2657,42,NA,3,CA,1606,0.5286,0.4714,0.0579,0.0037,0.0648,0.0255,0.2042,0.0044,0,0.0305,0.609,2025-05-19,117751,California,91321-1200,"Far West (AK ,CA ,HI, NV, OR, WA)",Private not-for-profit,No,No,Suburb: Large,"Los Angeles County, CA",Interdenominational
The New England Conservatory of Music,0.4275,19.552941176,7278,Boston,2,77870,138423418,0.4235294118,PS,27000,0,0,https://necmusic.edu/,34483,0,00219400,0,0,0,0,0.0752,0.2772,NA,NA,3,MA,371,0.5472,0.4528,0.0889,0,0.10780000000000001,0.0189,0.0162,0,0.407,0.0054,0.3558,2025-05-19,167057,Massachusetts,02115-5018,"New England (CT, ME, MA, NH, R,I VT)",Private not-for-profit,No,No,City: Large,"Suffolk County, MA",Not applicable
The New School,0.6252,21.740077444,13132,New York,2,82757,421753000,0.7536302033,0.1944012442,22266,0,0,https://www.newschool.edu/,52901,0,02066200,0,0,0,0.019,0.1532,0.1932,NA,NA,3,NY,6819,0.2304,0.7696,0.0518,0.0013,0.1188,0.0389,0.1091,9e-4,0.3439,0.0216,0.3138,2025-05-19,193654,New York,10011-8871,"Mid East (DE ,DC, MD, NJ, NY, PA)",Private not-for-profit,No,No,City: Large,"New York County, NY",Not applicable
The Southern Baptist Theological Seminary,0.9689,NA,8246,Louisville,2,NA,94824550,NA,NA,PS,0,0,www.sbts.edu/,NA,0,00198200,0.0965,0,0,0.2105,0,1,75,1118,3,KY,844,0.5569,0.4431,0,0.0012,0.0237,0.0213,0.0071,0,0.0498,0.0012,0.8957,2025-05-19,157748,Kentucky,40280-0001,"Southeast (AL, AR, FL, GA, KY, LA, MS, NC, SC, TN, VA, WV)",Private not-for-profit,No,No,City: Large,"Jefferson County, KY",Southern Baptist
The University of Alabama,0.7582,21.137701396,11090,Tuscaloosa,1,32024,1144632976,0.6152524168,0.2257126887,22750,0,0,www.ua.edu/,59221,0,00105100,0.0272,0.0966,0.0089,0.3011,0.1799,0.7836,NA,1287,3,AL,32323,0.4395,0.5605,0.0356,0.0029,0.0148,0.1103,0.0692,9e-4,0.0078,0.0359,0.7227,2025-05-19,100751,Alabama,35487-0166,"Southeast (AL, AR, FL, GA, KY, LA, MS, NC, SC, TN, VA, WV)",Public,No,No,City: Small,"Tuscaloosa County, AL",Not applicable
The University of Findlay,0.8633,20.964202335,7586,Findlay,2,52096,51976673,0.680155642,0.2931174089,25439,0,0,findlay.edu/,56996,0,00304500,0.0907,0,0.0119,0.1909,0.1386,0.5704,57,NA,3,OH,2240,0.3067,0.6933,0.029,0.0013,0.0121,0.0429,0.0397,9e-4,0.0272,0.1013,0.7455,2025-05-19,202763,Ohio,45840-3653,"Great Lakes (IL, IN, MI, OH, WI)",Private not-for-profit,No,No,Town: Distant,"Hancock County, OH",Church of God
The University of Montana,0.956,23.268637196,8778,Missoula,1,23744,253875055,0.5540151713,0.3023255814,22400,0,0,www.umt.edu/,44511,0,00253600,0.0351,0,0.0045,0.1586,0.2751,0.6655,NA,1190,3,MT,7079,0.4276,0.5724,0.1468,0.0342,0.013,0.0072,0.0612,6e-4,0.0076,0.0249,0.7046,2025-05-19,180489,Montana,59812,"Rocky Mountains (CO, ID, MT, UT, WY)",Public,No,No,City: Small,"Missoula County, MT",Not applicable
The University of Montana-Western,0.995,23.083228247,6987,Dillon,1,19414,10610167,0.6343001261,0.3596730245,21000,0,0,umwestern.edu/,43229,0,00253700,0.4404,0,0.0028,0.1053,0.3539,1,NA,NA,3,MT,1271,0.347,0.653,0.0511,0.059,0.0055,0.0094,0.0448,0.0071,0,0.0134,0.8096,2025-05-19,180692,Montana,59725-3598,"Rocky Mountains (CO, ID, MT, UT, WY)",Public,No,No,Town: Remote,"Beaverhead County, MT",Not applicable
The University of Olivet,0.9711,19.893233083,6908,Olivet,2,45849,21930202,0.3909774436,0.3344103393,27000,0,0,https://www.uolivet.edu/,47907,0,00230800,0,0,0.0055,0.3149,0.4174,1,76,NA,3,MI,918,0.5806,0.4194,0.0773,0.0022,0.0065,0.1667,0.0763,0.0011,0.0011,0.0098,0.659,2025-05-19,171599,Michigan,49076,"Great Lakes (IL, IN, MI, OH, WI)",Private not-for-profit,No,No,Rural: Distant,"Eaton County, MI",United Church of Christ
The University of Tampa,0.4093,20.279962547,10472,Tampa,2,49841,56608582,0.6351435705,0.2523762701,24211,0,0,https://www.ut.edu/,59436,0,00153800,0.0278,0,0.0024,0.3068,0.1561,1,NA,NA,3,FL,10093,0.4129,0.5871,0.0345,0.0016,0.0177,0.0269,0.1292,4e-4,0.0525,0.0319,0.7053,2025-05-19,137847,Florida,33606-1490,"Southeast (AL, AR, FL, GA, KY, LA, MS, NC, SC, TN, VA, WV)",Private not-for-profit,No,No,City: Large,"Hillsborough County, FL",Not applicable
The University of Tennessee-Chattanooga,0.7702,21.792578029,9500,Chattanooga,1,23563,195118564,0.5809781273,0.2933333333,19500,0,0,utc.edu/,51151,0,00352900,0.0695,0.0614,0.0113,0.2216,0.3247,0.6881,NA,1117,3,TN,9878,0.4159,0.5841,0.035,0.002,0.0285,0.0879,0.057,9e-4,0.0061,0.0923,0.6902,2025-05-19,221740,Tennessee,37403-2598,"Southeast (AL, AR, FL, GA, KY, LA, MS, NC, SC, TN, VA, WV)",Public,No,No,City: Midsize,"Hamilton County, TN",Not applicable
The University of Tennessee-Knoxville,0.4599,20.767184035,12629,Knoxville,1,32658,1000884291,0.5301943394,0.245407184,20500,0,0,www.utk.edu/,60249,0,00353000,0.005,0.1123,0.007,0.2805,0.2068,0.8375,NA,1304,3,TN,28763,0.4565,0.5435,0.052,0.0012,0.0361,0.0379,0.06,5e-4,0.0087,0.011,0.7925,2025-05-19,221759,Tennessee,37996,"Southeast (AL, AR, FL, GA, KY, LA, MS, NC, SC, TN, VA, WV)",Public,No,No,City: Midsize,"Knox County, TN",Not applicable
The University of Tennessee-Martin,0.8732,22.688343558,8142,Martin,1,21628,51881379,0.6175869121,0.3910690122,21024,0,0,https://www.utm.edu/,44213,0,00353100,0.0678,0.0187,0.0039,0.1611,0.3429,0.6875,NA,1090,3,TN,4600,0.3804,0.6196,0.037,0.0015,0.0076,0.1324,0.047,7e-4,0.0041,2e-4,0.7696,2025-05-19,221768,Tennessee,38238,"Southeast (AL, AR, FL, GA, KY, LA, MS, NC, SC, TN, VA, WV)",Public,No,No,Town: Remote,"Weakley County, TN",Not applicable
The University of Tennessee Health Science Center,NA,26.653333333,12618,Memphis,1,NA,242944778,0.8888888889,0.2924528302,12500,0,0,www.uthsc.edu/,66318,0,00672500,0,0,0,0,0.1254,0.6737,NA,NA,3,TN,376,0.0745,0.9255,0.0266,0,0.0319,0.2766,0.0585,0.0027,0.016,0.0186,0.5691,2025-05-19,487010,Tennessee,38163,"Southeast (AL, AR, FL, GA, KY, LA, MS, NC, SC, TN, VA, WV)",Public,No,No,City: Large,"Shelby County, TN",Not applicable
The University of Tennessee Southern,0.8271,21.190635452,6672,Pulaski,1,25827,260323,0.6321070234,0.4102564103,21500,0,0,https://www.utsouthern.edu/,38924,0,00350400,0.0236,0,0.0157,0.3228,0.3304,1,NA,1088,3,TN,827,0.4075,0.5925,0.0242,0.0024,0.0097,0.052,0.0435,0,0.0774,0.0254,0.7654,2025-05-19,220701,Tennessee,38478-2799,"Southeast (AL, AR, FL, GA, KY, LA, MS, NC, SC, TN, VA, WV)",Private not-for-profit,No,No,Town: Distant,"Giles County, TN",United Methodist
The University of Texas at Arlington,0.8129,27.551235839,11093,Arlington,1,25265,203134018,0.6641992791,0.4376915601,17527,0,1,https://www.uta.edu/,63199,0,00365600,0.0183,0.0806,0.0051,0.1445,0.3958,0.6347,NA,1116,3,TX,30834,0.4077,0.5923,0.0375,0.0015,0.1432,0.1449,0.3945,5e-4,0.0383,0.008,0.2316,2025-05-19,228769,Texas,76013,"Southwest (AZ, NM, OK, TX)",Public,No,No,City: Large,"Tarrant County, TX",Not applicable
The University of Texas at Austin,0.2912,20.172572245,15510,Austin,1,29842,5625135885,0.5606045134,0.2751759015,20500,0,1,https://www.utexas.edu/,75121,0,00365800,3e-4,0.1124,0.0346,0.1097,0.2511,0.8347,NA,1380,3,TX,42100,0.4205,0.5795,0.0409,0.0012,0.2537,0.0467,0.2828,7e-4,0.043,0.0154,0.3157,2025-05-19,228778,Texas,78712,"Southwest (AZ, NM, OK, TX)",Public,No,No,City: Large,"Travis County, TX",Not applicable
The University of Texas at Dallas,0.6546,22.721688401,14868,Richardson,1,28210,742548896,0.4620796156,0.313957935,18000,0,0,www.utdallas.edu/,68227,0,00974100,8e-4,0.127,0.0122,0.186,0.2973,0.7309,NA,1300,3,TX,21317,0.5654,0.4346,0.0397,0.0015,0.422,0.0576,0.1807,4e-4,0.0437,0.0311,0.2234,2025-05-19,228787,Texas,75080-3021,"Southwest (AZ, NM, OK, TX)",Public,No,No,City: Midsize,"Dallas County, TX",Not applicable
The University of Texas at El Paso,0.999,22.667898237,9775,El Paso,1,19327,353327003,0.5511453605,0.4063639794,18000,0,1,https://www.utep.edu/,50923,0,00366100,0.0699,0.0985,0.0091,0.1338,0.606,0.6799,NA,982,3,TX,20547,0.4556,0.5444,0.0068,0.0016,0.0068,0.0181,0.8774,0.001,0.0373,0.0135,0.0375,2025-05-19,228796,Texas,79968-0691,"Southwest (AZ, NM, OK, TX)",Public,No,No,City: Large,"El Paso County, TX",Not applicable
The University of Texas at San Antonio,0.8846,21.65456566,10373,San Antonio,1,21474,264163030,0.5416743841,0.388502455,20500,0,1,www.utsa.edu/,57131,0,01011500,0.0486,0.0739,0.0102,0.1829,0.4225,0.7579,NA,1102,3,TX,29675,0.4782,0.5218,0.0345,0.0011,0.0579,0.0801,0.6123,0.0016,0.0125,0.0119,0.1882,2025-05-19,229027,Texas,78249-1644,"Southwest (AZ, NM, OK, TX)",Public,No,No,City: Large,"Bexar County, TX",Not applicable
The University of Texas at Tyler,0.9154,24.804545455,19802,Tyler,1,23669,188714671,0.599025974,0.3912268188,17137,0,0,https://www.uttyler.edu/,57053,0,01116300,5e-4,0.0761,0.0022,0.1483,0.3796,0.7833,NA,1113,3,TX,7009,0.3932,0.6068,0.0387,0.0043,0.0407,0.1131,0.2679,4e-4,0.0198,0.0126,0.5025,2025-05-19,228802,Texas,75799-6699,"Southwest (AZ, NM, OK, TX)",Public,No,No,City: Midsize,"Smith County, TX",Not applicable
The University of Texas Health Science Center at Houston,NA,26.980544747,11760,Houston,1,NA,899272216,0.8463035019,0.4071588367,13063,0,0,www.uth.edu/,88757,0,00495100,0,0,0,0,0.426,0.6331,NA,NA,3,TX,460,0.1413,0.8587,0.037,0,0.2913,0.1239,0.3326,0.0022,0.013,0.013,0.187,2025-05-19,229300,Texas,77030,"Southwest (AZ, NM, OK, TX)",Public,No,No,City: Large,"Harris County, TX",Not applicable
The University of Texas Health Science Center at San Antonio,NA,26.5,11134,San Antonio,1,NA,773466800,0.7620817844,0.3713692946,15000,0,1,www.uthscsa.edu/,82206,0,00365900,0,0,0,0,0.3516,0.748,NA,NA,3,TX,864,0.2847,0.7153,0.0255,0.0035,0.0822,0.0556,0.5984,0.0023,0.0035,0.0058,0.2234,2025-05-19,228644,Texas,78229-3900,"Southwest (AZ, NM, OK, TX)",Public,No,No,City: Large,"Bexar County, TX",Not applicable
The University of Texas MD Anderson Cancer Center,NA,27.603448276,13561,Houston,1,NA,5253885,0.7068965517,0.4557823129,12500,0,0,www.mdanderson.org/,90232,0,02555400,0,0,0,0,0.3205,1,NA,NA,3,TX,322,0.2112,0.7888,0.0373,0,0.2578,0.0683,0.3758,0,0.028,0.0155,0.2174,2025-05-19,416801,Texas,77030-4009,"Southwest (AZ, NM, OK, TX)",Public,No,No,City: Large,"Harris County, TX",Not applicable
The University of Texas Medical Branch at Galveston,NA,26.235177866,10914,Galveston,1,NA,779202807,0.8241106719,0.3766233766,13396,0,0,https://www.utmb.edu/,92961,0,00495200,0,0,0,0,0.2051,0.9727,NA,NA,3,TX,559,0.1807,0.8193,0.0698,0.0018,0.2308,0.1002,0.288,0.0036,0.0089,0.0143,0.2826,2025-05-19,228653,Texas,77555-0129,"Southwest (AZ, NM, OK, TX)",Public,No,No,Town: Fringe,"Galveston County, TX",Not applicable
The University of Texas Permian Basin,0.8446,26.348919055,8924,Odessa,1,21727,63970248,0.607340372,0.4621125144,17750,0,1,https://www.utpb.edu/,56073,0,00993000,0.0745,0.0934,0.0044,0.2325,0.356,0.9623,NA,1031,3,TX,4122,0.3857,0.6143,0.0243,0.0032,0.0175,0.0767,0.5378,0.0022,0.0665,0.0141,0.2579,2025-05-19,229018,Texas,79762-0001,"Southwest (AZ, NM, OK, TX)",Public,No,No,City: Midsize,"Ector County, TX",Not applicable
The University of Texas Rio Grande Valley,0.8482,22.749964311,8791,Edinburg,1,18343,128687783,0.5758743754,0.5259824759,12950,0,1,www.utrgv.edu/,49620,0,00359900,0,0.0674,0.0096,0.1087,0.6376,0.8148,NA,1020,3,TX,27026,0.416,0.584,0.0015,4e-4,0.0108,0.005,0.9375,2e-4,0.0167,0.0087,0.0192,2025-05-19,227368,Texas,78539-2999,"Southwest (AZ, NM, OK, TX)",Public,No,No,City: Small,"Hidalgo County, TX",Not applicable
The University of the South,0.509,19.5,9783,Sewanee,2,68704,439971156,0.5758293839,0.1323529412,22855,0,0,www.sewanee.edu/,64911,0,00353400,0,0,0.016,0.0399,0.1488,0.8874,73,1336,3,TN,1598,0.4687,0.5313,0.0263,0.0019,0.0088,0.0394,0.0645,0,0.0451,0.005,0.8091,2025-05-19,221519,Tennessee,37383-1000,"Southeast (AL, AR, FL, GA, KY, LA, MS, NC, SC, TN, VA, WV)",Private not-for-profit,No,No,Rural: Distant,"Franklin County, TN",Protestant Episcopal
Thiel College,0.706,19.976095618,7117,Greenville,2,51346,35289779,0.3605577689,0.3155555556,27000,0,0,https://www.thiel.edu/,49714,0,00337600,0.067,0,0.0258,0.2835,0.3905,0.6818,39,NA,3,PA,773,0.5136,0.4864,0.0362,0.0026,0.0091,0.1061,0.022,0.0026,0,0.022,0.7995,2025-05-19,216357,Pennsylvania,16125-2181,"Mid East (DE ,DC, MD, NJ, NY, PA)",Private not-for-profit,No,No,Town: Fringe,"Mercer County, PA",Evangelical Lutheran Church
Thomas Aquinas College,0.7871,19.861842105,9302,Santa Paula,2,40000,29370705,0.4868421053,PS,18000,0,0,https://thomasaquinas.edu/,55619,0,02358000,0,0,0,0,0.1977,0.9855,30,1277,3,CA,539,0.4972,0.5028,0.0557,0,0.0223,0,0.1967,0.0019,0.0649,0.0371,0.6215,2025-05-19,124292,California,93060,"Far West (AK ,CA ,HI, NV, OR, WA)",Private not-for-profit,No,No,Rural: Distant,"Ventura County, CA",Roman Catholic
Thomas College,0.9707,20.042808219,7542,Waterville,2,43757,18608816,0.5017123288,0.3786764706,24250,0,0,www.thomas.edu/,44991,0,00205200,0.1019,0,0.0064,0.3248,0.1534,0.4783,NA,NA,3,ME,688,0.5145,0.4855,0.0305,0.0073,0.0073,0.0552,0.0247,0.0015,0.0523,0.0392,0.782,2025-05-19,161563,Maine,04901-5097,"New England (CT, ME, MA, NH, R,I VT)",Private not-for-profit,No,No,Rural: Fringe,"Kennebec County, ME",Not applicable
Thomas Edison State University,NA,33.289123764,NA,Trenton,1,NA,13097435,0.5028980566,0.4446609509,12500,0,0,www.tesu.edu/,69331,0,02192200,0,0,0.0103,0.1473,0.2068,NA,NA,NA,3,NJ,6685,0.6133,0.3867,0.0429,0.0037,0.0453,0.1453,0.1491,0.0042,0.0103,0.1484,0.4507,2025-05-19,187046,New Jersey,08608,"Mid East (DE ,DC, MD, NJ, NY, PA)",Public,No,No,City: Small,"Mercer County, NJ",Not applicable
Thomas Jefferson University,0.8614,24.206666667,10265,Philadelphia,2,62110,2487557000,0.7742857143,0.3297985154,14744,0,0,www.jefferson.edu/,77449,0,01239300,0,0.0145,0,0.0681,0.3386,0.4049,NA,1259,3,PA,3708,0.2619,0.7381,0.0512,0.0016,0.1672,0.154,0.1313,3e-4,0.0216,0.0205,0.4523,2025-05-19,216366,Pennsylvania,19107,"Mid East (DE ,DC, MD, NJ, NY, PA)",Private not-for-profit,No,No,City: Large,"Philadelphia County, PA",Not applicable
Thomas More University,0.9703,23.223760092,6601,Crestview Hills,2,46342,34267985,0.4798154556,0.368221942,26236,0,0,www.thomasmore.edu/,59384,0,00200100,0.0806,0,0,0.3134,0.2247,0.54,30,1140,3,KY,1305,0.5172,0.4828,0.0437,0.0015,0.0123,0.0851,0.0421,0,0.0536,0.0207,0.741,2025-05-19,157809,Kentucky,41017-3495,"Southeast (AL, AR, FL, GA, KY, LA, MS, NC, SC, TN, VA, WV)",Private not-for-profit,No,No,Suburb: Large,"Kenton County, KY",Roman Catholic
Thomas University,0.4316,27.933085502,6341,Thomasville,2,26189,6654592,0.5724907063,0.4551148225,21198,0,0,www.thomasu.edu/,49716,0,00155500,0.0402,0,0,0.1563,0.4678,0.2448,NA,1037,3,GA,813,0.4957,0.5043,0.0025,0.0098,0.0172,0.3469,0.0664,0,0.0012,0.203,0.353,2025-05-19,141167,Georgia,31792,"Southeast (AL, AR, FL, GA, KY, LA, MS, NC, SC, TN, VA, WV)",Private not-for-profit,No,No,Town: Distant,"Thomas County, GA",Not applicable
Tiffin University,0.7977,23.251810137,7010,Tiffin,2,45150,18535036,0.5100563154,0.384279476,27000,0,0,www.tiffin.edu/,35942,0,00312100,0.0115,0,0,0.2693,0.3553,1,NA,989,3,OH,1938,0.5026,0.4974,0.0356,0.0015,0.0201,0.1692,0.0093,5e-4,0.0583,0.1837,0.5217,2025-05-19,206048,Ohio,44883,"Great Lakes (IL, IN, MI, OH, WI)",Private not-for-profit,No,No,Town: Distant,"Seneca County, OH",Not applicable
Toccoa Falls College,0.6381,22.21010101,5642,Toccoa Falls,2,35666,3469987,0.5070707071,0.2995689655,22250,0,0,https://tfc.edu/,36630,0,00159600,0.0941,0,0,0.1,0.1972,0.2692,34,1155,3,GA,820,0.3927,0.6073,0.0293,0.0049,0.028,0.1073,0.0768,0,0.0207,0.0061,0.7268,2025-05-19,141185,Georgia,30598,"Southeast (AL, AR, FL, GA, KY, LA, MS, NC, SC, TN, VA, WV)",Private not-for-profit,No,No,Town: Distant,"Stephens County, GA",Christ and Missionary Alliance Church
Tougaloo College,0.5319,21.238095238,3855,Tougaloo,2,22570,26434602,0.6363636364,0.2978208232,30046,1,0,www.tougaloo.edu/,34724,0,00243900,0.1316,0,0.0175,0,0.618,0.9787,76,NA,3,MS,681,0.4112,0.5888,0.0162,0.0029,0.0015,0.8987,0.0191,0,0.0015,0.0558,0.0044,2025-05-19,176406,Mississippi,39174,"Southeast (AL, AR, FL, GA, KY, LA, MS, NC, SC, TN, VA, WV)",Private not-for-profit,Yes,No,City: Midsize,"Madison County, MS",United Church of Christ
Touro University,0.6301,26.6415593,9587,New York,2,37824,39297000,0.742979848,0.3827940016,15547,0,0,https://www.touro.edu/,53419,0,01014200,0.0078,0,0.0064,0.1193,0.3232,0.4038,NA,1365,3,NY,4004,0.3147,0.6853,0.0137,0.0015,0.0257,0.1336,0.1134,0.0015,0.0325,0.1371,0.541,2025-05-19,196592,New York,10018,"Mid East (DE ,DC, MD, NJ, NY, PA)",Private not-for-profit,No,No,City: Large,"New York County, NY",Not applicable
Touro University Worldwide,NA,31.870879121,7308,Los Alamitos,2,27755,NA,0.8021978022,0.4026845638,25000,0,0,https://www.tuw.edu/,40803,0,04142500,0.018,0,0,0.3874,0.5194,0.0643,NA,NA,3,CA,416,0.2788,0.7212,0.1058,0.0024,0.0337,0.2212,0.0793,0.0072,0.0024,0.2236,0.3245,2025-05-19,459727,California,90720,"Far West (AK ,CA ,HI, NV, OR, WA)",Private not-for-profit,No,No,Suburb: Large,"Orange County, CA",Not applicable
Towson University,0.828,21.479152141,9513,Towson,1,26621,95700858,0.6269697392,0.2895995218,18718,0,0,www.towson.edu/,64390,0,00209900,0.094,0,0.0052,0.1427,0.3346,0.5591,NA,1166,3,MD,16400,0.4177,0.5823,0.0571,0.0013,0.0696,0.3279,0.1096,6e-4,0.0148,0.0099,0.4091,2025-05-19,164076,Maryland,21252-0001,"Mid East (DE ,DC, MD, NJ, NY, PA)",Public,No,No,City: Small,"Baltimore County, MD",Not applicable
Transylvania University,0.8499,19.45959596,10244,Lexington,2,58863,220712248,0.595959596,0.1636363636,27000,0,0,https://www.transy.edu/,54705,0,00198700,0.0266,0,0,0.1968,0.2405,0.6614,61,1285,3,KY,1014,0.4389,0.5611,0.0611,0.002,0.0296,0.0513,0.0503,0,0.0089,0.0079,0.789,2025-05-19,157818,Kentucky,40508-1797,"Southeast (AL, AR, FL, GA, KY, LA, MS, NC, SC, TN, VA, WV)",Private not-for-profit,No,No,City: Large,"Fayette County, KY",Christian Church (Disciples of Christ)
Trevecca Nazarene University,0.7002,28.229407236,6971,Nashville,2,38726,41847051,0.675904542,0.3916382253,18744,0,0,https://www.trevecca.edu/,49378,0,00352600,0.0543,0.0074,0.0099,0.2765,0.3049,0.9535,59,1090,3,TN,1697,0.3907,0.6093,0.0418,0.0047,0.0206,0.1019,0.152,0.0024,0.1143,0.0301,0.5321,2025-05-19,221892,Tennessee,37210,"Southeast (AL, AR, FL, GA, KY, LA, MS, NC, SC, TN, VA, WV)",Private not-for-profit,No,No,City: Large,"Davidson County, TN",Church of the Nazarene
Trine University,0.8469,23.029746282,8065,Angola,2,50004,31533686,0.3919510061,0.3215613383,25000,0,0,www.trine.edu/,57165,0,00183900,0.0818,0.2834,0.02,0.1178,0.1555,0.2397,NA,NA,3,IN,2344,0.6293,0.3707,0.0205,0.0021,0.0158,0.0448,0.0371,4e-4,0.0162,0.026,0.837,2025-05-19,152567,Indiana,46703-1764,"Great Lakes (IL, IN, MI, OH, WI)",Private not-for-profit,No,No,Town: Distant,"Steuben County, IN",Not applicable
Trine University-Regional/Non-Traditional Campuses,0.2162,23.029746282,8377,Angola,2,21976,17737698,0.3919510061,0.3215613383,25000,0,0,trine.edu/online/index.aspx,57165,0,00183901,0,0,0,0.6289,0.1298,0.2355,NA,NA,3,IN,273,0.4066,0.5934,0.0293,0,0.0183,0.044,0.0696,0,0.1026,0.1062,0.63,2025-05-19,414878,Indiana,46825,"Great Lakes (IL, IN, MI, OH, WI)",Private not-for-profit,No,No,City: Large,"Allen County, IN",Not applicable
Trinity Baptist College,0.625,22.528957529,4671,Jacksonville,2,25662,95233,0.4015444015,0.3406113537,24250,0,0,www.tbc.edu/,37275,0,03101900,0.0753,0,0,0.1505,0.4647,0.2,54,1007,3,FL,363,0.6006,0.3994,0.0331,0.0055,0.0028,0.1708,0.146,0.0028,0.0055,0.0303,0.6033,2025-05-19,137953,Florida,32221,"Southeast (AL, AR, FL, GA, KY, LA, MS, NC, SC, TN, VA, WV)",Private not-for-profit,No,No,City: Large,"Duval County, FL",Baptist
Trinity Bible College and Graduate School,0.3622,21.368421053,4636,Ellendale,2,29953,1473280,0.4135338346,0.3193277311,22531,0,0,trinitybiblecollege.edu/,35604,0,01205900,0.1034,0,0,0.1379,0.5,1,27,1120,3,ND,138,0.442,0.558,0.0725,0.0217,0.029,0.0435,0.0942,0,0,0.0145,0.7246,2025-05-19,200484,North Dakota,58436-7105,"Plains (IA, KS, MN, MO, NE, ND, SD)",Private not-for-profit,No,No,Rural: Remote,"Dickey County, ND",Assemblies of God Church
Trinity Christian College,0.8865,24.575364668,7516,Palos Heights,2,47066,15249658,0.6888168558,0.3290909091,25009,0,0,www.trnty.edu/,55700,0,00177100,0.1859,0,0.0151,0.1809,0.3329,0.5194,42,1154,3,IL,796,0.4296,0.5704,0.1106,0.0013,0.0276,0.1382,0.1219,0.0038,0.0402,0.0389,0.5176,2025-05-19,149505,Illinois,60463-0929,"Great Lakes (IL, IN, MI, OH, WI)",Private not-for-profit,No,No,Suburb: Large,"Cook County, IL",Interdenominational
Trinity College,0.3352,20.398785425,11347,Hartford,2,83090,795976337,0.528340081,0.1784946237,23000,0,0,https://www.trincoll.edu/,90779,0,00141400,0.0158,0.0356,0.0178,0,0.1518,0.8726,NA,1396,3,CT,2193,0.4738,0.5262,0.0392,0.0023,0.0451,0.0561,0.0907,0,0.1377,0.0192,0.6097,2025-05-19,130590,Connecticut,06106-3100,"New England (CT, ME, MA, NH, R,I VT)",Private not-for-profit,No,No,City: Midsize,"Hartford County, CT",Not applicable
Trinity College of Florida,0.963,27.325203252,5071,Trinity,2,25585,862703,0.4227642276,0.4112149533,23250,0,0,trinitycollege.edu/,32465,0,03028200,0.0652,0,0,0.2609,0.5637,0.3548,42,905,3,FL,187,0.5187,0.4813,0.0481,0,0.0107,0.2193,0.1765,0.0107,0.0053,0.0535,0.4759,2025-05-19,137962,Florida,34655-4401,"Southeast (AL, AR, FL, GA, KY, LA, MS, NC, SC, TN, VA, WV)",Private not-for-profit,No,No,Suburb: Large,"Pasco County, FL",Interdenominational
Trinity International University-Illinois,0.9318,26.555335968,7351,Deerfield,2,47751,50065977,0.4308300395,0.2960526316,26082,0,0,https://www.tiu.edu/,46989,0,00177200,0.0693,0,0.0198,0.2178,0.3288,0.2183,38,NA,3,IL,140,0.4643,0.5357,0.0429,0,0.0357,0.2143,0.1929,0.0071,0.0214,0.1,0.3857,2025-05-19,149514,Illinois,60015-1283,"Great Lakes (IL, IN, MI, OH, WI)",Private not-for-profit,No,No,Suburb: Large,"Lake County, IL",Evangelical Free Church of America
Trinity University,0.2816,19.515202703,12044,San Antonio,2,65774,1712579517,0.5405405405,0.1736842105,22954,0,0,https://new.trinity.edu/,71668,0,00364700,0,0.0597,0.0341,0.2082,0.164,0.7822,66,1407,3,TX,2518,0.4635,0.5365,0.052,0.0012,0.077,0.0429,0.247,4e-4,0.0469,0.0087,0.5238,2025-05-19,229267,Texas,78212-7200,"Southwest (AZ, NM, OK, TX)",Private not-for-profit,No,No,City: Large,"Bexar County, TX",Presbyterian Church (USA)
Trinity Washington University,0.9919,24.540256709,7898,Washington,2,35061,37262062,0.9789964994,0.5321821036,28250,0,1,www.trinitydc.edu/,53804,0,00146000,0.186,0,0.0116,0.093,0.5131,0.1948,30,NA,3,DC,1415,0.0226,0.9774,0.0219,0,0.0106,0.5809,0.3371,0,0.0113,0.0233,0.0148,2025-05-19,131876,District of Columbia,20017-1094,"Mid East (DE ,DC, MD, NJ, NY, PA)",Private not-for-profit,No,No,City: Large,"District of Columbia, DC",Roman Catholic
Trocaire College,0.8301,26.403966597,7913,Buffalo,2,29500,32851364,0.8893528184,0.4330985915,20000,0,0,https://trocaire.edu/,55318,0,00281200,0,0,0,0.0024,0.5,0.1598,30,NA,2,NY,962,0.1268,0.8732,0.0052,0.0104,0.0343,0.3035,0.0728,0.0021,0.0031,0.0842,0.4844,2025-05-19,196653,New York,14220-2094,"Mid East (DE ,DC, MD, NJ, NY, PA)",Private not-for-profit,No,No,City: Large,"Erie County, NY",Roman Catholic
Troy University,0.9261,25.749796913,7491,Troy,1,21816,163701443,0.6510154346,0.3898457122,25000,0,0,www.troy.edu/,42062,0,00104700,0.0634,0,9e-4,0.1823,0.423,0.5016,NA,1086,3,AL,10089,0.3573,0.6427,0.0426,0.0028,0.0076,0.3195,0.0474,0.0013,0.0261,0.0223,0.5305,2025-05-19,102368,Alabama,36082-0001,"Southeast (AL, AR, FL, GA, KY, LA, MS, NC, SC, TN, VA, WV)",Public,No,No,Town: Remote,"Pike County, AL",Not applicable
Truckee Meadows Community College,NA,25.638443155,9340,Reno,1,15874,13191000,0.5745988392,0.5240443896,11000,0,1,www.tmcc.edu/,44573,0,02107700,0.0214,0,0.001,0.0663,0.149,0.9936,NA,NA,2,NV,6752,0.4559,0.5441,0.0511,0.013,0.0547,0.0224,0.3805,0.0056,0.0077,0.0089,0.4562,2025-05-19,182500,Nevada,89512-3999,"Far West (AK ,CA ,HI, NV, OR, WA)",Public,No,No,City: Midsize,"Washoe County, NV",Not applicable
Truett McConnell University,0.9068,20.986636971,4857,Cleveland,2,37692,6435557,0.561247216,0.2894736842,23439,0,0,https://truett.edu/,46700,0,00159700,0.0898,0,0,0.3413,0.1037,1,75,NA,3,GA,768,0.4987,0.5013,0.0039,0.0026,0.0104,0.0885,0.0482,0.0026,0.0169,0.0742,0.7526,2025-05-19,141237,Georgia,30528,"Southeast (AL, AR, FL, GA, KY, LA, MS, NC, SC, TN, VA, WV)",Private not-for-profit,No,No,Town: Distant,"White County, GA",Southern Baptist
Truman State University,0.7996,19.899752475,7456,Kirksville,1,23420,58743168,0.599009901,0.2280927835,21000,0,0,https://www.truman.edu/,56280,0,00249500,0,0,0.0324,0.1733,0.153,0.8545,NA,1249,3,MO,2666,0.4059,0.5941,0.0311,0.0019,0.0206,0.0203,0.0345,8e-4,0.0923,0.0105,0.7881,2025-05-19,178615,Missouri,63501-4221,"Plains (IA, KS, MN, MO, NE, ND, SD)",Public,No,No,Town: Remote,"Adair County, MO",Not applicable
Tufts University,0.1013,19.943956044,13737,Medford,2,84600,2350755000,0.4582417582,0.1529548088,16250,0,0,https://www.tufts.edu/,83214,0,00221900,0,0.1387,0.0265,0,0.1158,0.6349,NA,1513,3,MA,6804,0.4367,0.5633,0.0792,3e-4,0.1664,0.0655,0.1014,0.0013,0.1226,0.0434,0.4199,2025-05-19,168148,Massachusetts,02155-5555,"New England (CT, ME, MA, NH, R,I VT)",Private not-for-profit,No,No,Suburb: Large,"Middlesex County, MA",Not applicable
Tulane University of Louisiana,0.1459,22.748197449,12908,New Orleans,2,83761,2001112000,0.6045479756,0.1800116891,20500,0,0,https://tulane.edu/,63268,0,00202900,0.0044,0.0292,0.0127,0.276,0.0928,0.6987,NA,1443,3,LA,7759,0.3865,0.6135,0.0503,0.0012,0.0575,0.069,0.1075,8e-4,0.0561,0.0108,0.647,2025-05-19,160755,Louisiana,70118-5698,"Southeast (AL, AR, FL, GA, KY, LA, MS, NC, SC, TN, VA, WV)",Private not-for-profit,No,No,City: Large,"Orleans Parish, LA",Not applicable
Turtle Mountain Community College,NA,24.698275862,7575,Belcourt,2,14760,2470021,0.5545977011,0.3467153285,PS,0,0,www.tm.edu/,32079,0,02301100,0.0651,0,0,0.1302,0.5826,0.7115,NA,NA,1,ND,613,0.3654,0.6346,0,0.9739,0,0,0.0033,0,0,0,0.0228,2025-05-19,200527,North Dakota,58316,"Plains (IA, KS, MN, MO, NE, ND, SD)",Private not-for-profit,No,Yes,Rural: Remote,"Rolette County, ND",Not applicable
Tusculum University,0.6042,23.934968017,4949,Greeneville,2,43172,20293230,0.5021321962,0.4538011696,23250,0,0,https://www.tusculum.edu/,44367,0,00352700,0.0725,0,0.0109,0.337,0.4518,0.6024,66,NA,3,TN,903,0.5271,0.4729,0.0266,0.0044,0.0033,0.1783,0.0443,0.0022,0.0842,0.1074,0.5493,2025-05-19,221953,Tennessee,37743,"Southeast (AL, AR, FL, GA, KY, LA, MS, NC, SC, TN, VA, WV)",Private not-for-profit,No,No,Town: Distant,"Greene County, TN",Presbyterian Church (USA)
Tuskegee University,0.3143,19.723193916,7309,Tuskegee,2,41924,142900904,0.6509505703,0.2306438468,27000,1,0,www.tuskegee.edu/,49641,0,00105000,0.0195,0.1585,0.0024,0.1317,0.4767,0.8604,NA,1121,3,AL,2367,0.3629,0.6371,0.0351,0.0025,0.003,0.9248,0.0017,4e-4,0,0.0253,0.0072,2025-05-19,102377,Alabama,36088-1920,"Southeast (AL, AR, FL, GA, KY, LA, MS, NC, SC, TN, VA, WV)",Private not-for-profit,Yes,No,Town: Distant,"Macon County, AL",Not applicable
Tyler Junior College,NA,23.133344057,6045,Tyler,1,15881,85808381,0.5809876146,0.4549507709,11995,0,1,www.tjc.edu/,38140,0,00364800,0.0318,0.0044,0.0017,0.1093,0.3562,0.6274,NA,NA,2,TX,9065,0.365,0.635,0.0499,0.0038,0.0116,0.1724,0.2757,9e-4,0.0185,0.0189,0.4484,2025-05-19,229355,Texas,75701,"Southwest (AZ, NM, OK, TX)",Public,No,No,City: Midsize,"Smith County, TX",Not applicable
Union Adventist University,0.9989,21.168091168,6575,Lincoln,2,40586,29755906,0.6296296296,0.2453416149,27000,0,1,https://www.ucollege.edu/,55045,0,00256300,0.0482,0,0.012,0.1325,0.2438,0.9855,95,NA,3,NE,439,0.4077,0.5923,0.0342,0.0023,0.0524,0.0683,0.2551,0.0114,0.0866,0.0068,0.4829,2025-05-19,181738,Nebraska,68506,"Plains (IA, KS, MN, MO, NE, ND, SD)",Private not-for-profit,No,No,City: Large,"Lancaster County, NE",Seventh Day Adventist
Union Bible College,0.8673,NA,1282,Westfield,2,15351,NA,NA,NA,PS,0,0,https://ubca.org/,NA,0,04250000,0,0,0,0.1,0.2647,0.3684,42,NA,3,IN,155,0.4774,0.5226,0.0065,0,0.2581,0.0258,0.2581,0,0.0065,0,0.4452,2025-05-19,491525,NA,NA,NA,NA,NA,NA,NA,NA,NA
Union College,0.5504,21.560606061,5029,Barbourville,2,44375,30236161,0.4579124579,0.4072727273,24250,0,0,https://www.unionky.edu/,42002,0,00198800,0.0727,0,0.0121,0.1879,0.5062,1,71,965,3,KY,736,0.5774,0.4226,0.0503,0.0068,0.0095,0.1413,0.0326,0.0122,0.1454,0.0122,0.5897,2025-05-19,196866,New York,12308-2311,"Mid East (DE ,DC, MD, NJ, NY, PA)",Private not-for-profit,No,No,City: Small,"Schenectady County, NY",Not applicable
Union College,0.5504,21.560606061,5029,Barbourville,2,44375,30236161,0.4579124579,0.4072727273,24250,0,0,https://www.unionky.edu/,42002,0,00198800,0.0727,0,0.0121,0.1879,0.5062,1,71,965,3,KY,736,0.5774,0.4226,0.0503,0.0068,0.0095,0.1413,0.0326,0.0122,0.1454,0.0122,0.5897,2025-05-19,157863,Kentucky,40906-1499,"Southeast (AL, AR, FL, GA, KY, LA, MS, NC, SC, TN, VA, WV)",Private not-for-profit,No,No,Town: Remote,"Knox County, KY",United Methodist
Union College,0.4379,19.473229706,12109,Schenectady,2,81627,501800000,0.4956822107,0.13003663,25337,0,0,www.union.edu/,88604,0,00288900,0,0.1799,0.021,0.0304,0.1315,0.9119,NA,1410,3,NY,2070,0.5498,0.4502,0.0338,0.0014,0.0686,0.0401,0.0908,0.001,0.101,0.0019,0.6614,2025-05-19,196866,New York,12308-2311,"Mid East (DE ,DC, MD, NJ, NY, PA)",Private not-for-profit,No,No,City: Small,"Schenectady County, NY",Not applicable
Union College,0.4379,19.473229706,12109,Schenectady,2,81627,501800000,0.4956822107,0.13003663,25337,0,0,www.union.edu/,88604,0,00288900,0,0.1799,0.021,0.0304,0.1315,0.9119,NA,1410,3,NY,2070,0.5498,0.4502,0.0338,0.0014,0.0686,0.0401,0.0908,0.001,0.101,0.0019,0.6614,2025-05-19,157863,Kentucky,40906-1499,"Southeast (AL, AR, FL, GA, KY, LA, MS, NC, SC, TN, VA, WV)",Private not-for-profit,No,No,Town: Remote,"Knox County, KY",United Methodist
Union University,0.4718,26.937137331,7911,Jackson,2,55790,50616906,0.7127659574,0.3252375924,20714,0,0,www.uu.edu/,53990,0,00352800,0.0459,0.0229,0.0069,0.1376,0.2521,1,75,1243,3,TN,1637,0.3592,0.6408,0.0476,0.0012,0.022,0.1411,0.022,6e-4,0.0202,0.0507,0.6946,2025-05-19,221971,Tennessee,38305-3697,"Southeast (AL, AR, FL, GA, KY, LA, MS, NC, SC, TN, VA, WV)",Private not-for-profit,No,No,City: Small,"Madison County, TN",Southern Baptist
United States Air Force Academy,0.1393,NA,10800,USAF Academy,1,NA,127842170,NA,NA,NA,0,0,www.usafa.edu/,NA,0,00136900,0,0.3045,0.0169,0.1686,NA,1,NA,1362,NA,CO,4124,0.7061,0.2939,0.0827,0.0017,0.0723,0.058,0.1193,0.0058,0.0145,0.0116,0.6341,2025-05-19,128328,Colorado,80840-5002,U.S. Service schools,Public,No,No,Town: Fringe,"El Paso County, CO",Not applicable
United States Coast Guard Academy,0.2432,NA,7856,New London,1,NA,29661815,NA,NA,NA,0,0,https://www.uscga.edu/,NA,0,00141500,0,0.4858,0,0.1822,NA,0.9398,NA,1290,NA,CT,1081,0.6059,0.3941,0.1073,9e-4,0.0574,0.0287,0.136,0.0028,0.0278,0.0111,0.6281,2025-05-19,130624,Connecticut,06320-4195,U.S. Service schools,Public,No,No,City: Small,"New London County, CT",Not applicable
United States Merchant Marine Academy,0.3247,19.811881188,11060,Kings Point,1,9547,NA,0.2178217822,PS,8833,0,0,https://www.usmma.edu/,90610,0,00289200,0,0.5205,0,0,0.073,0.7808,NA,1226,3,NY,947,0.8215,0.1785,0.0686,0.0011,0.0454,0.0201,0.0855,0.0053,0,0.0021,0.7719,2025-05-19,197027,New York,11024-1699,U.S. Service schools,Public,No,No,Suburb: Large,"Nassau County, NY",Not applicable
United States Military Academy,0.1398,NA,12045,West  Point,1,NA,25304864,NA,NA,NA,0,0,www.westpoint.edu/,NA,0,00289300,0,0.2212,0.0208,0.054,NA,0.9844,NA,1355,NA,NY,4439,0.7808,0.2192,0.0137,0.0083,0.1104,0.1063,0.1104,0.007,0.0128,7e-4,0.6303,2025-05-19,197036,New York,10996-1905,U.S. Service schools,Public,No,No,Town: Fringe,"Orange County, NY",Not applicable
United States Naval Academy,0.0936,NA,13901,Annapolis,1,NA,341837755,NA,NA,NA,0,0,www.usna.edu/,NA,0,00210100,0,0.3508,0.0214,0,NA,0.9741,NA,1308,NA,MD,4465,0.7041,0.2959,0.0869,0.002,0.0968,0.0634,0.1436,0.0036,0.0128,0.0125,0.5785,2025-05-19,164155,Maryland,21402-5000,U.S. Service schools,Public,No,No,Suburb: Large,"Anne Arundel County, MD",Not applicable
United States Sports Academy,0.3529,31.901408451,7452,Daphne,2,NA,1000000,0.2394366197,PS,PS,0,0,www.ussa.edu/,55257,0,02170600,0.4,0,0,0,0.3478,0.2444,NA,NA,3,AL,136,0.875,0.125,0.0147,0.0147,0,0.2794,0.1324,0,0.0074,0.2059,0.3456,2025-05-19,102395,Alabama,36526-7055,"Southeast (AL, AR, FL, GA, KY, LA, MS, NC, SC, TN, VA, WV)",Private not-for-profit,No,No,City: Small,"Baldwin County, AL",Not applicable
United Talmudical Seminary,NA,18.031862745,4244,Brooklyn,2,21624,NA,PS,PS,PS,0,0,utsny.edu/,25113,0,01118900,0,0,0,0,0.856,0.5556,80,NA,3,NY,2006,1,0,0,0,0,0,0.001,0,0.0294,0,0.9696,2025-05-19,197018,New York,11211,"Mid East (DE ,DC, MD, NJ, NY, PA)",Private not-for-profit,No,No,City: Large,"Kings County, NY",Jewish
United Tribes Technical College,NA,25.678474114,5947,Bismarck,2,12498,826801,0.5885558583,0.3468013468,PS,0,0,https://uttc.edu/,25292,0,02242900,0.0687,0,0,0.1832,0.751,0.6667,NA,NA,2,ND,532,0.3459,0.6541,0.0075,0.9643,0.0019,0.0056,0.0019,0,0,0,0.0188,2025-05-19,200554,North Dakota,58504,"Plains (IA, KS, MN, MO, NE, ND, SD)",Private not-for-profit,No,Yes,Suburb: Small,"Burleigh County, ND",Not applicable
Unity Environmental University,0.818,20.176724138,5404,New Gloucester,2,20915,15715242,0.5086206897,0.3211009174,25000,0,0,https://unity.edu/,37852,0,00685800,0,0,0,0,0.5925,0.0684,NA,NA,3,ME,5619,0.2189,0.7811,0.0481,0.0119,0.0103,0.0573,0.1244,0.0023,5e-4,0.0468,0.6983,2025-05-19,161572,Maine,04988,"New England (CT, ME, MA, NH, R,I VT)",Private not-for-profit,No,No,Rural: Remote,"Waldo County, ME",Not applicable
Universal Technology College of Puerto Rico,NA,25.811239193,1804,Aguadilla,2,NA,NA,0.5806916427,0.6040609137,PS,0,1,www.unitecpr.edu/,19878,0,03029700,0,0,0,0,0.6023,0.3621,NA,NA,1,PR,149,0.2685,0.7315,0,0,0,0,1,0,0,0,0,2025-05-19,376385,Puerto Rico,00603,"Other U.S. jurisdictions (AS, FM GU, MH, MP, PR, PW, VI)",Private not-for-profit,No,No,City: Small,"Aguadilla Municipio, PR",Not applicable
Universidad Adventista de las Antillas,1,21.517611026,3119,Mayaguez,2,14855,134104,0.6401225115,0.3829431438,15750,0,1,https://www.uaa.edu/,28465,0,00501900,0.0657,0,0,0.0876,0.804,0.4487,95,NA,3,PR,769,0.4109,0.5891,0,0.0078,0,0.0104,0.935,0,0.0364,0,0.0104,2025-05-19,241191,Puerto Rico,00680-0000,"Other U.S. jurisdictions (AS, FM GU, MH, MP, PR, PW, VI)",Private not-for-profit,No,No,Suburb: Midsize,"Mayagüez Municipio, PR",Seventh Day Adventist
Universidad Ana G. Mendez-Carolina Campus,NA,24.002753623,3971,Carolina,2,13837,24860588,0.5856521739,0.4060663507,14500,0,1,uagm.edu/,24328,0,00394100,0.0344,0,0,0.2073,0.699,1,NA,NA,3,PR,4383,0.3986,0.6014,0,0,0,0,1,0,0,0,0,2025-05-19,243346,Puerto Rico,00985-0985,"Other U.S. jurisdictions (AS, FM GU, MH, MP, PR, PW, VI)",Private not-for-profit,No,No,City: Midsize,"Carolina Municipio, PR",Not applicable
Universidad Ana G. Mendez-Cupey Campus,NA,23.699172414,4172,San Juan,2,14154,27761938,0.6213793103,0.4282491758,14250,0,1,uagm.edu/,24490,0,02587500,0.0573,0,0,0.1637,0.6885,1,NA,NA,3,PR,4579,0.3311,0.6689,0,0,0,0,1,0,0,0,0,2025-05-19,241739,Puerto Rico,00926-2602,"Other U.S. jurisdictions (AS, FM GU, MH, MP, PR, PW, VI)",Private not-for-profit,No,No,City: Large,"San Juan Municipio, PR",Not applicable
Universidad Ana G. Mendez-Gurabo Campus,NA,23.820619059,4369,Gurabo,2,14081,28647784,0.579454058,0.3655705996,13448,0,1,uagm.edu/,26223,0,01171900,0.0482,0.0742,0,0.1568,0.8266,1,NA,NA,3,PR,7666,0.4005,0.5995,0,0,0,0,1,0,0,0,0,2025-05-19,243601,Puerto Rico,00778-3030,"Other U.S. jurisdictions (AS, FM GU, MH, MP, PR, PW, VI)",Private not-for-profit,No,No,Suburb: Large,"Gurabo Municipio, PR",Not applicable
Universidad Central de Bayamon,0.8636,22.357561547,2838,Bayamón,2,11164,1313656,0.6189917937,0.3075862069,9393,0,1,ucb.edu.pr/,25021,0,00502200,0.1134,0,0,0.1546,0.8331,1,30,NA,3,PR,594,0.3468,0.6532,0,0,0,0,0.9949,0,0.0051,0,0,2025-05-19,241225,Puerto Rico,00960-1725,"Other U.S. jurisdictions (AS, FM GU, MH, MP, PR, PW, VI)",Private not-for-profit,No,No,Suburb: Large,"Bayamón Municipio, PR",Roman Catholic
Universidad del Sagrado Corazon,0.5341,24.80457934,4089,Santurce,2,19550,21613015,0.6112886049,0.2772397094,16250,0,1,www.sagrado.edu/,31754,0,00393700,0.0055,0,0,0.138,0.7081,0.2177,30,NA,3,PR,4042,0.3501,0.6499,0,2e-4,5e-4,0.0015,0.9973,0,0,0,5e-4,2025-05-19,243443,Puerto Rico,00907,"Other U.S. jurisdictions (AS, FM GU, MH, MP, PR, PW, VI)",Private not-for-profit,No,No,City: Large,"San Juan Municipio, PR",Roman Catholic
Universidad Pentecostal Mizpa,NA,39.42,NA,Rio Piedras,2,12652,NA,0.4466666667,0.56,PS,0,1,mizpa.edu/,21410,0,03531300,0,0,0,0,0.5786,NA,99,NA,3,PR,138,0.5942,0.4058,0,0,0,0,1,0,0,0,0,2025-05-19,441690,Puerto Rico,00928,"Other U.S. jurisdictions (AS, FM GU, MH, MP, PR, PW, VI)",Private not-for-profit,No,No,City: Large,"San Juan Municipio, PR",Other (none of the above)
Universidad Politecnica de Puerto Rico,NA,23.012345679,4952,Hato Rey,2,21894,23421518,0.2235217674,0.2195994278,22564,0,1,www.pupr.edu/,47540,0,02100000,0,0.7818,0,0.0364,0.6232,0.629,NA,NA,3,PR,3791,0.7114,0.2886,0,0,5e-4,0.0011,0.9947,0,0,0.0016,0.0021,2025-05-19,243577,Puerto Rico,00919,"Other U.S. jurisdictions (AS, FM GU, MH, MP, PR, PW, VI)",Private not-for-profit,No,No,City: Large,"San Juan Municipio, PR",Not applicable
Universidad Teologica del Caribe,NA,39.893401015,1026,Trujillo Alto,2,14285,NA,0.4365482234,0.5487804878,12050,0,0,utcpr.edu/,23536,0,02335500,0,0,0,0,0.5836,0.2787,57,NA,3,PR,192,0.5833,0.4167,0,0,0,0,1,0,0,0,0,2025-05-19,241614,Puerto Rico,00978-0901,"Other U.S. jurisdictions (AS, FM GU, MH, MP, PR, PW, VI)",Private not-for-profit,No,No,Suburb: Large,"Trujillo Alto Municipio, PR",Church of God
University at Albany,0.6987,20.611145511,10933,Albany,1,28490,100856595,0.5287925697,0.3008942662,19500,0,0,www.albany.edu/,67979,0,00283500,0.0257,0.0123,0.0096,0.1419,0.4212,0.5867,NA,NA,3,NY,12100,0.4617,0.5383,0.0401,0.0023,0.0973,0.2342,0.1912,0.0014,0.0336,0.0129,0.387,2025-05-19,196060,New York,12222,"Mid East (DE ,DC, MD, NJ, NY, PA)",Public,No,No,City: Small,"Albany County, NY",Not applicable
University at Buffalo,0.693,20.669631977,11923,Buffalo,1,29043,907867833,0.427613941,0.2806191117,19000,0,0,https://www.buffalo.edu/,70814,0,00283700,0,0.1434,0.0215,0.1723,0.3226,0.6881,NA,1298,3,NY,20284,0.5384,0.4616,0.0331,0.0049,0.1779,0.0901,0.0883,6e-4,0.1217,0.0331,0.4503,2025-05-19,196088,New York,14260-1660,"Mid East (DE ,DC, MD, NJ, NY, PA)",Public,No,No,Suburb: Large,"Erie County, NY",Not applicable
University of Akron Main Campus,0.7091,21.54619899,10013,Akron,1,24555,257723981,0.5014330558,0.3636497859,23250,0,0,www.uakron.edu/,46600,0,00312300,0.0564,0.191,0.0087,0.127,0.2886,0.3931,NA,1088,3,OH,10011,0.5267,0.4733,0.0502,0.0018,0.0452,0.1308,0.0393,8e-4,0.0199,0.0222,0.6899,2025-05-19,200800,Ohio,44325-4702,"Great Lakes (IL, IN, MI, OH, WI)",Public,No,No,City: Midsize,"Summit County, OH",Not applicable
University of Alabama at Birmingham,0.8842,23.60797466,12211,Birmingham,1,27826,673320170,0.6390907397,0.341223671,22300,0,0,https://www.uab.edu/,54501,0,00105200,0.0614,0.0581,0.0046,0.2048,0.3318,0.7584,NA,1251,3,AL,12118,0.3737,0.6263,0.0515,0.002,0.0915,0.2657,0.0776,7e-4,0.0214,0.0064,0.4832,2025-05-19,100663,Alabama,35294-0110,"Southeast (AL, AR, FL, GA, KY, LA, MS, NC, SC, TN, VA, WV)",Public,No,No,City: Midsize,"Jefferson County, AL",Not applicable
University of Alabama in Huntsville,0.7425,22.727919632,10411,Huntsville,1,27098,87756960,0.4763499372,0.3101321586,20705,0,0,www.uah.edu/,61767,0,00105500,0.019,0.3086,0.0147,0.1653,0.225,0.6308,NA,1321,3,AL,6650,0.6096,0.3904,0.0508,0.0074,0.0423,0.0907,0.0719,0.0015,0.0129,0.0286,0.694,2025-05-19,100706,Alabama,35899,"Southeast (AL, AR, FL, GA, KY, LA, MS, NC, SC, TN, VA, WV)",Public,No,No,City: Midsize,"Madison County, AL",Not applicable
University of Alaska Anchorage,0.6652,25.107503075,9957,Anchorage,1,21848,88768224,0.5987699877,0.3891938746,20210,0,0,www.uaa.alaska.edu/,51871,0,01146200,0.0014,0.0416,0.0021,0.129,0.191,0.5389,NA,NA,3,AK,6916,0.4037,0.5963,0.1163,0.0535,0.1252,0.0369,0.1134,0.0068,0.0182,0.0435,0.4863,2025-05-19,102553,Alaska,99508,"Far West (AK ,CA ,HI, NV, OR, WA)",Public,No,No,City: Large,"Anchorage Municipality, AK",Not applicable
University of Alaska Fairbanks,NA,25.450308815,10130,Fairbanks,1,21182,142226396,0.5940482875,0.3988326848,20291,0,0,www.uaf.edu/,48866,1,00106300,0.045,0.0531,0.0035,0.1303,0.2237,0.6217,NA,NA,3,AK,4027,0.3919,0.6081,0.1065,0.1331,0.0313,0.0335,0.0976,0.006,0.0112,0.0499,0.5309,2025-05-19,102614,Alaska,99775-7500,"Far West (AK ,CA ,HI, NV, OR, WA)",Public,No,No,Suburb: Small,"Fairbanks North Star Borough, AK",Not applicable
University of Alaska Southeast,0.625,26.966861598,9091,Juneau,1,16796,9130228,0.6978557505,0.3951434879,19111,0,0,www.uas.alaska.edu/,48475,1,00106500,0.08,0,0.0086,0.1886,0.1398,0.4972,NA,NA,3,AK,920,0.3185,0.6815,0.1424,0.1065,0.0641,0.0109,0.0946,0.0033,0.0076,0.0326,0.538,2025-05-19,102632,Alaska,99801-8697,"Far West (AK ,CA ,HI, NV, OR, WA)",Public,No,No,Town: Remote,"Juneau City and Borough, AK",Not applicable
University of Arizona,0.8566,21.308737695,12224,Tucson,1,28543,1203998436,0.5628539071,0.3140729569,19620,0,1,https://www.arizona.edu/,59979,0,00108300,0.0318,0.0654,0.0145,0.1459,0.2624,0.7627,NA,1261,3,AZ,40769,0.4429,0.5571,0.0498,0.0151,0.0495,0.0431,0.2762,0.0022,0.0453,0.0466,0.4721,2025-05-19,104179,Arizona,85721-0066,"Southwest (AZ, NM, OK, TX)",Public,No,No,City: Large,"Pima County, AZ",Not applicable
University of Arkansas,0.7167,21.283907238,10492,Fayetteville,1,26161,1465736201,0.5588193956,0.2599614872,21500,0,0,https://www.uark.edu/,58191,0,00110800,0.036,0.0875,0.0053,0.2946,0.173,0.8243,NA,1174,3,AR,27312,0.4404,0.5596,0.0462,0.0082,0.0286,0.0395,0.1097,0.0016,0.0122,0.0083,0.7456,2025-05-19,106397,Arkansas,72701,"Southeast (AL, AR, FL, GA, KY, LA, MS, NC, SC, TN, VA, WV)",Public,No,No,City: Small,"Washington County, AR",Not applicable
University of Arkansas-Fort Smith,0.8147,22.930601698,7228,Fort Smith,1,18052,104427695,0.5636766334,0.4840221559,18250,0,0,https://uafs.edu/,41102,0,00111000,0.0604,0.0135,0.001,0.2223,0.3914,0.6171,NA,1050,3,AR,4133,0.3879,0.6121,0.1074,0.0223,0.0486,0.0387,0.1914,5e-4,0.0131,0,0.578,2025-05-19,108092,Arkansas,72913-3649,"Southeast (AL, AR, FL, GA, KY, LA, MS, NC, SC, TN, VA, WV)",Public,No,No,City: Small,"Sebastian County, AR",Not applicable
University of Arkansas at Little Rock,0.5774,25.515523089,7892,Little Rock,1,21013,159965311,0.6464909992,0.3910404624,22000,0,0,ualr.edu/www/,45265,0,00110100,0.0287,0.0126,0.007,0.1239,0.4105,1,NA,1049,3,AR,4740,0.361,0.639,0.143,0.0089,0.0194,0.2618,0.0304,2e-4,0.0287,0.0076,0.5,2025-05-19,106245,Arkansas,72204,"Southeast (AL, AR, FL, GA, KY, LA, MS, NC, SC, TN, VA, WV)",Public,No,No,City: Midsize,"Pulaski County, AR",Not applicable
University of Arkansas at Monticello,NA,23.630971129,5921,Monticello,1,20741,4562615,0.537007874,0.4533974744,19971,0,0,www.uamont.edu/,36902,0,00108500,0.0486,0,0.0022,0.1325,0.4938,1,NA,NA,1,AR,1868,0.3983,0.6017,0.0562,0.0027,0.0016,0.3003,0.0889,0.0016,0.007,0,0.5418,2025-05-19,106485,Arkansas,71656,"Southeast (AL, AR, FL, GA, KY, LA, MS, NC, SC, TN, VA, WV)",Public,No,No,Town: Remote,"Drew County, AR",Not applicable
University of Arkansas at Pine Bluff,0.5754,21.153024911,6100,Pine Bluff,1,20907,7385811,0.5960854093,0.3677375256,24202,1,0,www.uapb.edu/,35550,0,00108600,0.0873,0.0028,0.0028,0.1352,0.6687,0.831,NA,916,3,AR,1899,0.4471,0.5529,0.0195,0.0042,0.0026,0.8994,0.0258,0.0032,0.0195,0,0.0258,2025-05-19,106412,Arkansas,71601,"Southeast (AL, AR, FL, GA, KY, LA, MS, NC, SC, TN, VA, WV)",Public,Yes,No,City: Small,"Jefferson County, AR",Not applicable
University of Arkansas for Medical Sciences,NA,28.42,9461,Little Rock,1,NA,348414506,0.8375,0.3950276243,14000,0,0,https://www.uams.edu/,73827,0,00110900,0,0,0,0,0.2694,0.7749,NA,NA,3,AR,1361,0.1602,0.8398,0.0397,0.0044,0.0852,0.1058,0.0992,0.0022,0.0081,0.0522,0.6032,2025-05-19,106263,Arkansas,72205-7199,"Southeast (AL, AR, FL, GA, KY, LA, MS, NC, SC, TN, VA, WV)",Public,No,No,City: Midsize,"Pulaski County, AR",Not applicable
University of Baltimore,0.8555,27.588526912,13190,Baltimore,1,27477,62812787,0.6104815864,0.3990024938,23250,0,0,www.ubalt.edu/,61335,0,00210200,0,0,0,0.3097,0.4317,0.5599,NA,1060,3,MD,1276,0.413,0.587,0.0494,0.0024,0.0415,0.4992,0.0854,0.0024,0.0141,0.0447,0.261,2025-05-19,161873,Maryland,21201-5720,"Mid East (DE ,DC, MD, NJ, NY, PA)",Public,No,No,City: Large,"Baltimore City, MD",Not applicable
University of Bridgeport,0.6431,24.483914209,7276,Bridgeport,2,52786,2368000,0.7091152815,0.424291498,25750,0,1,www.bridgeport.edu/,50323,0,00141600,0,0.0425,0.0021,0.0913,0.5168,0.3326,NA,985,3,CT,1450,0.2952,0.7048,0.0048,0.0034,0.0448,0.3262,0.3055,0,0.0421,0.02,0.2531,2025-05-19,128744,Connecticut,06604-5620,"New England (CT, ME, MA, NH, R,I VT)",Private not-for-profit,No,No,City: Midsize,"Fairfield County, CT",Not applicable
University of California-Berkeley,0.1166,21.506537388,20183,Berkeley,1,42708,2727165000,0.5464962539,0.3458005249,13000,0,0,www.berkeley.edu/,92446,0,00131200,0,0.1224,0.0379,0.0464,0.2733,0.7029,NA,NA,3,CA,33073,0.4406,0.5594,0.0622,0.0011,0.3524,0.0213,0.218,0.001,0.1149,0.0339,0.1952,2025-05-19,110635,California,94720,"Far West (AK ,CA ,HI, NV, OR, WA)",Public,No,No,City: Midsize,"Alameda County, CA",Not applicable
University of California-Davis,0.4163,21.202801724,17719,Davis,1,38067,634651000,0.6267241379,0.4083114282,13000,0,0,ucdavis.edu/,80838,0,00131300,0.0016,0.0895,0.0367,0.0601,0.3078,0.8651,NA,NA,3,CA,31777,0.4081,0.5919,0.063,0.0011,0.3134,0.0174,0.2457,0.0022,0.1308,0.0211,0.2054,2025-05-19,110644,California,95616-8678,"Far West (AK ,CA ,HI, NV, OR, WA)",Public,No,No,Suburb: Small,"Yolo County, CA",Not applicable
University of California-Irvine,0.2557,20.456399515,18213,Irvine,1,36121,723966000,0.5660897365,0.4398111723,15000,0,1,www.uci.edu/,80735,0,00131400,0.034,0.1208,0.0295,0.1184,0.3729,0.8416,NA,NA,3,CA,29494,0.441,0.559,0.0641,0.0015,0.3863,0.0191,0.2624,0.0011,0.1189,0.0178,0.1289,2025-05-19,110653,California,92697,"Far West (AK ,CA ,HI, NV, OR, WA)",Public,No,No,City: Large,"Orange County, CA",Not applicable
University of California-Los Angeles,0.0873,21.083592708,21778,Los Angeles,1,36643,2903804000,0.6031569586,0.3808913934,14000,0,0,www.ucla.edu/,82511,0,00131500,0.0108,0.0769,0.0815,0.0026,0.271,0.7434,NA,NA,3,CA,33040,0.3895,0.6105,0.0752,0.0015,0.2989,0.033,0.2321,0.0016,0.0769,0.0298,0.2511,2025-05-19,110662,California,90095-1405,"Far West (AK ,CA ,HI, NV, OR, WA)",Public,No,No,City: Large,"Los Angeles County, CA",Not applicable
University of California-Merced,0.3918,19.546156129,14062,Merced,1,37098,26373000,0.536360938,0.5741399763,16144,0,1,ucmerced.edu/,64368,0,04127100,0,0.245,0.0183,0.1009,0.5901,0.9345,NA,NA,3,CA,8372,0.5251,0.4749,0.0443,0.0014,0.2235,0.0486,0.5774,0.0026,0.003,0.0102,0.089,2025-05-19,445188,California,95343-5603,"Far West (AK ,CA ,HI, NV, OR, WA)",Public,No,No,Rural: Fringe,"Merced County, CA",Not applicable
University of California-Riverside,0.633,20.26240301,16295,Riverside,1,34975,236970000,0.5768869034,0.4834699068,17500,0,1,www.ucr.edu/,67699,0,00131600,0.0314,0.0698,0.0327,0.1445,0.4669,0.8903,NA,NA,3,CA,22644,0.4779,0.5221,0.0474,5e-4,0.358,0.0341,0.4008,0.0016,0.0399,0.0127,0.105,2025-05-19,110671,California,92521,"Far West (AK ,CA ,HI, NV, OR, WA)",Public,No,No,City: Large,"Riverside County, CA",Not applicable
University of California-San Diego,0.2452,20.78065032,18460,La Jolla,1,36325,1196455000,0.5198560768,0.3957082833,15500,0,0,www.ucsd.edu/,84943,0,00131700,0.0066,0.1095,0.045,0.03,0.3289,0.8795,NA,NA,3,CA,33787,0.462,0.538,0.0634,8e-4,0.3432,0.0179,0.2526,7e-4,0.118,0.0216,0.1818,2025-05-19,110680,California,92093,"Far West (AK ,CA ,HI, NV, OR, WA)",Public,No,No,City: Large,"San Diego County, CA",Not applicable
University of California-Santa Barbara,0.2778,20.176479775,19799,Santa Barbara,1,36776,352376000,0.5778541309,0.4240058108,13993,0,1,www.ucsb.edu/,74915,0,00132000,0,0.0364,0.0933,0.0072,0.2799,0.8968,NA,NA,3,CA,23205,0.4301,0.5699,0.0885,0.0015,0.1867,0.0203,0.2604,6e-4,0.0977,0.027,0.3173,2025-05-19,110705,California,93106,"Far West (AK ,CA ,HI, NV, OR, WA)",Public,No,No,Suburb: Midsize,"Santa Barbara County, CA",Not applicable
University of California-Santa Cruz,0.6254,20.455008787,16951,Santa Cruz,1,38649,145468000,0.5430579965,0.3674975075,16666,0,1,www.ucsc.edu/,68396,0,00132100,0.0153,0.0343,0.023,0.0618,0.3175,0.8415,NA,NA,3,CA,17812,0.4837,0.5163,0.0851,8e-4,0.2465,0.0195,0.285,0.0013,0.031,0.023,0.3078,2025-05-19,110714,California,95064-1011,"Far West (AK ,CA ,HI, NV, OR, WA)",Public,No,No,City: Small,"Santa Cruz County, CA",Not applicable
University of Central Arkansas,0.9047,21.152542373,7396,Conway,1,24265,52440586,0.6165561287,0.3459589224,20346,0,0,www.uca.edu/,45938,0,00109200,0.0806,0.0031,0.0074,0.1827,0.3734,0.766,NA,1117,3,AR,7426,0.3828,0.6172,0.0498,0.0031,0.0221,0.1673,0.0768,0.0012,0.0306,0.0016,0.6476,2025-05-19,106704,Arkansas,72035-0001,"Southeast (AL, AR, FL, GA, KY, LA, MS, NC, SC, TN, VA, WV)",Public,No,No,City: Small,"Faulkner County, AR",Not applicable
University of Central Florida,0.3952,23.064686174,11465,Orlando,1,22819,174724636,0.5891445164,0.3526400468,18190,0,1,www.ucf.edu/,58308,0,00395400,0.0342,0.0833,0.0067,0.1542,0.3342,0.9848,NA,1277,3,FL,59095,0.4573,0.5427,0.0479,0.0011,0.0772,0.0919,0.3078,0.0012,0.0289,0.009,0.435,2025-05-19,132903,Florida,32816,"Southeast (AL, AR, FL, GA, KY, LA, MS, NC, SC, TN, VA, WV)",Public,No,No,Suburb: Large,"Orange County, FL",Not applicable
University of Central Missouri,0.6861,22.044336175,8767,Warrensburg,1,22086,65431590,0.5887941535,0.3339464004,21000,0,0,https://www.ucmo.edu/,49560,0,00245400,0.1474,0.0046,0.004,0.126,0.2565,0.9923,NA,1090,3,MO,5653,0.4674,0.5326,0.0474,0.0042,0.0119,0.0869,0.069,0.0012,0.0175,0.005,0.7569,2025-05-19,176965,Missouri,64093,"Plains (IA, KS, MN, MO, NE, ND, SD)",Public,No,No,Town: Distant,"Johnson County, MO",Not applicable
University of Central Oklahoma,0.8176,22.905901116,8018,Edmond,1,25913,51864421,0.6142122984,0.3719072667,21000,0,0,https://www.uco.edu/,48351,0,00315200,0.0642,0.0303,0.0022,0.1701,0.3546,1,NA,1050,3,OK,10132,0.3767,0.6233,0.1174,0.0366,0.0469,0.0823,0.1527,0.0012,0.0309,0.0128,0.5192,2025-05-19,206941,Oklahoma,73034,"Southwest (AZ, NM, OK, TX)",Public,No,No,Suburb: Large,"Oklahoma County, OK",Not applicable
University of Charleston,0.6453,24.657772622,7016,Charleston,2,44031,55592721,0.5870069606,0.4312736444,19500,0,0,www.ucwv.edu/,55774,0,00381800,0.0152,0,0,0.5125,0.2863,0.5261,NA,NA,3,WV,2083,0.6135,0.3865,0.0461,0.0014,0.012,0.0864,0.0807,0.0024,0.0739,0.0336,0.6635,2025-05-19,237312,West Virginia,25304,"Southeast (AL, AR, FL, GA, KY, LA, MS, NC, SC, TN, VA, WV)",Private not-for-profit,No,No,City: Small,"Kanawha County, WV",Not applicable
University of Chicago,0.0479,20.008797654,18990,Chicago,2,86856,8569802385,0.5190615836,0.202435312,15000,0,0,www.uchicago.edu/,91885,0,00177400,0,0.0225,0.0924,0,0.1447,0.8501,NA,1554,3,IL,7540,0.5341,0.4659,0.0708,3e-4,0.1969,0.0696,0.1711,1e-4,0.1598,0.022,0.3093,2025-05-19,144050,Illinois,60637,"Great Lakes (IL, IN, MI, OH, WI)",Private not-for-profit,No,No,City: Large,"Cook County, IL",Not applicable
University of Cincinnati-Blue Ash College,NA,22.327481647,9280,Blue Ash,1,13881,1670819,0.5598467922,0.3097519247,21250,0,0,www.ucblueash.edu/,54810,0,00312502,0.0641,0,0,0.2405,0.2219,0.5462,NA,NA,3,OH,4104,0.404,0.596,0.0548,0.0024,0.0436,0.2169,0.085,0.0012,0.0115,0.0071,0.5775,2025-05-19,201955,Ohio,45236-1096,"Great Lakes (IL, IN, MI, OH, WI)",Public,No,No,Suburb: Large,"Hamilton County, OH",Not applicable
University of Cincinnati-Clermont College,NA,22.327481647,9733,Batavia,1,14280,2618959,0.5598467922,0.3097519247,21250,0,0,www.ucclermont.edu/,54810,0,00312501,0.0416,0,0,0.1589,0.1126,0.2566,NA,NA,3,OH,2606,0.3219,0.6781,0.0361,0.0023,0.0249,0.1105,0.0664,0.0023,0.0046,0.0357,0.7172,2025-05-19,201946,Ohio,45103,"Great Lakes (IL, IN, MI, OH, WI)",Public,No,No,Suburb: Large,"Clermont County, OH",Not applicable
University of Cincinnati-Main Campus,0.8767,22.327481647,11190,Cincinnati,1,28783,1771519517,0.5598467922,0.3097519247,21250,0,0,www.uc.edu/,54810,0,00312500,0.0515,0.1105,0.0049,0.1888,0.1761,0.5817,NA,1281,3,OH,29094,0.4966,0.5034,0.0455,0.0011,0.0547,0.0842,0.0462,5e-4,0.0491,0.0131,0.7055,2025-05-19,201885,Ohio,45221-0063,"Great Lakes (IL, IN, MI, OH, WI)",Public,No,No,City: Large,"Hamilton County, OH",Not applicable
University of Colorado Boulder,0.8328,20.481829574,13016,Boulder,1,33466,NA,0.4815162907,0.2035731847,19500,0,0,www.colorado.edu/,69738,0,00137000,0.0116,0.1242,0.0185,0.1724,0.1477,0.745,NA,1353,3,CO,31578,0.5332,0.4668,0.0674,0.0018,0.0621,0.0182,0.1349,0.0011,0.0272,0.0097,0.6776,2025-05-19,126614,Colorado,80309-0017,"Rocky Mountains (CO, ID, MT, UT, WY)",Public,No,No,City: Midsize,"Boulder County, CO",Not applicable
University of Colorado Colorado Springs,0.9657,23.317987152,9185,Colorado Springs,1,23713,NA,0.5588865096,0.3134053805,20000,0,0,https://www.uccs.edu/,54659,0,00450900,0.0485,0.063,0.0145,0.177,0.2625,0.6058,NA,1140,3,CO,8870,0.483,0.517,0.0755,0.0047,0.0383,0.052,0.205,0.0027,0.009,0.0163,0.5964,2025-05-19,126580,Colorado,80918,"Rocky Mountains (CO, ID, MT, UT, WY)",Public,No,No,City: Large,"El Paso County, CO",Not applicable
University of Colorado Denver/Anschutz Medical Campus,0.7781,24.234349593,11669,Denver,1,23369,NA,0.5792682927,0.3794204883,20500,0,1,www.ucdenver.edu/,64270,0,00450800,0.0176,0.0668,0.0098,0.1684,0.2579,0.6674,NA,1119,3,CO,10686,0.4396,0.5604,0.0561,0.004,0.1072,0.0682,0.2766,0.0019,0.0952,0.0119,0.3789,2025-05-19,126562,Colorado,80217-3364,"Rocky Mountains (CO, ID, MT, UT, WY)",Public,No,No,City: Large,"Adams County, CO",Not applicable
University of Connecticut,0.5395,20.321323247,14158,Storrs,1,36572,564285745,0.5309655084,0.2664932932,21500,0,1,uconn.edu/,73997,0,00141700,0.025,0.1128,0.0322,0.1384,0.2416,0.6735,NA,1338,3,CT,19147,0.4595,0.5405,0.0462,9e-4,0.1304,0.0728,0.1614,4e-4,0.0776,0.0068,0.5034,2025-05-19,129020,Connecticut,06269,"New England (CT, ME, MA, NH, R,I VT)",Public,No,No,Suburb: Large,"Tolland County, CT",Not applicable
University of Dallas,0.542,19.654223969,8757,Irving,2,64752,92419000,0.5697445972,0.1646586345,23117,0,1,https://udallas.edu/,58285,0,00365100,0.033,0,0.0099,0.2013,0.2636,0.5982,30,1284,3,TX,1403,0.4469,0.5531,0.0178,0.0036,0.0727,0.0306,0.2794,7e-4,0.0171,0.0143,0.5638,2025-05-19,224323,Texas,75062-4736,"Southwest (AZ, NM, OK, TX)",Private not-for-profit,No,No,City: Midsize,"Dallas County, TX",Roman Catholic
University of Dayton,0.6165,19.622861911,9481,Dayton,2,64310,770021000,0.5198164372,0.1024121879,23250,0,0,https://udayton.edu/,75537,0,00312700,0.0761,0.205,0.0041,0.2516,0.1552,0.6941,30,1313,3,OH,8099,0.5224,0.4776,0.034,0.001,0.017,0.052,0.0662,7e-4,0.0261,0.0077,0.7954,2025-05-19,202480,Ohio,45469,"Great Lakes (IL, IN, MI, OH, WI)",Private not-for-profit,No,No,City: Midsize,"Montgomery County, OH",Roman Catholic
University of Delaware,0.6511,19.693425606,14139,Newark,1,29347,1781176682,0.585467128,0.170937108,24572,0,0,www.udel.edu/,72950,0,00143100,0.0629,0.0893,0.0117,0.1864,0.1565,0.989,NA,1297,3,DE,18812,0.4014,0.5986,0.0521,0.0013,0.0552,0.0637,0.0988,3e-4,0.0379,0.0163,0.6743,2025-05-19,130943,Delaware,19716,"Mid East (DE ,DC, MD, NJ, NY, PA)",Public,No,No,Suburb: Large,"New Castle County, DE",Not applicable
University of Denver,0.7119,20.264305177,12410,Denver,2,75020,990340196,0.6021798365,0.1903064861,21844,0,0,www.du.edu/,71155,0,00137100,0,0.0313,0.0094,0.313,0.1471,0.5336,NA,1344,3,CO,6059,0.4486,0.5514,0.0635,0.0043,0.0376,0.0279,0.137,0.0012,0.032,0.0163,0.6801,2025-05-19,127060,Colorado,80208,"Rocky Mountains (CO, ID, MT, UT, WY)",Private not-for-profit,No,No,City: Large,"Denver County, CO",Not applicable
University of Detroit Mercy,0.8014,23.755447942,10394,Detroit,2,40069,83263247,0.6795803067,0.2871198569,23250,0,0,https://www.udmercy.edu/,71030,0,00232300,0.003,0.0526,0.003,0.0781,0.2513,1,30,1136,3,MI,2289,0.363,0.637,0.0214,0.0035,0.0721,0.1092,0.0931,0,0.0931,0.0725,0.5352,2025-05-19,169716,Michigan,48221-3038,"Great Lakes (IL, IN, MI, OH, WI)",Private not-for-profit,No,No,City: Large,"Wayne County, MI",Roman Catholic
University of Dubuque,0.8692,22.243267504,8193,Dubuque,2,51060,229372702,0.4245960503,0.3612204724,25750,0,0,www.dbq.edu/,51190,0,00189100,0.0464,0,0.0033,0.1921,0.4037,1,66,1119,3,IA,1473,0.5927,0.4073,0.0122,0.0041,0.0115,0.0957,0.055,0.0034,0.0319,0.0855,0.7006,2025-05-19,153278,Iowa,52001,"Plains (IA, KS, MN, MO, NE, ND, SD)",Private not-for-profit,No,No,City: Small,"Dubuque County, IA",Presbyterian Church (USA)
University of Evansville,0.7765,20.501925546,9110,Evansville,2,56068,156822698,0.6136071887,0.2745901639,24606,0,0,https://www.evansville.edu/,53770,0,00179500,0.0838,0.0864,0.0183,0.1545,0.2296,0.9172,71,NA,3,IN,1477,0.3879,0.6121,0.0467,0.0014,0.0352,0.0454,0.0603,7e-4,0.0785,0.0081,0.7238,2025-05-19,150534,Indiana,47722,"Great Lakes (IL, IN, MI, OH, WI)",Private not-for-profit,No,No,City: Midsize,"Vanderburgh County, IN",United Methodist
University of Florida,0.2403,21.401052858,12837,Gainesville,1,21719,2272548000,0.5937902879,0.3076658251,15000,0,0,https://www.ufl.edu/,71588,0,00153500,0.0223,0.1285,0.0174,0.1242,0.2198,0.8916,NA,1397,3,FL,34102,0.4446,0.5554,0.0491,5e-4,0.1194,0.0508,0.2424,4e-4,0.0215,0.016,0.4999,2025-05-19,134130,Florida,32611,"Southeast (AL, AR, FL, GA, KY, LA, MS, NC, SC, TN, VA, WV)",Public,No,No,City: Midsize,"Alachua County, FL",Not applicable
University of Fort Lauderdale,NA,29.106382979,3875,Lauderhill,2,20726,NA,0.2127659574,0.46875,PS,0,0,uftl.edu/,38062,0,04156300,0,0,0,0.7778,0.5812,0.129,108,NA,2,FL,259,0.7529,0.2471,0.0232,0.0039,0,0.4054,0.305,0,0.0039,0.0347,0.2239,2025-05-19,457402,Florida,33313,"Southeast (AL, AR, FL, GA, KY, LA, MS, NC, SC, TN, VA, WV)",Private not-for-profit,No,No,Suburb: Large,"Broward County, FL",Undenominational
University of Georgia,0.372,20.454007884,12651,Athens,1,27436,1685035351,0.5743758213,0.1815059082,18500,0,0,www.uga.edu/,68726,0,00159800,0.0239,0.0465,0.0101,0.2808,0.1722,0.897,NA,1301,3,GA,31310,0.4217,0.5783,0.0423,8e-4,0.1275,0.0599,0.0762,6e-4,0.0102,0.0121,0.6705,2025-05-19,139959,Georgia,30602,"Southeast (AL, AR, FL, GA, KY, LA, MS, NC, SC, TN, VA, WV)",Public,No,No,City: Midsize,"Clarke County, GA",Not applicable
University of Guam,NA,21.790844515,10096,Mangilao,1,15155,25978718,0.5951065509,0.4598792062,16786,0,0,https://www.uog.edu/,35946,0,00393500,0.1532,0.0203,0.0113,0.2072,0.311,0.602,NA,NA,3,GU,2573,0.4205,0.5795,0.0155,8e-4,0.4792,0.0035,0.0066,0.4458,0.007,0.0241,0.0175,2025-05-19,240754,Guam,96923,"Other U.S. jurisdictions (AS, FM GU, MH, MP, PR, PW, VI)",Public,No,No,Town: Remote,"Guam, GU",Not applicable
University of Hartford,0.8301,20.24865758,8557,West Hartford,2,62273,191364000,0.5671210244,0.2869217082,27000,0,0,www.hartford.edu/,60823,0,00142200,0.0502,0.1175,0.0032,0.0994,0.2976,0.437,NA,1207,3,CT,4032,0.4323,0.5677,0.0206,0.0042,0.0392,0.1639,0.1726,0.0017,0.034,0.0531,0.5107,2025-05-19,129525,Connecticut,06117-1599,"New England (CT, ME, MA, NH, R,I VT)",Private not-for-profit,No,No,City: Midsize,"Hartford County, CT",Not applicable
University of Hawaii-West Oahu,0.956,27.66507177,11077,Kapolei,1,18190,244196,0.7033492823,0.4253597122,14500,0,0,https://westoahu.hawaii.edu/,52075,0,02107800,0.0667,0,0,0.3476,0.2966,0.5789,NA,973,3,HI,2510,0.3498,0.6502,0.341,8e-4,0.3522,0.0191,0.1526,0.0438,0.006,0.0044,0.0801,2025-05-19,141981,Hawaii,96707-4507,"Far West (AK ,CA ,HI, NV, OR, WA)",Public,No,No,Suburb: Large,"Honolulu County, HI",Not applicable
University of Hawaii at Hilo,0.8977,24.144832606,11621,Hilo,1,20914,293175,0.6892285298,0.3655063291,20500,0,0,https://hilo.hawaii.edu/,47856,0,00161100,0,0,0.0171,0.128,0.3953,0.7295,NA,1025,3,HI,2260,0.3717,0.6283,0.3509,0.0031,0.1332,0.0137,0.1664,0.0832,0.0456,0.0031,0.2009,2025-05-19,141565,Hawaii,96720-4091,"Far West (AK ,CA ,HI, NV, OR, WA)",Public,No,No,Town: Remote,"Hawaii County, HI",Not applicable
University of Hawaii at Manoa,0.6969,22.499538319,13930,Honolulu,1,23832,46589268,0.5987996307,0.3384306844,18500,0,0,https://manoa.hawaii.edu/,57624,0,00161000,0.0773,0.0824,0.0055,0.2097,0.2451,0.7832,NA,1157,3,HI,14306,0.4047,0.5953,0.2465,0.0021,0.3263,0.015,0.1402,0.0215,0.0318,0.0074,0.2092,2025-05-19,141574,Hawaii,96822-2217,"Far West (AK ,CA ,HI, NV, OR, WA)",Public,No,No,City: Large,"Honolulu County, HI",Not applicable
University of Hawaii Maui College,NA,26.32,9695,Kahului,1,16225,353663,0.6027272727,0.4984552008,13040,0,0,maui.hawaii.edu/,34453,0,00161500,0.0549,0,0,0.1397,0.218,0.4943,NA,NA,2,HI,1635,0.337,0.663,0.2917,6e-4,0.3174,0.0141,0.148,0.0667,0.0214,0.008,0.1321,2025-05-19,141839,Hawaii,96732-1617,"Far West (AK ,CA ,HI, NV, OR, WA)",Public,No,No,City: Small,"Maui County, HI",Not applicable
University of Health Sciences and Pharmacy in St. Louis,0.7513,21.418338109,9923,Saint Louis,2,53608,137232750,0.6446991404,0.2242424242,17755,0,0,www.uhsp.edu/,137047,0,00250400,0,0,0,0,0.2879,0.6964,NA,1150,3,MO,274,0.4343,0.5657,0.0219,0.0036,0.0949,0.135,0.0146,0.0073,0.0511,0.0438,0.6277,2025-05-19,179265,Missouri,63110-1088,"Plains (IA, KS, MN, MO, NE, ND, SD)",Private not-for-profit,No,No,City: Large,"St. Louis City, MO",Not applicable
University of Holy Cross,0.9901,25.695652174,7700,New Orleans,2,28380,22693408,0.8932806324,0.4898876404,26995,0,0,uhcno.edu/,49316,0,00202300,0.1474,0,0,0.0842,0.2842,0.4037,30,NA,3,LA,405,0.1827,0.8173,0.0494,0.0025,0.037,0.2469,0.1235,0,0,0.1259,0.4148,2025-05-19,160065,Louisiana,70131-7399,"Southeast (AL, AR, FL, GA, KY, LA, MS, NC, SC, TN, VA, WV)",Private not-for-profit,No,No,City: Large,"Orleans Parish, LA",Roman Catholic
University of Houston,0.6953,22.612481315,13207,Houston,1,25056,1106417765,0.5257100149,0.4049271339,18194,0,1,www.uh.edu/,62377,0,00365200,0,0.0703,0.0155,0.2754,0.4089,0.7783,NA,1229,3,TX,37175,0.4805,0.5195,0.0317,0.001,0.2381,0.1142,0.3752,8e-4,0.0525,0.0141,0.1724,2025-05-19,225511,Texas,77204-2018,"Southwest (AZ, NM, OK, TX)",Public,No,No,City: Large,"Harris County, TX",Not applicable
University of Houston-Clear Lake,0.753,27.575250836,9935,Houston,1,23788,33886456,0.6814381271,0.4821073559,17831,0,1,www.uhcl.edu/,59004,0,01171100,0.0097,0.0465,0.0219,0.2189,0.438,0.5875,NA,1105,3,TX,6082,0.3828,0.6172,0.0321,0.0013,0.0755,0.0663,0.4977,3e-4,0.015,0.0127,0.2992,2025-05-19,225414,Texas,77058-1002,"Southwest (AZ, NM, OK, TX)",Public,No,No,Suburb: Large,"Harris County, TX",Not applicable
University of Houston-Downtown,0.9064,26.975800447,9327,Houston,1,23017,55453031,0.6537602383,0.5270877691,18750,0,1,www.uhd.edu/,53551,0,00361200,0.0407,0,0.0078,0.3552,0.5162,0.5218,NA,1041,3,TX,12812,0.3821,0.6179,0.0243,9e-4,0.0821,0.1691,0.5856,9e-4,0.019,0.0087,0.1095,2025-05-19,225432,Texas,77002-1014,"Southwest (AZ, NM, OK, TX)",Public,No,No,City: Large,"Harris County, TX",Not applicable
University of Houston-Victoria,0.7671,26.757462687,9315,Victoria,1,21179,20342429,0.6554726368,0.4573304158,18973,0,1,uhv.edu/,54467,0,01323100,0.0499,0,0.0067,0.3423,0.4396,0.511,NA,1085,3,TX,2630,0.3741,0.6259,0.0335,0.0015,0.0711,0.1316,0.4532,4e-4,0.0297,0.0118,0.2673,2025-05-19,225502,Texas,77901,"Southwest (AZ, NM, OK, TX)",Public,No,No,City: Small,"Victoria County, TX",Not applicable
University of Idaho,0.7909,21.458624128,10247,Moscow,1,22669,372857803,0.5058158857,0.3178761062,21982,0,0,www.uidaho.edu/,54670,0,00162600,0.0729,0.0917,0.0138,0.1445,0.2276,0.8515,NA,1088,3,ID,7363,0.499,0.501,0.0445,0.0124,0.0155,0.0125,0.1065,0.0012,0.0522,0.0148,0.7405,2025-05-19,142285,Idaho,83844-2282,"Rocky Mountains (CO, ID, MT, UT, WY)",Public,No,No,Town: Distant,"Latah County, ID",Not applicable
University of Illinois Chicago,0.785,21.089593212,14178,Chicago,1,26998,540812282,0.5284502121,0.4439779965,16704,0,1,www.uic.edu/,68740,0,00177600,0.0346,0.10780000000000001,0.0118,0.1696,0.4957,0.7105,NA,1242,3,IL,21814,0.4679,0.5321,0.0299,5e-4,0.2073,0.0795,0.3659,3e-4,0.071,0.0171,0.2284,2025-05-19,145600,Illinois,60607,"Great Lakes (IL, IN, MI, OH, WI)",Public,No,No,City: Large,"Cook County, IL",Not applicable
University of Illinois Springfield,0.8437,25.824757644,9549,Springfield,1,23643,28369606,0.5704697987,0.3624382208,19128,0,0,www.uis.edu/,57103,0,00933300,0.0423,0,0.0227,0.1918,0.3585,0.6023,NA,1118,3,IL,2292,0.4459,0.5541,0.0537,9e-4,0.0397,0.1265,0.1073,0.0031,0.0349,0.0161,0.6178,2025-05-19,148654,Illinois,62703-5407,"Great Lakes (IL, IN, MI, OH, WI)",Public,No,No,City: Midsize,"Sangamon County, IL",Not applicable
University of Illinois Urbana-Champaign,0.4369,19.852831045,14082,Champaign,1,32134,2233438413,0.4948371724,0.2493020998,19500,0,0,www.illinois.edu/,81054,0,00177500,0.0205,0.2143,0.0489,0.1043,0.2381,0.7291,NA,1418,3,IL,34623,0.5265,0.4735,0.0388,3e-4,0.2297,0.056,0.1388,3e-4,0.1365,0.0124,0.3873,2025-05-19,145637,Illinois,61820-5711,"Great Lakes (IL, IN, MI, OH, WI)",Public,No,No,City: Small,"Champaign County, IL",Not applicable
University of Indianapolis,0.7276,21.897593204,8085,Indianapolis,2,48674,123277355,0.6753185465,0.3181126332,26864,0,0,https://uindy.edu/,53610,0,00180400,0.0566,0.0316,0.0033,0.235,0.3596,1,71,NA,3,IN,3147,0.394,0.606,0.0362,0.001,0.0407,0.1439,0.0991,3e-4,0.0823,0.0187,0.5777,2025-05-19,151263,Indiana,46227-3697,"Great Lakes (IL, IN, MI, OH, WI)",Private not-for-profit,No,No,City: Large,"Marion County, IN",United Methodist
University of Iowa,0.8467,20.972824045,12956,Iowa City,1,26883,3053761000,0.5623043206,0.2231285357,22500,0,0,https://uiowa.edu/,64762,0,00189200,0.034,0.0824,0.0181,0.2328,0.1775,0.8747,NA,1220,3,IA,21691,0.4377,0.5623,0.0384,0.0012,0.0465,0.0292,0.0915,6e-4,0.0155,0.0318,0.7452,2025-05-19,153658,Iowa,52242-1316,"Plains (IA, KS, MN, MO, NE, ND, SD)",Public,No,No,City: Small,"Johnson County, IA",Not applicable
University of Jamestown,0.9351,20.441176471,7019,Jamestown,2,36960,38873492,0.4954751131,0.2822966507,27000,0,0,www.uj.edu/,56621,0,00299000,0.1557,0.053900000000000003,0.006,0.1856,0.2607,1,66,NA,3,ND,947,0.5797,0.4203,0.0306,0.0032,0.0042,0.0253,0.0834,0.0021,0.0623,0.1088,0.68,2025-05-19,200156,North Dakota,58405,"Plains (IA, KS, MN, MO, NE, ND, SD)",Private not-for-profit,No,No,Town: Remote,"Stutsman County, ND",Presbyterian Church (USA)
University of Kansas,0.882,21.110345883,11081,Lawrence,1,25215,2303429732,0.547597184,0.2222402072,21000,0,0,https://ku.edu/,61945,0,00194800,0.026,0.083,0.0118,0.2033,0.1953,0.7799,NA,1186,3,KS,19857,0.4652,0.5348,0.0582,0.0043,0.0623,0.0433,0.1027,0.001,0.0324,0.005,0.6907,2025-05-19,155317,Kansas,66045,"Plains (IA, KS, MN, MO, NE, ND, SD)",Public,No,No,City: Small,"Douglas County, KS",Not applicable
University of Kentucky,0.9238,20.599472991,11693,Lexington,1,32291,1754167989,0.5687747036,0.2336008857,22500,0,0,www.uky.edu/,59025,0,00198900,0.0647,0.1018,0.008,0.204,0.215,0.8267,NA,1213,3,KY,23189,0.4201,0.5799,0.0414,0.0016,0.0373,0.0664,0.0643,9e-4,0.0141,0.0124,0.7616,2025-05-19,157085,Kentucky,40506-0032,"Southeast (AL, AR, FL, GA, KY, LA, MS, NC, SC, TN, VA, WV)",Public,No,No,City: Large,"Fayette County, KY",Not applicable
University of La Verne,0.4848,26.103714085,10820,La Verne,2,61564,122161420,0.6243868255,0.5062086093,23500,0,1,https://www.laverne.edu/,65464,0,00121600,0.1732,0,0.0096,0.3417,0.4754,0.2809,NA,1116,3,CA,3341,0.387,0.613,0.0371,0.0021,0.0527,0.079,0.6324,0.0036,0.0207,0.0159,0.1565,2025-05-19,117140,California,91750-4401,"Far West (AK ,CA ,HI, NV, OR, WA)",Private not-for-profit,No,No,Suburb: Large,"Los Angeles County, CA",Not applicable
University of Louisiana at Lafayette,0.8883,21.933164129,8915,Lafayette,1,24631,154721046,0.6164128596,0.3848580442,22902,0,0,www.louisiana.edu/,47089,0,00203100,0.0892,0.0883,0.0046,0.1352,0.3877,0.7488,NA,1219,3,LA,12269,0.4176,0.5824,0.0418,0.0032,0.0235,0.2654,0.0526,8e-4,0.0072,0.0212,0.5844,2025-05-19,160658,Louisiana,70503,"Southeast (AL, AR, FL, GA, KY, LA, MS, NC, SC, TN, VA, WV)",Public,No,No,City: Midsize,"Lafayette Parish, LA",Not applicable
University of Louisiana at Monroe,0.7456,21.488462904,7998,Monroe,1,23552,35112696,0.6975505857,0.3800852383,21500,0,0,www.ulm.edu/,46769,0,00202000,0.0321,0,0.008,0.1328,0.3341,0.7864,NA,1102,3,LA,4891,0.348,0.652,0.0311,0.0031,0.0135,0.2427,0.0341,2e-4,0.0603,0.0343,0.5807,2025-05-19,159993,Louisiana,71209-0000,"Southeast (AL, AR, FL, GA, KY, LA, MS, NC, SC, TN, VA, WV)",Public,No,No,City: Small,"Ouachita Parish, LA",Not applicable
University of Louisville,0.8054,21.922797457,9254,Louisville,1,30843,883606000,0.5513169846,0.3043478261,20500,0,0,www.louisville.edu/,53899,0,00199900,0.1064,0.1193,0.0052,0.1426,0.288,0.5639,NA,1147,3,KY,14187,0.4384,0.5616,0.0633,0.0016,0.0554,0.1563,0.0826,6e-4,0.0133,0.0011,0.6259,2025-05-19,157289,Kentucky,40292-0001,"Southeast (AL, AR, FL, GA, KY, LA, MS, NC, SC, TN, VA, WV)",Public,No,No,City: Large,"Jefferson County, KY",Not applicable
University of Lynchburg,0.8219,20.238493724,8232,Lynchburg,2,48300,142176447,0.6171548117,0.3015184382,27000,0,0,www.lynchburg.edu/,56380,0,00372000,0.0548,0,0.0288,0.147,0.2731,0.7269,61,1100,3,VA,1599,0.3809,0.6191,0.0463,0.0025,0.0163,0.0932,0.0744,0.0019,0.0694,0.1069,0.5891,2025-05-19,232609,Virginia,24501-3113,"Southeast (AL, AR, FL, GA, KY, LA, MS, NC, SC, TN, VA, WV)",Private not-for-profit,No,No,City: Small,"Lynchburg City, VA",Christian Church (Disciples of Christ)
University of Maine,0.9571,20.161975309,11151,Orono,1,26418,456236000,0.482962963,0.2340534979,25000,0,0,www.umaine.edu/,48653,0,00205300,0.0899,0.1269,0.0085,0.1676,0.2196,0.6955,NA,NA,3,ME,8341,0.5189,0.4811,0.0387,0.009,0.0171,0.0182,0.0471,2e-4,0.0219,0.0181,0.8295,2025-05-19,161253,Maine,04469,"New England (CT, ME, MA, NH, R,I VT)",Public,No,No,Suburb: Small,"Penobscot County, ME",Not applicable
University of Maine at Augusta,NA,29.107796965,7870,Augusta,1,18813,7895000,0.7263212977,0.5086009174,22734,0,0,www.uma.edu/,40342,0,00676000,0.045,0,0,0.1073,0.3196,0.3815,NA,NA,3,ME,2759,0.3161,0.6839,0.0435,0.0116,0.0083,0.0359,0.0489,4e-4,0.0065,0.0337,0.8112,2025-05-19,161217,Maine,04330-9410,"New England (CT, ME, MA, NH, R,I VT)",Public,No,No,Town: Distant,"Kennebec County, ME",Not applicable
University of Maine at Farmington,0.9763,20.396711202,8306,Farmington,1,24103,15355000,0.6762589928,0.3243823845,24499,0,0,https://www.umf.maine.edu/,44433,0,00204000,0.3964,0,0.0071,0.1107,0.3248,0.7265,NA,1040,3,ME,1131,0.3599,0.6401,0.0283,0.0035,0.0062,0.0177,0.0442,9e-4,0.0018,0.0141,0.8833,2025-05-19,161226,Maine,04938-9978,"New England (CT, ME, MA, NH, R,I VT)",Public,No,No,Town: Remote,"Franklin County, ME",Not applicable
University of Maine at Fort Kent,0.9907,25.789103691,7831,Fort Kent,1,18532,4697000,0.7434094903,0.4291187739,20160,0,0,www.umfk.maine.edu/,51077,0,00204100,0,0,0,0.0599,0.139,0.549,NA,NA,3,ME,638,0.2649,0.7351,0.0455,0.0078,0.011,0.0815,0.0361,0.0031,0.1097,0.0345,0.6708,2025-05-19,161235,Maine,04743-1292,"New England (CT, ME, MA, NH, R,I VT)",Public,No,No,Rural: Remote,"Aroostook County, ME",Not applicable
University of Maine at Presque Isle,0.9709,22.163265306,7805,Presque Isle,1,18663,1281000,0.6387755102,0.3671171171,16000,0,0,www.umpi.edu/,40956,0,00203300,0.0584,0,0.0053,0.36870000000000003,0.2559,0.4103,NA,NA,3,ME,1362,0.4339,0.5661,0.036,0.0132,0.0191,0.0984,0.0999,0.0015,0.0984,0.0338,0.5999,2025-05-19,161341,Maine,04769-2888,"New England (CT, ME, MA, NH, R,I VT)",Public,No,No,Rural: Fringe,"Aroostook County, ME",Not applicable
University of Mary,0.7825,22.580742227,8399,Bismarck,2,32879,62775233,0.6509528586,0.1786833856,24000,0,0,https://www.umary.edu/,60909,0,00299200,0.0809,0.0434,0.002,0.1874,0.178,0.6161,30,NA,3,ND,2280,0.414,0.586,0.0254,0.0171,0.0149,0.0232,0,0.0053,0.0285,0.0904,0.7952,2025-05-19,200217,North Dakota,58504,"Plains (IA, KS, MN, MO, NE, ND, SD)",Private not-for-profit,No,No,Rural: Fringe,"Burleigh County, ND",Roman Catholic
University of Mary Hardin-Baylor,0.9512,22.215641173,8445,Belton,2,45235,116690283,0.6331224842,0.3244084682,26000,0,1,https://go.umhb.edu/,56132,0,00358800,0.0844,0.0239,0.0048,0.1465,0.3685,0.5412,54,1098,3,TX,2959,0.3758,0.6242,0.023,0.003,0.0152,0.1352,0.2761,0.0027,0.0084,0.0314,0.5049,2025-05-19,226471,Texas,76513-2599,"Southwest (AZ, NM, OK, TX)",Private not-for-profit,No,No,Suburb: Small,"Bell County, TX",Baptist
University of Mary Washington,0.8626,21.514303878,9548,Fredericksburg,1,29234,60429775,0.6853146853,0.2479892761,20500,0,0,https://www.umw.edu/,60613,0,00374600,0.0176,0,0.0165,0.1541,0.2024,0.6957,NA,1241,3,VA,3504,0.3716,0.6284,0.0519,0.0017,0.0479,0.0799,0.1333,0,0.0217,0.0659,0.5976,2025-05-19,232681,Virginia,22401-5300,"Southeast (AL, AR, FL, GA, KY, LA, MS, NC, SC, TN, VA, WV)",Public,No,No,Suburb: Midsize,"Fredericksburg City, VA",Not applicable
University of Maryland-Baltimore County,0.7424,22.286146234,12619,Baltimore,1,27935,146753148,0.4939527213,0.2740181269,19500,0,0,umbc.edu/,69960,0,00210500,4e-4,0.0815,0.0319,0.0114,0.296,0.6672,NA,1299,3,MD,10434,0.5418,0.4582,0.0648,0.0011,0.2386,0.2385,0.0929,4e-4,0.0461,0.0126,0.3051,2025-05-19,163268,Maryland,21250,"Mid East (DE ,DC, MD, NJ, NY, PA)",Public,No,No,Suburb: Large,"Baltimore County, MD",Not applicable
University of Maryland-College Park,0.4484,20.78256718,16391,College Park,1,28073,965446224,0.508934661,0.2242705763,19000,0,0,www.umd.edu/,82860,0,00210300,0.016,0.1247,0.0191,0.1284,0.1859,0.8169,NA,1463,3,MD,30246,0.507,0.493,0.0489,0.001,0.2401,0.129,0.1071,5e-4,0.0318,0.0436,0.3981,2025-05-19,163286,Maryland,20742,"Mid East (DE ,DC, MD, NJ, NY, PA)",Public,No,No,Suburb: Large,"Prince George's County, MD",Not applicable
University of Maryland Eastern Shore,0.9036,20.372833985,10559,Princess Anne,1,27799,65229324,0.5885969816,0.3575063613,27000,1,0,wwwcp.umes.edu/,47697,0,00210600,0.0197,0.0362,0,0.1513,0.5261,0.7125,NA,NA,3,MD,2165,0.455,0.545,0.0457,0.0037,0.0097,0.7783,0.0443,9e-4,0.0282,0.0139,0.0753,2025-05-19,163338,Maryland,21853-1299,"Mid East (DE ,DC, MD, NJ, NY, PA)",Public,Yes,No,Town: Fringe,"Somerset County, MD",Not applicable
University of Maryland Global Campus,NA,29.996718829,9194,Adelphi,1,19790,54472455,0.5443589096,0.4647196604,21000,0,0,www.umgc.edu/,65287,0,01164400,0,0,0,0.239,0.2844,0.0451,NA,NA,3,MD,48238,0.5557,0.4443,0.0476,0.005,0.0518,0.2593,0.1759,0.0077,0.0141,0.1059,0.3328,2025-05-19,163204,Maryland,20783-8010,"Mid East (DE ,DC, MD, NJ, NY, PA)",Public,No,No,Suburb: Large,"Prince George's County, MD",Not applicable
University of Massachusetts-Amherst,0.5777,21.250991951,13556,Amherst,1,33389,442469956,0.515474436,0.2155418251,22763,0,0,www.umass.edu/,71631,0,00222100,0.0078,0.0691,0.0285,0.1512,0.2029,0.8043,NA,1393,3,MA,23694,0.4802,0.5198,0.0422,7e-4,0.1359,0.044,0.0872,8e-4,0.075,0.0305,0.5836,2025-05-19,166629,Massachusetts,01003,"New England (CT, ME, MA, NH, R,I VT)",Public,No,No,Suburb: Large,"Hampshire County, MA",Not applicable
University of Massachusetts-Boston,0.8296,23.598801274,11642,Boston,1,29698,126413000,0.5690204158,0.4305429864,21974,0,0,www.umb.edu/,65865,0,00222200,0.0167,0.015,0.0088,0.1741,0.4269,0.6208,NA,1188,3,MA,11848,0.429,0.571,0.0403,0.001,0.1628,0.1786,0.1964,5e-4,0.0666,0.0452,0.3086,2025-05-19,166638,Massachusetts,02125-3393,"New England (CT, ME, MA, NH, R,I VT)",Public,No,No,City: Large,"Suffolk County, MA",Not applicable
University of Massachusetts-Dartmouth,0.9216,21.456860395,11964,North Dartmouth,1,31677,90217112,0.5080886759,0.3518893387,25000,0,0,www.umassd.edu/,68804,0,00221000,0.0026,0.1195,0.0043,0.2701,0.3564,0.675,NA,1152,3,MA,5289,0.4808,0.5192,0.0531,0.0013,0.0321,0.1821,0.1339,6e-4,0.0142,0.0195,0.5632,2025-05-19,167987,Massachusetts,02747-2300,"New England (CT, ME, MA, NH, R,I VT)",Public,No,No,Suburb: Midsize,"Bristol County, MA",Not applicable
University of Massachusetts-Lowell,0.8524,22.936249073,13170,Lowell,1,29521,160107000,0.4343958488,0.3176614881,23704,0,0,www.uml.edu/,64874,0,00216100,0.0075,0.1923,0.0121,0.2116,0.2739,0.5983,NA,1253,3,MA,11632,0.582,0.418,0.0334,8e-4,0.1398,0.0941,0.158,4e-4,0.0229,0.0334,0.5173,2025-05-19,166513,Massachusetts,01854-5104,"New England (CT, ME, MA, NH, R,I VT)",Public,No,No,Suburb: Large,"Middlesex County, MA",Not applicable
University of Massachusetts Global,NA,32.534366309,9609,Irvine,1,33365,NA,0.7008343266,0.499765808,24276,0,0,www.umassglobal.edu/,65703,0,04161800,0.043,0,0,0.3151,0.2292,0.1068,NA,NA,3,CA,4902,0.3201,0.6799,0.0563,0.012,0.0412,0.1251,0.049,0.0049,0.001,0.083,0.6275,2025-05-19,262086,California,92618,"Far West (AK ,CA ,HI, NV, OR, WA)",Private not-for-profit,No,No,City: Large,"Orange County, CA",Not applicable
University of Memphis,0.9338,22.76978517,9436,Memphis,1,25164,255276488,0.6019404019,0.3675599875,23300,0,0,https://www.memphis.edu/,48458,0,00350900,0.0499,0.0505,0.0024,0.1845,0.3996,0.7122,NA,1051,3,TN,13645,0.3968,0.6032,0.0421,0.0021,0.0465,0.406,0.1102,5e-4,0.0152,0.0092,0.3681,2025-05-19,220862,Tennessee,38152,"Southeast (AL, AR, FL, GA, KY, LA, MS, NC, SC, TN, VA, WV)",Public,No,No,City: Large,"Shelby County, TN",Not applicable
University of Miami,0.1851,20.856624319,14668,Coral Gables,2,77708,1344283912,0.5744101633,0.2009592326,17500,0,0,www.miami.edu/,75328,0,00153600,0.0077,0.0685,0.0099,0.2109,0.154,0.721,NA,1416,3,FL,12570,0.4603,0.5397,0.0426,0.001,0.0475,0.0824,0.2359,8e-4,0.0798,0.0271,0.4829,2025-05-19,135726,Florida,33146,"Southeast (AL, AR, FL, GA, KY, LA, MS, NC, SC, TN, VA, WV)",Private not-for-profit,No,No,Suburb: Large,"Miami-Dade County, FL",Not applicable
University of Michigan-Ann Arbor,0.1794,20.469775475,12896,Ann Arbor,1,33345,17104431000,0.5349348406,0.2057218455,19500,0,0,https://umich.edu/,83648,0,00232500,0.0086,0.136,0.0289,0.0808,0.1757,0.8252,NA,1473,3,MI,33488,0.4692,0.5308,0.0535,0.0014,0.1863,0.0454,0.1003,8e-4,0.0792,0.0446,0.4884,2025-05-19,170976,Michigan,48109,"Great Lakes (IL, IN, MI, OH, WI)",Public,No,No,City: Midsize,"Washtenaw County, MI",Not applicable
University of Michigan-Dearborn,0.5863,23.07663411,11205,Dearborn,1,22435,86785000,0.5116453794,0.3818103818,22500,0,0,https://umdearborn.edu/,59649,0,00232600,0.0469,0.2587,0.0161,0.1877,0.4385,0.6856,NA,1127,3,MI,5882,0.5274,0.4726,0.0498,0.0012,0.0978,0.085,0.0649,5e-4,0.0379,0.0168,0.646,2025-05-19,171137,Michigan,48128-1491,"Great Lakes (IL, IN, MI, OH, WI)",Public,No,No,City: Small,"Wayne County, MI",Not applicable
University of Michigan-Flint,0.6883,25.387921022,10307,Flint,1,23329,165315000,0.6531165312,0.3679401993,25000,0,0,www.umflint.edu/,53230,0,00232700,0.0344,0.0395,0.0061,0.1591,0.3467,0.5519,NA,1104,3,MI,4157,0.3644,0.6356,0.0293,0.0084,0.0243,0.1513,0.0647,0.001,0.0135,0.0358,0.6716,2025-05-19,171146,Michigan,48502-1950,"Great Lakes (IL, IN, MI, OH, WI)",Public,No,No,City: Small,"Genesee County, MI",Not applicable
University of Minnesota-Crookston,0.5838,25.88165038,8868,Crookston,1,25290,23942175,0.4896851249,0.2903981265,20500,0,0,https://crk.umn.edu/,58056,0,00406900,0.0408,0.0054,0,0.4674,0.1919,0.9756,NA,NA,3,MN,1650,0.4145,0.5855,0.0364,0.0109,0.0376,0.0667,0.0661,0,0.0467,0.0297,0.7061,2025-05-19,174075,Minnesota,56716-5001,"Plains (IA, KS, MN, MO, NE, ND, SD)",Public,No,No,Town: Distant,"Polk County, MN",Not applicable
University of Minnesota-Duluth,0.8175,20.362378268,8730,Duluth,1,26907,278253841,0.4882111738,0.1834061135,22024,0,0,https://www.d.umn.edu/,62616,0,00238800,0.0682,0.1524,0.019,0.1714,0.1824,0.8377,NA,1221,3,MN,7475,0.511,0.489,0.0403,0.0063,0.0302,0.0225,0.0393,3e-4,0.0108,0.0118,0.8385,2025-05-19,174233,Minnesota,55812,"Plains (IA, KS, MN, MO, NE, ND, SD)",Public,No,No,City: Small,"St. Louis County, MN",Not applicable
University of Minnesota-Morris,0.7046,20.224887556,7856,Morris,1,25816,23228312,0.5892053973,0.2025518341,18995,0,0,https://morris.umn.edu/,50919,1,00238900,0.0619,0,0.0221,0.0708,0.3081,0.9398,NA,NA,3,MN,980,0.4612,0.5388,0.202,0.1286,0.0112,0.0265,0.0816,0,0.0296,0.0051,0.5153,2025-05-19,174251,Minnesota,56267,"Plains (IA, KS, MN, MO, NE, ND, SD)",Public,No,No,Town: Remote,"Stevens County, MN",Not applicable
University of Minnesota-Rochester,0.7183,20.925279599,8346,Rochester,1,27237,1135858,0.5593906672,0.1865601991,19500,0,0,https://r.umn.edu/,69020,0,00396903,0,0,0,0,0.3556,1,NA,1220,3,MN,568,0.2113,0.7887,0.0264,0.0018,0.1444,0.1532,0.0827,0,0.0123,0.0317,0.5475,2025-05-19,456959,Minnesota,55904,"Plains (IA, KS, MN, MO, NE, ND, SD)",Public,No,No,City: Midsize,"Olmsted County, MN",Not applicable
University of Minnesota-Twin Cities,0.7703,20.925279599,13261,Minneapolis,1,29013,4901364610,0.5593906672,0.1865601991,19500,0,0,https://twin-cities.umn.edu/,69020,0,00396900,0.0532,0.1003,0.0258,0.1268,0.1687,0.8218,NA,1359,3,MN,30469,0.4604,0.5396,0.0499,0.0035,0.1312,0.0891,0.0599,4e-4,0.0591,0.0148,0.5921,2025-05-19,174066,Minnesota,55455-0213,"Plains (IA, KS, MN, MO, NE, ND, SD)",Public,No,No,City: Large,"Hennepin County, MN",Not applicable
University of Mississippi,0.9778,21.748081841,10098,University,1,27692,780800661,0.608056266,0.2350269179,20000,0,0,www.olemiss.edu/,50994,0,00244000,0.0515,0.0437,0.0031,0.2722,0.2241,0.8601,NA,1187,3,MS,18995,0.43,0.57,0.0268,0.0032,0.0202,0.0974,0.0528,7e-4,0.0109,0.0048,0.7832,2025-05-19,176017,Mississippi,38677-1848,"Southeast (AL, AR, FL, GA, KY, LA, MS, NC, SC, TN, VA, WV)",Public,No,No,Town: Remote,"Lafayette County, MS",Not applicable
University of Missouri-Columbia,0.7702,20.262374861,11373,Columbia,1,28948,1314188649,0.5432424917,0.2005208333,20500,0,0,https://missouri.edu/,63403,0,00251600,0.0361,0.0469,0.0129,0.1738,0.201,0.7724,NA,1247,3,MO,23118,0.4529,0.5471,0.0439,0.0014,0.0278,0.0508,0.0574,0.001,0.0104,0.01,0.7973,2025-05-19,178396,Missouri,65211-1050,"Plains (IA, KS, MN, MO, NE, ND, SD)",Public,No,No,City: Midsize,"Boone County, MO",Not applicable
University of Missouri-Kansas City,0.7499,23.122913907,10561,Kansas City,1,24645,200936597,0.6063576159,0.3370424597,18750,0,0,https://www.umkc.edu/,59637,0,00251800,0.0273,0.0752,0.0061,0.1868,0.2498,0.6431,NA,1230,3,MO,6618,0.3968,0.6032,0.0532,0.0038,0.1082,0.1369,0.1618,0.0012,0.0429,0.0121,0.4799,2025-05-19,178402,Missouri,64110,"Plains (IA, KS, MN, MO, NE, ND, SD)",Public,No,No,City: Large,"Jackson County, MO",Not applicable
University of Missouri-St Louis,0.5716,25.092912448,10058,Saint Louis,1,27442,113994621,0.6098868374,0.3779761905,20000,0,0,https://www.umsl.edu/,53037,0,00251900,0.0945,0.039,0.0077,0.2229,0.1785,0.5428,NA,1147,3,MO,5108,0.455,0.545,0.0401,0.0031,0.0501,0.1854,0.0409,8e-4,0.0166,0.0544,0.6085,2025-05-19,178420,Missouri,63121-4400,"Plains (IA, KS, MN, MO, NE, ND, SD)",Public,No,No,Suburb: Large,"St. Louis County, MO",Not applicable
University of Mobile,0.7251,23.917989418,5790,Mobile,2,38731,22082866,0.6732804233,0.3242857143,26500,0,0,https://www.umobile.edu/,43611,0,00102900,0.1406,0.0078,0.0039,0.1719,0.2986,1,75,1220,3,AL,1079,0.3967,0.6033,0.0575,0.0204,0.013,0.1761,0.0315,0.0019,0.0306,0.0463,0.6228,2025-05-19,101693,Alabama,36613-2842,"Southeast (AL, AR, FL, GA, KY, LA, MS, NC, SC, TN, VA, WV)",Private not-for-profit,No,No,Rural: Fringe,"Mobile County, AL",Southern Baptist
University of Montevallo,0.539,21.02364532,8549,Montevallo,1,26233,35286697,0.6827586207,0.3252375924,24000,0,0,www.montevallo.edu/,42957,0,00100400,0.0773,0,0.0182,0.2159,0.3904,0.6971,NA,NA,3,AL,2087,0.3977,0.6023,0.0326,0.0043,0.0053,0.1639,0.0733,5e-4,0.0398,0.0249,0.6555,2025-05-19,101709,Alabama,35115-6000,"Southeast (AL, AR, FL, GA, KY, LA, MS, NC, SC, TN, VA, WV)",Public,No,No,Suburb: Large,"Shelby County, AL",Not applicable
University of Mount Olive,0.7775,30.032875368,7456,Mount Olive,2,35362,36321119,0.7031403337,0.4325068871,27209,0,0,https://umo.edu/,47139,0,00294900,0.1634,0,0,0.214,0.4695,1,100,1020,3,NC,1754,0.3387,0.6613,0.0582,0.0068,0.0063,0.2491,0.1049,6e-4,0.041,0.0125,0.5205,2025-05-19,199069,North Carolina,28365-0919,"Southeast (AL, AR, FL, GA, KY, LA, MS, NC, SC, TN, VA, WV)",Private not-for-profit,No,No,Town: Fringe,"Wayne County, NC",Original Free Will Baptist
University of Mount Saint Vincent,0.8464,21.177700348,10128,Bronx,2,50617,41453806,0.7119628339,0.4101838755,25000,0,1,www.mountsaintvincent.edu/,65756,0,00270300,0,0,0.0026,0.1146,0.4325,0.18,30,1110,3,NY,2373,0.2191,0.7809,0.0413,0.0013,0.0501,0.1403,0.3144,4e-4,0.0278,0.0215,0.4029,2025-05-19,193399,New York,10471-1093,"Mid East (DE ,DC, MD, NJ, NY, PA)",Private not-for-profit,No,No,City: Large,"Bronx County, NY",Roman Catholic
University of Mount Union,0.801,19.56219865,7662,Alliance,2,46890,159958000,0.4532304725,0.2249240122,27000,0,0,www.mountunion.edu/,53217,0,00308300,0.0943,0.0943,0.0047,0.1627,0.2871,0.9925,NA,1227,3,OH,1785,0.5188,0.4812,0.0151,0.005,0.0123,0.0784,0.0291,0,0.0207,0.0258,0.8134,2025-05-19,204185,Ohio,44601-3993,"Great Lakes (IL, IN, MI, OH, WI)",Private not-for-profit,No,No,Town: Fringe,"Stark County, OH",United Methodist
University of Nebraska-Lincoln,0.7707,20.135573747,12271,Lincoln,1,25341,1196483117,0.5250610369,0.220236292,21000,0,0,www.unl.edu/,56887,0,00256500,0.0676,0.1096,0.0141,0.2332,0.2217,0.8397,NA,1191,3,NE,18887,0.4965,0.5035,0.0367,0.0022,0.0403,0.0292,0.0909,7e-4,0.0304,0.0088,0.7608,2025-05-19,181464,Nebraska,68588,"Plains (IA, KS, MN, MO, NE, ND, SD)",Public,No,No,City: Large,"Lancaster County, NE",Not applicable
University of Nebraska at Kearney,0.8579,21.823923445,8312,Kearney,1,24452,68152926,0.6186602871,0.343830666,19500,0,0,www.unk.edu/,50105,0,00255100,0.1711,0,0.0069,0.178,0.3354,0.6515,NA,1089,3,NE,4130,0.3705,0.6295,0.0262,0.0019,0.0077,0.0274,0.1521,0.0022,0.0448,0.0046,0.7332,2025-05-19,181215,Nebraska,68849-1212,"Plains (IA, KS, MN, MO, NE, ND, SD)",Public,No,No,Town: Distant,"Buffalo County, NE",Not applicable
University of Nebraska at Omaha,0.869,22.211476075,8945,Omaha,1,20446,105767803,0.5608272506,0.3478655767,19000,0,0,https://www.unomaha.edu/,53909,0,00255400,0.0814,0,0.0202,0.1595,0.331,0.5371,NA,1120,3,NE,11573,0.4401,0.5599,0.0499,0.0034,0.0535,0.0766,0.1721,0.001,0.031,0.0065,0.606,2025-05-19,181394,Nebraska,68182-0225,"Plains (IA, KS, MN, MO, NE, ND, SD)",Public,No,No,City: Large,"Douglas County, NE",Not applicable
University of Nebraska Medical Center,NA,25.857369255,9813,Omaha,1,NA,379110376,0.8668779715,0.2671118531,15000,0,0,www.unmc.edu/,76833,0,00689500,0,0,0,0,0.2212,0.8289,NA,NA,3,NE,861,0.1359,0.8641,0.0348,0,0.029,0.0221,0.1231,0,0.0128,0.0035,0.7747,2025-05-19,181428,Nebraska,68198-7815,"Plains (IA, KS, MN, MO, NE, ND, SD)",Public,No,No,City: Large,"Douglas County, NE",Not applicable
University of Nevada-Las Vegas,0.9626,22.712441979,12000,Las Vegas,1,19440,361485000,0.5966262878,0.4234979633,19450,0,1,www.unlv.edu/,55037,0,00256900,0.0794,0.0505,0.004,0.2211,0.4026,0.9919,NA,1091,3,NV,24131,0.4435,0.5565,0.1414,0.0027,0.1578,0.091,0.3527,0.0077,0.0169,0.0047,0.2252,2025-05-19,182281,Nevada,89154,"Far West (AK ,CA ,HI, NV, OR, WA)",Public,No,No,City: Midsize,"Clark County, NV",Not applicable
University of Nevada-Reno,0.8531,21.467339261,11770,Reno,1,24702,458077297,0.5637824897,0.3846298032,18922,0,0,www.unr.edu/,60614,0,00256800,0.0421,0.0942,0.0121,0.1578,0.2409,0.98,NA,NA,3,NV,15723,0.4694,0.5306,0.0918,0.0065,0.0805,0.0326,0.2479,0.0043,0.0085,0.016,0.5119,2025-05-19,182290,Nevada,89557,"Far West (AK ,CA ,HI, NV, OR, WA)",Public,No,No,City: Midsize,"Washoe County, NV",Not applicable
University of New England,0.8884,20.370609319,9082,Biddeford,2,60706,84452651,0.7390681004,0.2207307979,25250,0,0,https://www.une.edu/,55921,0,00205000,0.0437,0,0.0036,0.051,0.1189,0.5098,NA,NA,3,ME,2189,0.3157,0.6843,0.0315,0.0014,0.0279,0.0164,0.0393,0.0018,0.0037,0.0274,0.8506,2025-05-19,161457,Maine,04005-9599,"New England (CT, ME, MA, NH, R,I VT)",Private not-for-profit,No,No,Suburb: Midsize,"York County, ME",Not applicable
University of New Hampshire-Main Campus,0.8687,20.029505732,11876,Durham,1,34567,442271919,0.5576019545,0.174486235,26814,0,0,www.unh.edu/,66479,0,00258900,0.0019,0.0925,0.0088,0.1976,0.1773,0.7294,NA,1229,3,NH,11230,0.4364,0.5636,0.0249,4e-4,0.0263,0.0075,0.0413,2e-4,0.0107,0.0317,0.857,2025-05-19,183044,New Hampshire,03824-3547,"New England (CT, ME, MA, NH, R,I VT)",Public,No,No,Suburb: Small,"Strafford County, NH",Not applicable
University of New Hampshire at Manchester,0.8733,20.029505732,10263,Manchester,1,22605,1995728,0.5576019545,0.174486235,26814,0,0,manchester.unh.edu/,66479,0,00258901,0,0,0,0.1655,0.32,0.3876,NA,1140,3,NH,486,0.5309,0.4691,0.0391,0.0041,0.0617,0.0453,0.0967,0,0.0041,0.0823,0.6667,2025-05-19,183071,New Hampshire,03101-1113,"New England (CT, ME, MA, NH, R,I VT)",Public,No,No,City: Midsize,"Hillsborough County, NH",Not applicable
University of New Haven,0.8055,20.310183213,11376,West Haven,2,63970,86882337,0.575202386,0.285648785,27000,0,0,www.newhaven.edu/,60126,0,00139700,0,0.0751,0.0128,0.1071,0.274,0.3561,NA,1190,3,CT,4799,0.4226,0.5774,0.0363,0.0017,0.031,0.1084,0.2069,6e-4,0.0342,0.0436,0.5374,2025-05-19,129941,Connecticut,06516-1916,"New England (CT, ME, MA, NH, R,I VT)",Private not-for-profit,No,No,Suburb: Large,"New Haven County, CT",Not applicable
University of New Mexico-Main Campus,0.9545,23.685271142,11082,Albuquerque,1,20973,620362978,0.5832672931,0.4103443894,18450,0,1,www.unm.edu/,44792,0,00266300,0.0572,0.067,0.0078,0.1442,0.3624,0.7007,NA,1047,3,NM,16686,0.4233,0.5767,0.0411,0.0602,0.0415,0.0308,0.5052,0.0016,0.0201,0.0128,0.2867,2025-05-19,187985,New Mexico,87106,"Southwest (AZ, NM, OK, TX)",Public,No,No,City: Large,"Bernalillo County, NM",Not applicable
University of New Orleans,0.6677,22.315935152,9144,New Orleans,1,22605,23378960,0.5788849348,0.406360424,18750,0,0,new.uno.edu/,47872,0,00201500,0.0322,0.1643,0.0111,0.2175,0.4044,0.6452,NA,1056,3,LA,4479,0.5046,0.4954,0.0529,0.0031,0.0904,0.23,0.15,9e-4,0.0255,0.0308,0.4164,2025-05-19,159939,Louisiana,70148,"Southeast (AL, AR, FL, GA, KY, LA, MS, NC, SC, TN, VA, WV)",Public,No,No,City: Large,"Orleans Parish, LA",Not applicable
University of North Alabama,0.9648,21.425309598,9049,Florence,1,22086,46153732,0.6013931889,0.36326024,22077,0,0,https://www.una.edu/,45415,0,00101600,0.1111,0,0.0065,0.2247,0.2411,0.5604,NA,NA,3,AL,5468,0.374,0.626,0.0433,0.0038,0.0219,0.0949,0.0481,9e-4,0.0647,0.0046,0.7176,2025-05-19,101879,Alabama,35632-0001,"Southeast (AL, AR, FL, GA, KY, LA, MS, NC, SC, TN, VA, WV)",Public,No,No,City: Small,"Lauderdale County, AL",Not applicable
University of North Carolina Asheville,0.9389,22.01525747,8881,Asheville,1,21061,70019951,0.6122059758,0.2183984116,20500,0,0,https://unca.edu/,44030,0,00290700,0,0.0315,0.015,0.0975,0.3133,0.7619,NA,1247,3,NC,2790,0.4122,0.5878,0.048,0.0022,0.0143,0.0545,0.0968,0,0.0154,0.0258,0.743,2025-05-19,199111,North Carolina,28804-8510,"Southeast (AL, AR, FL, GA, KY, LA, MS, NC, SC, TN, VA, WV)",Public,No,No,City: Small,"Buncombe County, NC",Not applicable
University of North Carolina at Chapel Hill,0.1874,20.319682676,14471,Chapel Hill,1,25181,5317830265,0.6196397942,0.1993713516,14000,0,0,https://www.unc.edu/,72200,0,00297400,0.023,0.0301,0.0406,0.0965,0.2026,0.7772,NA,1454,3,NC,20556,0.3925,0.6075,0.0515,0.0032,0.1483,0.0818,0.0979,4e-4,0.0531,0.0232,0.5407,2025-05-19,199120,North Carolina,27599,"Southeast (AL, AR, FL, GA, KY, LA, MS, NC, SC, TN, VA, WV)",Public,No,No,City: Small,"Orange County, NC",Not applicable
University of North Carolina at Charlotte,0.8021,22.018143962,11366,Charlotte,1,22034,306480982,0.5223081499,0.2840072549,21500,0,0,https://www.charlotte.edu/,57289,0,00297500,0.0329,0.0864,0.0136,0.1905,0.3378,0.712,NA,1202,3,NC,23567,0.516,0.484,0.0506,0.0029,0.104,0.1697,0.1473,6e-4,0.0217,0.0179,0.4853,2025-05-19,199139,North Carolina,28223-0001,"Southeast (AL, AR, FL, GA, KY, LA, MS, NC, SC, TN, VA, WV)",Public,No,No,City: Large,"Mecklenburg County, NC",Not applicable
University of North Carolina at Greensboro,0.8983,22.526289744,9441,Greensboro,1,19628,366330210,0.6852653718,0.3127645051,22858,0,0,www.uncg.edu/,48160,0,00297600,0.0543,0,0.0048,0.1755,0.471,0.7659,NA,1187,3,NC,13848,0.3357,0.6643,0.0526,0.0023,0.0579,0.3067,0.1661,7e-4,0.0121,0.0114,0.3902,2025-05-19,199148,North Carolina,27402-6170,"Southeast (AL, AR, FL, GA, KY, LA, MS, NC, SC, TN, VA, WV)",Public,No,No,City: Large,"Guilford County, NC",Not applicable
University of North Carolina at Pembroke,0.9236,22.893597278,8457,Pembroke,1,16854,31763565,0.606557377,0.3656313302,25000,0,0,https://www.uncp.edu/,43407,1,00295400,0.062,0,0.0052,0.1513,0.4763,0.7235,NA,NA,3,NC,5386,0.3827,0.6173,0.0719,0.1426,0.0095,0.2739,0.1058,0.0019,0.0291,0.0126,0.3528,2025-05-19,199281,North Carolina,28372-1510,"Southeast (AL, AR, FL, GA, KY, LA, MS, NC, SC, TN, VA, WV)",Public,No,No,Town: Distant,"Robeson County, NC",Not applicable
University of North Carolina School of the Arts,0.331,20.412742382,8636,Winston Salem,1,25553,126643244,0.5207756233,PS,23870,0,0,www.uncsa.edu/,38357,0,00398100,0,0,0,0,0.2478,0.7143,NA,1250,3,NC,902,0.3836,0.6164,0.0599,0.0033,0.0277,0.1098,0.1486,0.0022,0.0299,0.0222,0.5965,2025-05-19,199184,North Carolina,27127-2738,"Southeast (AL, AR, FL, GA, KY, LA, MS, NC, SC, TN, VA, WV)",Public,No,No,City: Midsize,"Forsyth County, NC",Not applicable
University of North Carolina Wilmington,0.7401,22.819777316,9702,Wilmington,1,25913,149845776,0.6308737498,0.2589784517,19500,0,0,www.uncw.edu/,54967,0,00298400,0.0421,0.0061,0.0037,0.1947,0.2381,0.7113,NA,1262,3,NC,14176,0.3598,0.6402,0.0347,0.0039,0.0187,0.0425,0.0862,9e-4,0.0116,0.0121,0.7894,2025-05-19,199218,North Carolina,28403-5963,"Southeast (AL, AR, FL, GA, KY, LA, MS, NC, SC, TN, VA, WV)",Public,No,No,City: Midsize,"New Hanover County, NC",Not applicable
University of North Dakota,0.7709,22.030128373,9835,Grand Forks,1,24580,333191000,0.4770762379,0.191217343,22057,0,0,https://und.edu/,63552,0,00300500,0.0436,0.0799,0.0036,0.1294,0.1648,0.9165,NA,NA,3,ND,9296,0.5473,0.4527,0.046,0.0106,0.0227,0.0253,0.0572,0.0012,0.0381,0.0128,0.786,2025-05-19,200280,North Dakota,58202-8193,"Plains (IA, KS, MN, MO, NE, ND, SD)",Public,No,No,City: Small,"Grand Forks County, ND",Not applicable
University of North Florida,0.6227,22.839098636,9154,Jacksonville,1,20229,126531762,0.6145483297,0.31708351,15531,0,0,https://www.unf.edu/,56343,0,00984100,0.0406,0.0439,0.009,0.1545,0.3075,0.9686,NA,1115,3,FL,13915,0.4243,0.5757,0.0561,0.0022,0.0584,0.122,0.1626,0.0013,0.0191,0.0108,0.5676,2025-05-19,136172,Florida,32224-7699,"Southeast (AL, AR, FL, GA, KY, LA, MS, NC, SC, TN, VA, WV)",Public,No,No,City: Large,"Duval County, FL",Not applicable
University of North Georgia,0.7216,21.568970117,8190,Dahlonega,1,18062,69195299,0.5747065101,0.3404130658,17750,0,0,www.ung.edu/,50135,0,00158500,0.0559,0,0.0081,0.1646,0.2769,0.7566,NA,1136,3,GA,15542,0.4435,0.5565,0.0351,0.0015,0.0337,0.0358,0.1684,8e-4,0.0097,0.0135,0.7015,2025-05-19,482680,Georgia,30597,"Southeast (AL, AR, FL, GA, KY, LA, MS, NC, SC, TN, VA, WV)",Public,No,No,Town: Fringe,"Lumpkin County, GA",Not applicable
University of North Texas,0.7246,22.22931591,11054,Denton,1,25470,246827932,0.5485318429,0.347966205,19250,0,1,www.unt.edu/,57010,0,00359400,0.0436,0.0338,0.0072,0.1892,0.3608,0.6363,NA,1109,3,TX,33680,0.4577,0.5423,0.0445,0.0031,0.0808,0.1617,0.2988,9e-4,0.0387,0.0125,0.3591,2025-05-19,227216,Texas,76203-1277,"Southwest (AZ, NM, OK, TX)",Public,No,No,City: Midsize,"Denton County, TX",Not applicable
University of North Texas at Dallas,0.9386,28.955036749,9012,Dallas,1,21003,944981,0.7336792045,0.5781339439,18606,0,1,untdallas.edu/,NA,0,04242100,0.0251,0,0.004,0.2639,0.5148,0.9533,NA,916,3,TX,2914,0.3377,0.6623,0.0305,0.0017,0.0281,0.2838,0.5426,7e-4,0.0041,0.013,0.0954,2025-05-19,484905,Texas,75241,"Southwest (AZ, NM, OK, TX)",Public,No,No,City: Large,"Dallas County, TX",Not applicable
University of Northern Colorado,0.8643,21.62580338,8688,Greeley,1,26989,101029881,0.6510354677,0.35173132,20470,0,1,https://www.unco.edu/,52231,0,00134900,0.1349,0.0064,0.0076,0.1069,0.2619,0.5744,NA,1077,3,CO,5693,0.3276,0.6724,0.0499,0.0042,0.0214,0.0425,0.2607,0.0019,0.0119,0.0056,0.6018,2025-05-19,127741,Colorado,80639,"Rocky Mountains (CO, ID, MT, UT, WY)",Public,No,No,City: Midsize,"Weld County, CO",Not applicable
University of Northern Iowa,0.944,20.983534323,8608,Cedar Falls,1,21627,167662993,0.5950834879,0.2248966691,19691,0,0,https://www.uni.edu/,55177,0,00189000,0.259,0,0.0166,0.2028,0.238,0.7512,NA,1120,3,IA,7599,0.3765,0.6235,0.029,0.0016,0.0161,0.0312,0.0611,7e-4,0.0108,0.0146,0.8351,2025-05-19,154095,Iowa,50614-0005,"Plains (IA, KS, MN, MO, NE, ND, SD)",Public,No,No,City: Small,"Black Hawk County, IA",Not applicable
University of Northwestern-St Paul,0.9188,22.113778706,6373,Saint Paul,2,48246,21207532,0.5782881002,0.164277839,21325,0,0,https://www.unwsp.edu/,50755,0,00237100,0.08,0.0282,0.0071,0.1271,0.1506,1,79,1244,3,MN,1495,0.4435,0.5565,0.0482,7e-4,0.0361,0.0462,0.0602,0,0.0127,0.0054,0.7906,2025-05-19,174491,Minnesota,55113-1598,"Plains (IA, KS, MN, MO, NE, ND, SD)",Private not-for-profit,No,No,Suburb: Large,"Ramsey County, MN",Other Protestant
University of Northwestern Ohio,NA,21.166426513,5565,Lima,2,24568,NA,0.2002881844,0.4414168937,17084,0,0,https://www.unoh.edu/,50968,0,00486100,0,0,0,0.0959,0.3207,1,NA,NA,2,OH,2572,0.8285,0.1715,0,0.0086,0.0113,0.0451,0.0583,0.0019,0.0451,0.0354,0.7943,2025-05-19,204486,Ohio,45805,"Great Lakes (IL, IN, MI, OH, WI)",Private not-for-profit,No,No,Suburb: Small,"Allen County, OH",Not applicable
University of Notre Dame,0.1238,19.509220702,16610,Notre Dame,2,80211,17101110000,0.4604402142,0.1023765996,19000,0,0,www.nd.edu/,99980,0,00184000,0,0.1378,0.0329,0.2539,0.1247,0.8696,30,1510,3,IN,8923,0.5125,0.4875,0.056,0.0017,0.0591,0.0462,0.1357,0.0017,0.067,0.0187,0.6139,2025-05-19,152080,Indiana,46556,"Great Lakes (IL, IN, MI, OH, WI)",Private not-for-profit,No,No,Suburb: Large,"St. Joseph County, IN",Roman Catholic
University of Oklahoma-Health Sciences Center,NA,22.291889415,9423,Oklahoma City,1,NA,711383000,0.5573545135,0.2836890989,20654,0,0,ouhsc.edu/,63126,0,00318401,0,0,0,0,0,0.6682,NA,NA,3,OK,1143,0.1207,0.8793,0.0087,0.0394,0.077,0.0481,0.1172,9e-4,0.0052,0.0954,0.608,2025-05-19,207342,Oklahoma,73117-1221,"Southwest (AZ, NM, OK, TX)",Public,No,No,City: Large,"Oklahoma County, OK",Not applicable
University of Oklahoma-Norman Campus,0.7654,22.291889415,10741,Norman,1,28833,1641827000,0.5573545135,0.2836890989,20654,0,0,www.ou.edu/,63126,0,00318400,0.031,0.1079,0.0075,0.2545,0.2376,0.8448,NA,1239,3,OK,21496,0.4865,0.5135,0.0993,0.0334,0.0709,0.0488,0.1421,7e-4,0.0264,0.0132,0.5652,2025-05-19,207500,Oklahoma,73019-3072,"Southwest (AZ, NM, OK, TX)",Public,No,No,Suburb: Midsize,"Cleveland County, OK",Not applicable
University of Oregon,0.8511,21.175438596,12039,Eugene,1,32636,1369321175,0.581754386,0.2844585749,20139,0,0,https://www.uoregon.edu/,61324,0,00322300,0.0247,0,0.0078,0.1547,0.2198,0.697,NA,1257,3,OR,19758,0.4387,0.5613,0.0953,0.0051,0.0682,0.0266,0.1576,0.0038,0.0144,0.011,0.6181,2025-05-19,209551,Oregon,97403,"Far West (AK ,CA ,HI, NV, OR, WA)",Public,No,No,City: Midsize,"Lane County, OR",Not applicable
University of Pennsylvania,0.0587,22.553226469,21073,Philadelphia,2,85738,20724351000,0.5721331689,0.1876351059,15715,0,0,www.upenn.edu/,111371,0,00337800,0,0.0809,0.0305,0.0927,0.1572,0.773,NA,1545,3,PA,10768,0.4468,0.5532,0.0528,0.0013,0.278,0.0862,0.1091,2e-4,0.122,0.0512,0.2992,2025-05-19,215062,Pennsylvania,19104-6303,"Mid East (DE ,DC, MD, NJ, NY, PA)",Private not-for-profit,No,No,City: Large,"Philadelphia County, PA",Not applicable
University of Pikeville,NA,21.042839657,6950,Pikeville,2,33271,26197115,0.4920440636,0.4481830417,20679,0,0,www.upike.edu/,48231,0,00198000,0.1021,0,0.0043,0.2,0.397,0.561,66,NA,3,KY,1140,0.4447,0.5553,0.0246,0.0088,0.0088,0.0623,0.0263,0.0018,0.0474,0,0.8202,2025-05-19,157535,Kentucky,41501,"Southeast (AL, AR, FL, GA, KY, LA, MS, NC, SC, TN, VA, WV)",Private not-for-profit,No,No,Town: Remote,"Pike County, KY",Presbyterian Church (USA)
University of Pittsburgh-Bradford,0.9081,20.4141339,8556,Bradford,1,29488,302917,0.529968119,0.2096720027,24250,0,0,https://www.upb.pitt.edu/,66125,0,00337903,0.0514,0.0187,0.0047,0.1028,0.46,0.8043,NA,1168,3,PA,980,0.4602,0.5398,0.0357,0.0031,0.0398,0.1163,0.0735,0.001,0.0367,0.0265,0.6673,2025-05-19,215266,Pennsylvania,16701,"Mid East (DE ,DC, MD, NJ, NY, PA)",Public,No,No,Town: Remote,"McKean County, PA",Not applicable
University of Pittsburgh-Greensburg,0.9792,20.4141339,7565,Greensburg,1,28514,7453938,0.529968119,0.2096720027,24250,0,0,www.greensburg.pitt.edu/,66125,0,00337904,0.0602,0,0.0201,0.1446,0.3788,0.8211,NA,1172,3,PA,1322,0.4327,0.5673,0.0393,8e-4,0.0507,0.0651,0.0477,0,0.0197,0.0287,0.7481,2025-05-19,215275,Pennsylvania,15601-5860,"Mid East (DE ,DC, MD, NJ, NY, PA)",Public,No,No,Suburb: Large,"Westmoreland County, PA",Not applicable
University of Pittsburgh-Johnstown,0.959,20.4141339,7839,Johnstown,1,28501,60668421,0.529968119,0.2096720027,24250,0,0,www.upj.pitt.edu/,66125,0,00337902,0.125,0.2548,0.0072,0.1442,0.2912,0.8844,NA,1158,3,PA,1934,0.5579,0.4421,0.0253,5e-4,0.0372,0.0502,0.0424,0,0.0207,0.0972,0.7265,2025-05-19,215284,Pennsylvania,15904,"Mid East (DE ,DC, MD, NJ, NY, PA)",Public,No,No,Suburb: Small,"Cambria County, PA",Not applicable
University of Pittsburgh-Pittsburgh Campus,0.497,20.4141339,11288,Pittsburgh,1,36707,5486954582,0.529968119,0.2096720027,24250,0,0,www.pitt.edu/,66125,0,00337900,0,0.114,0.0159,0.1139,0.1378,0.7872,NA,1371,3,PA,20189,0.4211,0.5789,0.0475,2e-4,0.1489,0.0546,0.0675,1e-4,0.0493,0.0215,0.6104,2025-05-19,215293,Pennsylvania,15260,"Mid East (DE ,DC, MD, NJ, NY, PA)",Public,No,No,City: Large,"Allegheny County, PA",Not applicable
University of Portland,0.9539,20.026041667,10142,Portland,2,69183,298989000,0.6276041667,0.1792792793,21370,0,0,https://www.up.edu/,82804,0,00322400,0.0358,0.0809,0.0058,0.1295,0.1858,0.5676,30,1277,3,OR,3104,0.3724,0.6276,0.0966,0.0035,0.2126,0.0274,0.1836,0.0142,0.0332,0.0113,0.4175,2025-05-19,209825,Oregon,97203-5798,"Far West (AK ,CA ,HI, NV, OR, WA)",Private not-for-profit,No,No,City: Large,"Multnomah County, OR",Roman Catholic
University of Providence,0.642,24.170568562,6413,Great Falls,2,43054,19039727,0.5652173913,0.4,18750,0,0,www.uprovidence.edu/,48296,0,00252700,0.0084,0,0.0042,0.0759,0.3103,0.4948,30,985,3,MT,527,0.3966,0.6034,0,0.0285,0.0398,0.0493,0.038,0.0228,0.0569,0.0209,0.7438,2025-05-19,180258,Montana,59405-4996,"Rocky Mountains (CO, ID, MT, UT, WY)",Private not-for-profit,No,No,City: Small,"Cascade County, MT",Roman Catholic
University of Puerto Rico-Aguadilla,0.8174,19.692844677,5976,Aguadilla,1,14727,NA,0.5503199535,0.2815472416,5500,0,1,https://www.uprag.edu/,27997,0,01212300,0.1022,0,0,0.3729,0.8196,0.7887,NA,921,3,PR,1847,0.4727,0.5273,0.0076,0,0,0.0022,0.9762,0,0,0,0.0141,2025-05-19,243106,Puerto Rico,00604-6150,"Other U.S. jurisdictions (AS, FM GU, MH, MP, PR, PW, VI)",Public,No,No,Suburb: Large,"Aguadilla Municipio, PR",Not applicable
University of Puerto Rico-Arecibo,0.6226,19.645095018,8055,Arecibo,1,18320,NA,0.5957883924,0.2242355606,4500,0,1,www.upra.edu/,30512,0,00722800,0.0325,0,0,0.1447,0.8571,0.8341,NA,NA,3,PR,2788,0.3935,0.6065,0,0,0,0,1,0,0,0,0,2025-05-19,243115,Puerto Rico,00614-4010,"Other U.S. jurisdictions (AS, FM GU, MH, MP, PR, PW, VI)",Public,No,No,City: Small,"Arecibo Municipio, PR",Not applicable
University of Puerto Rico-Bayamon,0.9245,19.587659158,5674,Bayamon,1,12527,NA,0.5019588639,0.1820608649,5500,0,1,www.uprb.edu/,34409,0,01097500,0.1753,0,0,0.3534,0.7793,0.8304,NA,NA,3,PR,2967,0.4958,0.5042,0,0,0,0,1,0,0,0,0,2025-05-19,243133,Puerto Rico,00959,"Other U.S. jurisdictions (AS, FM GU, MH, MP, PR, PW, VI)",Public,No,No,Suburb: Large,"Bayamón Municipio, PR",Not applicable
University of Puerto Rico-Carolina,0.5273,20.066231811,7457,Carolina,1,21072,NA,0.6201705971,0.1844011142,5500,0,1,www.uprc.edu/,30626,0,03016000,0.0237,0,0,0.3018,0.7419,0.6237,NA,904,3,PR,2367,0.3507,0.6493,0,0.0097,0,0.0376,0.921,0,0,0.0308,8e-4,2025-05-19,243142,Puerto Rico,00984-4800,"Other U.S. jurisdictions (AS, FM GU, MH, MP, PR, PW, VI)",Public,No,No,City: Midsize,"Carolina Municipio, PR",Not applicable
University of Puerto Rico-Humacao,0.5849,19.495633188,5794,Humacao,1,19404,24601,0.6555676856,0.2226967663,5500,0,1,www.upr.edu/humacao/,29521,0,00394300,0.034,0,0,0.2257,0.7935,0.7927,NA,NA,3,PR,2555,0.3354,0.6646,0,0.0063,0,0.0387,0.8736,0,0,0.0814,0,2025-05-19,243179,Puerto Rico,00792,"Other U.S. jurisdictions (AS, FM GU, MH, MP, PR, PW, VI)",Public,No,No,Suburb: Large,"Humacao Municipio, PR",Not applicable
University of Puerto Rico-Mayaguez,0.5217,19.547921334,8597,Mayaguez,1,19190,380505,0.4739855614,0.1701680672,8250,0,1,https://www.uprm.edu/,48992,0,00394400,0.0178,0.353,0.0029,0.0951,0.6456,0.9472,NA,NA,3,PR,9564,0.5589,0.4411,0,0,0,0,0.9354,0,3e-4,0.0643,0,2025-05-19,243197,Puerto Rico,00681,"Other U.S. jurisdictions (AS, FM GU, MH, MP, PR, PW, VI)",Public,No,No,City: Small,"Mayagüez Municipio, PR",Not applicable
University of Puerto Rico-Medical Sciences,NA,22.760517799,7145,San Juan,1,NA,4041266,0.7346278317,0.1689655172,PS,0,1,www.rcm.upr.edu/,45953,0,02460000,0,0,0,0,0.6629,0.6674,NA,NA,3,PR,224,0.1741,0.8259,0,0,0,0,1,0,0,0,0,2025-05-19,243203,Puerto Rico,00936-5067,"Other U.S. jurisdictions (AS, FM GU, MH, MP, PR, PW, VI)",Public,No,No,City: Large,"San Juan Municipio, PR",Not applicable
University of Puerto Rico-Rio Piedras,0.532,19.864989518,6119,San Juan,1,13337,998598,0.6184486373,0.1558323896,5500,0,1,https://www.uprrp.edu/,35723,0,00710800,0.0935,0,0.0028,0.1982,0.6475,0.7308,NA,NA,3,PR,8748,0.3673,0.6327,2e-4,0.0123,2e-4,0.0527,0.845,0,0,0.0888,7e-4,2025-05-19,243221,Puerto Rico,00931-0000,"Other U.S. jurisdictions (AS, FM GU, MH, MP, PR, PW, VI)",Public,No,No,City: Large,"San Juan Municipio, PR",Not applicable
University of Puerto Rico-Utuado,0.6411,19.46361186,8231,Utuado,1,18868,NA,0.5121293801,0.2723658052,3500,0,1,www.uprutuado.edu/,23906,0,01092200,0.027,0,0,0.1622,0.815,0.78,NA,NA,3,PR,310,0.4935,0.5065,0,0,0,0.029,0.4742,0,0,0.4968,0,2025-05-19,243188,Puerto Rico,00641,"Other U.S. jurisdictions (AS, FM GU, MH, MP, PR, PW, VI)",Public,No,No,Rural: Fringe,"Utuado Municipio, PR",Not applicable
University of Puerto Rico at Cayey,0.9584,19.376344086,5705,Cayey,1,15746,4663,0.664516129,0.1912908243,5000,0,1,www.cayey.upr.edu/,30958,0,00720600,0.0636,0,0,0.1965,0.7568,0.9103,NA,978,3,PR,2201,0.3194,0.6806,0,0,0,0,1,0,0,0,0,2025-05-19,243151,Puerto Rico,00737-2230,"Other U.S. jurisdictions (AS, FM GU, MH, MP, PR, PW, VI)",Public,No,No,Suburb: Large,"Cayey Municipio, PR",Not applicable
University of Puerto Rico at Ponce,0.5614,19.474878444,5768,Ponce,1,14399,NA,0.565099946,0.2142857143,5500,0,1,www.uprp.edu/,31394,0,00965200,0.0344,0,0,0.2405,0.8113,0.5856,NA,NA,3,PR,2276,0.4605,0.5395,0,0,0,0,1,0,0,0,0,2025-05-19,243212,Puerto Rico,00716-9996,"Other U.S. jurisdictions (AS, FM GU, MH, MP, PR, PW, VI)",Public,No,No,City: Midsize,"Ponce Municipio, PR",Not applicable
University of Puget Sound,0.7628,20.360613811,11473,Tacoma,2,75509,427977000,0.6393861893,0.1231788079,25000,0,0,www.pugetsound.edu/,69594,0,00379700,0,0,0.0148,0.1335,0.1671,0.7519,NA,1332,3,WA,1631,0.4335,0.5665,0.0895,0.0055,0.0644,0.0319,0.1036,0.0031,0.0055,0.0221,0.6744,2025-05-19,236328,Washington,98416,"Far West (AK ,CA ,HI, NV, OR, WA)",Private not-for-profit,No,No,City: Midsize,"Pierce County, WA",Not applicable
University of Redlands,0.8092,23.381469115,10670,Redlands,2,70233,232004342,0.592654424,0.3523459062,26000,0,1,www.redlands.edu/,72690,0,00132200,0.0188,0,0.0151,0.3413,0.3511,0.9742,NA,1231,3,CA,2095,0.4267,0.5733,0.0644,0.0095,0.0496,0.0501,0.4305,0.0048,0.0095,0.0134,0.368,2025-05-19,121691,California,92373-0999,"Far West (AK ,CA ,HI, NV, OR, WA)",Private not-for-profit,No,No,City: Small,"San Bernardino County, CA",Not applicable
University of Rhode Island,0.7707,20.770941953,10693,Kingston,1,32584,279819871,0.5947167188,0.2632854745,22250,0,0,https://web.uri.edu/,69743,0,00341400,0.0352,0.0867,0.0061,0.1332,0.2115,0.6565,NA,1176,3,RI,13822,0.4206,0.5794,0.0376,0.0014,0.0319,0.048,0.1147,4e-4,0.0094,0.0178,0.7387,2025-05-19,217484,Rhode Island,02881,"New England (CT, ME, MA, NH, R,I VT)",Public,No,No,Suburb: Large,"Washington County, RI",Not applicable
University of Richmond,0.2331,20.751515152,13886,University of Richmond,2,77290,3153393000,0.5490909091,0.1226295828,21000,0,0,https://www.richmond.edu/,76178,0,00374400,0.0024,0,0.0182,0.4392,0.1755,0.7138,NA,1474,3,VA,3002,0.46,0.54,0.0436,0.001,0.0613,0.0626,0.1009,3e-4,0.1066,0.0133,0.6103,2025-05-19,233374,Virginia,23173,"Southeast (AL, AR, FL, GA, KY, LA, MS, NC, SC, TN, VA, WV)",Private not-for-profit,No,No,City: Midsize,"Richmond City, VA",Not applicable
University of Rio Grande,NA,25.113207547,6436,Rio Grande,2,33032,15260284,0.6579163249,0.5242451967,17750,0,0,https://www.rio.edu/,41478,0,00311600,0.1016,0.0052,0.0052,0.1276,0.3585,0.3607,NA,NA,2,OH,795,0.4075,0.5925,0.0025,0.0025,0.0038,0.0478,0.0101,0.0038,0.0818,0.2063,0.6415,2025-05-19,205203,Ohio,45674,"Great Lakes (IL, IN, MI, OH, WI)",Private not-for-profit,No,No,Rural: Distant,"Gallia County, OH",Not applicable
University of Rochester,0.3585,20.786170831,13878,Rochester,2,82600,2739187000,0.5490993608,0.1867656153,21000,0,0,https://www.rochester.edu/,79042,0,00289400,0.0116,0.1088,0.0441,0.0993,0.1624,0.9457,NA,1480,3,NY,6488,0.4672,0.5328,0.043,0.0012,0.1759,0.0482,0.0835,6e-4,0.2334,0.0273,0.3869,2025-05-19,195030,New York,14627-0011,"Mid East (DE ,DC, MD, NJ, NY, PA)",Private not-for-profit,No,No,City: Midsize,"Monroe County, NY",Not applicable
University of Saint Francis-Fort Wayne,0.9756,23.734693878,7064,Fort Wayne,2,45228,33875041,0.7222715173,0.3594339623,25976,0,0,https://www.sf.edu/,55362,0,00183200,0.0209,0,0,0.0864,0.427,1,30,1040,3,IN,1599,0.3221,0.6779,0.0375,0.0069,0.0113,0.0938,0.1213,0.0013,0.025,0.1144,0.5885,2025-05-19,152336,Indiana,46808-3994,"Great Lakes (IL, IN, MI, OH, WI)",Private not-for-profit,No,No,City: Large,"Allen County, IN",Roman Catholic
University of Saint Joseph,0.7964,23.075046904,8223,West Hartford,2,56786,40425000,0.9681050657,0.4221748401,27000,0,0,https://www.usj.edu/,59908,0,00140900,0.0476,0,0.0043,0.0909,0.361,1,30,1100,3,CT,825,0.2909,0.7091,0.0364,0,0.057,0.1042,0.1818,0,0.017,0.0109,0.5927,2025-05-19,130314,Connecticut,06117,"New England (CT, ME, MA, NH, R,I VT)",Private not-for-profit,No,No,City: Small,"Hartford County, CT",Roman Catholic
University of Saint Mary,0.8984,23.99009901,6801,Leavenworth,2,45313,17969961,0.5247524752,0.3571428571,22018,0,0,www.stmary.edu/,59483,0,00194300,0.0126,0,0,0.0881,0.3688,0.5115,30,1047,3,KS,889,0.5332,0.4668,0.0416,0.0101,0.0101,0.1384,0.2036,0,0.0247,0.0934,0.4781,2025-05-19,155812,Kansas,66048-5082,"Plains (IA, KS, MN, MO, NE, ND, SD)",Private not-for-profit,No,No,Town: Fringe,"Leavenworth County, KS",Roman Catholic
University of San Diego,0.4675,20.776548673,13153,San Diego,2,74879,652516000,0.5730088496,0.2486231314,22940,0,0,www.sandiego.edu/,86522,0,01039500,0,0.1032,0.0064,0.3623,0.1935,0.5274,30,NA,3,CA,5619,0.4424,0.5576,0.0753,0.0025,0.0705,0.0457,0.2552,0.0034,0.0626,0.0288,0.456,2025-05-19,122436,California,92110-2492,"Far West (AK ,CA ,HI, NV, OR, WA)",Private not-for-profit,No,No,City: Large,"San Diego County, CA",Roman Catholic
University of San Francisco,0.5077,20.968253968,14029,San Francisco,2,76421,502806000,0.6755368814,0.2801204819,23000,0,0,https://www.usfca.edu/,89812,0,00132500,0,0,0.0077,0.2386,0.2722,0.4033,30,1313,3,CA,5697,0.3493,0.6507,0.1018,0.0018,0.2617,0.0753,0.215,0.0033,0.095,0.0156,0.2305,2025-05-19,122612,California,94117-1080,"Far West (AK ,CA ,HI, NV, OR, WA)",Private not-for-profit,No,No,City: Large,"San Francisco County, CA",Roman Catholic
University of Science and Arts of Oklahoma,0.5577,22.040268456,6289,Chickasha,1,21258,17779264,0.7046979866,0.4317617866,21750,0,0,https://usao.edu/,41913,1,00316700,0.0875,0,0.0125,0.2,0.4703,0.6456,NA,1143,3,OK,896,0.3359,0.6641,0.1105,0.0525,0.01,0.0435,0.0391,0,0.0737,0.0379,0.6328,2025-05-19,207722,Oklahoma,73018-5322,"Southwest (AZ, NM, OK, TX)",Public,No,No,Town: Distant,"Grady County, OK",Not applicable
University of Scranton,0.8435,19.699667774,11098,Scranton,2,67795,275463301,0.5661129568,0.2034722222,27000,0,0,www.scranton.edu/,74652,0,00338400,0.0309,0.008,0.0126,0.2405,0.2229,0.7005,30,1237,3,PA,3589,0.4338,0.5662,0.0267,0.0011,0.034,0.0357,0.1257,0.0011,0.0045,0.0293,0.742,2025-05-19,215929,Pennsylvania,18510-4629,"Mid East (DE ,DC, MD, NJ, NY, PA)",Private not-for-profit,No,No,City: Small,"Lackawanna County, PA",Roman Catholic
University of Sioux Falls,0.8208,22.289719626,7050,Sioux Falls,2,32728,32006968,0.6408544726,0.2471590909,23249,0,0,www.usiouxfalls.edu/,54521,0,00346900,0.1358,0,0.0185,0.1667,0.2898,1,52,NA,3,SD,1258,0.3951,0.6049,0.0636,0.0095,0.0127,0.0469,0.0652,0.0016,0.0056,0.0135,0.7814,2025-05-19,219383,South Dakota,57105-1699,"Plains (IA, KS, MN, MO, NE, ND, SD)",Private not-for-profit,No,No,City: Midsize,"Minnehaha County, SD",American Baptist
University of South Alabama,0.6549,21.947266881,7764,Mobile,1,22070,466054000,0.6229367631,0.334257975,24929,0,0,www.southalabama.edu/,49379,0,00105700,0.0492,0.0851,0.0058,0.0994,0.3713,0.6575,NA,1119,3,AL,8540,0.3823,0.6177,0.0451,0.006,0.0398,0.2203,0.0521,0.0013,0.0112,0.0151,0.6091,2025-05-19,102094,Alabama,36688-0002,"Southeast (AL, AR, FL, GA, KY, LA, MS, NC, SC, TN, VA, WV)",Public,No,No,City: Midsize,"Mobile County, AL",Not applicable
University of South Carolina-Columbia,0.6149,20.521455797,12094,Columbia,1,32840,666458265,0.5560063937,0.1953144894,21500,0,0,www.sc.edu/,62177,0,00344800,0.024,0.0676,0.0099,0.2675,0.1899,0.7206,NA,1297,3,SC,28113,0.4211,0.5789,0.0422,0.0011,0.0446,0.0921,0.0593,7e-4,0.0151,0.0108,0.7341,2025-05-19,218663,South Carolina,29208,"Southeast (AL, AR, FL, GA, KY, LA, MS, NC, SC, TN, VA, WV)",Public,No,No,City: Midsize,"Richland County, SC",Not applicable
University of South Carolina-Upstate,0.6961,23.230151077,8140,Spartanburg,1,24565,12570749,0.6846673095,0.3513888889,22310,0,0,www.uscupstate.edu/,48587,0,00695100,0.1026,0.0038,0.0066,0.1102,0.4546,0.5707,NA,1082,3,SC,4008,0.3438,0.6562,0.0492,0.0015,0.0287,0.3353,0.0911,0.0017,0.015,0.01,0.4676,2025-05-19,218742,South Carolina,29303-4999,"Southeast (AL, AR, FL, GA, KY, LA, MS, NC, SC, TN, VA, WV)",Public,No,No,Suburb: Midsize,"Spartanburg County, SC",Not applicable
University of South Carolina Aiken,0.7972,21.887559809,7960,Aiken,1,20922,30503543,0.6561004785,0.3270967742,24275,0,0,www.usca.edu/,45603,0,00344900,0.1123,0.0211,0,0.2509,0.3692,0.5876,NA,1063,3,SC,2805,0.3665,0.6335,0.0599,0.0014,0.0132,0.2232,0.0838,4e-4,0.0157,0.005,0.5975,2025-05-19,218645,South Carolina,29801,"Southeast (AL, AR, FL, GA, KY, LA, MS, NC, SC, TN, VA, WV)",Public,No,No,Suburb: Large,"Aiken County, SC",Not applicable
University of South Carolina Beaufort,0.6918,22.129310345,8243,Bluffton,1,23796,9284476,0.7092476489,0.3095843936,24000,0,0,www.uscb.edu/,48088,0,00345000,0.0424,0,0.0053,0.2255,0.4028,0.5787,NA,NA,3,SC,1958,0.3253,0.6747,0.0516,0.0036,0.0087,0.2022,0.1144,0.001,0.0199,0.0072,0.5914,2025-05-19,218654,South Carolina,29909,"Southeast (AL, AR, FL, GA, KY, LA, MS, NC, SC, TN, VA, WV)",Public,No,No,Town: Fringe,"Beaufort County, SC",Not applicable
University of South Dakota,0.9895,21.652853261,9163,Vermillion,1,23544,326822004,0.6341711957,0.2425454545,23592,0,0,https://www.usd.edu/,51926,0,00347400,0.0662,8e-4,0.0016,0.1905,0.1799,0.6766,NA,1122,3,SD,5239,0.3483,0.6517,0.03,0.0164,0.0134,0.0376,0.0573,2e-4,0.0365,0.012,0.7967,2025-05-19,219471,South Dakota,57069-2390,"Plains (IA, KS, MN, MO, NE, ND, SD)",Public,No,No,Town: Distant,"Clay County, SD",Not applicable
University of South Florida,0.4096,22.945783544,11199,Tampa,1,22301,604516638,0.605735746,0.3575418994,17988,0,0,www.usf.edu/,57743,0,00153700,0.0242,0.0567,0.0075,0.166,0.2988,0.724,NA,1235,3,FL,36299,0.4364,0.5636,0.0437,0.001,0.0863,0.079,0.2325,0.0011,0.0829,0.0294,0.4439,2025-05-19,137351,Florida,33620-9951,"Southeast (AL, AR, FL, GA, KY, LA, MS, NC, SC, TN, VA, WV)",Public,No,No,City: Large,"Hillsborough County, FL",Not applicable
University of Southern California,0.1002,20.633517495,17488,Los Angeles,2,84678,7400081000,0.5540647198,0.2471783296,18000,0,0,www.usc.edu/,92498,0,00132800,0,0.0865,0.026,0.2331,0.2166,0.5955,NA,1501,3,CA,20817,0.4824,0.5176,0.0645,0.0017,0.2477,0.0705,0.1827,0.0024,0.1373,0.0176,0.2757,2025-05-19,123961,California,90089,"Far West (AK ,CA ,HI, NV, OR, WA)",Private not-for-profit,No,No,City: Large,"Los Angeles County, CA",Not applicable
University of Southern Indiana,0.9465,21.177040517,7949,Evansville,1,20749,127727513,0.6409277745,0.354708798,20105,0,0,www.usi.edu/,47605,0,00180800,0.0529,0.0413,0.0094,0.1803,0.2228,1,NA,1131,3,IN,5344,0.375,0.625,0.0382,0.0015,0.0206,0.0361,0.0492,2e-4,0.0157,0.003,0.8355,2025-05-19,151306,Indiana,47712,"Great Lakes (IL, IN, MI, OH, WI)",Public,No,No,Suburb: Midsize,"Vanderburgh County, IN",Not applicable
University of Southern Maine,0.7931,23.607452967,10710,Portland,1,21381,42013000,0.6078147612,0.328369906,19060,0,0,usm.maine.edu/,49958,0,00205400,0.0317,0.0317,0.0053,0.1742,0.2628,0.4018,NA,1130,3,ME,4245,0.4054,0.5946,0.0412,0.0061,0.0273,0.081,0.0455,9e-4,0.0179,0.0214,0.7585,2025-05-19,161554,Maine,04103,"New England (CT, ME, MA, NH, R,I VT)",Public,No,No,City: Small,"Cumberland County, ME",Not applicable
University of Southern Mississippi,0.9938,23.329936086,8373,Hattiesburg,1,25482,130594735,0.6505441354,0.3259689197,22500,0,0,https://www.usm.edu/,44140,0,00244100,0.0953,0.0053,0.0019,0.1993,0.4659,1,NA,1120,3,MS,9899,0.3621,0.6379,0.0409,0.0041,0.0147,0.2829,0.0471,7e-4,0.0297,0.0073,0.5726,2025-05-19,176372,Mississippi,39406-0001,"Southeast (AL, AR, FL, GA, KY, LA, MS, NC, SC, TN, VA, WV)",Public,No,No,City: Small,"Forrest County, MS",Not applicable
University of St Francis,0.6393,23.167130919,7985,Joliet,2,45375,26620483,0.6448467967,0.4237804878,21079,0,1,https://www.stfrancis.edu/,63926,0,00166400,0.0497,0,0.0086,0.1685,0.3706,0.8866,30,1055,3,IL,1292,0.3359,0.6641,0.0248,0.0015,0.0364,0.0967,0.3088,8e-4,0.0317,0.0124,0.4868,2025-05-19,148584,Illinois,60435-6188,"Great Lakes (IL, IN, MI, OH, WI)",Private not-for-profit,No,No,Suburb: Large,"Will County, IL",Roman Catholic
University of St Thomas,0.8494,20.448177677,11518,Saint Paul,2,64684,698880000,0.4880410023,0.137745975,23250,0,0,www.stthomas.edu/,73739,0,00234500,0.0181,0.087,0.0125,0.4134,0.1956,0.474,30,1296,3,MN,6014,0.5098,0.4902,0.0442,0.002,0.056,0.0747,0.0963,7e-4,0.0359,0.0329,0.6573,2025-05-19,174914,Minnesota,55105-1078,"Plains (IA, KS, MN, MO, NE, ND, SD)",Private not-for-profit,No,No,City: Large,"Ramsey County, MN",Roman Catholic
University of St Thomas,0.8494,20.448177677,11518,Saint Paul,2,64684,698880000,0.4880410023,0.137745975,23250,0,0,www.stthomas.edu/,73739,0,00234500,0.0181,0.087,0.0125,0.4134,0.1956,0.474,30,1296,3,MN,6014,0.5098,0.4902,0.0442,0.002,0.056,0.0747,0.0963,7e-4,0.0359,0.0329,0.6573,2025-05-19,227863,Texas,77006-4696,"Southwest (AZ, NM, OK, TX)",Private not-for-profit,No,No,City: Large,"Harris County, TX",Roman Catholic
University of St Thomas,0.9334,23.40625,8135,Houston,2,44151,130278297,0.7171052632,0.3778625954,19928,0,1,https://www.stthom.edu/,59224,0,00365400,0.0044,0.0147,0.0088,0.1591,0.3792,0.9811,30,1204,3,TX,2826,0.4101,0.5899,0.0156,0.0014,0.1001,0.1196,0.5354,0.0014,0.0389,0.0156,0.172,2025-05-19,174914,Minnesota,55105-1078,"Plains (IA, KS, MN, MO, NE, ND, SD)",Private not-for-profit,No,No,City: Large,"Ramsey County, MN",Roman Catholic
University of St Thomas,0.9334,23.40625,8135,Houston,2,44151,130278297,0.7171052632,0.3778625954,19928,0,1,https://www.stthom.edu/,59224,0,00365400,0.0044,0.0147,0.0088,0.1591,0.3792,0.9811,30,1204,3,TX,2826,0.4101,0.5899,0.0156,0.0014,0.1001,0.1196,0.5354,0.0014,0.0389,0.0156,0.172,2025-05-19,227863,Texas,77006-4696,"Southwest (AZ, NM, OK, TX)",Private not-for-profit,No,No,City: Large,"Harris County, TX",Roman Catholic
University of the Cumberlands,0.7139,24.538990826,6359,Williamsburg,2,24654,164485925,0.5649847095,0.3976608187,14911,0,0,www.ucumberlands.edu/,45036,0,00196200,0.0765,0.0016,0.0016,0.1763,0.4848,0.217,54,NA,3,KY,5468,0.32,0.68,0,0.0024,0.0101,0.054,0.0031,0.0026,0,0.2138,0.7142,2025-05-19,156541,Kentucky,40769,"Southeast (AL, AR, FL, GA, KY, LA, MS, NC, SC, TN, VA, WV)",Private not-for-profit,No,No,Town: Remote,"Whitley County, KY",Baptist
University of the District of Columbia,NA,26.363914373,9578,Washington,1,20911,53496262,0.6024464832,0.5079113924,24872,1,0,www.udc.edu/,44236,0,00144100,0.1568,0.0497,0.0031,0.1972,0.4282,0.3711,NA,NA,3,DC,3080,0.3305,0.6695,0.0273,0.0029,0.013,0.5419,0.2789,3e-4,0.036,0.0675,0.0321,2025-05-19,131399,District of Columbia,20008,"Mid East (DE ,DC, MD, NJ, NY, PA)",Public,Yes,No,City: Large,"District of Columbia, DC",Not applicable
University of the Incarnate Word,0.9336,26.018378378,8958,San Antonio,2,45850,170836368,0.6407207207,0.4326269492,27000,0,1,www.uiw.edu/,56733,0,00357800,0.0184,0.0193,0.0046,0.2901,0.4293,0.503,30,1042,3,TX,4545,0.3593,0.6407,0.0255,0.0031,0.024,0.0741,0.6596,0.0026,0.0317,0.0273,0.152,2025-05-19,225627,Texas,78209,"Southwest (AZ, NM, OK, TX)",Private not-for-profit,No,No,City: Large,"Bexar County, TX",Roman Catholic
University of the Ozarks,0.5814,20.134831461,6861,Clarksville,2,35391,126791516,0.4859550562,0.346875,20875,0,0,https://ozarks.edu/,44384,0,00109400,0.0909,0,0.026,0.3377,0.3597,0.8226,66,1088,3,AR,753,0.4449,0.5551,0.0412,0.008,0.0106,0.0584,0.1514,0.0066,0.2749,0.0159,0.4329,2025-05-19,107558,Arkansas,72830,"Southeast (AL, AR, FL, GA, KY, LA, MS, NC, SC, TN, VA, WV)",Private not-for-profit,No,No,Town: Remote,"Johnson County, AR",Presbyterian Church (USA)
University of the Pacific,0.9486,20.865177196,11592,Stockton,2,68173,568233594,0.5901386749,0.350177305,19500,0,1,www.pacific.edu/,78445,0,00132900,0.0367,0.0884,0.0103,0.1389,0.343,0.4983,NA,1303,3,CA,3247,0.4463,0.5537,0.0533,0.0018,0.3437,0.0311,0.2664,0.0043,0.0711,0.065,0.1632,2025-05-19,120883,California,95211-0197,"Far West (AK ,CA ,HI, NV, OR, WA)",Private not-for-profit,No,No,City: Large,"San Joaquin County, CA",Not applicable
University of the Southwest,NA,23.096045198,3678,Hobbs,2,30369,12836273,0.4774011299,0.46875,21303,0,1,https://www.usw.edu/,45389,0,00265000,0.2,0,0,0.1833,0.5573,1,NA,NA,3,NM,337,0.5074,0.4926,0.0178,0.0237,0.003,0.0831,0.6261,0.003,0,0.0415,0.2018,2025-05-19,188182,New Mexico,88240,"Southwest (AZ, NM, OK, TX)",Private not-for-profit,No,No,Rural: Fringe,"Lea County, NM",Not applicable
University of the Virgin Islands,0.9744,21.588585018,7040,Charlotte Amalie,1,16582,53390418,0.6825208086,0.4661764706,16800,1,0,www.uvi.edu/,38681,0,00394600,0.0628,0,0.0262,0.3037,0.4623,1,NA,915,3,VI,1431,0.3138,0.6862,0.0294,7e-4,0.0056,0.6883,0.1516,0.0035,0.0615,0.0056,0.0538,2025-05-19,243665,Virgin Islands,00802-9990,"Other U.S. jurisdictions (AS, FM GU, MH, MP, PR, PW, VI)",Public,Yes,No,Town: Remote,"St. Thomas Island, VI",Not applicable
University of Toledo,0.9483,21.438866275,10138,Toledo,1,26190,352657319,0.5252525253,0.3344627299,22250,0,0,www.utoledo.edu/,50632,0,00313100,0.0387,0.147,0.0046,0.1793,0.257,0.7346,NA,1209,3,OH,10244,0.4892,0.5108,0.0384,0.0011,0.0346,0.0971,0.0639,8e-4,0.0825,0.0232,0.6584,2025-05-19,206084,Ohio,43606-3390,"Great Lakes (IL, IN, MI, OH, WI)",Public,No,No,City: Large,"Lucas County, OH",Not applicable
University of Tulsa,0.5799,20.916344916,11232,Tulsa,2,63093,1275501000,0.4942084942,0.2284946237,21500,0,0,https://utulsa.edu/,61408,0,00318500,0.0111,0.172,0.0277,0.1928,0.2614,0.7579,66,1325,3,OK,2447,0.4933,0.5067,0.0944,0.0302,0.0793,0.0776,0.1291,0.0016,0.0454,0.0535,0.4888,2025-05-19,207971,Oklahoma,74104-3189,"Southwest (AZ, NM, OK, TX)",Private not-for-profit,No,No,City: Large,"Tulsa County, OK",Presbyterian Church (USA)
University of Utah,0.8717,23.500582072,12443,Salt Lake City,1,21799,1360642000,0.5055296857,0.2944091683,19000,0,0,www.utah.edu/,67170,0,00367500,0.0117,0.0814,0.0136,0.1301,0.201,0.8866,NA,1231,3,UT,26041,0.5165,0.4835,0.0605,0.0036,0.0616,0.0129,0.1409,0.004,0.0588,0.0258,0.6318,2025-05-19,230764,Utah,84112-9008,"Rocky Mountains (CO, ID, MT, UT, WY)",Public,No,No,City: Midsize,"Salt Lake County, UT",Not applicable
University of Valley Forge,0.7816,24.007722008,6189,Phoenixville,2,43134,2906437,0.5540540541,0.3333333333,27000,0,1,https://www.valleyforge.edu/,39016,0,00330600,0.1077,0,0,0.1538,0.5079,0.2706,27,NA,3,PA,471,0.4989,0.5011,0.0255,0.0085,0.0255,0.1507,0.2484,0.0021,0.0382,0.0085,0.4926,2025-05-19,216542,Pennsylvania,19460-2373,"Mid East (DE ,DC, MD, NJ, NY, PA)",Private not-for-profit,No,No,Suburb: Large,"Chester County, PA",Assemblies of God Church
University of Vermont,0.6002,20.07428736,10439,Burlington,1,35116,761013000,0.6014972646,0.1151121606,20951,0,0,www.uvm.edu/,62472,0,00369600,0.0415,0.0791,0.0165,0.0826,0.1283,0.7804,NA,1357,3,VT,11614,0.3635,0.6365,0.0401,4e-4,0.0266,0.0081,0.0536,1e-4,0.0094,0.0264,0.8353,2025-05-19,231174,Vermont,05405-0160,"New England (CT, ME, MA, NH, R,I VT)",Public,No,No,City: Small,"Chittenden County, VT",Not applicable
University of Virginia's College at Wise,0.9392,22.425948592,9140,Wise,1,24315,159077648,0.4957160343,0.3679369251,16750,0,0,https://www.uvawise.edu/,45325,0,00374700,0,0,0.0092,0.1705,0.3298,1,NA,1104,3,VA,1214,0.4127,0.5873,0.0107,0.0016,0.0181,0.0931,0.0132,0,0,0.3608,0.5025,2025-05-19,233897,Virginia,24293-4400,"Southeast (AL, AR, FL, GA, KY, LA, MS, NC, SC, TN, VA, WV)",Public,No,No,Town: Distant,"Wise County, VA",Not applicable
University of Virginia-Main Campus,0.1686,20.344480519,16881,Charlottesville,1,38132,9703267510,0.5454545455,0.1580020387,17500,0,0,https://www.virginia.edu/,86863,0,00374500,0.0075,0.0918,0.0196,0.0848,0.1371,0.9579,NA,1488,3,VA,17315,0.4342,0.5658,0.0579,0.0013,0.1912,0.0757,0.0736,5e-4,0.0459,0.0494,0.5045,2025-05-19,234076,Virginia,22903-2628,"Southeast (AL, AR, FL, GA, KY, LA, MS, NC, SC, TN, VA, WV)",Public,No,No,Suburb: Small,"Albemarle County, VA",Not applicable
University of Washington-Bothell Campus,0.9177,22.528038637,12836,Bothell,1,24462,93819217,0.5746355424,0.3272745332,14615,0,0,https://www.uwb.edu/,78466,0,00379802,0.04,0.0715,0.0164,0.2362,0.2843,0.6358,NA,1376,3,WA,5228,0.5564,0.4436,0.0691,0.0017,0.3531,0.101,0.1056,0.0025,0.0298,0.0604,0.2768,2025-05-19,377555,Washington,98011-8246,"Far West (AK ,CA ,HI, NV, OR, WA)",Public,No,No,Suburb: Large,"King County, WA",Not applicable
University of Washington-Seattle Campus,0.4253,22.528038637,14660,Seattle,1,30282,4503322446,0.5746355424,0.3272745332,14615,0,0,https://www.washington.edu/,78466,0,00379800,0.028,0.1014,0.0435,0.0866,0.1546,0.7991,NA,NA,3,WA,31588,0.4323,0.5677,0.0793,0.0029,0.2725,0.0393,0.0974,0.0031,0.127,0.0396,0.3389,2025-05-19,236948,Washington,98195-4550,"Far West (AK ,CA ,HI, NV, OR, WA)",Public,No,No,City: Large,"King County, WA",Not applicable
University of Washington-Tacoma Campus,0.8295,22.528038637,11832,Tacoma,1,24528,93819217,0.5746355424,0.3272745332,14615,0,0,https://www.tacoma.uw.edu/,78466,0,00379801,0,0.0428,0.0159,0.1818,0.4019,0.8087,NA,NA,3,WA,3989,0.5217,0.4783,0.0885,0.0055,0.2349,0.1131,0.1589,0.0105,0.018,0.0291,0.3414,2025-05-19,377564,Washington,98402-3100,"Far West (AK ,CA ,HI, NV, OR, WA)",Public,No,No,City: Midsize,"Pierce County, WA",Not applicable
University of West Alabama,0.8711,22.259482759,7627,Livingston,1,22402,428997,0.5577586207,0.403210576,24944,0,0,www.uwa.edu/,44232,0,00102400,0.2312,0,0.0176,0.1307,0.5401,0.3401,NA,1015,3,AL,2666,0.2888,0.7112,0.0263,0.0075,0.0019,0.3807,0.0323,4e-4,0.0233,0.0533,0.4745,2025-05-19,101587,Alabama,35470,"Southeast (AL, AR, FL, GA, KY, LA, MS, NC, SC, TN, VA, WV)",Public,No,No,Rural: Remote,"Sumter County, AL",Not applicable
University of West Florida,0.5687,24.359405458,10167,Pensacola,1,18504,86874886,0.5969785575,0.3610013175,16624,0,0,uwf.edu/,49137,0,00395500,0.028,0.0464,0.0059,0.1021,0.3255,1,NA,1137,3,FL,9042,0.4263,0.5737,0.0627,0.0041,0.0331,0.1023,0.1128,0.0023,0.0201,0.0457,0.6169,2025-05-19,138354,Florida,32514-5750,"Southeast (AL, AR, FL, GA, KY, LA, MS, NC, SC, TN, VA, WV)",Public,No,No,City: Small,"Escambia County, FL",Not applicable
University of West Georgia,0.49370000000000003,21.510015408,8706,Carrollton,1,23504,36358201,0.6435541859,0.318805185,23970,0,0,www.westga.edu/,49587,0,00160100,0.0706,0,0.0043,0.232,0.418,0.6484,NA,1044,3,GA,7485,0.3633,0.6367,0.0486,0.0017,0.0115,0.323,0.0938,9e-4,0.0112,0.0134,0.4958,2025-05-19,141334,Georgia,30118-0001,"Southeast (AL, AR, FL, GA, KY, LA, MS, NC, SC, TN, VA, WV)",Public,No,No,Town: Fringe,"Carroll County, GA",Not applicable
University of Wisconsin-Eau Claire,0.7608,20.367547952,8974,Eau Claire,1,21014,64838453,0.644375324,0.2198406156,20909,0,0,www.uwec.edu/,58561,0,00391700,0.089,0.0064,0.0136,0.225,0.1867,0.778,NA,1190,3,WI,8995,0.394,0.606,0.0325,0.0029,0.0289,0.0102,0.0385,4e-4,0.0203,0.0057,0.8606,2025-05-19,240268,Wisconsin,54701,"Great Lakes (IL, IN, MI, OH, WI)",Public,No,No,City: Small,"Eau Claire County, WI",Not applicable
University of Wisconsin-Green Bay,0.8784,24.113653699,7851,Green Bay,1,18161,54492077,0.6803966438,0.3631100083,18500,0,0,www.uwgb.edu/,52528,0,00389900,0.0662,0.0229,0.0057,0.1841,0.2257,0.6992,NA,1090,3,WI,6230,0.3756,0.6244,0.0446,0.0135,0.044,0.03,0.0909,5e-4,0.0114,0.009,0.7562,2025-05-19,240277,Wisconsin,54311-7001,"Great Lakes (IL, IN, MI, OH, WI)",Public,No,No,City: Midsize,"Brown County, WI",Not applicable
University of Wisconsin-La Crosse,0.7325,20.227668213,8149,La Crosse,1,18115,41701196,0.5774361949,0.2138098122,22500,0,0,www.uwlax.edu/,60378,0,00391900,0.0746,0,0.016,0.2492,0.1423,0.8394,NA,1190,3,WI,9194,0.4314,0.5686,0.0309,0.0014,0.0202,0.0066,0.0396,8e-4,0.0058,0.0061,0.8886,2025-05-19,240329,Wisconsin,54601-9959,"Great Lakes (IL, IN, MI, OH, WI)",Public,No,No,City: Small,"La Crosse County, WI",Not applicable
University of Wisconsin-Madison,0.4335,20.109977494,15075,Madison,1,27770,4995679379,0.5311327832,0.1680527224,20484,0,0,www.wisc.edu/,73792,0,00389500,0.0227,0.0821,0.0261,0.1504,0.1532,0.838,NA,1402,3,WI,35665,0.4698,0.5302,0.0477,0.0024,0.1051,0.025,0.0831,6e-4,0.1001,0.0324,0.6035,2025-05-19,240444,Wisconsin,53706-1380,"Great Lakes (IL, IN, MI, OH, WI)",Public,No,No,City: Large,"Dane County, WI",Not applicable
University of Wisconsin-Milwaukee,0.8844,22.251829826,9711,Milwaukee,1,22174,220503966,0.56415828,0.3304775104,23000,0,0,uwm.edu/,54990,0,00389600,0.0548,0.0617,0.0046,0.1934,0.3019,0.633,NA,1090,3,WI,16762,0.4529,0.5471,0.0468,0.0042,0.0718,0.0814,0.1529,0.001,0.0223,0.0153,0.6043,2025-05-19,240453,Wisconsin,53211,"Great Lakes (IL, IN, MI, OH, WI)",Public,No,No,City: Large,"Milwaukee County, WI",Not applicable
University of Wisconsin-Oshkosh,0.8668,21.692412664,8686,Oshkosh,1,19063,32767890,0.6097161572,0.3102329696,21500,0,0,https://www.uwosh.edu/,55548,0,00392000,0.0871,0,0.0097,0.1753,0.158,0.6814,NA,1090,3,WI,7613,0.435,0.565,0.0353,0.0043,0.0415,0.0275,0.0695,0.0013,0.0238,0.0133,0.7835,2025-05-19,240365,Wisconsin,54901,"Great Lakes (IL, IN, MI, OH, WI)",Public,No,No,City: Small,"Winnebago County, WI",Not applicable
University of Wisconsin-Parkside,0.7262,22.520970187,8236,Kenosha,1,16768,16130111,0.5664477009,0.4094707521,20492,0,0,https://www.uwp.edu/,51129,0,00501500,0.0278,0,0.0145,0.2031,0.3421,0.6955,NA,1090,3,WI,2951,0.447,0.553,0.0542,0.001,0.0329,0.0837,0.2091,7e-4,0.0247,0.0091,0.5845,2025-05-19,240374,Wisconsin,53144,"Great Lakes (IL, IN, MI, OH, WI)",Public,No,No,Suburb: Midsize,"Kenosha County, WI",Not applicable
University of Wisconsin-Platteville,0.8726,20.79348199,7789,Platteville,1,20049,51934302,0.3766723842,0.2873563218,21977,0,0,https://www.uwplatt.edu/,61760,0,00392100,0.0727,0.3032,0.0046,0.1462,0.2104,0.8256,NA,1190,3,WI,5928,0.6351,0.3649,0.0187,0.0015,0.0118,0.013,0.0488,7e-4,0.0066,0.0121,0.8868,2025-05-19,240462,Wisconsin,53818-3099,"Great Lakes (IL, IN, MI, OH, WI)",Public,No,No,Town: Distant,"Grant County, WI",Not applicable
University of Wisconsin-River Falls,0.8162,21.150219736,8576,River Falls,1,19576,29228586,0.6388333999,0.2645299145,20500,0,0,https://www.uwrf.edu/,54458,0,00392300,0.1617,0.0019,0.0122,0.1363,0.2048,0.6078,NA,1120,3,WI,4152,0.3596,0.6404,0.0219,0.0029,0.027,0.0185,0.0373,7e-4,0.0096,0.0125,0.8695,2025-05-19,240471,Wisconsin,54022-5001,"Great Lakes (IL, IN, MI, OH, WI)",Public,No,No,Town: Distant,"Pierce County, WI",Not applicable
University of Wisconsin-Stevens Point,0.9014,20.990082645,7815,Stevens Point,1,18804,66152803,0.5432506887,0.3057193396,21503,0,0,https://www.uwsp.edu/,52021,0,00392400,0.1458,0.0116,0.0068,0.1076,0.2777,0.7476,NA,1120,3,WI,7104,0.4393,0.5607,0.03,0.0044,0.0283,0.0125,0.0442,7e-4,0.0038,0.013,0.8632,2025-05-19,240480,Wisconsin,54481-3897,"Great Lakes (IL, IN, MI, OH, WI)",Public,No,No,Town: Distant,"Portage County, WI",Not applicable
University of Wisconsin-Stout,0.8474,21.885772123,8131,Menomonie,1,21618,72176144,0.475708502,0.2783985102,23000,0,0,www.uwstout.edu/,58084,0,00391500,0.1257,0.0971,0.0182,0.2186,0.2274,0.6983,NA,1150,3,WI,5900,0.5727,0.4273,0.0329,0.0037,0.032,0.0127,0.0432,7e-4,0.0207,0.0149,0.8392,2025-05-19,240417,Wisconsin,54751,"Great Lakes (IL, IN, MI, OH, WI)",Public,No,No,Town: Distant,"Dunn County, WI",Not applicable
University of Wisconsin-Superior,0.9364,24.372177055,7090,Superior,1,18415,21615266,0.6422764228,0.2959285005,22500,0,0,https://www.uwsuper.edu/,49606,0,00392500,0.2716,0,0.0168,0.1635,0.296,0.8414,NA,1050,3,WI,1899,0.3691,0.6309,0.0074,0.0348,0.0126,0.0221,0.04,0.0026,0.0964,0.0026,0.7815,2025-05-19,240426,Wisconsin,54880-4500,"Great Lakes (IL, IN, MI, OH, WI)",Public,No,No,Suburb: Midsize,"Douglas County, WI",Not applicable
University of Wisconsin-Whitewater,0.8276,21.069948764,8817,Whitewater,1,18661,34259959,0.5143684562,0.2996237065,23188,0,0,www.uww.edu/,55356,0,00392600,0.1325,0,0.0085,0.3309,0.2503,0.8368,NA,1090,3,WI,9180,0.5087,0.4913,0.0266,0.0026,0.0194,0.0478,0.0929,9e-4,0.0032,0.0107,0.796,2025-05-19,240189,Wisconsin,53190-1790,"Great Lakes (IL, IN, MI, OH, WI)",Public,No,No,Town: Distant,"Walworth County, WI",Not applicable
University of Wyoming,0.9741,22.668979875,10701,Laramie,1,22371,715309048,0.5437196391,0.277271069,18000,0,0,https://www.uwyo.edu/,56880,0,00393200,0.0833,0.0915,0.0059,0.1658,0.2218,0.9906,NA,NA,3,WY,8047,0.4625,0.5375,0.0382,0.0065,0.0112,0.0102,0.0941,0.0011,0.0149,0.042,0.7819,2025-05-19,240727,Wyoming,82071,"Rocky Mountains (CO, ID, MT, UT, WY)",Public,No,No,Town: Remote,"Albany County, WY",Not applicable
Upper Iowa University,0.9338,29.547437673,6309,Fayette,2,48422,19769502,0.6772853186,0.4507973551,25000,0,0,https://www.uiu.edu/,52766,0,00189300,0.071,0.0029,0,0.3594,0.3252,1,NA,929,3,IA,2021,0.4245,0.5755,0.0332,0.0049,0.0193,0.1653,0.0861,0.004,0.0416,0.0332,0.6126,2025-05-19,154493,Iowa,52142-1857,"Plains (IA, KS, MN, MO, NE, ND, SD)",Private not-for-profit,No,No,Rural: Remote,"Fayette County, IA",Not applicable
Upstate Medical University,NA,26.376923077,6783,Syracuse,1,NA,122897569,0.7307692308,0.3504273504,15000,0,0,www.upstate.edu/,92257,0,00284000,0,0,0,0,0.2468,0.746,NA,NA,3,NY,117,0.2906,0.7094,0.0085,0,0.0342,0.0855,0.0256,0,0.0171,0.1197,0.7094,2025-05-19,196307,New York,13210,"Mid East (DE ,DC, MD, NJ, NY, PA)",Public,No,No,City: Midsize,"Onondaga County, NY",Not applicable
Urshan College,0.8387,NA,4348,Wentzville,2,16089,NA,NA,NA,PS,0,0,urshancollege.org/,NA,0,04282700,0,0,0,0.2987,0.3996,NA,79,1035,3,MO,512,0.4121,0.5879,0.0547,0.0137,0.0098,0.0469,0.1602,0,0,0.0078,0.707,2025-05-19,494685,NA,NA,NA,NA,NA,NA,NA,NA,NA
Ursinus College,0.8737,19.455737705,9296,Collegeville,2,75378,138346490,0.5327868852,0.1884550085,27000,0,0,www.ursinus.edu/,73721,0,00338500,0.0168,0,0.0196,0.0028,0.1984,0.7296,NA,1304,3,PA,1477,0.5206,0.4794,0.0447,0.0027,0.0332,0.0779,0.0691,0,0.0027,0.021,0.7488,2025-05-19,216524,Pennsylvania,19426-1000,"Mid East (DE ,DC, MD, NJ, NY, PA)",Private not-for-profit,No,No,Suburb: Large,"Montgomery County, PA",Not applicable
Ursuline College,0.8401,24.392,6158,Pepper Pike,2,49537,43318018,0.936,0.3440233236,26250,0,0,www.ursuline.edu/,56878,0,00313400,0,0,0.0053,0.0632,0.3904,0.392,30,1140,3,OH,630,0.0746,0.9254,0.0873,0.0032,0.0333,0.2794,0.019,0.0048,0.0444,0.0317,0.4968,2025-05-19,206349,Ohio,44124,"Great Lakes (IL, IN, MI, OH, WI)",Private not-for-profit,No,No,Suburb: Large,"Cuyahoga County, OH",Roman Catholic
Uta Mesivta of Kiryas Joel,NA,18.541055718,3463,Monroe,2,21452,NA,PS,PS,PS,0,0,utam.edu/,31853,0,03802300,0,0,0,0,0.8625,1,80,NA,3,NY,2729,1,0,0,0,0,0,0,0,0.004,0,0.996,2025-05-19,446604,New York,10950,"Mid East (DE ,DC, MD, NJ, NY, PA)",Private not-for-profit,No,No,Suburb: Large,"Orange County, NY",Jewish
Utah State University,0.9362,23.224894619,10824,Logan,1,21050,532367445,0.5495908753,0.2835781742,14340,0,0,https://www.usu.edu/,54022,0,00367700,0.0797,0.0475,0.0108,0.0822,0.2569,0.9719,NA,1189,3,UT,20342,0.4552,0.5448,0.0272,0.0148,0.0078,0.0068,0.066,0.0032,0.0065,0.0504,0.8172,2025-05-19,230728,Utah,84322-1400,"Rocky Mountains (CO, ID, MT, UT, WY)",Public,No,No,City: Small,"Cache County, UT",Not applicable
Utah Tech University,NA,22.224812433,8313,Saint George,1,19660,17505730,0.5605573419,0.3900029061,15000,0,0,utahtech.edu/,44570,0,00367100,0.016,0.0199,0.0047,0.0836,0.223,0.4194,NA,NA,2,UT,8320,0.4071,0.5929,0.0458,0.0073,0.0125,0.0172,0.1371,0.0114,0.0184,0.005,0.7452,2025-05-19,230171,Utah,84770-3876,"Rocky Mountains (CO, ID, MT, UT, WY)",Public,No,No,City: Small,"Washington County, UT",Not applicable
Utah Valley University,NA,23.575480147,9862,Orem,1,15172,84136334,0.47188775,0.2721558768,14750,0,0,www.uvu.edu/,55486,0,00402700,0.0325,0.0163,0.0041,0.143,0.2337,0.4845,NA,NA,3,UT,27481,0.517,0.483,0.0369,0.0042,0.0144,0.0107,0.1334,0.0077,0.0114,0.0113,0.7701,2025-05-19,230737,Utah,84058-5999,"Rocky Mountains (CO, ID, MT, UT, WY)",Public,No,No,City: Small,"Utah County, UT",Not applicable
Utica University,0.8719,23.991803279,8816,Utica,2,36845,35470959,0.6048317515,0.3156398104,22500,0,0,https://www.utica.edu/,63277,0,00288300,0.0186,0,0.0053,0.0878,0.2961,0.4605,NA,1130,3,NY,2477,0.4195,0.5805,0.0315,0.0061,0.0355,0.0945,0.0945,0.0016,0.0077,0.0638,0.6649,2025-05-19,197045,New York,13502-4892,"Mid East (DE ,DC, MD, NJ, NY, PA)",Private not-for-profit,No,No,City: Small,"Oneida County, NY",Not applicable
Valdosta State University,0.8349,22.320455561,8410,Valdosta,1,20202,64362137,0.6277355962,0.3075430512,24779,0,0,www.valdosta.edu/,49361,0,00159900,0.0556,0.0025,0.0031,0.2467,0.5086,0.6879,NA,1037,3,GA,6858,0.3307,0.6693,0.0389,0.0017,0.0134,0.379,0.1101,4e-4,0.0115,0.0044,0.4405,2025-05-19,141264,Georgia,31698,"Southeast (AL, AR, FL, GA, KY, LA, MS, NC, SC, TN, VA, WV)",Public,No,No,City: Small,"Lowndes County, GA",Not applicable
Valencia College,NA,22.700196367,7427,Orlando,1,16577,91586993,0.5756013746,0.4214585852,9300,0,1,valenciacollege.edu/,40594,0,00675000,0.005,0,0,0.3262,0.3892,0.3135,NA,NA,2,FL,35125,0.4091,0.5909,0.0316,0.002,0.0422,0.1673,0.4394,0.002,0.0727,0.015,0.2277,2025-05-19,138187,Florida,32835,"Southeast (AL, AR, FL, GA, KY, LA, MS, NC, SC, TN, VA, WV)",Public,No,No,City: Large,"Orange County, FL",Not applicable
Valley City State University,0.6931,23.173684211,6680,Valley City,1,20713,11279233,0.5350877193,0.2624768946,20369,0,0,www.vcsu.edu/,52725,0,00300800,0.4784,0.0081,0.0027,0.1108,0.1729,0.4717,NA,1090,3,ND,918,0.4597,0.5403,0.0566,0.0087,0.0065,0.0327,0.0588,0.0087,0.024,0.0054,0.7985,2025-05-19,200572,North Dakota,58072,"Plains (IA, KS, MN, MO, NE, ND, SD)",Public,No,No,Town: Remote,"Barnes County, ND",Not applicable
Valparaiso University,0.9222,20.731313131,8018,Valparaiso,2,57393,326748000,0.571043771,0.2881355932,26942,0,0,https://www.valpo.edu/,63191,0,00184200,0.0388,0.1489,0.0032,0.1197,0.2593,0.6982,67,1226,3,IN,2229,0.4217,0.5783,0.0386,9e-4,0.0341,0.0637,0.1144,4e-4,0.0444,0.0148,0.6886,2025-05-19,152600,Indiana,46383,"Great Lakes (IL, IN, MI, OH, WI)",Private not-for-profit,No,No,Suburb: Large,"Porter County, IN",Lutheran Church in America
Vanderbilt University,0.0628,19.591365462,15433,Nashville,2,84412,10206067257,0.5281124498,0.1222570533,14000,0,0,www.vanderbilt.edu/,91565,0,00353500,0.0308,0.1209,0.0225,0,0.1851,0.836,NA,1550,3,TN,7143,0.4775,0.5225,0.0588,0.0045,0.1856,0.1043,0.1196,0.0031,0.1002,0.0351,0.3888,2025-05-19,221999,Tennessee,37240,"Southeast (AL, AR, FL, GA, KY, LA, MS, NC, SC, TN, VA, WV)",Private not-for-profit,No,No,City: Large,"Davidson County, TN",Not applicable
Vanguard University of Southern California,0.647,21.842307692,7625,Costa Mesa,2,50178,9083226,0.6605769231,0.3588362069,22000,0,1,https://www.vanguard.edu/,59541,0,00129300,0.0613,0,0.0049,0.1863,0.4288,0.9773,27,NA,3,CA,1975,0.3458,0.6542,0.0238,0.0025,0.0446,0.0532,0.4765,0.0061,5e-4,0.0866,0.3063,2025-05-19,123651,California,92626,"Far West (AK ,CA ,HI, NV, OR, WA)",Private not-for-profit,No,No,City: Midsize,"Orange County, CA",Assemblies of God Church
Vassar College,0.1773,19.445205479,13004,Poughkeepsie,2,83573,1196336464,0.5671232877,0.1418439716,18625,0,0,www.vassar.edu/,71366,0,00289500,0.0176,0,0.0529,0,0.2086,0.8368,NA,1513,3,NY,2430,0.379,0.621,0.0831,4e-4,0.1181,0.0387,0.1189,0,0.0671,0.023,0.5506,2025-05-19,197133,New York,12604,"Mid East (DE ,DC, MD, NJ, NY, PA)",Private not-for-profit,No,No,Suburb: Large,"Dutchess County, NY",Not applicable
Vaughn College of Aeronautics and Technology,NA,23.54679285,9242,Flushing,2,47174,6071650,0.12723449,0.4709066306,21125,0,1,www.vaughn.edu/,64973,0,00266500,0,0.0856,0,0.0028,0.5251,1,NA,NA,2,NY,1104,0.8714,0.1286,0.0199,0.0063,0.1585,0.1821,0.3134,0.0082,0.0281,0.1359,0.1476,2025-05-19,188340,New York,11369,"Mid East (DE ,DC, MD, NJ, NY, PA)",Private not-for-profit,No,No,City: Large,"Queens County, NY",Not applicable
Vermont State University,0.8323,25.85151856,7768,Randolph,1,30074,NA,0.538807649,0.3808948005,15000,0,0,vermontstate.edu/,50331,0,00369800,0.0309,0.01,0.0117,0.0894,0.3148,1,NA,NA,2,VT,3567,0.4357,0.5643,0.0348,0.0042,0.0151,0.0449,0.0479,8e-4,0.0297,0.0429,0.7796,2025-05-19,231165,Vermont,05061,"New England (CT, ME, MA, NH, R,I VT)",Public,No,No,Rural: Remote,"Orange County, VT",Not applicable
Villa Maria College,0.8668,22.266393443,5160,Buffalo,2,33719,1899768,0.5881147541,0.3789731051,21250,0,0,https://www.villa.edu/,38857,0,00289600,0,0.0111,0,0.1333,0.6086,0.4066,30,NA,2,NY,536,0.4776,0.5224,0.0784,0.0075,0.0466,0.3657,0.0746,0,0,0.0019,0.4254,2025-05-19,197142,New York,14225-3999,"Mid East (DE ,DC, MD, NJ, NY, PA)",Private not-for-profit,No,No,City: Small,"Erie County, NY",Roman Catholic
Villanova University,0.2512,20.663366337,13462,Villanova,2,80866,1165526000,0.5794684732,0.1257420399,25874,0,0,www.villanova.edu/,100423,0,00338800,0.0028,0.1336,0.0281,0.2515,0.1155,0.6369,30,1466,3,PA,7005,0.4612,0.5388,0.0407,3e-4,0.0739,0.061,0.1088,0.001,0.0188,0.016,0.6795,2025-05-19,216597,Pennsylvania,19085-1699,"Mid East (DE ,DC, MD, NJ, NY, PA)",Private not-for-profit,No,No,Suburb: Large,"Delaware County, PA",Roman Catholic
Vincennes University,NA,22.58859515,6188,Vincennes,1,19446,63275636,0.4518243391,0.4161235819,12000,0,0,https://www.vinu.edu/,41110,0,00184300,0.0138,0.0048,0,0.0299,0.0935,0.2175,NA,NA,2,IN,3739,0.5189,0.4811,0.0265,0.0024,0.012,0.0746,0.0859,0.0021,0.0227,0.0321,0.7416,2025-05-19,152637,Indiana,47591,"Great Lakes (IL, IN, MI, OH, WI)",Public,No,No,Town: Remote,"Knox County, IN",Not applicable
Virginia Commonwealth University,0.9306,21.298947612,11878,Richmond,1,34346,2408531845,0.6243783971,0.2760338814,21500,0,0,https://www.vcu.edu/,58128,0,00373500,0.0782,0.0479,0.0048,0.1219,0.2971,0.6399,NA,1168,3,VA,20797,0.3637,0.6363,0.0803,0.0025,0.142,0.2165,0.1166,0.0014,0.0175,0.0174,0.4058,2025-05-19,234030,Virginia,23284-2512,"Southeast (AL, AR, FL, GA, KY, LA, MS, NC, SC, TN, VA, WV)",Public,No,No,City: Midsize,"Richmond City, VA",Not applicable
Virginia Military Institute,0.8173,19.459302326,8676,Lexington,1,33738,661475133,0.1434108527,0.1524752475,22996,0,0,www.vmi.edu/,77369,0,00375300,0,0.2075,0.0173,0,0.1647,1,NA,1183,3,VA,1560,0.8692,0.1308,0.0391,0.0038,0.05,0.0712,0.0936,0.0071,0.0154,0.0026,0.7173,2025-05-19,234085,Virginia,24450-0304,"Southeast (AL, AR, FL, GA, KY, LA, MS, NC, SC, TN, VA, WV)",Public,No,No,Town: Distant,"Lexington City, VA",Not applicable
Virginia Polytechnic Institute and State University,0.5703,19.822727976,13512,Blacksburg,1,32040,1675200000,0.4649326521,0.1776347546,21500,0,0,www.vt.edu/,81698,0,00375400,0,0.2197,0.0115,0.2175,0.1501,0.98740000000000006,NA,1337,3,VA,30435,0.5717,0.4283,0.055,0.001,0.1276,0.0616,0.1031,9e-4,0.0438,0.0252,0.5818,2025-05-19,233921,Virginia,24061-0131,"Southeast (AL, AR, FL, GA, KY, LA, MS, NC, SC, TN, VA, WV)",Public,No,No,City: Small,"Montgomery County, VA",Not applicable
Virginia State University,0.891,20.702235344,9216,Petersburg,1,24173,78114593,0.5609447491,0.3416387159,26500,1,0,www.vsu.edu/,45543,0,00376400,0.0694,0.0226,0.0226,0.1903,0.71,0.6447,NA,917,3,VA,4787,0.4042,0.5958,0,0.0025,0.0031,0.9294,2e-4,0,0.0063,0.0328,0.0257,2025-05-19,234155,Virginia,23806,"Southeast (AL, AR, FL, GA, KY, LA, MS, NC, SC, TN, VA, WV)",Public,Yes,No,Suburb: Large,"Chesterfield County, VA",Not applicable
Virginia Union University,0.9773,20.036548223,5649,Richmond,2,34960,28957923,0.5431472081,0.4080882353,29000,1,0,www.vuu.edu/,38275,0,00376600,0.0781,0,0.0156,0.1953,0.5064,0.9839,54,860,3,VA,1153,0.4788,0.5212,0.0338,0.0017,0,0.889,0.0243,0.0052,0.0104,0.0243,0.0113,2025-05-19,234164,Virginia,23220,"Southeast (AL, AR, FL, GA, KY, LA, MS, NC, SC, TN, VA, WV)",Private not-for-profit,Yes,No,City: Midsize,"Richmond City, VA",Baptist
Virginia Wesleyan University,0.7129,21.747211896,8431,Virginia Beach,2,51192,115895125,0.6270136307,0.3087248322,27000,0,0,https://www.vwu.edu/,50074,0,00376700,0.0356,0,0.0356,0.1621,0.2617,0.7293,71,1281,3,VA,1243,0.4377,0.5623,0.0603,0.0177,0.0257,0.2277,0.103,0,0.0314,0.033,0.5012,2025-05-19,234173,Virginia,23455,"Southeast (AL, AR, FL, GA, KY, LA, MS, NC, SC, TN, VA, WV)",Private not-for-profit,No,No,City: Large,"Virginia Beach City, VA",United Methodist
Visible Music College,0.2868,23.808219178,3395,Memphis,2,31386,265208,0.4246575342,PS,9500,0,0,www.visible.edu/,35933,0,03982300,0,0,0,0,0.4408,0.5294,42,1050,3,TN,164,0.4634,0.5366,0.0305,0.0061,0.0305,0.1585,0.1829,0.0061,0.0732,0.0061,0.5061,2025-05-19,449764,Tennessee,38103,"Southeast (AL, AR, FL, GA, KY, LA, MS, NC, SC, TN, VA, WV)",Private not-for-profit,No,No,City: Large,"Shelby County, TN",Interdenominational
Viterbo University,0.7327,23.662528217,6855,La Crosse,2,44123,60778544,0.7528216704,0.2816229117,25000,0,0,https://www.viterbo.edu/,55660,0,00391100,0.2488,0.0096,0,0.134,0.2249,0.4,30,1184,3,WI,1392,0.273,0.727,0.0309,0.0029,0.0172,0.0309,0.0682,0,0.0172,0.0172,0.8154,2025-05-19,240107,Wisconsin,54601-8804,"Great Lakes (IL, IN, MI, OH, WI)",Private not-for-profit,No,No,City: Small,"La Crosse County, WI",Roman Catholic
Voorhees University,NA,20.836363636,5022,Denmark,2,25793,9039870,0.5121212121,0.3911439114,26700,1,0,www.voorhees.edu/,35339,0,00345500,0,0,0,0.1714,0.7749,0.5246,73,NA,3,SC,460,0.5152,0.4848,0.0326,0,0,0.8087,0.0348,0.0022,0.0826,0,0.0391,2025-05-19,218919,South Carolina,29042,"Southeast (AL, AR, FL, GA, KY, LA, MS, NC, SC, TN, VA, WV)",Private not-for-profit,Yes,No,Town: Distant,"Bamberg County, SC",Protestant Episcopal
Wabash College,0.6278,19.569321534,9318,Crawfordsville,2,62750,385199753,PS,PS,27000,0,0,www.wabash.edu/,69952,0,00184400,0,0,0.08,0,0.2251,0.9504,NA,1210,3,IN,845,1,0,0.0402,0,0.0178,0.0414,0.1183,0,0.0462,0.0095,0.7266,2025-05-19,152673,Indiana,47933-0352,"Great Lakes (IL, IN, MI, OH, WI)",Private not-for-profit,No,No,Town: Distant,"Montgomery County, IN",Not applicable
Wagner College,0.8346,20.273794003,7478,Staten Island,2,63007,96515341,0.6245110821,0.2845303867,25000,0,0,www.wagner.edu/,74360,0,00289900,0.0079,0,0.0105,0.1316,0.227,1,67,1234,3,NY,1579,0.3965,0.6035,0.0336,0.0019,0.0424,0.0709,0.1564,0.0013,0.0754,0.0494,0.5687,2025-05-19,197197,New York,10301-4495,"Mid East (DE ,DC, MD, NJ, NY, PA)",Private not-for-profit,No,No,City: Large,"Richmond County, NY",Lutheran Church in America
Wake Forest University,0.21560000000000001,19.472797927,12368,Winston-Salem,2,82818,1819776000,0.5077720207,0.1196808511,21500,0,0,www.wfu.edu/,78158,0,00297800,0.0062,0.028,0.0304,0.2625,0.0949,0.7563,NA,1469,3,NC,5471,0.4462,0.5538,0.0561,5e-4,0.0528,0.0658,0.096,2e-4,0.0757,0.0102,0.6427,2025-05-19,199847,North Carolina,27106,"Southeast (AL, AR, FL, GA, KY, LA, MS, NC, SC, TN, VA, WV)",Private not-for-profit,No,No,City: Midsize,"Forsyth County, NC",Not applicable
Walla Walla Community College,NA,25.865892972,8887,Walla Walla,1,17580,547419,0.55448098,0.4568181818,14000,0,1,https://www.wwcc.edu/,43526,0,00500600,0.0809,0,0,0.1594,0.2896,1,NA,NA,1,WA,2372,0.5185,0.4815,0.0485,0.0122,0.0152,0.0607,0.301,0.003,0.0038,0.0675,0.4882,2025-05-19,236887,Washington,99362-9267,"Far West (AK ,CA ,HI, NV, OR, WA)",Public,No,No,City: Small,"Walla Walla County, WA",Not applicable
Walla Walla University,NA,20.876119403,5879,College Place,2,44075,36736853,0.5194029851,0.1661442006,26842,0,0,https://www.wallawalla.edu/,61885,0,00379900,0.0465,0.1111,0.0078,0.1964,0.2515,1,95,NA,3,WA,1214,0.5181,0.4819,0.0947,0.0016,0.0552,0.0346,0.2339,0.0099,0.0807,0.0099,0.4794,2025-05-19,236896,Washington,99324-1198,"Far West (AK ,CA ,HI, NV, OR, WA)",Private not-for-profit,No,No,Suburb: Small,"Walla Walla County, WA",Seventh Day Adventist
Walsh College,NA,28.552941176,10013,Troy,2,NA,11638919,0.5458823529,0.481865285,16217,0,0,https://walshcollege.edu/,72081,0,00407100,0,0,0,0.805,0.3114,0.2,NA,NA,3,MI,535,0.5308,0.4692,0.0243,0.0056,0.0318,0.071,0.0187,0,0.0187,0.0318,0.7981,2025-05-19,172608,Michigan,48083-5066,"Great Lakes (IL, IN, MI, OH, WI)",Private not-for-profit,No,No,City: Small,"Oakland County, MI",Not applicable
Walsh University,0.7818,21.758163265,5701,North Canton,2,45817,33679794,0.612244898,0.3418259023,27000,0,0,https://www.walsh.edu/,59764,0,00313500,0.0994,0,0.003,0.262,0.233,0.9901,30,1210,3,OH,1294,0.5085,0.4915,0.0317,8e-4,0.0155,0.0572,0.0317,0,0.0981,0.1685,0.5966,2025-05-19,206437,Ohio,44720-3396,"Great Lakes (IL, IN, MI, OH, WI)",Private not-for-profit,No,No,Suburb: Large,"Stark County, OH",Roman Catholic
Warner Pacific University,0.5855,28.621848739,7337,Portland,2,32975,12352026,0.6840336134,0.4658869396,25000,0,1,https://www.warnerpacific.edu/,55204,0,00322500,0.0368,0,0,0.1176,0.464,0.9706,57,NA,3,OR,344,0.3605,0.6395,0.0349,0.0174,0.1366,0.1221,0.3198,0.0203,0.0029,0.0058,0.3401,2025-05-19,210304,Oregon,97215,"Far West (AK ,CA ,HI, NV, OR, WA)",Private not-for-profit,No,No,City: Large,"Multnomah County, OR",Church of God
Warner Pacific University Professional and Graduate Studies,0.6706,28.621848739,9130,Portland,2,NA,5810047,0.6840336134,0.4658869396,25000,0,0,https://www.warnerpacific.edu/,55204,0,00322500,0.0781,0,0,0.3438,0.29,1,57,NA,3,OR,161,0.3292,0.6708,0.0373,0.0373,0.0435,0.2547,0.2298,0.0186,0,0.0435,0.3354,2025-05-19,480198,Oregon,97266,"Far West (AK ,CA ,HI, NV, OR, WA)",Private not-for-profit,No,No,City: Large,"Multnomah County, OR",Church of God
Warner University,0.4779,25.363380282,5632,Lake Wales,2,41556,6604180,0.4591549296,0.4251207729,22250,0,0,www.warner.edu/academics/undergraduate_programs/admissions/criteria-for-admission/,46086,0,00884800,0.1788,0,0,0.2185,0.5348,0.3204,57,937,3,FL,753,0.5126,0.4874,0.0398,0.0053,0.0066,0.2722,0.2151,0.0013,0.0452,0,0.4143,2025-05-19,138275,Florida,33859-8797,"Southeast (AL, AR, FL, GA, KY, LA, MS, NC, SC, TN, VA, WV)",Private not-for-profit,No,No,Rural: Fringe,"Polk County, FL",Church of God
Warren Wilson College,0.7762,20.477707006,6229,Swannanoa,2,53576,55937007,0.6433121019,0.2040133779,25000,0,0,https://www.warren-wilson.edu/,36260,0,00297900,0,0,0.0086,0.0603,0.3707,0.6495,NA,1290,3,NC,720,0.3431,0.6569,0.0431,0.0042,0.0139,0.0472,0.0722,0,0.0292,0.0125,0.7778,2025-05-19,199865,North Carolina,28778-2099,"Southeast (AL, AR, FL, GA, KY, LA, MS, NC, SC, TN, VA, WV)",Private not-for-profit,No,No,Suburb: Large,"Buncombe County, NC",Not applicable
Wartburg College,0.9941,19.628834356,7111,Waverly,2,61832,94173822,0.5414110429,0.1735015773,27000,0,0,https://www.wartburg.edu/,56201,0,00189600,0.1385,0.0431,0.0154,0.16,0.2147,1,39,1136,3,IA,1446,0.518,0.482,0.0304,0.0021,0.0048,0.045,0.0429,7e-4,0.053900000000000003,0.0159,0.8043,2025-05-19,154527,Iowa,50677-0903,"Plains (IA, KS, MN, MO, NE, ND, SD)",Private not-for-profit,No,No,Town: Distant,"Bremer County, IA",Evangelical Lutheran Church
Washburn University,NA,24.218281536,8507,Topeka,1,20949,190594225,0.5912248629,0.3781033781,18127,0,0,www.washburn.edu/,49774,0,00194900,0.0323,0.001,0.0108,0.0909,0.3052,0.6101,NA,NA,1,KS,4093,0.3567,0.6433,0.065,0.0071,0.0134,0.084,0.1461,7e-4,0.0481,0.0205,0.615,2025-05-19,156082,Kansas,66621-0001,"Plains (IA, KS, MN, MO, NE, ND, SD)",Public,No,No,City: Midsize,"Shawnee County, KS",Not applicable
Washington & Jefferson College,0.8154,19.401438849,8335,Washington,2,65117,137190814,0.5107913669,0.2160493827,27000,0,0,www.washjeff.edu/,67918,0,00338900,0.032,0,0.0228,0.2374,0.2942,1,NA,NA,3,PA,1154,0.5373,0.4627,0.0667,0.0035,0.0199,0.0693,0.0589,0.0017,0.013,0,0.7669,2025-05-19,216667,Pennsylvania,15301,"Mid East (DE ,DC, MD, NJ, NY, PA)",Private not-for-profit,No,No,Suburb: Large,"Washington County, PA",Not applicable
Washington Adventist University,0.4536,27.13372093,6032,Takoma Park,2,34570,2888883,0.7209302326,0.3518518519,30500,0,0,https://www.wau.edu/,64249,0,00206700,0.0417,0,0,0.1528,0.4605,0.247,95,920,3,MD,522,0.408,0.592,0.0383,0.0019,0.0268,0.431,0.2414,0.0096,0.1418,0.0651,0.0441,2025-05-19,162210,Maryland,20912,"Mid East (DE ,DC, MD, NJ, NY, PA)",Private not-for-profit,No,No,Suburb: Large,"Montgomery County, MD",Seventh Day Adventist
Washington and Lee University,0.1736,19.404929577,13879,Lexington,2,82990,1998334000,0.4401408451,PS,19500,0,0,www.wlu.edu/,94810,0,00376800,0,0.0353,0.0221,0.2892,0.1109,0.8811,NA,1504,3,VA,1884,0.4857,0.5143,0.0451,0.0016,0.043,0.0441,0.0844,0.0016,0.0706,0.009,0.7006,2025-05-19,234207,Virginia,24450-2116,"Southeast (AL, AR, FL, GA, KY, LA, MS, NC, SC, TN, VA, WV)",Private not-for-profit,No,No,Town: Distant,"Lexington City, VA",Not applicable
Washington College,0.6554,19.401785714,6433,Chestertown,2,70191,267150417,0.6089285714,0.1603773585,26956,0,0,www.washcoll.edu/,65518,0,00210800,0,0,0.023,0.1567,0.2052,0.7895,NA,1274,3,MD,890,0.4348,0.5652,0,0.0034,0.0292,0.0933,0.0899,0.0022,0.0202,0.0876,0.6742,2025-05-19,164216,Maryland,21620-1438,"Mid East (DE ,DC, MD, NJ, NY, PA)",Private not-for-profit,No,No,Town: Distant,"Kent County, MD",Not applicable
Washington State University,0.8536,22.69739777,10999,Pullman,1,27176,1196529000,0.5742963356,0.3408797654,19500,0,0,https://wsu.edu/,68905,0,00380000,0.0386,0.08,0.009,0.1846,0.2559,0.8449,NA,NA,3,WA,21583,0.4703,0.5297,0.0778,0.0057,0.0688,0.0291,0.1748,0.0064,0.0279,0.0202,0.5893,2025-05-19,236939,Washington,99164-5910,"Far West (AK ,CA ,HI, NV, OR, WA)",Public,No,No,Town: Distant,"Whitman County, WA",Not applicable
Washington University in St Louis,0.1196,20.040290089,16718,Saint Louis,2,83476,12242758000,0.5342465753,0.114071607,17500,0,0,https://wustl.edu/,86182,0,00252000,0.0031,0.134,0.0277,0.1183,0.1589,0.7127,NA,1530,3,MO,7897,0.4607,0.5393,0.0629,0.001,0.2115,0.0891,0.1256,6e-4,0.0821,0.0124,0.4147,2025-05-19,179867,Missouri,63130-4899,"Plains (IA, KS, MN, MO, NE, ND, SD)",Private not-for-profit,No,No,Suburb: Large,"St. Louis County, MO",Not applicable
Wayland Baptist University,0.5405,29.831532417,6090,Plainview,2,34762,87853223,0.5776031434,0.4545973729,23106,0,1,www.wbu.edu/,51838,0,00366300,0.0613,0,0,0.3587,0.3952,1,75,NA,3,TX,2090,0.4914,0.5086,0.0258,0.0115,0.0321,0.1809,0.3215,0.0263,0.0244,0.0694,0.3081,2025-05-19,229780,Texas,79072,"Southwest (AZ, NM, OK, TX)",Private not-for-profit,No,No,Town: Remote,"Hale County, TX",Southern Baptist
Wayne State College,NA,21.129710145,8090,Wayne,1,21310,27892348,0.5753623188,0.3418604651,19000,0,0,https://www.wsc.edu/,47075,0,00256600,0.235,0,0.0016,0.194,0.2658,0.4883,NA,NA,3,NE,3041,0.4258,0.5742,0.0283,0.0072,0.0082,0.0296,0.0993,3e-4,0.047,0.003,0.777,2025-05-19,181783,Nebraska,68787,"Plains (IA, KS, MN, MO, NE, ND, SD)",Public,No,No,Town: Distant,"Wayne County, NE",Not applicable
Wayne State University,0.8203,23.013102282,11576,Detroit,1,26794,458465000,0.5950972105,0.3760200879,21250,0,0,https://wayne.edu/,53493,0,00232900,0.0443,0.0615,0.0075,0.2233,0.4304,0.5807,NA,1147,3,MI,15676,0.4069,0.5931,0.0405,0.0024,0.1386,0.1717,0.0773,4e-4,0.0217,0.0078,0.5396,2025-05-19,172644,Michigan,48202,"Great Lakes (IL, IN, MI, OH, WI)",Public,No,No,City: Large,"Wayne County, MI",Not applicable
Waynesburg University,0.9169,20.481723238,7092,Waynesburg,2,42526,41032204,0.5691906005,0.2635327635,27000,0,0,www.waynesburg.edu/,58537,0,00339100,0.0758,0,0.0038,0.1136,0.31,0.4356,66,1114,3,PA,1081,0.4662,0.5338,0.0361,0.0019,0.0019,0.0786,0.0463,0.0083,0.0046,0.0028,0.8196,2025-05-19,216694,Pennsylvania,15370-1257,"Mid East (DE ,DC, MD, NJ, NY, PA)",Private not-for-profit,No,No,Town: Distant,"Greene County, PA",Presbyterian Church (USA)
Webb Institute,0.2,19.375,11236,Glen Cove,2,78140,66531950,PS,PS,PS,0,0,www.webb.edu/,NA,0,00290000,0,1,0,0,0.0882,0.6667,NA,1480,3,NY,105,0.7524,0.2476,0.0476,0,0.0286,0,0.0762,0,0,0.0571,0.7905,2025-05-19,197221,New York,11542-1398,"Mid East (DE ,DC, MD, NJ, NY, PA)",Private not-for-profit,No,No,Suburb: Large,"Nassau County, NY",Not applicable
Webber International University,0.7756,21.516959064,4984,Babson Park,2,48464,6700351,0.3461988304,0.3668341709,25250,0,0,www.webber.edu/,45606,0,00154000,0.0138,0,0,0.2759,0.5435,0.3333,NA,NA,3,FL,879,0.6826,0.3174,0.0137,0.0034,0.0125,0.3117,0.1081,0.0034,0.1013,0.0307,0.4152,2025-05-19,138293,Florida,33827-0096,"Southeast (AL, AR, FL, GA, KY, LA, MS, NC, SC, TN, VA, WV)",Private not-for-profit,No,No,Town: Fringe,"Polk County, FL",Not applicable
Weber State University,NA,24.794449983,9832,Ogden,1,16172,193290410,0.5842472582,0.3735113677,15113,0,0,https://www.weber.edu/,56287,0,00368000,0.0257,0.0195,0.0095,0.0838,0.1642,0.9459,NA,NA,3,UT,15619,0.4142,0.5858,0.0389,0.0055,0.0192,0.0209,0.1417,0.006,0.0229,0.0286,0.7163,2025-05-19,230782,Utah,84408-1031,"Rocky Mountains (CO, ID, MT, UT, WY)",Public,No,No,City: Small,"Weber County, UT",Not applicable
Webster University,0.5799,24.500353857,8830,Saint Louis,2,49218,143951186,0.6043878273,0.3013270882,23000,0,0,www.webster.edu/,50876,0,00252100,0.0338,0.0017,0.0203,0.1909,0.2804,1,NA,1145,3,MO,2180,0.4179,0.5821,0.0495,0.0014,0.028,0.1468,0.0642,0.0014,0.0706,0.0275,0.6106,2025-05-19,179894,Missouri,63119-3194,"Plains (IA, KS, MN, MO, NE, ND, SD)",Private not-for-profit,No,No,Suburb: Large,"St. Louis County, MO",Not applicable
Welch College,NA,20.551020408,4477,Gallatin,2,35131,4939387,0.5510204082,PS,19500,0,0,www.welch.edu/,42198,0,03001800,0.2,0,0,0.1667,0.2725,0.5098,41,NA,3,TN,261,0.5287,0.4713,0.023,0,0.0077,0.0421,0.0843,0,0.0077,0.0766,0.7586,2025-05-19,220206,Tennessee,37066-8460,"Southeast (AL, AR, FL, GA, KY, LA, MS, NC, SC, TN, VA, WV)",Private not-for-profit,No,No,Rural: Fringe,"Sumner County, TN",Free Will Baptist Church
Wellesley College,0.1391,19.854961832,13404,Wellesley,2,83050,2846865000,PS,0.1717791411,10000,0,0,www.wellesley.edu/,84803,0,00222400,0.0136,0,0.0306,0,0.2056,0.8053,NA,1513,3,MA,2318,0,1,0.0703,0.0013,0.236,0.0846,0.1588,0.0017,0.1389,0.003,0.3054,2025-05-19,168218,Massachusetts,02481-8203,"New England (CT, ME, MA, NH, R,I VT)",Private not-for-profit,No,No,Suburb: Large,"Norfolk County, MA",Not applicable
Wenatchee Valley College,NA,24.89326268,10324,Wenatchee,1,20346,9922641,0.5768357305,0.5275275275,10332,0,1,www.wvc.edu/,41127,0,00380100,0.1194,0,0,0.0459,0.2705,1,NA,NA,2,WA,1762,0.3757,0.6243,0.0409,0.0204,0.0131,0.0108,0.4926,0,6e-4,0.0624,0.3593,2025-05-19,236975,Washington,98801-1799,"Far West (AK ,CA ,HI, NV, OR, WA)",Public,No,No,City: Small,"Chelan County, WA",Not applicable
Wentworth Institute of Technology,0.8537,20.651038576,10356,Boston,2,55030,143897385,0.2059347181,0.24718398,25028,0,0,https://wit.edu/,82721,0,00222500,0,0.4131,0.0194,0.1665,0.2257,1,NA,1226,3,MA,3641,0.7514,0.2486,0.0316,8e-4,0.0934,0.0887,0.1395,3e-4,0.0428,0.0305,0.5724,2025-05-19,168227,Massachusetts,02115,"New England (CT, ME, MA, NH, R,I VT)",Private not-for-profit,No,No,City: Large,"Suffolk County, MA",Not applicable
Wesleyan College,0.6207,22.501818182,6089,Macon,2,40591,58240802,PS,0.3515625,24094,0,0,https://www.wesleyancollege.edu/,44317,0,00160000,0.0619,0,0,0.2784,0.4446,1,71,905,3,GA,466,0,1,0.0494,0.0021,0.0086,0.3734,0.1438,0.0064,0.0558,0.0064,0.3541,2025-05-19,141325,Georgia,31210-4462,"Southeast (AL, AR, FL, GA, KY, LA, MS, NC, SC, TN, VA, WV)",Private not-for-profit,No,No,City: Midsize,"Bibb County, GA",United Methodist
Wesleyan University,0.171,19.821100917,13708,Middletown,2,85172,1564521000,0.5581039755,0.196013289,17000,0,0,https://www.wesleyan.edu/,73897,0,00142400,0.0131,0,0.0315,0,0.1499,0.899,NA,1513,3,CT,2973,0.4692,0.5308,0.073,3e-4,0.0928,0.0585,0.1026,7e-4,0.1036,0.0283,0.5402,2025-05-19,130697,Connecticut,06459,"New England (CT, ME, MA, NH, R,I VT)",Private not-for-profit,No,No,City: Small,"Middlesex County, CT",Not applicable
West Chester University of Pennsylvania,0.792,21.349310676,10737,West Chester,1,27559,54756815,0.6078871433,0.2813085705,23500,0,0,https://www.wcupa.edu/,61258,0,00332800,0.0956,0.0046,0.0064,0.254,0.245,0.7408,NA,1184,3,PA,14067,0.4088,0.5912,0.036,7e-4,0.0319,0.1056,0.0763,1e-4,0.0023,0.0083,0.7388,2025-05-19,216764,Pennsylvania,19383,"Mid East (DE ,DC, MD, NJ, NY, PA)",Public,No,No,Suburb: Large,"Chester County, PA",Not applicable
West Liberty University,0.7212,21.164670659,6843,West Liberty,1,23526,18103323,0.6127744511,0.3562970936,23250,0,0,www.westliberty.edu/,43296,0,00382300,0.0925,0,0,0.1925,0.3194,0.6504,NA,1041,3,WV,1578,0.3916,0.6084,0.0558,0,0.0032,0.0463,0.0038,0.0032,0.0317,0.0304,0.8257,2025-05-19,237932,West Virginia,26074,"Southeast (AL, AR, FL, GA, KY, LA, MS, NC, SC, TN, VA, WV)",Public,No,No,Rural: Fringe,"Ohio County, WV",Not applicable
West Los Angeles College,NA,26.148990826,12427,Culver City,1,15839,NA,0.6018348624,0.5406326034,13500,0,1,www.wlac.edu/,38537,0,00859600,0,0,0.0056,0.0949,0.1998,0.2807,NA,NA,1,CA,7277,0.4179,0.5821,0.0431,0.0027,0.0414,0.224,0.4718,0.0019,0.0052,0.0304,0.1795,2025-05-19,125471,California,90230-3519,"Far West (AK ,CA ,HI, NV, OR, WA)",Public,No,No,Suburb: Large,"Los Angeles County, CA",Not applicable
West Texas A & M University,0.9735,22.954686181,8505,Canyon,1,23383,111242804,0.6003377428,0.39375,19500,0,1,https://www.wtamu.edu/,50741,0,00366500,0,0.0408,0.0062,0.1888,0.3933,0.8167,NA,1072,3,TX,6771,0.4146,0.5854,0.0253,0.0062,0.0182,0.0393,0.3438,0.0016,0.0167,0.0359,0.5131,2025-05-19,229814,Texas,79016-0001,"Southwest (AZ, NM, OK, TX)",Public,No,No,Town: Fringe,"Randall County, TX",Not applicable
West Virginia State University,0.9637,22.754585153,7092,Institute,1,19906,11265296,0.5362445415,0.4338725024,23338,1,0,www.wvstateu.edu/,40492,0,00382600,0.0899,0,0.0036,0.2662,0.1758,0.6474,NA,979,3,WV,1328,0.4375,0.5625,0.052,8e-4,0.0053,0.1318,0.0301,0,0.0392,0.1837,0.5572,2025-05-19,237899,West Virginia,25112-1000,"Southeast (AL, AR, FL, GA, KY, LA, MS, NC, SC, TN, VA, WV)",Public,Yes,No,Suburb: Midsize,"Kanawha County, WV",Not applicable
West Virginia University,0.8626,20.54234904,11524,Morgantown,1,23678,821669324,0.5012559027,0.3039163376,22500,0,0,www.wvu.edu/,55939,0,00382700,0.0183,0.1388,0.0048,0.1724,0.2041,0.767,NA,1129,3,WV,17705,0.4844,0.5156,0.0579,0.0012,0.0167,0.0288,0.0439,6e-4,0.0162,0.013,0.8218,2025-05-19,238032,West Virginia,26506,"Southeast (AL, AR, FL, GA, KY, LA, MS, NC, SC, TN, VA, WV)",Public,No,No,City: Small,"Monongalia County, WV",Not applicable
West Virginia University at Parkersburg,NA,25.214831804,6127,Parkersburg,1,10643,11086272,0.6146788991,0.449031171,12570,0,0,www.wvup.edu/,35171,0,00382800,0.036,0,0,0.1342,0.2972,0.2698,NA,NA,2,WV,1692,0.3682,0.6318,0.0219,0,0.0018,0.0136,0.0165,0.0012,0.0059,0.0018,0.9374,2025-05-19,237686,West Virginia,26104,"Southeast (AL, AR, FL, GA, KY, LA, MS, NC, SC, TN, VA, WV)",Public,No,No,Suburb: Small,"Wood County, WV",Not applicable
West Virginia University Institute of Technology,0.61,20.54234904,8189,Beckley,1,18343,16941635,0.5012559027,0.3039163376,22500,0,0,www.wvutech.edu/,55939,0,00382701,0,0.1867,0.012,0.1386,0.2429,0.7411,NA,1044,3,WV,1009,0.6016,0.3984,0.0396,0.003,0.0119,0.0307,0.0317,0.003,0.0951,0.0129,0.7721,2025-05-19,237950,West Virginia,25801,"Southeast (AL, AR, FL, GA, KY, LA, MS, NC, SC, TN, VA, WV)",Public,No,No,City: Small,"Raleigh County, WV",Not applicable
West Virginia Wesleyan College,0.9505,19.872472784,6109,Buckhannon,2,47374,70553094,0.5723172628,0.295379538,27000,0,0,www.wvwc.edu/,51593,0,00383000,0.0923,0,0.0051,0.1538,0.3735,0.65,71,1045,3,WV,909,0.5017,0.4983,0.0363,0.0066,0.011,0.1221,0.0594,0.0011,0.0814,0.0099,0.6722,2025-05-19,237969,West Virginia,26201-2994,"Southeast (AL, AR, FL, GA, KY, LA, MS, NC, SC, TN, VA, WV)",Private not-for-profit,No,No,Town: Remote,"Upshur County, WV",United Methodist
Western Carolina University,0.8666,22.326330867,8722,Cullowhee,1,19057,130094486,0.5731678205,0.329004329,21868,0,0,www.wcu.edu/,49458,0,00298100,0.0932,0.024,0.0077,0.1991,0.3285,0.7463,NA,1151,3,NC,9867,0.4275,0.5725,0.0396,0.0087,0.0126,0.0657,0.0866,0.0014,0.015,0.0085,0.7619,2025-05-19,200004,North Carolina,28723-9646,"Southeast (AL, AR, FL, GA, KY, LA, MS, NC, SC, TN, VA, WV)",Public,No,No,Town: Distant,"Jackson County, NC",Not applicable
Western Colorado University,0.9747,20.96287703,7506,Gunnison,1,25426,9021836,0.4164733179,0.2496924969,20250,0,0,www.western.edu/,46833,0,00137200,0.0292,0,0.0265,0.2042,0.1347,0.6239,NA,1130,3,CO,1653,0.5681,0.4319,0.0375,0.0115,0.0121,0.0315,0.1289,0.0018,0.0079,0.0442,0.7247,2025-05-19,128391,Colorado,81231,"Rocky Mountains (CO, ID, MT, UT, WY)",Public,No,No,Town: Remote,"Gunnison County, CO",Not applicable
Western Connecticut State University,0.8136,21.581449008,10902,Danbury,1,24534,23411311,0.5140747577,0.3798052281,24147,0,1,https://www.wcsu.edu/,59115,0,00138000,0.0598,0,0.0059,0.2732,0.3464,1,NA,1044,3,CT,3434,0.4921,0.5079,0.0536,0.0047,0.0451,0.0944,0.2941,3e-4,0.0029,0.0082,0.4968,2025-05-19,130776,Connecticut,06810-6826,"New England (CT, ME, MA, NH, R,I VT)",Public,No,No,City: Small,"Fairfield County, CT",Not applicable
Western Illinois University,0.7496,21.565811556,9252,Macomb,1,27828,79273445,0.5614960441,0.3770755222,25251,0,0,www.wiu.edu/,54163,0,00178000,0.0516,0.019,0.0027,0.1276,0.2812,0.8362,NA,NA,3,IL,4939,0.4122,0.5878,0.0322,0.0014,0.0134,0.2092,0.1249,0.0012,0.0393,0.0174,0.561,2025-05-19,149772,Illinois,61455,"Great Lakes (IL, IN, MI, OH, WI)",Public,No,No,Town: Remote,"McDonough County, IL",Not applicable
Western Kentucky University,0.9705,22.152542373,8011,Bowling Green,1,23520,19854237,0.6025347381,0.3570372803,22095,0,0,https://www.wku.edu/,43889,0,00200200,0.0735,0.024,0.0078,0.1859,0.2871,0.6886,NA,977,3,KY,12267,0.3883,0.6117,0.0417,0.0028,0.0316,0.0883,0.0596,0.0012,0.0067,0.0157,0.7524,2025-05-19,157951,Kentucky,42101-1000,"Southeast (AL, AR, FL, GA, KY, LA, MS, NC, SC, TN, VA, WV)",Public,No,No,City: Small,"Warren County, KY",Not applicable
Western Michigan University,0.8468,21.668113102,10462,Kalamazoo,1,28655,557113863,0.5443729003,0.2931240658,26188,0,0,https://wmich.edu/,53562,0,00233000,0.0613,0.0819,0.003,0.2675,0.2537,0.6415,NA,1108,3,MI,12704,0.49370000000000003,0.5063,0.0424,0.0036,0.026,0.0782,0.09,5e-4,0.0454,0.0223,0.6917,2025-05-19,172699,Michigan,49008-5200,"Great Lakes (IL, IN, MI, OH, WI)",Public,No,No,City: Small,"Kalamazoo County, MI",Not applicable
Western Nevada College,NA,26.943227899,8785,Carson City,1,19595,309000,0.5855636659,0.5429951691,10500,0,1,www.wnc.edu/,41987,0,01036300,0.0019,0,0,0.055,0.1845,0.9839,NA,NA,2,NV,1967,0.4194,0.5806,0.059,0.0234,0.0239,0.0244,0.3122,0.0046,0,0.0361,0.5165,2025-05-19,182564,Nevada,89703-7399,"Far West (AK ,CA ,HI, NV, OR, WA)",Public,No,No,City: Small,"Carson City, NV",Not applicable
Western New England University,0.8326,19.975421348,10666,Springfield,2,58933,59527823,0.3827247191,0.2454954955,25500,0,0,wne.edu/,73157,0,00222600,0.0089,0.1037,0,0.3467,0.2502,0.6181,NA,1231,3,MA,2508,0.5726,0.4274,0.0339,8e-4,0.0323,0.0582,0.1164,4e-4,0.0215,0.0271,0.7093,2025-05-19,168254,Massachusetts,01119-2684,"New England (CT, ME, MA, NH, R,I VT)",Private not-for-profit,No,No,City: Midsize,"Hampden County, MA",Not applicable
Western New Mexico University,NA,25.566502463,8168,Silver City,1,21649,14607168,0.5773399015,0.4771167048,23000,0,1,www.wnmu.edu/,39095,0,00266400,0.1402,0,0.0041,0.1258,0.4186,0.4682,NA,NA,3,NM,1935,0.3163,0.6837,0.0269,0.0522,0.0052,0.0393,0.5731,0.0036,0.0331,0.0078,0.2589,2025-05-19,188304,New Mexico,88061,"Southwest (AZ, NM, OK, TX)",Public,No,No,Town: Remote,"Grant County, NM",Not applicable
Western Oregon University,0.9869,22.3541013,7313,Monmouth,1,23975,18996675,0.6297624384,0.4193877551,20609,0,0,https://wou.edu/,51815,0,00320900,0.1895,0,0.012,0.0898,0.4,0.7582,NA,1057,3,OR,3211,0.3609,0.6391,0.066,0.0103,0.0258,0.0336,0.2516,0.0149,0.0072,0.0159,0.5746,2025-05-19,210429,Oregon,97361-1394,"Far West (AK ,CA ,HI, NV, OR, WA)",Public,No,No,Town: Fringe,"Polk County, OR",Not applicable
Western Washington University,0.9131,21.651877883,11372,Bellingham,1,28305,95459335,0.6000439271,0.2668539326,18500,0,0,wwu.edu/,62569,0,00380200,0.065,0.026,0.0118,0.1209,0.2076,0.691,NA,1235,3,WA,13574,0.4244,0.5756,0.0911,0.0036,0.058,0.0198,0.1098,0.0021,0.008,0.0136,0.6939,2025-05-19,237011,Washington,98225-9008,"Far West (AK ,CA ,HI, NV, OR, WA)",Public,No,No,City: Small,"Whatcom County, WA",Not applicable
Westfield State University,0.8074,21.23257468,7932,Westfield,1,26435,11843315,0.5586770982,0.3050716221,22457,0,0,www.westfield.ma.edu/,57346,0,00218900,0.1008,0,0.0112,0.1545,0.3336,0.6741,NA,NA,3,MA,3481,0.4611,0.5389,0.0333,0.0014,0.0221,0.0669,0.1402,3e-4,0.0089,0.0313,0.6955,2025-05-19,168263,Massachusetts,01086-1630,"New England (CT, ME, MA, NH, R,I VT)",Public,No,No,Suburb: Large,"Hampden County, MA",Not applicable
Westminster College,0.7758,20.016666667,7160,Fulton,2,49646,51591885,0.4555555556,0.2700296736,27000,0,0,www.wcmo.edu/,52199,0,00252300,0.1053,0,0.0088,0.2807,0.3967,0.6585,66,1083,3,MO,592,0.5557,0.4443,0.0422,0.0051,0.0051,0.0659,0.0507,0.0017,0.022,0.0068,0.8007,2025-05-19,179946,Missouri,65251-1299,"Plains (IA, KS, MN, MO, NE, ND, SD)",Private not-for-profit,No,No,Town: Distant,"Callaway County, MO",Presbyterian Church (USA)
Westminster College,0.7758,20.016666667,7160,Fulton,2,49646,51591885,0.4555555556,0.2700296736,27000,0,0,www.wcmo.edu/,52199,0,00252300,0.1053,0,0.0088,0.2807,0.3967,0.6585,66,1083,3,MO,592,0.5557,0.4443,0.0422,0.0051,0.0051,0.0659,0.0507,0.0017,0.022,0.0068,0.8007,2025-05-19,216807,Pennsylvania,16172,"Mid East (DE ,DC, MD, NJ, NY, PA)",Private not-for-profit,No,No,Town: Fringe,"Lawrence County, PA",Presbyterian Church (USA)
Westminster College,0.8551,19.558677686,7484,New Wilmington,2,51808,132757994,0.4925619835,0.2553571429,26060,0,0,www.westminster.edu/,53861,0,00339200,0.1033,0.0054,0.0217,0.2228,0.2474,0.5968,66,NA,3,PA,1051,0.4805,0.5195,0.0447,0.0048,0.0095,0.058,0.0419,0.001,0.001,0.0419,0.7973,2025-05-19,179946,Missouri,65251-1299,"Plains (IA, KS, MN, MO, NE, ND, SD)",Private not-for-profit,No,No,Town: Distant,"Callaway County, MO",Presbyterian Church (USA)
Westminster College,0.8551,19.558677686,7484,New Wilmington,2,51808,132757994,0.4925619835,0.2553571429,26060,0,0,www.westminster.edu/,53861,0,00339200,0.1033,0.0054,0.0217,0.2228,0.2474,0.5968,66,NA,3,PA,1051,0.4805,0.5195,0.0447,0.0048,0.0095,0.058,0.0419,0.001,0.001,0.0419,0.7973,2025-05-19,216807,Pennsylvania,16172,"Mid East (DE ,DC, MD, NJ, NY, PA)",Private not-for-profit,No,No,Town: Fringe,"Lawrence County, PA",Presbyterian Church (USA)
Westminster University,0.6883,22.315203956,8537,Salt Lake City,2,56801,80307609,0.609394314,0.2687747036,22250,0,0,www.westminstercollege.edu/,66215,0,00368100,0.0306,0,0.0092,0.1988,0.2508,1,NA,1249,3,UT,882,0.3991,0.6009,0.0408,0.0023,0.0329,0.0204,0.1406,0.0159,0.0476,0.0272,0.6723,2025-05-19,230807,Utah,84105,"Rocky Mountains (CO, ID, MT, UT, WY)",Private not-for-profit,No,No,City: Midsize,"Salt Lake County, UT",Not applicable
Westmont College,0.7986,19.672032193,10671,Santa Barbara,2,68826,94513072,0.6036217304,0.16875,23250,0,0,www.westmont.edu/,64778,0,00134100,0.018,0.0269,0.012,0.1557,0.1858,0.6303,108,1367,3,CA,1310,0.3863,0.6137,0.0809,0.0023,0.0649,0.0244,0.2344,0.0015,0.0168,0.0588,0.516,2025-05-19,125727,California,93108-1089,"Far West (AK ,CA ,HI, NV, OR, WA)",Private not-for-profit,No,No,Suburb: Midsize,"Santa Barbara County, CA",Not applicable
Whatcom Community College,NA,25.85690699,10165,Bellingham,1,18173,8658076,0.5811777655,0.4124365482,10643,0,0,whatcom.edu/,44092,0,01036400,0.0719,0.0202,0,0.1953,0.1859,0.9783,NA,NA,2,WA,2280,0.4557,0.5443,0.0667,0.0101,0.0654,0.0171,0.1491,0.0018,0.0241,0.1311,0.5346,2025-05-19,237039,Washington,98226,"Far West (AK ,CA ,HI, NV, OR, WA)",Public,No,No,City: Small,"Whatcom County, WA",Not applicable
Wheaton College,0.8998,19.610803324,10214,Wheaton,2,56447,529360236,0.527700831,PS,23250,0,0,www.wheaton.edu/,63756,0,00178100,0.0387,0.0123,0.0458,0.1232,0.202,0.6263,88,1363,3,IL,2087,0.4471,0.5529,0.0628,5e-4,0.1006,0.0264,0.0795,0,0.034,0.0129,0.6833,2025-05-19,149781,Illinois,60187-5593,"Great Lakes (IL, IN, MI, OH, WI)",Private not-for-profit,No,No,Suburb: Large,"DuPage County, IL",Undenominational
Wheaton College (Massachusetts),0.7133,19.397174254,8860,Norton,2,76819,241464278,0.6357927786,0.147107438,26000,0,0,www.wheatoncollege.edu/,67725,0,00222700,0.0453,0,0.0198,0.2068,0.1962,0.7151,NA,1321,3,MA,1744,0.3498,0.6502,0.0419,0,0.0401,0.0562,0.0745,0,0.0419,0.0407,0.7047,2025-05-19,168281,Massachusetts,02766-2322,"New England (CT, ME, MA, NH, R,I VT)",Private not-for-profit,No,No,Suburb: Large,"Bristol County, MA",Not applicable
Wheeling University,0.7518,22.741452991,4198,Wheeling,2,41265,11907750,0.5320512821,0.3673469388,25125,0,0,www.wheeling.edu/,57949,0,00383100,0.0519,0,0,0.3506,0.2524,1,30,NA,3,WV,567,0.6631,0.3369,0.0035,0.0018,0.0194,0.2751,0.0653,0,0.0265,0.1693,0.4392,2025-05-19,238078,West Virginia,26003,"Southeast (AL, AR, FL, GA, KY, LA, MS, NC, SC, TN, VA, WV)",Private not-for-profit,No,No,City: Small,"Ohio County, WV",Roman Catholic
Whitman College,0.4999,19.432343234,10562,Walla Walla,2,75042,683569141,0.6171617162,0.116838488,18437,0,0,www.whitman.edu/,67589,0,00380300,0,0.0141,0.0479,0,0.1467,0.913,NA,1365,3,WA,1523,0.4314,0.5686,0.0624,0.002,0.0545,0.0289,0.1169,0,0.1399,0.0158,0.5798,2025-05-19,237057,Washington,99362,"Far West (AK ,CA ,HI, NV, OR, WA)",Private not-for-profit,No,No,City: Small,"Walla Walla County, WA",Not applicable
Whittier College,0.8538,19.681578947,9706,Whittier,2,63925,126453835,0.5736842105,0.3352517986,24937,0,1,www.whittier.edu/,59492,0,00134200,0,0.0178,0.0325,0.1893,0.3185,0.7619,NA,NA,3,CA,812,0.4064,0.5936,0.069,0,0.053,0.0369,0.4901,0.0025,0.1158,0.0049,0.2278,2025-05-19,125763,California,90601,"Far West (AK ,CA ,HI, NV, OR, WA)",Private not-for-profit,No,No,Suburb: Large,"Los Angeles County, CA",Not applicable
Whitworth University,0.8677,22.461398728,7998,Spokane,2,65711,183144050,0.646684832,0.242248062,25000,0,0,www.whitworth.edu/,58561,0,00380400,0.0788,0,0.0473,0.1086,0.2799,1,103,1212,3,WA,1927,0.4458,0.5542,0.0996,0.0042,0.0379,0.0254,0.1235,0.0192,0.0493,0.0052,0.6357,2025-05-19,237066,Washington,99251,"Far West (AK ,CA ,HI, NV, OR, WA)",Private not-for-profit,No,No,Suburb: Large,"Spokane County, WA",Presbyterian
Whitworth University-Adult Degree Programs,NA,22.461398728,4389,Spokane,2,NA,NA,0.646684832,0.242248062,25000,0,0,https://www.whitworth.edu/cms/,58561,0,00380400,0.1977,0,0,0.3023,0.4689,NA,103,NA,3,WA,170,0.3,0.7,0.0353,0.0529,0.0176,0.0235,0.1235,0.0176,0,0,0.7294,2025-05-19,475200,Washington,99251,"Far West (AK ,CA ,HI, NV, OR, WA)",Private not-for-profit,No,No,Suburb: Large,"Spokane County, WA",Presbyterian
Wichita State University,0.9494,23.595878136,8979,Wichita,1,21064,320097999,0.5934139785,0.3633893281,20500,0,0,www.wichita.edu/,51532,0,00195000,0.1271,0.1102,0.0013,0.1613,0.2973,0.6312,NA,1118,3,KS,10493,0.4411,0.5589,0.0561,0.0062,0.0774,0.0607,0.1696,0.0011,0.0432,0.0197,0.5659,2025-05-19,156125,Kansas,67260-0124,"Plains (IA, KS, MN, MO, NE, ND, SD)",Public,No,No,City: Large,"Sedgwick County, KS",Not applicable
Widener University,0.8402,21.449112426,8665,Chester,2,68305,114039574,0.6059171598,0.3003778338,27000,0,0,https://www.widener.edu/,70920,0,00331300,0.019,0.1681,0,0.1564,0.2485,0.3714,NA,1170,3,PA,2765,0.3978,0.6022,0.013,0.0025,0.0405,0.2318,0.0803,0.0011,0.0159,0.0282,0.5866,2025-05-19,216852,Pennsylvania,19013-5792,"Mid East (DE ,DC, MD, NJ, NY, PA)",Private not-for-profit,No,No,Suburb: Large,"Delaware County, PA",Not applicable
Wiley University,NA,25.110985277,5672,Marshall,2,20322,7554612,0.6262740657,0.4155672823,24989,1,0,wileyc.edu/,33159,0,00366900,0,0,0.0106,0.3404,0.7708,0.5957,71,NA,3,TX,636,0.4701,0.5299,0,0.0079,0.0031,0.8428,0.0377,0.0079,0.022,0.0142,0.0645,2025-05-19,229887,Texas,75670,"Southwest (AZ, NM, OK, TX)",Private not-for-profit,Yes,No,Town: Distant,"Harrison County, TX",United Methodist
Wilkes University,0.9146,21.204793028,9425,Wilkes-Barre,2,56956,61384912,0.535221496,0.3461237275,26000,0,0,https://www.wilkes.edu/,63454,0,00339400,0.0266,0.0982,0,0.1759,0.2975,0.399,NA,1134,3,PA,1893,0.4728,0.5272,0.0359,0.0011,0.0275,0.0581,0.1141,5e-4,0.0576,0.0032,0.7021,2025-05-19,216931,Pennsylvania,18766,"Mid East (DE ,DC, MD, NJ, NY, PA)",Private not-for-profit,No,No,City: Small,"Luzerne County, PA",Not applicable
Willamette University,0.7911,19.50229709,10914,Salem,2,62112,245223200,0.5696784074,0.192,21500,0,0,www.willamette.edu/,56911,0,00322700,0,0,0.0234,0,0.218,0.6667,NA,1339,3,OR,1525,0.3934,0.6066,0.0859,0.0052,0.0393,0.0243,0.1416,0.0072,0.0131,0.0216,0.6616,2025-05-19,210401,Oregon,97301,"Far West (AK ,CA ,HI, NV, OR, WA)",Private not-for-profit,No,No,City: Midsize,"Marion County, OR",Not applicable
William & Mary,0.3272,19.849040867,13070,Williamsburg,1,41118,1301722385,0.6071726439,0.1316695353,18500,0,0,https://www.wm.edu/,73490,0,00370500,0.0056,0,0.0319,0.1202,0.1208,0.7906,NA,1458,3,VA,6949,0.4103,0.5897,0.0668,7e-4,0.1163,0.0587,0.0888,4e-4,0.0389,0.022,0.6074,2025-05-19,231624,Virginia,23187-8795,"Southeast (AL, AR, FL, GA, KY, LA, MS, NC, SC, TN, VA, WV)",Public,No,No,Suburb: Small,"Williamsburg City, VA",Not applicable
William Carey University,0.5797,25.904263276,6124,Hattiesburg,2,30846,28399508,0.6626776365,0.3590163934,20832,0,0,https://www.wmcarey.edu/,43087,0,00244700,0.2389,0,0.0053,0.0779,0.2458,0.3758,54,1120,3,MS,1818,0.3284,0.6716,6e-4,0.0044,0.0094,0.28,0.0242,0,0.0583,0.0259,0.5974,2025-05-19,176479,Mississippi,39401-5499,"Southeast (AL, AR, FL, GA, KY, LA, MS, NC, SC, TN, VA, WV)",Private not-for-profit,No,No,City: Small,"Forrest County, MS",Baptist
William Jessup University,0.7682,24.384244373,7973,Rocklin,2,52172,5290818,0.6221864952,0.3268892794,23700,0,0,www.jessup.edu/,56257,0,00128100,0.0757,0,0.0239,0.2789,0.343,0.301,79,NA,3,CA,1021,0.4251,0.5749,0.0578,0.0176,0.0431,0.0558,0.2488,0.0127,0.0343,0.0833,0.4466,2025-05-19,122728,California,95765-3707,"Far West (AK ,CA ,HI, NV, OR, WA)",Private not-for-profit,No,No,Rural: Fringe,"Placer County, CA",Other Protestant
William Jewell College,0.3429,21.334042553,6981,Liberty,2,34291,64442101,0.5957446809,0.2013274336,24498,0,0,https://www.jewell.edu/,59268,0,00252400,0.0221,0.011,0.0055,0.2265,0.2791,1,NA,1114,3,MO,868,0.53,0.47,0.068,0.0115,0.0138,0.0887,0.1175,0.0035,0.0472,0.0276,0.6221,2025-05-19,179955,Missouri,64068-1896,"Plains (IA, KS, MN, MO, NE, ND, SD)",Private not-for-profit,No,No,Suburb: Large,"Clay County, MO",Not applicable
William Paterson University of New Jersey,0.9252,22.252301622,12574,Wayne,1,26555,30234732,0.5626918018,0.4394402036,22334,0,1,www.wpunj.edu/,57780,0,00262500,0.0384,0,0.0054,0.1321,0.4447,0.9924,NA,NA,3,NJ,6526,0.3852,0.6148,0.0234,6e-4,0.0709,0.2009,0.3385,0.0015,0.0218,0.0198,0.3226,2025-05-19,187444,New Jersey,07470,"Mid East (DE ,DC, MD, NJ, NY, PA)",Public,No,No,Suburb: Large,"Passaic County, NJ",Not applicable
William Peace University,0.9736,22.983361065,6486,Raleigh,2,49103,47743346,0.6039933444,0.2936802974,22250,0,0,www.peace.edu/,46643,0,00295300,0.0278,0,0,0.2778,0.345,0.4783,66,1198,3,NC,661,0.5159,0.4841,0.0756,0.0045,0.0227,0.1967,0.1301,0,0.0045,0.0303,0.5356,2025-05-19,199272,North Carolina,27604-1194,"Southeast (AL, AR, FL, GA, KY, LA, MS, NC, SC, TN, VA, WV)",Private not-for-profit,No,No,City: Large,"Wake County, NC",Presbyterian Church (USA)
William Penn University,0.5701,22.81292517,6383,Oskaloosa,2,40749,7403742,0.4115646259,0.3829516539,22415,0,0,https://www.wmpenn.edu/,48936,0,00190000,0.2981,0.0151,0,0.1925,0.4558,1,65,996,3,IA,1391,0.5119,0.4881,0.0575,0.0108,0.005,0.1761,0.1006,0.0101,0.059,0.0259,0.555,2025-05-19,154590,Iowa,52577,"Plains (IA, KS, MN, MO, NE, ND, SD)",Private not-for-profit,No,No,Town: Remote,"Mahaska County, IA",Friends
William Woods University,0.7449,23.318637275,5535,Fulton,2,44907,23002509,0.7314629259,0.2978723404,21983,0,0,https://www.williamwoods.edu/,42401,0,00252500,0.0667,0,0.0061,0.2182,0.3034,0.3158,61,NA,3,MO,1061,0.3638,0.6362,0.0415,0.0094,0.0132,0.1169,0.0829,0.0028,0.032,0.1093,0.5919,2025-05-19,179964,Missouri,65251-1098,"Plains (IA, KS, MN, MO, NE, ND, SD)",Private not-for-profit,No,No,Town: Distant,"Callaway County, MO",Christian Church (Disciples of Christ)
Williams Baptist University,0.5888,20.942307692,5488,Walnut Ridge,2,32222,12875667,0.4346153846,0.3235294118,21820,0,0,https://williamsbaptistuniversity.com/,38484,0,00110600,0.1626,0,0,0.1138,0.4715,1,75,1018,3,AR,490,0.498,0.502,0.0224,0.002,0.0061,0.1245,0.0327,0.002,0.0633,0,0.7469,2025-05-19,107877,Arkansas,72476,"Southeast (AL, AR, FL, GA, KY, LA, MS, NC, SC, TN, VA, WV)",Private not-for-profit,No,No,Rural: Distant,"Lawrence County, AR",Southern Baptist
Williams College,0.0999,19.379775281,14893,Williamstown,2,81164,3341413367,0.5123595506,0.215496368,12761,0,0,https://www.williams.edu/,88665,0,00222900,0,0,0.0507,0,0.1715,0.8495,NA,1527,3,MA,2060,0.4874,0.5126,0.0816,5e-4,0.1388,0.051,0.1369,0,0.0811,0.0393,0.4709,2025-05-19,168342,Massachusetts,01267,"New England (CT, ME, MA, NH, R,I VT)",Private not-for-profit,No,No,Town: Fringe,"Berkshire County, MA",Not applicable
Wilmington College,0.846,21.612215909,6305,Wilmington,2,41751,26714711,0.5639204545,0.3507462687,24208,0,0,https://www.wilmington.edu/,48491,0,00314200,0.1049,0,0.0112,0.2247,0.3734,0.5888,65,1042,3,OH,924,0.4513,0.5487,0.0411,0.0043,0.0043,0.079,0.0346,0.0054,0.0152,0.0617,0.7543,2025-05-19,206507,Ohio,45177,"Great Lakes (IL, IN, MI, OH, WI)",Private not-for-profit,No,No,Town: Distant,"Clinton County, OH",Friends
Wilmington University,NA,28.968642041,8450,New Castle,2,19326,155137083,0.6885463726,0.4708194738,20000,0,0,www.wilmu.edu/,53844,0,00794800,0.0894,0,0,0.2201,0.2631,0.0659,NA,NA,3,DE,8497,0.3894,0.6106,0.0455,0.0044,0.0326,0.2243,0.1619,0.0021,0.0307,0.0284,0.47,2025-05-19,131113,Delaware,19720,"Mid East (DE ,DC, MD, NJ, NY, PA)",Private not-for-profit,No,No,Suburb: Large,"New Castle County, DE",Not applicable
Wilson College,0.8998,24.345707657,7076,Chambersburg,2,38932,59400919,0.7911832947,0.43,26328,0,0,www.wilson.edu/,43326,0,00339600,0.0523,0,0.0058,0.1221,0.266,1,66,1020,3,PA,745,0.1933,0.8067,0.0242,0.0027,0.0054,0.0779,0.0913,0.0027,0.0107,0.0081,0.7772,2025-05-19,217013,Pennsylvania,17201-1285,"Mid East (DE ,DC, MD, NJ, NY, PA)",Private not-for-profit,No,No,City: Small,"Franklin County, PA",Presbyterian Church (USA)
Wingate University,0.8499,20.476190476,8046,Wingate,2,57780,124499153,0.6455026455,0.2878645343,25000,0,0,https://www.wingate.edu/,52649,0,00298500,0.08,0,0.004,0.208,0.4143,1,NA,1083,3,NC,2462,0.4228,0.5772,0.0849,0.0032,0.0191,0.2478,0.1007,0.0016,0.0967,0.0321,0.4139,2025-05-19,199962,North Carolina,28174-0159,"Southeast (AL, AR, FL, GA, KY, LA, MS, NC, SC, TN, VA, WV)",Private not-for-profit,No,No,Suburb: Large,"Union County, NC",Not applicable
Winona State University,0.6852,21.455958549,10331,Winona,1,23373,52266000,0.6644315757,0.2117455139,21500,0,0,www.winona.edu/,58532,0,00239400,0.1624,0.0142,0.0043,0.1681,0.2349,0.6217,NA,1119,3,MN,5088,0.3164,0.6836,0.0377,0.0026,0.034,0.0305,0.0513,6e-4,0.0163,0.0055,0.8215,2025-05-19,175272,Minnesota,55987-5838,"Plains (IA, KS, MN, MO, NE, ND, SD)",Public,No,No,Town: Distant,"Winona County, MN",Not applicable
Winston-Salem State University,0.6855,22.725759768,9164,Winston-Salem,1,22345,51098284,0.7022431259,0.3535598706,25000,1,0,www.wssu.edu/,45344,0,00298600,0.0492,0,0.0066,0.0755,0.6149,0.6514,NA,946,3,NC,4244,0.2547,0.7453,0.0379,0.0038,0.0071,0.8308,0.0483,7e-4,0.0054,0.012,0.054,2025-05-19,199999,North Carolina,27110-0001,"Southeast (AL, AR, FL, GA, KY, LA, MS, NC, SC, TN, VA, WV)",Public,Yes,No,City: Midsize,"Forsyth County, NC",Not applicable
Winthrop University,0.7506,20.643192488,8735,Rock Hill,1,30275,70252208,0.6854460094,0.2821100917,26975,0,0,www.winthrop.edu/,47185,0,00345600,0.1462,0,0.0061,0.1717,0.3863,0.631,NA,1132,3,SC,3424,0.3435,0.6565,0.0555,0.0026,0.0202,0.3189,0.0768,9e-4,0.0155,6e-4,0.5091,2025-05-19,218964,South Carolina,29733,"Southeast (AL, AR, FL, GA, KY, LA, MS, NC, SC, TN, VA, WV)",Public,No,No,City: Small,"York County, SC",Not applicable
Wisconsin Lutheran College,0.7905,22.521891419,7193,Milwaukee,2,47026,43865288,0.5499124343,0.2936802974,26000,0,0,www.wlc.edu/,54664,0,02136600,0.0968,0,0.0161,0.2097,0.2542,0.961,33,1214,3,WI,1009,0.4727,0.5273,0.0278,0.004,0.0168,0.0624,0.113,0.001,0.0069,0.0456,0.7225,2025-05-19,240338,Wisconsin,53226-4699,"Great Lakes (IL, IN, MI, OH, WI)",Private not-for-profit,No,No,City: Large,"Milwaukee County, WI",Wisconsin Evangelical Lutheran Synod
Wittenberg University,0.9104,20.19893617,7972,Springfield,2,56353,108829152,0.5223404255,0.2356902357,27000,0,0,www.wittenberg.edu/,54947,0,00314300,0.1044,0,0.0161,0.1888,0.2941,0.7325,39,1153,3,OH,1269,0.498,0.502,0.0623,0.0016,0.011,0.1056,0.0536,0,0.0071,0.0339,0.725,2025-05-19,206525,Ohio,45504,"Great Lakes (IL, IN, MI, OH, WI)",Private not-for-profit,No,No,City: Small,"Clark County, OH",Lutheran Church in America
Wofford College,0.5859,19.488798371,8992,Spartanburg,2,69601,378836923,0.5234215886,PS,25732,0,0,www.wofford.edu/,68964,0,00345700,0,0,0.0235,0.2424,0.1509,0.8315,71,1297,3,SC,1873,0.4688,0.5312,0.0342,0.0027,0.023,0.0641,0.053900000000000003,0,0.0214,0,0.8009,2025-05-19,218973,South Carolina,29303-3663,"Southeast (AL, AR, FL, GA, KY, LA, MS, NC, SC, TN, VA, WV)",Private not-for-profit,No,No,City: Small,"Spartanburg County, SC",United Methodist
Women's Institute of Torah Seminary and College,0.9615,NA,NA,Baltimore,2,29600,NA,NA,NA,PS,0,0,www.wits.edu/,NA,0,04265200,0,0,0,0,0.2428,NA,NA,NA,3,MD,141,0,1,0,0,0,0,0,0,0,0,1,2025-05-19,491631,NA,NA,NA,NA,NA,NA,NA,NA,NA
Woodbury University,0.7287,22.738095238,7835,Burbank,2,58180,19155677,0.5687830688,0.4097859327,26960,0,1,https://woodbury.edu/,65668,0,00134300,0,0,0,0.1042,0.4896,0.3189,NA,NA,3,CA,825,0.4521,0.5479,0.023,0.0109,0.1261,0.0485,0.2933,0.0024,0.0436,0.0448,0.4073,2025-05-19,125897,California,91510-7846,"Far West (AK ,CA ,HI, NV, OR, WA)",Private not-for-profit,No,No,City: Large,"Los Angeles County, CA",Not applicable
Worcester Polytechnic Institute,0.585,19.455445545,13114,Worcester,2,75678,589684000,0.3649222065,0.1337719298,27000,0,0,https://www.wpi.edu/,103470,0,00223300,0,0.6241,0.0294,0.0046,0.1029,0.8391,NA,NA,3,MA,5344,0.6529,0.3471,0.0359,6e-4,0.1267,0.0284,0.0835,7e-4,0.0664,0.0103,0.6475,2025-05-19,168421,Massachusetts,01609-2280,"New England (CT, ME, MA, NH, R,I VT)",Private not-for-profit,No,No,City: Midsize,"Worcester County, MA",Not applicable
Worcester State University,0.8986,22.368997473,9476,Worcester,1,21586,21148406,0.5930918281,0.3564493759,19500,0,0,https://www.worcester.edu/,60624,0,00219000,0.0703,0,0.0087,0.1548,0.289,0.4916,NA,1145,3,MA,3963,0.3964,0.6036,0.029,0.0028,0.056,0.0878,0.1789,8e-4,0.0151,0.0207,0.6089,2025-05-19,168430,Massachusetts,01602-2597,"New England (CT, ME, MA, NH, R,I VT)",Public,No,No,City: Midsize,"Worcester County, MA",Not applicable
World Mission University,NA,51.6,5776,Los Angeles,2,22556,NA,PS,PS,PS,0,1,www.wmu.edu/,NA,0,03868300,0,0,0,0,0.4688,0.6364,99,NA,3,CA,180,0.2722,0.7278,0,0,0.4056,0,0.2222,0,0.3722,0,0,2025-05-19,401223,California,90020,"Far West (AK ,CA ,HI, NV, OR, WA)",Private not-for-profit,No,No,City: Large,"Los Angeles County, CA",Other (none of the above)
Wright State University-Lake Campus,NA,21.85390215,10005,Celina,1,17116,NA,0.5595056712,0.3512629475,22750,0,0,https://lake.wright.edu/,49500,0,00307801,0.1973,0.0762,0,0.4036,0.1584,0.5682,NA,NA,3,OH,984,0.4136,0.5864,0.0346,0.001,0.0102,0.0488,0.0234,0.001,0.002,0.002,0.877,2025-05-19,206613,Ohio,45822-2952,"Great Lakes (IL, IN, MI, OH, WI)",Public,No,No,Rural: Fringe,"Mercer County, OH",Not applicable
Wright State University-Main Campus,0.9515,21.85390215,9761,Dayton,1,23255,134371476,0.5595056712,0.3512629475,22750,0,0,www.wright.edu/,49500,0,00307800,0.0889,0.0955,0.0072,0.2266,0.3276,0.5627,NA,1086,3,OH,6330,0.4573,0.5427,0.0627,0.0017,0.03,0.1175,0.0422,5e-4,0.0267,0.0104,0.7082,2025-05-19,206604,Ohio,45435-0001,"Great Lakes (IL, IN, MI, OH, WI)",Public,No,No,Suburb: Large,"Greene County, OH",Not applicable
Xavier University,0.8773,20.648297214,9077,Cincinnati,2,62293,225434000,0.5684210526,0.1603348358,23250,0,0,https://www.xavier.edu/,64873,0,00314400,0.0306,0.0024,0.0086,0.2031,0.1449,0.5609,30,1224,3,OH,4723,0.4415,0.5585,0.0366,6e-4,0.0205,0.1247,0.062,4e-4,0.0131,0.0127,0.7292,2025-05-19,206622,Ohio,45207-1092,"Great Lakes (IL, IN, MI, OH, WI)",Private not-for-profit,No,No,City: Large,"Hamilton County, OH",Roman Catholic
Xavier University of Louisiana,0.7448,19.799426934,9727,New Orleans,2,39183,162713397,0.7478510029,0.2657232704,24053,1,0,https://www.xula.edu/,52184,0,00203200,0.0186,0,0.0186,0.0858,0.5171,0.7885,30,1077,3,LA,2534,0.2451,0.7549,0.0379,4e-4,0.0292,0.8477,0.0399,0,0.0284,0.0043,0.0122,2025-05-19,160904,Louisiana,70125-1098,"Southeast (AL, AR, FL, GA, KY, LA, MS, NC, SC, TN, VA, WV)",Private not-for-profit,Yes,No,City: Large,"Orleans Parish, LA",Roman Catholic
Yakima Valley College,NA,24.460837887,8826,Yakima,1,19374,10750828,0.6475409836,0.555849306,13966,0,1,https://www.yvcc.edu/,43499,0,00380500,0.1996,0,0,0.1115,0.3794,0.9851,NA,NA,2,WA,2539,0.3029,0.6971,0.0311,0.0114,0.0118,0.0067,0.6164,8e-4,0.0028,0.0579,0.2611,2025-05-19,237109,Washington,98907-2520,"Far West (AK ,CA ,HI, NV, OR, WA)",Public,No,No,City: Small,"Yakima County, WA",Not applicable
Yale University,0.045,19.532147743,22124,New Haven,2,85120,41383260000,0.5006839945,0.25,12975,0,0,https://www.yale.edu/,100533,0,00142600,0,0.0683,0.069,0,0.1916,0.7363,NA,1534,3,CT,6811,0.4823,0.5177,0.0722,0.0041,0.2283,0.0881,0.1571,0.0015,0.1063,0.0185,0.3239,2025-05-19,130794,Connecticut,06520,"New England (CT, ME, MA, NH, R,I VT)",Private not-for-profit,No,No,City: Midsize,"New Haven County, CT",Not applicable
Yeshiva Derech Chaim,0.7021,20.565217391,6796,Brooklyn,2,21071,NA,PS,PS,PS,0,0,https://ydc.edu/,NA,0,02265100,0,0,0,0,0.3964,0.6,NA,NA,3,NY,119,1,0,0,0,0,0,0,0,0.084,0,0.916,2025-05-19,197647,New York,11218-4413,"Mid East (DE ,DC, MD, NJ, NY, PA)",Private not-for-profit,No,No,City: Large,"Kings County, NY",Not applicable
Yeshiva Gedolah Imrei Yosef D'spinka,NA,21.015384615,5622,Brooklyn,2,18269,NA,PS,PS,PS,0,0,spinka58st.com/,36545,0,03000100,0,0,0,0,0.9133,NA,80,NA,3,NY,232,1,0,0,0,0,0,0,0,0,0,1,2025-05-19,375230,New York,11219,"Mid East (DE ,DC, MD, NJ, NY, PA)",Private not-for-profit,No,No,City: Large,"Kings County, NY",Jewish
Yeshiva Karlin Stolin,NA,20.695652174,4945,Brooklyn,2,17595,NA,PS,PS,PS,0,0,https://yeshivakarlinstolin.org/,NA,0,02505800,0,0,0,0,0.7869,NA,NA,NA,3,NY,136,1,0,0,0,0,0,0,0,0,0,1,2025-05-19,197601,New York,11204-1545,"Mid East (DE ,DC, MD, NJ, NY, PA)",Private not-for-profit,No,No,City: Large,"Kings County, NY",Not applicable
Yeshiva Kollel Tifereth Elizer,0.75,NA,2738,Brooklyn,2,24728,NA,NA,NA,PS,0,0,https://www.yeshivakolleltiferethelizer.com/,NA,0,04265900,0,0,0,0,0.8904,0.7895,NA,NA,3,NY,373,1,0,0,0,0,0,0,0,0,0,1,2025-05-19,491057,New York,11219,"Mid East (DE ,DC, MD, NJ, NY, PA)",Private not-for-profit,No,No,City: Large,"Kings County, NY",Not applicable
Yeshiva of Machzikai Hadas,0.6615,17.948717949,2494,Brooklyn,2,31390,NA,PS,PS,PS,0,0,https://yeshivaofmachzikaihadas.com/,NA,0,04138100,0,0,0,0,0.8422,0.6129,NA,NA,3,NY,461,1,0,0,0,0,0,0,0,0,0,1,2025-05-19,455257,New York,11219-1408,"Mid East (DE ,DC, MD, NJ, NY, PA)",Private not-for-profit,No,No,City: Large,"Kings County, NY",Not applicable
Yeshiva of Nitra Rabbinical College,NA,18.416666667,2529,Chester,2,22800,NA,PS,PS,PS,0,0,yeshivaofnitra.org/,41785,0,01167000,0,0,0,0,0.7788,0.7895,NA,NA,3,NY,249,1,0,0,0,0,0,0,0,0,0,1,2025-05-19,197674,New York,10549,"Mid East (DE ,DC, MD, NJ, NY, PA)",Private not-for-profit,No,No,Suburb: Large,"Westchester County, NY",Not applicable
Yeshiva Ohr Elchonon Chabad West Coast Talmudical Seminary,0.6168,18.569620253,6711,Los Angeles,2,27600,NA,PS,PS,PS,0,0,www.yoec.edu/,48361,0,02262400,0,0,0,0,0.5461,0.75,NA,NA,3,CA,157,1,0,0,0,0,0,0,0,0.0064,0,0.9936,2025-05-19,126076,California,90046-7660,"Far West (AK ,CA ,HI, NV, OR, WA)",Private not-for-profit,No,No,City: Large,"Los Angeles County, CA",Not applicable
Yeshiva Shaar Ephraim,NA,NA,4229,Monsey,2,20397,NA,NA,NA,PS,0,0,shaarephraim.org/,NA,0,04259000,0,0,0,0,0.7333,1,80,NA,3,NY,138,1,0,0,0,0,0,0,0,0,0,1,2025-05-19,490276,New York,10952-2732,"Mid East (DE ,DC, MD, NJ, NY, PA)",Private for-profit,No,No,Suburb: Large,"Rockland County, NY",Not applicable
Yeshiva Shaarei Torah of Rockland,0.3469,23.684210526,6202,Suffern,2,24095,NA,PS,PS,PS,0,0,www.yst.edu/,89548,0,03496300,0,0,0,0,0.2404,0.6667,80,NA,3,NY,141,1,0,0,0,0,0,0,0,0.0851,0,0.9149,2025-05-19,441609,New York,10901-4003,"Mid East (DE ,DC, MD, NJ, NY, PA)",Private not-for-profit,No,No,Suburb: Large,"Rockland County, NY",Jewish
Yeshiva Sholom Shachna,0.8696,18.352941176,8697,Brooklyn,2,19450,NA,PS,PS,PS,0,0,https://yeshivasholomshachna.com/,NA,0,04231500,0,0,0,0,0.4766,NA,NA,NA,2,NY,118,1,0,0,0,0,0,0,0,0,0,1,2025-05-19,486026,New York,11230,"Mid East (DE ,DC, MD, NJ, NY, PA)",Private not-for-profit,No,No,City: Large,"Kings County, NY",Not applicable
Yeshiva Toras Chaim,0.9841,18.075757576,5532,Lakewood,2,21574,NA,PS,PS,PS,0,0,https://ytclakewood.com/,62526,0,04131100,0,0,0,0,0.4178,NA,NA,NA,3,NJ,225,1,0,0,0,0,0,0,0,0.1511,0,0.8489,2025-05-19,451398,New Jersey,08701,"Mid East (DE ,DC, MD, NJ, NY, PA)",Private not-for-profit,No,No,Suburb: Large,"Ocean County, NJ",Not applicable
Yeshiva University,0.6375,19.572649573,13307,New York,2,69117,518348000,0.5162393162,0.1438596491,18250,0,0,www.yu.edu/,71353,0,00290300,0.0066,0,0.0075,0.1953,0.1406,0.9972,NA,1410,3,NY,2942,0.5483,0.4517,0.0058,3e-4,0.001,0.0017,0.0204,0,0.0629,0.3114,0.5965,2025-05-19,197708,New York,10033-3299,"Mid East (DE ,DC, MD, NJ, NY, PA)",Private not-for-profit,No,No,City: Large,"New York County, NY",Not applicable
Yeshiva Yesoda Hatorah Vetz Chaim,NA,NA,4333,Brooklyn,2,23824,NA,NA,NA,PS,0,0,yeshivayh.org/,NA,0,04287600,0,0,0,0,0.8315,1,80,NA,3,NY,205,1,0,0,0,0,0,0,0,0,0,1,2025-05-19,494737,NA,NA,NA,NA,NA,NA,NA,NA,NA
Yeshivath Viznitz,0.9373,18.030456853,3015,Monsey,2,16896,147,PS,PS,PS,0,0,https://yeshivathviznitz.com/,NA,0,01302700,0,0,0,0,0.8095,0.5698,NA,NA,3,NY,921,1,0,0,0,0,0,0,0,0.0054,0,0.9946,2025-05-19,197735,New York,10952,"Mid East (DE ,DC, MD, NJ, NY, PA)",Private not-for-profit,No,No,Suburb: Large,"Rockland County, NY",Not applicable
Yeshivath Zichron Moshe,0.5217,19.472727273,5159,South Fallsburg,2,22100,NA,PS,PS,PS,0,0,https://yeshivathzichronmoshe.com/,NA,0,01182100,0,0,0,0,0.5031,NA,NA,NA,2,NY,176,1,0,0,0,0,0,0,0,0.0625,0,0.9375,2025-05-19,197744,New York,12779,"Mid East (DE ,DC, MD, NJ, NY, PA)",Private not-for-profit,No,No,Town: Distant,"Sullivan County, NY",Not applicable
York College of Pennsylvania,0.942,20.350857775,9470,York,2,35806,170974524,0.5522966242,0.3032258065,26000,0,0,https://www.ycp.edu/,61012,0,00339900,0.0683,0.1044,0.009,0.1637,0.2522,0.4185,NA,1135,3,PA,3187,0.4393,0.5607,0.0414,0.0022,0.0217,0.0775,0.1013,6e-4,0.0088,0.021,0.7254,2025-05-19,217059,Pennsylvania,17403-3651,"Mid East (DE ,DC, MD, NJ, NY, PA)",Private not-for-profit,No,No,Suburb: Midsize,"York County, PA",Not applicable
York University,0.4763,20.605809129,6002,York,2,33136,21348924,0.4024896266,0.334841629,21500,0,0,www.york.edu/,44130,0,00256700,0.1215,0,0.0187,0.3271,0.4374,0.4737,74,988,3,NE,443,0.4944,0.5056,0,0.0113,0.0023,0.1084,0.1964,0.0023,0.1129,0.0271,0.5395,2025-05-19,181853,Nebraska,68467-2699,"Plains (IA, KS, MN, MO, NE, ND, SD)",Private not-for-profit,No,No,Town: Remote,"York County, NE",Churches of Christ
Young Harris College,0.6402,19.80148423,5652,Young Harris,2,45389,113872489,0.5918367347,0.282,27000,0,0,www.yhc.edu/,47195,0,00160400,0.0629,0,0.0126,0.2579,0.2106,0.3939,71,NA,3,GA,810,0.421,0.579,0.0333,0.0049,0.0099,0.0852,0.0519,0.0037,0.0704,0.084,0.6568,2025-05-19,141361,Georgia,30582,"Southeast (AL, AR, FL, GA, KY, LA, MS, NC, SC, TN, VA, WV)",Private not-for-profit,No,No,Rural: Remote,"Towns County, GA",United Methodist
Youngstown State University,0.8032,21.579777778,8348,Youngstown,1,20028,317554787,0.5504444444,0.3843734881,24000,0,0,https://ysu.edu/,41544,0,00314500,0.0738,0.0815,0.0077,0.1723,0.3319,1,NA,1055,3,OH,7340,0.4665,0.5335,0.0369,0.0016,0.0168,0.0741,0.0465,1e-4,0.0677,0.0401,0.7162,2025-05-19,206695,Ohio,44555-0001,"Great Lakes (IL, IN, MI, OH, WI)",Public,No,No,City: Small,"Mahoning County, OH",Not applicable
